item_id,name,type,type_label,desc,effect_ids,effect_summary,is_package_or_box,has_probability_text,mall_good_ids,mall_summary,dynamic_evidence,tail_len,offset,tail_hex_prefix
0,徭役令,2,生产/内政增益,"征召百姓服役,用于封地的建设.",0,"effect#0 增加3个建筑队列,持续1天. params=[3, 1]",,,44/1,cat1/p2/good44/价1=5/价2=0; cat4/p1/good1/价1=5/价2=0,,35,0x2,00040000006302007f00ffff0000000000000001000002000000030000000100000000
1,屯田令,2,生产/内政增益,鼓励农耕.,1,"effect#1 提升封地粮食产量25%,持续1天. params=[25, 1]",,,2,cat4/p1/good2/价1=8/价2=80,,35,0x5f,00040000006302007b01ffff0000000000000001000102000000190000000100000000
2,高级屯田令,2,生产/内政增益,大力鼓励农耕.,1,"effect#1 提升封地粮食产量25%,持续7天. params=[25, 7]",,,3,cat4/p1/good3/价1=50/价2=500,,35,0xa0,00040000006302006601ffff0000000000000001000102000000190000000700000000
3,镔铁,4,装备强化材料,用于普通装备的强化.,,,,,,,,24,0xed,ffff0000006302032e00ffff010000000900000000000000
4,山贼头巾,5,任务物品,任务物品(作为消灭山贼的功勋证明).,,,,,,,,24,0x12f,ffff000003e700000b00ffff010000000100000000000000
5,旌旗,0,普通/功能道具,标注封地名号的旗帜.,3,"effect#3 修改封地名号时消耗,每次修改消耗1个. params=[]",,,17,cat6/p2/good17/价1=5/价2=0,,27,0x18b,00040000006302006e00ffff000000000000000100030000000000
6,迁封令,0,普通/功能道具,将封地迁移到随机的一个城市中.,4,effect#4 迁移封地时消耗，每次消耗1个. params=[],,,29,cat6/p1/good29/价1=20/价2=200,,27,0x1d0,00040000006302007700ffff000000000000000100040000000000
7,精铁宝箱,3,礼包/宝箱/资源包,开启精铁宝箱将有机会获得令牌、印绶、招贤令、战鼓、八阵图、鲁公古籍等宝物;开启此宝箱需要一把精铁钥匙.#probability#开启的道具概率如下：\n功能性道具 11.00%\n加速类道具 35.00%\n增益性道具 34.00%\n资产类道具 20.00%,,,是,是,,,,174,0x227,ffff0000006301002001ffff01000000640000000204020a020200010044ffff021b00130101f4001e01022600160207d000010107d000170103e800180101f4
8,高级迁封令,0,普通/功能道具,将封地迁移到指定的城市中.,6,effect#6 迁移封地时消耗，每次消耗1个. params=[],,,78/30,cat1/p2/good78/价1=99/价2=0; cat6/p2/good30/价1=99/价2=0,,27,0x405,00040000006302006400ffff000000000000000100060000000000
9,传音符,0,普通/功能道具,用于世界频道发言.,7,effect#7 每次发言消耗1个. params=[],,,14,cat6/p2/good14/价1=3/价2=30,,27,0x45c,000c0000006302005f00ffff010000001400000100070000000000
10,传音符小礼包,3,礼包/宝箱/资源包,礼包中含有10个传音符.,,,是,,67/15,cat1/p3/good67/价1=27/价2=270; cat7/p1/good15/价1=27/价2=270,,30,0x4a1,000c0000000901006000ffff0000000000000000000100010009000a0000
11,传音符大礼包,3,礼包/宝箱/资源包,礼包中含有100个传音符.,,,是,,16,cat7/p1/good16/价1=240/价2=2400,,30,0x4f7,000c0000000901005e00ffff000000000000000000010001000900640000
12,活血丹,0,普通/功能道具,"疏通筋骨,活络血气的丹药.",8,effect#8 恢复将领50点体力. params=[50],,,21,cat6/p1/good21/价1=2/价2=20,,31,0x54e,00010000006302006b00ffff00000000000000010008010000003200000000
13,小还丹,0,普通/功能道具,使用名贵药材提炼的高级丹药.,8,effect#8 恢复将领100点体力. params=[100],,,22,cat6/p2/good22/价1=5/价2=50,,31,0x5a1,00010000006302007d00ffff00000000000000010008010000006400000000
14,大还丹,0,普通/功能道具,使用稀有药材精心炼制的珍贵丹药.,8,effect#8 恢复将领200点体力. params=[200],,,23,cat6/p2/good23/价1=8/价2=80,,31,0x5f9,00010000006302006100ffff0000000000000001000801000000c800000000
15,九转金丹,0,普通/功能道具,秘法炼制而成的丹药.,9,effect#9 恢复将领100%体力. params=[100],,,24,cat6/p2/good24/价1=15/价2=150,,31,0x657,00010000006302007000ffff00000000000000010009010000006400000000
16,兵书,0,普通/功能道具,记录着普通的统军兵法.,10,effect#10 增加将领1000点经验. params=[1000],,,25,cat6/p1/good25/价1=1/价2=10,商城购买动态验证：good_id=25，购买兵书成功；重放会正常扣白银。,31,0x6a6,0001000003e702007601ffff0000000000000001000a01000003e800000000
17,高级兵书,0,普通/功能道具,记录着高级的统军兵法.,10,effect#10 增加将领15000点经验. params=[15000],,,26,cat6/p2/good26/价1=10/价2=100,,31,0x6f2,0001000003e702006301ffff0000000000000001000a0100003a9800000000
18,兵法心得,0,普通/功能道具,记录着百战宿将对统军兵法的心得体会.,10,effect#10 增加将领200000点经验. params=[200000],,,48/27,cat1/p2/good48/价1=120/价2=1200; cat6/p2/good27/价1=120/价2=1200,,31,0x744,0001000003e702005c01ffff0000000000000001000a0100030d4000000000
19,重置丹,0,普通/功能道具,"使将领的属性回到初始状态,可以重新配置属性点.",11,effect#11 10级以内的将领每次消耗1颗重置丹;将领等级每高10级需要多消耗1个重置丹. params=[],,,28,cat6/p1/good28/价1=20/价2=200,,27,0x7ab,00010000006302007c00ffff0000000000000001000b0000000000
20,招贤令,0,普通/功能道具,"发布招贤令,招募将领.",12,"effect#12 刷新招募将领列表,必刷出50成长以上将领. params=[]",,,45/18,cat1/p2/good45/价1=10/价2=0; cat6/p1/good18/价1=10/价2=0,,27,0x818,00000000006302005700ffff0000000000000001000c0000000000
21,免战牌,0,普通/功能道具,"悬挂免战牌,在保护期间内,其他玩家无法夺取自己的封地,也无法攻击自己的资源点(但对已经在来犯途中的敌人无效.);同时自己也无法出征夺取他人的封地,攻击他人的资源点和城池.注:使用免战牌无法在城池被攻破时保护封地.",13,effect#13 保护时间持续1天. params=[1],,,49/20,cat1/p3/good49/价1=20/价2=0; cat6/p2/good20/价1=20/价2=0,,31,0x861,00000000006302007500ffff0000000000000001000d010000000100000000
22,鲁公手册,1,增益/加速道具,记录了鲁班工艺诀窍的小册子.,14,"effect#14 缩短1项建造任务或者研究任务的时间0小时15分钟. params=[0, 15]",,,6,cat5/p1/good6/价1=2/价2=20,,35,0x9b9,000d000003e702007200ffff0000000000000001000e02000000000000000f00000000
23,鲁公图册,1,增益/加速道具,记录了鲁班工艺诀窍的小图册.,14,"effect#14 缩短1项建造任务或者研究任务的时间1小时0分钟. params=[1, 0]",,,7,cat5/p1/good7/价1=5/价2=50,,35,0xa18,000d000003e702007300ffff0000000000000001000e02000000010000000000000000
24,鲁公古籍,1,增益/加速道具,记录了鲁班工艺诀窍的古老书籍.,14,"effect#14 缩短1项建造任务或者研究任务的时间2小时0分钟. params=[2, 0]",,,8,cat5/p1/good8/价1=8/价2=80,,35,0xa77,000d0000006302007100ffff0000000000000001000e02000000020000000000000000
25,鲁公宝典,1,增益/加速道具,记录了鲁班主要工艺诀窍的书籍宝典.,14,"effect#14 缩短1项建造任务或者研究任务的时间8小时0分钟. params=[8, 0]",,,9,cat5/p2/good9/价1=30/价2=300,礼包奖励/商城关联：鲁公宝典在商城中出现；属于鲁公类加速/工艺道具。,35,0xad9,000d0000006302005b00ffff0000000000000001000e02000000080000000000000000
26,鲁公秘录,1,增益/加速道具,"记录了鲁班奇特工艺诀窍的书籍宝典,普通人很难掌握其中的玄机.",15,"effect#15 随机缩短1项建造任务或者研究任务的时间10小时～30小时. params=[10, 30]",,,10,cat5/p2/good10/价1=60/价2=600,,35,0xb41,000d0000006302007400ffff0000000000000001000f020000000a0000001e00000000
27,招募令,1,增益/加速道具,"发布招募令,加快军队的招募速度.",16,effect#16 缩短军队的招募时间1小时 params=[1],,,11,cat5/p1/good11/价1=8/价2=0,,31,0xbce,000e0000006302005600ffff00000000000000010010010000000100000000
28,高级招募令,1,增益/加速道具,"发布高级招募令,加快军队的招募速度.",16,effect#16 缩短军队的招募时间3小时 params=[3],,,12,cat5/p2/good12/价1=20/价2=0,,31,0xc2a,000e0000006302006900ffff00000000000000010010010000000300000000
29,紧急招募令,1,增益/加速道具,"发布紧急招募令,加快军队的招募速度.",16,effect#16 缩短军队的招募时间10小时 params=[10],,,13,cat5/p2/good13/价1=50/价2=0,,31,0xc92,000e0000006302006d00ffff00000000000000010010010000000a00000000
30,火药桶,0,普通/功能道具,"塞满硫磺火药的木桶,可以瞬间摧毁建筑.",2,"effect#2 将地面的建筑摧毁,成为空地;建筑被摧毁后得不到回收资源;该物品不能对行政大厅使用. params=[]",,,19,cat6/p1/good19/价1=20/价2=200,,27,0xcfa,00060000006302006c00ffff000000000000000100020000000000
31,名帖,0,普通/功能道具,"使用后,可以修改君主的名字.",17,effect#17 每次修改消耗1个. params=[],,,158,cat2/p1/good158/价1=300/价2=0,,27,0xd5b,00000000006301039000ffff000000000000000100110000000000
32,通商令,2,生产/内政增益,鼓励商贸.,18,"effect#18 提升封地铜钱的产量25%,持续1天. params=[25, 1]",,,4,cat4/p1/good4/价1=3/价2=30,,35,0xdaa,00040000006302007a01ffff0000000000000001001202000000190000000100000000
33,高级通商令,2,生产/内政增益,大力鼓励商贸.,18,"effect#18 提升封地铜钱的产量25%,持续7天. params=[25, 7]",,,5,cat4/p1/good5/价1=15/价2=150,,35,0xdeb,00040000006302006501ffff0000000000000001001202000000190000000700000000
34,水晶,4,装备强化材料,用于品质良好装备的强化.,,,,,,,,24,0xe38,ffff000003e702033200ffff010000001b00000000000000
35,玄铁,4,装备强化材料,用于品质优秀装备的强化.,,,,,,,,24,0xe80,ffff000003e702033400ffff010000002d00000000000000
36,新手礼包,3,礼包/宝箱/资源包,"游戏礼包里有很多好东西,赶紧打开吧!",,,是,,,,,55,0xec8,ffff0000000001002100ffff000000000000000001080000003201000600250001000000010009000500160001001b0001001000010000
37,新手礼包2,3,礼包/宝箱/资源包,"礼包里有资源、宝物、礼包3,需要君主等级达到10级后才能打开.",,,是,,,,,80,0xf45,ffff0000000001002100ffff000000000000000001080000006401000a0026000100000001000900050005000100160002001b0002003b0001001e0001001000
38,新手礼包3,3,礼包/宝箱/资源包,"礼包里有资源、宝物、礼包4,需要君主等级达到20级后才能打开.",,,是,,,,,80,0xffd,ffff0000000001002100ffff000000000000000001080000009601000a00280001000900050005000100170001001c0001003b0001000c0001001e0001001000
39,30级兵武箱,3,礼包/宝箱/资源包,开启获得兵书3本，并附赠一把30级以内武器，品质在良好以上。,,,是,,79,cat3/p1/good79/价1=10/价2=0,,171,0x10b5,ffff00000063010c0200ffff00000000000000000205010b010200010010000303090000057801b804000024b801f40064000104e201b304000024b801f40064
40,新手礼包4,3,礼包/宝箱/资源包,"礼包里有资源、宝物、礼包5,需要君主等级达到30级后才能打开.",,,是,,,,,84,0x11ca,ffff0000000001002100ffff00000000000000000108000000c801000b00290001000900050005000100170002001c0002004c0001003b0001000d0001001400
41,新手礼包5,3,礼包/宝箱/资源包,"礼包里有资源、宝物、礼包6,需要君主等级达到40级后才能打开.",,,是,,,,,88,0x1286,ffff0000000001002100ffff00000000000000000108000000fa01000c002a00010009000500180001001d0001004d0001003b0001000e0001001e0001001000
42,新手礼包6,3,礼包/宝箱/资源包,"礼包里有资源、宝物、礼包7,需要君主等级达到50级后才能打开.",,,是,,,,,84,0x1346,ffff0000000001002100ffff000000000000000001080000012c01000b0009000500180002001d0002004e0001003b0001000f0001001e000100110001004000
43,新手礼包7,3,礼包/宝箱/资源包,"礼包里有一个高级迁封令,需要君主等级达到60级后才能打开.",,,是,,,,,39,0x1402,ffff0000000001002100ffff00000000000000000001000100080001000100010001020000003c
44,新手礼包8,3,礼包/宝箱/资源包,"礼包里有资源、宝物、礼包9,需要君主等级达到53级后才能打开.",,,是,,,,,69,0x148d,ffff0000000001002100ffff00000000000000000206000493e007000249f0010006002d000100190002001d00010006000100420001004f0002000100010001
45,新手礼包9,3,礼包/宝箱/资源包,"礼包里有资源、宝物、礼包10,需要君主等级达到58级后才能打开.",,,是,,,,,69,0x153a,ffff0000000001002100ffff000000000000000002060007a1200700030d40010006002e000100190002000d0002001e00010037000200500002000100010001
46,新手礼包10,3,礼包/宝箱/资源包,"礼包里有资源、宝物,需要君主等级达到63级后才能打开.",,,是,,,,,65,0x15e8,ffff0000000001002100ffff00000000000000000206000927c007000493e0010005001a0002000e000200390002004100010043000100010001000102000000
47,60级兵武箱,3,礼包/宝箱/资源包,开启获得兵书5本，并附赠一把60级以内武器，品质在良好以上。,,,是,,80,cat3/p1/good80/价1=12/价2=0,,261,0x1688,ffff00000063010c0200ffff00000000000000000205010b0102000100100005030f00000064021c04000024b801f4006400010064021204000024b801f40064
48,80级兵武箱,3,礼包/宝箱/资源包,开启获得兵书8本，并附赠一把80级以内武器，品质在良好以上。,,,是,,81,cat3/p1/good81/价1=15/价2=0,,306,0x17f7,ffff00000063010c0200ffff00000000000000000205010b010200010010000803120000000a02e404000024b801f400640001000a02d004000024b801f40064
49,30级兵盔箱,3,礼包/宝箱/资源包,开启获得兵书3本，并附赠一顶30级以内头盔，品质在良好以上。,,,是,,82,cat3/p1/good82/价1=5/价2=0,,66,0x1993,ffff00000063010c0200ffff00000000000000000205010b01020001001000030302001e1b5801a4040000000000000000001f0bb80190040000000000000000
50,70级兵盔箱,3,礼包/宝箱/资源包,开启获得兵书7本，并附赠一顶70级以内头盔，品质在良好以上。,,,是,,84,cat3/p1/good84/价1=8/价2=0,,126,0x1a3f,ffff00000063010c0200ffff00000000000000000205010b01020001001000070306001e0064028a040000000000000000001f01900258040000000000000000
51,50级兵甲箱,3,礼包/宝箱/资源包,开启获得兵书5本，并附赠一件50级以内铠甲，品质在良好以上。,,,是,,86,cat3/p1/good86/价1=6/价2=0,,96,0x1b27,ffff00000063010c0200ffff00000000000000000205010b01020001001000050304002801f401f904000000000000000000290dac01d6040000000000000000
52,35级兵骑箱,3,礼包/宝箱/资源包,开启获得兵书3本，并附赠一匹35级以内坐骑器，品质在良好以上。,,,是,,88,cat3/p1/good88/价1=15/价2=0,,66,0x1bf1,ffff00000063010c0200ffff00000000000000000205010b0102000100100003030200321b5801ae04000000000000000000330bb80190040000000000000000
53,实木宝箱,3,礼包/宝箱/资源包,开启后可以随机获得一些宝物、资源包.#probability#开启的道具概率如下：\n功能性道具 40.00%\n加速类道具 40.00%\n资产类道具 20.00%,,,是,是,,,,50,0x1ca0,ffff0000006301002601ffff01000000050000000204010a010102040016010fa00009020fa000520103e8005b0103e80000
54,高级粮食辎重,3,礼包/宝箱/资源包,"存放粮食的辎重,开启后可获取1000000粮食.",,,是,,,,,29,0x1d8a,000c0000006301002201ffff00000000000000000106000f4240000000
55,资源辎重,3,礼包/宝箱/资源包,"存放钱粮的辎重,开启后可获取5000铜钱、20000粮食.",,,是,,,,,34,0x1df7,000c0000006301000801ffff0000000000000000020600004e200700001388000000
56,中级粮食辎重,3,礼包/宝箱/资源包,"存放粮食的辎重,开启后可获取100000粮食.",,,是,,,,,29,0x1e6e,000c0000006301002401ffff00000000000000000106000186a0000000
57,中级资源辎重,3,礼包/宝箱/资源包,"存放钱粮的辎重,开启后可获取50000铜钱、200000粮食.",,,是,,,,,34,0x1eda,000c0000006301000901ffff0000000000000000020600030d40070000c350000000
58,青铜宝箱,3,礼包/宝箱/资源包,开启青铜宝箱将有机会获得令牌、印绶、招贤令等宝物;开启此宝箱需要一把青铜钥匙.#probability#开启的道具概率如下：\n功能性道具 17.30%\n加速类道具 16.50%\n增益性道具 19.00%\n资产类道具 47.20%,,,是,是,,,,164,0x1f59,ffff0000006301002501ffff01000000320000000204010a02020001003bffff021900090305dc00130100c800010105dc0016010672001401001e0052010866
59,青铜钥匙,3,礼包/宝箱/资源包,可以开启青铜宝箱的钥匙.,,,是,,35,cat7/p1/good35/价1=5/价2=50,,24,0x2109,ffff0000006302007800ffff000000000000000000000000
60,白银宝箱,3,礼包/宝箱/资源包,开启后可以随机获得一些宝物、装备;开启此宝箱需要一把白银钥匙.#probability#开启的道具概率如下：\n宝箱类道具 5.00%\n功能性道具 10.00%\n加速类道具 30.00%\n增益性道具 40.00%\n资产类道具 15.00%\n\n,,,是,是,,,,94,0x2157,ffff0000000001000a00ffff00000000000000000204020a04020001003dffff020b00010205dc00200105dc00110103e800420203e800150103e800370103e8
61,白银钥匙,3,礼包/宝箱/资源包,可以开启白银宝箱的钥匙.,,,是,,,,,24,0x22c1,ffff0000006302ffff00ffff000000000000000000000000
62,黄金宝箱,3,礼包/宝箱/资源包,开启后可以随机获得一些宝物、装备;开启此宝箱需要一把黄金钥匙.#probability#开启的道具概率如下：\n宝箱类道具 9.09%\n功能性道具 9.09%\n加速类道具 27.27%\n增益性道具 36.36%\n资产类道具 18.18%,,,是,是,,,,89,0x230f,ffff0000000001000c00ffff00000000000000000204020a05020001003fffff020a00020107d000200107d000120103e8000e0103e800390101f400180203e8
63,黄金钥匙,3,礼包/宝箱/资源包,可以开启黄金宝箱的钥匙.,,,是,,,,,24,0x2471,ffff0000006302ffff00ffff000000000000000000000000
64,战鼓,0,普通/功能道具,"作战时擂响的战鼓,以鼓舞军队的士气.",19,"effect#19 提升军队的攻击10%,持续1天. params=[10, 1]",,,50/31,cat1/p3/good50/价1=50/价2=500; cat6/p1/good31/价1=50/价2=500,,35,0x24bf,00000000006301005501ffff00000000000000010013020000000a0000000100000000
65,高级战鼓,0,普通/功能道具,"作战时擂响的高级战鼓,以鼓舞军队的士气.",19,"effect#19 提升军队的攻击25%,持续1天. params=[25, 1]",,,32,cat6/p2/good32/价1=200/价2=2000,,35,0x2522,00000000006301006801ffff0000000000000001001302000000190000000100000000
66,八阵图,0,普通/功能道具,"以周易八卦推演的阵法,能有效的抵御敌人的进攻.",20,"effect#20 提升军队的防御10%,持续1天. params=[10, 1]",,,51/33,cat1/p3/good51/价1=50/价2=500; cat6/p1/good33/价1=50/价2=500,,35,0x2591,00000000006301005901ffff00000000000000010014020000000a0000000100000000
67,高级八阵图,0,普通/功能道具,"以周易八卦推演的高级阵法,能有效的抵御敌人的进攻.",20,"effect#20 提升军队的防御25%,持续1天. params=[25, 1]",,,34,cat6/p2/good34/价1=200/价2=2000,,35,0x2606,00000000006301006201ffff0000000000000001001402000000190000000100000000
68,精铁钥匙,3,礼包/宝箱/资源包,可以开启精铁宝箱的钥匙.,,,是,,68,cat7/p1/good68/价1=8/价2=0,,24,0x2687,ffff0000006302006f00ffff000000000000000000000000
69,白金宝箱,3,礼包/宝箱/资源包,开启后可以随机获得一些宝物、装备、宝箱;开启此宝箱需要一把白金钥匙.#probability#开启的道具概率如下：\n宝箱类道具 10.00%\n功能性道具 30.00%\n加速类道具 20.00%\n增益性道具 20.00%\n资产类道具 20.00%\n\n ,,,是,是,,,,84,0x26d5,ffff0000000001ffff00ffff00000000000000000204030a040200010048ffff020900390107d000490103e800080203e8000f0503e800180503e800020103e8
70,如意宝箱,3,礼包/宝箱/资源包,开启后可以随机获得一些宝物、装备、宝箱;开启此宝箱需要一把如意钥匙.#probability#开启的道具概率如下：\n宝箱类道具 10.00%\n功能性道具 20.00%\n加速类道具 20.00%\n增益性道具 30.00%\n资产类道具 20.00%,,,是,是,,,,84,0x2840,ffff0000000001ffff00ffff00000000000000000204030a050200010049ffff020900390107d0004a0103e800080303e8000f0a03e800190303e800020103e8
71,天赐宝箱,3,礼包/宝箱/资源包,开启后可以随机获得一些宝物、装备、宝箱;开启此宝箱需要一把天赐钥匙.#probability#开启的道具概率如下：\n宝箱类道具 5.00%\n功能性道具 20.00%\n加速类道具 20.00%\n增益性道具 15.00%\n资产类道具 10.00%\n装备 30.00%,,,是,是,,,,94,0x29a8,ffff0000000001ffff00ffff00000000000000000204040a05020001004affff020b00390303e800300503e800330503e800340303e8000b0103e8000f0f03e8
72,白金钥匙,3,礼包/宝箱/资源包,可以开启白金宝箱的钥匙.,,,是,,,,,24,0x2b27,ffff0000006302ffff00ffff000000000000000000000000
73,如意钥匙,3,礼包/宝箱/资源包,可以开启如意宝箱的钥匙.,,,是,,,,,24,0x2b75,ffff0000006302ffff00ffff000000000000000000000000
74,天赐钥匙,3,礼包/宝箱/资源包,可以开启天赐宝箱的钥匙.,,,是,,,,,24,0x2bc3,ffff0000006302ffff00ffff000000000000000000000000
75,奖励宝箱,3,礼包/宝箱/资源包,开启后可以随机获得一些宝物、装备、宝箱.,,,是,,,,,82,0x2c11,ffff0000000001ffff00ffff0000000000000000040600002710070000271008000007d009000003e8010e01000ce697a0e6958ce58b87e88085050100030400
76,初级行军符,1,增益/加速道具,"特殊的符文,可以加快军队的行军速度.与其他玩家作战的出征队伍不能使用.",21,"effect#21 缩短军队的出征时间0小时15分钟. params=[0, 15]",,,36,cat5/p1/good36/价1=5/价2=0,,35,0x2cb1,00050000006302005d00ffff0000000000000001001502000000000000000f00000000
77,中级行军符,1,增益/加速道具,"特殊的符文,可以加快军队的行军速度.与其他玩家作战的出征队伍不能使用.",21,"effect#21 缩短军队的出征时间0小时30分钟. params=[0, 30]",,,37,cat5/p2/good37/价1=8/价2=0,,35,0x2d4e,00050000006302005800ffff0000000000000001001502000000000000001e00000000
78,高级行军符,1,增益/加速道具,"特殊的符文,可以加快军队的行军速度.与其他玩家作战的出征队伍不能使用.",21,"effect#21 缩短军队的出征时间1小时0分钟. params=[1, 0]",,,38,cat5/p2/good38/价1=15/价2=0,,35,0x2deb,00050000006302006700ffff0000000000000001001502000000010000000000000000
79,特级行军符,1,增益/加速道具,"特殊的符文,可以加快军队的行军速度.与其他玩家作战的出征队伍不能使用.",21,"effect#21 缩短军队的出征时间3小时0分钟. params=[3, 0]",,,39,cat5/p2/good39/价1=30/价2=0,,35,0x2e88,00050000006302007900ffff0000000000000001001502000000030000000000000000
80,行军令,1,增益/加速道具,行军令可以让军队加快行军速度.注:行军时间低于20分钟的出征军队将无法继续使用行军令.,22,effect#22 缩短50%的出征时间. params=[50],,,40,cat5/p1/good40/价1=80/价2=0,,31,0x2f25,00050000006302007e00ffff00000000000000010016010000003200000000
81,中级铜钱辎重,3,礼包/宝箱/资源包,"存放铜钱的辎重,开启后可获取30000铜钱.",,,是,,,,,29,0x2fcc,000c0000006301002901ffff0000000000000000010700007530000000
82,粮食辎重,3,礼包/宝箱/资源包,"存放粮食的辎重,开启后可获取10000粮食.",,,是,,,,,29,0x3037,000c0000006301002301ffff0000000000000000010600002710000000
83,高级铜钱辎重,3,礼包/宝箱/资源包,"存放铜钱的辎重,开启后可获取300000铜钱.",,,是,,,,,29,0x309c,000c0000006301002701ffff00000000000000000107000493e0000000
84,高级资源辎重,3,礼包/宝箱/资源包,"存放钱粮的辎重,开启后可获取500000铜钱、2000000粮食.",,,是,,,,,34,0x3108,000c0000006301000701ffff00000000000000000206001e8480070007a120000000
85,钻石礼包,3,礼包/宝箱/资源包,"开启后可获得:成长值82的将领1个,徭役令10个,高级屯田令1个,高级通商令1个,鲁公秘录3个,紧急招募令3个,招贤令10,兵法心得5个,高级迁封令3个，高级战鼓1个,高级八阵图1个,悬赏令3个,大财神符3个,大神农符3个,大福神符3个,大练兵符3个,冰玉大材料包1个，仙芝大材料包1个，黄金999个.",,,是,,46/43,cat1/p2/good46/价1=3000/价2=0; cat7/p1/good43/价1=3000/价2=0,商城篡改验证：good_id=43/钻石礼包，白银路径返回不能用白银购买，黄金路径返回黄金不足。,163,0x3189,ffff000000090102f200ffff00000000000000000309000003e70c010d010200110000000a0002000100210001001a0003001d00030014000a00120005000800
86,金礼包,3,礼包/宝箱/资源包,"开启后可获得:成长值75的将领1个,招贤令8个,高级迁封令1个，战鼓1个,八阵图1个,悬赏令1个,财神符3个,神农符3个,练兵符3个,福神符3个,玄铁大材料包1个，玉露大材料包1个，黄金399个.",,,是,,47/42,cat1/p2/good47/价1=800/价2=0; cat7/p1/good42/价1=800/价2=0,,139,0x33b1,ffff000000090102e700ffff000000000000000003090000018f0c010d0102000b00140008000800010040000100420001006600010069000300670003006d00
87,银礼包,3,礼包/宝箱/资源包,"开启后可获得:徭役令5个,屯田令3个,通商令3个,招贤令5个,迁封令1个,练兵符1个,福神符1个，水晶大材料包，灵草大材料包，黄金99个.",,,是,,41,cat7/p1/good41/价1=200/价2=0,,67,0x353b,ffff000000090102ef00ffff00000000000000000109000000630100090000000500010003002000030014000500060001006d0001006b000100c7000100cb00
88,内测礼包,3,礼包/宝箱/资源包,开启后可获得金、银礼包、钱粮和很多宝物.,,,是,,,,,34,0x363c,ffff0000006301002100ffff00000000000000000206000f424007000f4240000000
89,兵符,5,任务物品,任务物品(用于换取公测兑奖券).,,,,,,,,24,0x36ac,ffff0000270f00ffff00ffff000000000000000000000000
90,檄文,0,普通/功能道具,发布檄文.,32,"effect#32 使军队在夺取产生破坏时,对封地建筑的破坏力提升一倍,效果持续2小时. params=[2]",,,71,cat6/p3/good71/价1=20/价2=0,,31,0x36fc,0000000000630102e500ffff00000000000000010020010000000200000000
91,铜钱辎重,3,礼包/宝箱/资源包,"存放铜钱的辎重,开启后可获取3000铜钱.",,,是,,,,,29,0x3736,000c0000006301002801ffff0000000000000000010700000bb8000000
92,木牛流马,0,普通/功能道具,雇佣强力的运输工具--木牛流马.,34,"effect#34 在夺取封地成功时,获取的资源量提升一倍,效果持续2小时. params=[2]",,,72,cat6/p3/good72/价1=20/价2=0,,31,0x379a,0000000000630102ea00ffff00000000000000010022010000000200000000
93,讨伐诏书,0,普通/功能道具,发布讨伐诏书.,33,"effect#33 在夺取封地成功时,对封地将领的降忠效果提升一倍,效果持续2小时. params=[2]",,,73,cat6/p3/good73/价1=20/价2=0,,31,0x37f7,0000000000630102ed00ffff00000000000000010021010000000200000000
94,公测礼包,3,礼包/宝箱/资源包,"公测礼包,开启后可获得白银和很多宝物.",,,是,,,,,79,0x383d,ffff0000000001002100ffff000000000000000001080000012c01000c00000001006d0001006b0001000100010020000100160002001b000100100001004c00
95,50两银票,3,礼包/宝箱/资源包,开启后可获取50两白银.,,,是,,,,,29,0x38d5,ffff0000006301039101ffff0000000000000000010800000032000000
96,100两银票,3,礼包/宝箱/资源包,开启后可获取100两白银.,,,是,,,,,29,0x3923,ffff0000006301039101ffff0000000000000000010800000064000000
97,300两银票,3,礼包/宝箱/资源包,开启后可获取300两白银.,,,是,,,,,29,0x3973,ffff0000006301039101ffff000000000000000001080000012c000000
98,1000两银票,3,礼包/宝箱/资源包,开启后可获取1000两白银.,,,是,,,,,29,0x39c3,ffff0000006301039101ffff00000000000000000108000003e8000000
99,惊喜宝箱,3,礼包/宝箱/资源包,"惊喜宝箱可能会开出很多意想不到的宝物哦,赶紧打开看看吧.#probability#开启的道具概率如下：\n宝箱类道具 2.00%\n材料 12.70%\n功能性道具 19.45%\n加速类道具 27.45%\n增益性道具 13.40%\n资产类道具 25.00%""",,,是,是,,,道具使用动态验证：0x3144 惊喜宝箱 item_id=99；有库存时再次消耗并开奖，无库存返回不足。,265,0x3a15,ffff0000006301002101ffff00000000000000000204030a0301022f005f010000006001000000610100000062010000000001005000010100fa002001032000
100,无敌礼包,3,礼包/宝箱/资源包,无敌,,,是,,,,,112,0x3c2e,ffff000000630102f200ffff0000000000000000040605f5e0ff0705f5e0ff080098967f09000f423f02000a0064000100a9000100aa000100ab000100500063
101,驱逐令,0,普通/功能道具,将城中封地驱逐到其他城池中.,23,effect#23 驱逐封地时消耗，每次消耗1个. params=[],,,66,cat6/p2/good66/价1=20/价2=200,,27,0x3cb8,00040000006302007700ffff000000000000000100170000000000
102,悬赏令,0,普通/功能道具,"发布悬赏令,激发斗志.",24,effect#24 俘虏敌将的几率增加一倍，效果持续1小时 params=[1],,,52/65,cat1/p3/good52/价1=30/价2=0; cat6/p1/good65/价1=30/价2=0,,31,0x3d0c,0000000000630102ee00ffff00000000000000010018010000000100000000
103,神农符,2,生产/内政增益,使用后能得到神农的庇佑.,26,"effect#26 提升封地粮食的产量50%,持续1天. params=[50, 1]",,,55/61,cat1/p3/good55/价1=15/价2=0; cat4/p1/good61/价1=15/价2=0,,35,0x3d59,0004000000630202ec01ffff0000000000000001001a02000000320000000100000000
104,大神农符,2,生产/内政增益,使用后能得到大神农的庇佑.,26,"effect#26 提升封地粮食的产量50%,持续7天. params=[50, 7]",,,56/62,cat1/p3/good56/价1=80/价2=0; cat4/p1/good62/价1=80/价2=0,,35,0x3daf,0004000000630202e301ffff0000000000000001001a02000000320000000700000000
105,财神符,2,生产/内政增益,使用后能得到财神的庇佑量.,25,"effect#25 提升封地铜钱的产量50%,持续1天. params=[50, 1]",,,53/59,cat1/p3/good53/价1=5/价2=0; cat4/p1/good59/价1=5/价2=0,,35,0x3e0b,0004000000630202f301ffff0000000000000001001902000000320000000100000000
106,大财神符,2,生产/内政增益,使用后能得到大财神的庇佑.,25,"effect#25 提升封地铜钱的产量50%,持续7天. params=[50, 7]",,,54/60,cat1/p3/good54/价1=25/价2=0; cat4/p1/good60/价1=25/价2=0,,35,0x3e64,0004000000630202e001ffff0000000000000001001902000000320000000700000000
107,福神符,0,普通/功能道具,使用后能得到福神的庇佑.,27,"effect#27 战斗后获取的资源、声望增加50%,持续1小时. params=[50, 1]",,,58/64,cat1/p2/good58/价1=15/价2=0; cat5/p1/good64/价1=15/价2=0,,35,0x3ec0,0000000000630102e400ffff0000000000000001001b02000000320000000100000000
108,大福神符,0,普通/功能道具,使用后能得到大福神的庇佑.,27,"effect#27 战斗后获取的资源、声望增加100%,持续1小时. params=[100, 1]",,,75/70,cat1/p2/good75/价1=30/价2=0; cat5/p1/good70/价1=30/价2=0,,35,0x3f16,0000000000630102e100ffff0000000000000001001b02000000640000000100000000
109,练兵符,0,普通/功能道具,鼓励练兵.,29,"effect#29 使所有将领战斗获取的经验增加50%,持续1小时. params=[50, 1]",,,57/63,cat1/p2/good57/价1=30/价2=0; cat5/p1/good63/价1=30/价2=0,,35,0x3f72,0000000000630102e800ffff0000000000000001001d02000000320000000100000000
110,大练兵符,0,普通/功能道具,大力鼓励练兵.,29,"effect#29 使所有将领战斗获取的经验增加100%,持续1小时. params=[100, 1]",,,74/69,cat1/p2/good74/价1=80/价2=0; cat5/p1/good69/价1=80/价2=0,,35,0x3fb3,0000000000630102e200ffff0000000000000001001d02000000640000000100000000
111,新手保护,0,普通/功能道具,新手保护.,31,effect#31 在30级内强制保护状态。 params=[],,,,,,27,0x3ffd,00000000000902007500ffff0000000000000001001f0000000000
112,玉玺,0,普通/功能道具,"国王的玉印,象征至高无上的权利.拥有玉玺的国王可以激活“王者之师”状态,该状态能使国王的军队在战斗时攻防能力均提升10%;同时如果国王的将领参与本国城池的防御战时,能使所有驻防部队的攻防都得到提升(每增加一个将领参战效果提升5%,最高不超过25%).此物品为建国时的必需物品.自建国灭亡时,国王身上的玉玺将消失.",,,,,,,,24,0x4039,ffff000000090002f100ffff000000000000000000000000
113,虎符,0,普通/功能道具,"用来调兵遣将的兵符,可以用来提升将领的统帅能力或者征调兵马.(此物品为建国时的必需物品)",35,"effect#35 增加将领的统帅值20%,持续168小时. params=[20, 168]",,,,,,35,0x420b,0001000000630202e600ffff000000000000000100230200000014000000a800000000
114,印绶,0,普通/功能道具,"代表官职权力的印章,可以用来提升将领的统帅能力或者征调兵马.(此物品为建国时的必需物品)",35,"effect#35 增加将领的统帅值10%,持续24小时. params=[10, 24]",,,,,,35,0x42b8,0001000000630202f000ffff01000002580000010023020000000a0000001800000000
115,令牌,0,普通/功能道具,"代表将帅军令的令牌,可以用来提升将领的统帅能力或者征调兵马.(此物品为建国时的必需物品)",35,"effect#35 增加将领的统帅值5%,持续1小时. params=[5, 1]",,,,,,35,0x4365,0001000003e70202e900ffff010000001e000001002302000000050000000100000000
116,元宝,0,普通/功能道具,可以兑换黄金的元宝.1元宝可以兑换10黄金.,,,,,,,,24,0x4412,ffff0000006300039300ffff000000000000000000000000
117,勇士令,5,任务物品,标榜功绩的勇士令牌.可以用来找包打听兑换名将画册:【招募将领】--【查询名将】,,,,,,,,24,0x4470,ffff000003e702039200ffff000000000000000000000000
118,专属礼包,3,礼包/宝箱/资源包,"尊贵的专属礼包,内含大量白银、道具.",,,是,,,,,87,0x4506,ffff0000000001002100ffff00000000000000000108000007d001000e00000005006900050067000500160008001700050018000300190001001b0005001c00
119,冰玉,4,装备强化材料,用于品质卓越装备的强化.,,,,,,,,24,0x45a3,ffff000003e702032f00ffff010000005a00000000000000
120,浆果,4,装备强化材料,用于普通坐骑的强化.,,,,,,,,24,0x45eb,ffff000003e702033000ffff010000000900000000000000
121,灵草,4,装备强化材料,用于品质良好坐骑的强化.,,,,,,,,24,0x462d,ffff000003e702033100ffff010000001b00000000000000
122,玉露,4,装备强化材料,用于品质优秀坐骑的强化.,,,,,,,,24,0x4675,ffff000003e702033500ffff010000002d00000000000000
123,仙芝,4,装备强化材料,用于品质卓越坐骑的强化.,,,,,,,,24,0x46bd,ffff000003e702033300ffff010000005a00000000000000
124,初级暴击技能书,6,类型6,使用后可以领悟初级暴击技能.,,,,,,,,27,0x4705,0001000000630103950000000000000000000001ffff0000000000
125,中级暴击技能书,6,类型6,使用后可以领悟中级暴击技能.,,,,,,,,24,0x4765,000100000063010394000001000000000000000000000000
126,高级暴击技能书,6,类型6,使用后可以领悟高级暴击技能.,,,,,,,,24,0x47c2,00010000006301038f000002000000000000000000000000
127,初级连击技能书,6,类型6,使用后可以领悟初级连击技能.,,,,,,,,24,0x481f,000100000063010395000003000000000000000000000000
128,中级连击技能书,6,类型6,使用后可以领悟中级连击技能.,,,,,,,,24,0x487c,000100000063010394000004000000000000000000000000
129,高级连击技能书,6,类型6,使用后可以领悟高级连击技能.,,,,,,,,24,0x48d9,00010000006301038f000005000000000000000000000000
130,初级格挡技能书,6,类型6,使用后可以领悟初级格挡技能.,,,,,,,,24,0x4936,000100000063010395000006000000000000000000000000
131,中级格挡技能书,6,类型6,使用后可以领悟中级格挡技能.,,,,,,,,24,0x4993,000100000063010394000007000000000000000000000000
132,高级格挡技能书,6,类型6,使用后可以领悟高级格挡技能.,,,,,,,,24,0x49f0,00010000006301038f000008000000000000000000000000
133,初级斩将技能书,6,类型6,使用后可以领悟初级斩将技能.,,,,,,,,24,0x4a4d,000100000063010395000009000000000000000000000000
134,中级斩将技能书,6,类型6,使用后可以领悟中级斩将技能.,,,,,,,,24,0x4aaa,00010000006301039400000a000000000000000000000000
135,高级斩将技能书,6,类型6,使用后可以领悟高级斩将技能.,,,,,,,,24,0x4b07,00010000006301038f00000b000000000000000000000000
136,初级践踏技能书,6,类型6,使用后可以领悟初级践踏技能.,,,,,,,,24,0x4b64,00010000006301039500000c000000000000000000000000
137,中级践踏技能书,6,类型6,使用后可以领悟中级践踏技能.,,,,,,,,24,0x4bc1,00010000006301039400000d000000000000000000000000
138,高级践踏技能书,6,类型6,使用后可以领悟高级践踏技能.,,,,,,,,24,0x4c1e,00010000006301038f00000e000000000000000000000000
139,初级奇袭技能书,6,类型6,使用后可以领悟初级奇袭技能.,,,,,,,,24,0x4c7b,00010000006301039500000f000000000000000000000000
140,中级奇袭技能书,6,类型6,使用后可以领悟中级奇袭技能.,,,,,,,,24,0x4cd8,000100000063010394000010000000000000000000000000
141,高级奇袭技能书,6,类型6,使用后可以领悟高级奇袭技能.,,,,,,,,24,0x4d35,00010000006301038f000011000000000000000000000000
142,初级散阵技能书,6,类型6,使用后可以领悟初级散阵技能.,,,,,,,,24,0x4d92,000100000063010395000012000000000000000000000000
143,中级散阵技能书,6,类型6,使用后可以领悟中级散阵技能.,,,,,,,,24,0x4def,000100000063010394000013000000000000000000000000
144,高级散阵技能书,6,类型6,使用后可以领悟高级散阵技能.,,,,,,,,24,0x4e4c,00010000006301038f000014000000000000000000000000
145,初级穿透技能书,6,类型6,使用后可以领悟初级穿透技能.,,,,,,,,24,0x4ea9,000100000063010395000015000000000000000000000000
146,中级穿透技能书,6,类型6,使用后可以领悟中级穿透技能.,,,,,,,,24,0x4f06,000100000063010394000016000000000000000000000000
147,高级穿透技能书,6,类型6,使用后可以领悟高级穿透技能.,,,,,,,,24,0x4f63,00010000006301038f000017000000000000000000000000
148,初级乱射技能书,6,类型6,使用后可以领悟初级乱射技能.,,,,,,,,24,0x4fc0,000100000063010395000018000000000000000000000000
149,中级乱射技能书,6,类型6,使用后可以领悟中级乱射技能.,,,,,,,,24,0x501d,000100000063010394000019000000000000000000000000
150,高级乱射技能书,6,类型6,使用后可以领悟高级乱射技能.,,,,,,,,24,0x507a,00010000006301038f00001a000000000000000000000000
151,初级散射技能书,6,类型6,使用后可以领悟初级散射技能.,,,,,,,,24,0x50d7,00010000006301039500001b000000000000000000000000
152,中级散射技能书,6,类型6,使用后可以领悟中级散射技能.,,,,,,,,24,0x5134,00010000006301039400001c000000000000000000000000
153,高级散射技能书,6,类型6,使用后可以领悟高级散射技能.,,,,,,,,24,0x5191,00010000006301038f00001d000000000000000000000000
154,初级盾阵技能书,6,类型6,使用后可以领悟初级盾阵技能.,,,,,,,,24,0x51ee,00010000006301039500001e000000000000000000000000
155,中级盾阵技能书,6,类型6,使用后可以领悟中级盾阵技能.,,,,,,,,24,0x524b,00010000006301039400001f000000000000000000000000
156,高级盾阵技能书,6,类型6,使用后可以领悟高级盾阵技能.,,,,,,,,24,0x52a8,00010000006301038f000020000000000000000000000000
157,初级冲锋技能书,6,类型6,使用后可以领悟初级冲锋技能.,,,,,,,,24,0x5305,000100000063010395000021000000000000000000000000
158,中级冲锋技能书,6,类型6,使用后可以领悟中级冲锋技能.,,,,,,,,24,0x5362,000100000063010394000022000000000000000000000000
159,高级冲锋技能书,6,类型6,使用后可以领悟高级冲锋技能.,,,,,,,,24,0x53bf,00010000006301038f000023000000000000000000000000
160,初级枪阵技能书,6,类型6,使用后可以领悟初级枪阵技能.,,,,,,,,24,0x541c,000100000063010395000024000000000000000000000000
161,中级枪阵技能书,6,类型6,使用后可以领悟中级枪阵技能.,,,,,,,,24,0x5479,000100000063010394000025000000000000000000000000
162,高级枪阵技能书,6,类型6,使用后可以领悟高级枪阵技能.,,,,,,,,24,0x54d6,00010000006301038f000026000000000000000000000000
163,初级溅射技能书,6,类型6,使用后可以领悟初级溅射技能.,,,,,,,,24,0x5533,000100000063010395000027000000000000000000000000
164,中级溅射技能书,6,类型6,使用后可以领悟中级溅射技能.,,,,,,,,24,0x5590,000100000063010394000028000000000000000000000000
165,高级溅射技能书,6,类型6,使用后可以领悟高级溅射技能.,,,,,,,,24,0x55ed,00010000006301038f000029000000000000000000000000
166,初级贯穿技能书,6,类型6,使用后可以领悟初级贯穿技能.,,,,,,,,24,0x564a,00010000006301039500002a000000000000000000000000
167,中级贯穿技能书,6,类型6,使用后可以领悟中级贯穿技能.,,,,,,,,24,0x56a7,00010000006301039400002b000000000000000000000000
168,高级贯穿技能书,6,类型6,使用后可以领悟高级贯穿技能.,,,,,,,,24,0x5704,00010000006301038f00002c000000000000000000000000
169,建国道具礼包,3,礼包/宝箱/资源包,无敌,,,是,,,,,46,0x5761,ffff000000630102f200ffff00000000000000000001000500a90001007000090071001b00720064007305dc0000
170,技能书礼包,3,礼包/宝箱/资源包,无敌,,,是,,,,,74,0x57af,ffff000000630102f200ffff00000000000000000001000c007c0063007d0063007e0063007f0063008000630081006300820063008300630084006300850063
171,材料礼包,3,礼包/宝箱/资源包,无敌,,,是,,,,,62,0x5816,ffff000000630102f200ffff00000000000000000001000900ab0001000300630022006300230063007700630078006300790063007a0063007b00630000
172,招贤金榜,0,普通/功能道具,"发布招贤金榜,招募将领.",36,"effect#36 刷新招募将领列表,必刷出60成长以上将领. params=[]",,,77/76,cat1/p2/good77/价1=100/价2=0; cat6/p1/good76/价1=100/价2=0,,27,0x586e,000000000063020c0100ffff000000000000000100240000000000
173,30级兵甲箱,3,礼包/宝箱/资源包,开启获得兵书3本，并附赠一件30级以内铠甲，品质在良好以上。,,,是,,85,cat3/p1/good85/价1=5/价2=0,,66,0x58bd,ffff00000063010c0200ffff00000000000000000205010b0102000100100003030200281b5801a404000000000000000000290bb80190040000000000000000
174,70级兵甲箱,3,礼包/宝箱/资源包,开启获得兵书7本，并附赠一件70级以内铠甲，品质在良好以上。,,,是,,87,cat3/p1/good87/价1=8/价2=0,,126,0x5969,ffff00000063010c0200ffff00000000000000000205010b0102000100100007030600280064028a040000000000000000002901900258040000000000000000
175,60级兵骑箱,3,礼包/宝箱/资源包,开启获得兵书6本，并附赠一匹60级以内坐骑，品质在良好以上。,,,是,,89,cat3/p1/good89/价1=18/价2=0,,81,0x5a51,ffff00000063010c0200ffff00000000000000000205010b0102000100100006030300320bb801f40400000000000000000033138801c2040000000000000000
176,50级兵盔箱,3,礼包/宝箱/资源包,开启获得兵书5本，并附赠一顶50级以内头盔，品质在良好以上。,,,是,,83,cat3/p1/good83/价1=6/价2=0,,96,0x5b0c,ffff00000063010c0200ffff00000000000000000205010b01020001001000050304001e01f401f9040000000000000000001f0dac01d6040000000000000000
177,80级兵骑箱,3,礼包/宝箱/资源包,开启获得兵书8本，并附赠一匹80级以内坐骑，品质在良好以上。,,,是,,90,cat3/p1/good90/价1=25/价2=0,,96,0x5bd6,ffff00000063010c0200ffff00000000000000000205010b01020001001000080304003203e8028004000000000000000000330fa00230040000000000000000
178,镔铁材料包,3,礼包/宝箱/资源包,"内含10个镔铁,可用于普通装备的强化.",,,是,,103,cat3/p3/good103/价1=1/价2=0,,30,0x5ca0,000c00000063010bfe00ffff0000000000000000000100010003000a0000
179,水晶材料包,3,礼包/宝箱/资源包,"内含10个水晶,可用于品质良好装备的强化.",,,是,,104,cat3/p3/good104/价1=3/价2=0,,30,0x5d06,000c00000063010bfe00ffff0000000000000000000100010022000a0000
180,玄铁材料包,3,礼包/宝箱/资源包,"内含10个玄铁,可用于品质优秀装备的强化.",,,是,,105,cat3/p3/good105/价1=5/价2=0,,30,0x5d72,000c00000063010bfe00ffff0000000000000000000100010023000a0000
181,冰玉材料包,3,礼包/宝箱/资源包,"内含10个冰玉,可用于品质卓越装备的强化.",,,是,,106,cat3/p3/good106/价1=10/价2=0,,30,0x5dde,000c00000063010bfe00ffff0000000000000000000100010077000a0000
182,浆果材料包,3,礼包/宝箱/资源包,"内含10个浆果,可用于普通坐骑的强化.",,,是,,107,cat3/p3/good107/价1=1/价2=0,,30,0x5e4a,000c00000063010bfe00ffff0000000000000000000100010078000a0000
183,灵草材料包,3,礼包/宝箱/资源包,"内含10个灵草,可用于品质良好坐骑的强化.",,,是,,108,cat3/p3/good108/价1=3/价2=0,,30,0x5eb0,000c00000063010bfe00ffff0000000000000000000100010079000a0000
184,玉露材料包,3,礼包/宝箱/资源包,"内含10个玉露,可用于品质优秀坐骑的强化.",,,是,,109,cat3/p3/good109/价1=5/价2=0,,30,0x5f1c,000c00000063010bfe00ffff000000000000000000010001007a000a0000
185,仙芝材料包,3,礼包/宝箱/资源包,"内含10个仙芝,可用于品质卓越坐骑的强化.",,,是,,110,cat3/p3/good110/价1=10/价2=0,,30,0x5f88,000c00000063010bfe00ffff000000000000000000010001007b000a0000
186,30级高级兵武箱,3,礼包/宝箱/资源包,开启获得兵书3本，并附赠一把30级以内武器，品质在优秀以上。,,,是,,91,cat3/p2/good91/价1=30/价2=0,,171,0x5ff4,ffff00000063010c0000ffff00000000000000000205010b010200010010000303090000057806f404000024b801f40064000104e206ea04000024b801f40064
187,60级高级兵武箱,3,礼包/宝箱/资源包,开启获得兵书6本，并附赠一把60级以内武器，品质在优秀以上。,,,是,,92,cat3/p2/good92/价1=36/价2=0,,261,0x610f,ffff00000063010c0000ffff00000000000000000205010b0102000100100006030f0000006407bc04000024b801f400640001006407a804000024b801f40064
188,80级高级兵武箱,3,礼包/宝箱/资源包,开启获得兵书8本，并附赠一把80级以内武器，品质在优秀以上。,,,是,,93,cat3/p2/good93/价1=45/价2=0,,306,0x6284,ffff00000063010c0000ffff00000000000000000205010b010200010010000803120000000a08a204000024b801f400640001000a088404000024b801f40064
189,30级高级兵盔箱,3,礼包/宝箱/资源包,开启获得兵书3本，并附赠一顶30级以内头盔，品质在优秀以上。,,,是,,94,cat3/p2/good94/价1=15/价2=0,,66,0x6426,ffff00000063010c0000ffff00000000000000000205010b01020001001000030302001e1b5806b8040000000000000000001f0bb806a4040000000000000000
190,50级高级兵盔箱,3,礼包/宝箱/资源包,开启获得兵书5本，并附赠一顶50级以内头盔，品质在优秀以上。,,,是,,95,cat3/p2/good95/价1=18/价2=0,,96,0x64d8,ffff00000063010c0000ffff00000000000000000205010b01020001001000050304001e01f4073a040000000000000000001f0dac0708040000000000000000
191,70级高级兵盔箱,3,礼包/宝箱/资源包,开启获得兵书7本，并附赠一顶70级以内头盔，品质在优秀以上。,,,是,,96,cat3/p2/good96/价1=24/价2=0,,126,0x65a8,ffff00000063010c0000ffff00000000000000000205010b01020001001000070306001e00640834040000000000000000001f019007e4040000000000000000
192,30级高级兵甲箱,3,礼包/宝箱/资源包,开启获得兵书3本，并附赠一件30级以内铠甲，品质在优秀以上,,,是,,97,cat3/p2/good97/价1=15/价2=0,,66,0x6696,ffff00000063010c0000ffff00000000000000000205010b0102000100100003030200281b5806b804000000000000000000290bb806a4040000000000000000
193,50级高级兵甲箱,3,礼包/宝箱/资源包,开启获得兵书5本，并附赠一件50级以内铠甲，品质在优秀以上。,,,是,,98,cat3/p2/good98/价1=18/价2=0,道具使用动态验证：0x3144 50级高级兵甲箱 item_id=193；原样重放在无库存时返回不足。,96,0x6745,ffff00000063010c0000ffff00000000000000000205010b01020001001000050304002801f4073a04000000000000000000290dac0708040000000000000000
194,70级高级兵甲箱,3,礼包/宝箱/资源包,开启获得兵书7本，并附赠一件70级以内铠甲，品质在优秀以上。,,,是,,99,cat3/p2/good99/价1=24/价2=0,,126,0x6815,ffff00000063010c0000ffff00000000000000000205010b010200010010000703060028006408340400000000000000000029019007e4040000000000000000
195,35级高级兵骑箱,3,礼包/宝箱/资源包,开启获得兵书3本，并附赠一把35级以内坐骑，品质在优秀以上,,,是,,100,cat3/p2/good100/价1=45/价2=0,,66,0x6903,ffff00000063010c0000ffff00000000000000000205010b0102000100100003030200321b5806cc04000000000000000000330bb806a4040000000000000000
196,60级高级兵骑箱,3,礼包/宝箱/资源包,开启获得兵书6本，并附赠一匹60级以内坐骑，品质在优秀以上。,,,是,,101,cat3/p2/good101/价1=54/价2=0,,81,0x69b2,ffff00000063010c0000ffff00000000000000000205010b0102000100100006030300320bb8071c0400000000000000000033138806e0040000000000000000
197,80级高级兵骑箱,3,礼包/宝箱/资源包,开启获得兵书8本，并附赠一匹80级以内坐骑，品质在优秀以上,,,是,,102,cat3/p2/good102/价1=75/价2=0,,96,0x6a73,ffff00000063010c0000ffff00000000000000000205010b01020001001000080304003203e807d004000000000000000000330fa0076c040000000000000000
198,镔铁大材料包,3,礼包/宝箱/资源包,"内含99个镔铁,可用于普通装备的强化.",,,是,,111,cat3/p3/good111/价1=9/价2=0,,30,0x6b40,000c00000063010bff00ffff000000000000000000010001000300630000
199,水晶大材料包,3,礼包/宝箱/资源包,"内含99个水晶,可用于品质良好装备的强化.",,,是,,112,cat3/p3/good112/价1=27/价2=0,,30,0x6ba9,000c00000063010bff00ffff000000000000000000010001002200630000
200,玄铁大材料包,3,礼包/宝箱/资源包,"内含99个玄铁,可用于品质优秀装备的强化.",,,是,,113,cat3/p3/good113/价1=45/价2=0,,30,0x6c18,000c00000063010bff00ffff000000000000000000010001002300630000
201,冰玉大材料包,3,礼包/宝箱/资源包,"内含99个冰玉,可用于品质卓越装备的强化.",,,是,,114,cat3/p3/good114/价1=90/价2=0,,30,0x6c87,000c00000063010bff00ffff000000000000000000010001007700630000
202,浆果大材料包,3,礼包/宝箱/资源包,"内含99个浆果,可用于普通坐骑的强化.",,,是,,115,cat3/p4/good115/价1=9/价2=0,,30,0x6cf6,000c00000063010bff00ffff000000000000000000010001007800630000
203,灵草大材料包,3,礼包/宝箱/资源包,"内含99个灵草,可用于品质良好坐骑的强化.",,,是,,116,cat3/p4/good116/价1=27/价2=0,,30,0x6d5f,000c00000063010bff00ffff000000000000000000010001007900630000
204,玉露大材料包,3,礼包/宝箱/资源包,"内含99个玉露,可用于品质优秀坐骑的强化.",,,是,,117,cat3/p4/good117/价1=45/价2=0,,30,0x6dce,000c00000063010bff00ffff000000000000000000010001007a00630000
205,仙芝大材料包,3,礼包/宝箱/资源包,"内含99个仙芝,可用于品质卓越坐骑的强化.",,,是,,118,cat3/p4/good118/价1=90/价2=0,,30,0x6e3d,000c00000063010bff00ffff000000000000000000010001007b00630000
206,公会礼包,3,礼包/宝箱/资源包,"开启后可获得:印绶2个,令牌10个,练兵符1个,福神符1个,招募令2个,初级行军符2个",,,是,,,,,50,0x6eac,ffff0000000001002100ffff000000000000000000010006007200020073000a006d0001006b0001001b0002004c00020000
207,神秘宝箱,3,礼包/宝箱/资源包,开启后能得到一些宝物.#probability#开启的道具概率如下：\n宝箱类道具 2.00%\n材料 12.70%\n功能性道具 19.45%\n加速类道具 27.45%\n增益性道具 13.40%\n资产类道具 25.00%,,,是,是,,,,265,0x6f59,ffff0000000901002100ffff00000000000000000204030a0301022f005f010000006001000000610100000062010000000001005000010100fa002001032000
208,令牌,5,任务物品,从贼寇手中缴获的令牌.,,,,,,,,24,0x7140,ffff000003e70202e900ffff000000000000000000000000
209,幸运礼包,3,礼包/宝箱/资源包,"开启后可获得:白银600个,徭役令3个,惊喜宝箱3个,30级高级兵武箱1个,30级高级兵盔箱1个,30级高级兵甲箱1个,35级高级兵骑箱1个",,,是,,,,,55,0x7185,ffff0000000001002100ffff0000000000000000010800000258010006000000030063000300ba000100bd000100c0000100c300010000
210,龙腾礼包,3,礼包/宝箱/资源包,开启后可获得：行军令3个、初级行军符2个、中级行军符1个、高级行军符1个,,,是,,,,,42,0x7272,ffff00000009010ddd00ffff00000000000000000001000400500003004c0002004d0001004e00010000
211,虎跃礼包,3,礼包/宝箱/资源包,开启后可获得：招募令10个、高级招募令6个、紧急招募令2个,,,是,,,,,38,0x7314,ffff00000009010ddc00ffff000000000000000000010003001b000a001c0006001d00020000
212,鸿运礼包,3,礼包/宝箱/资源包,"开启后可获得:白银200个,徭役令1个,练兵符1个,福神符1个,财神符1个,神农符1个,鲁公手册2个,招募令1个,兵书1个,初级行军符1个,传音符小礼包1个,镔铁材料包5个,浆果材料包5个.",,,是,,,,,79,0x739d,ffff0000000001002100ffff00000000000000000108000000c801000c00000001006d0001006b0001006900010067000100160002001b000100100001004c00
213,统一礼包,3,礼包/宝箱/资源包,"开启后可获得:成长82的将领1个，黄金999个，白银6666个，大练兵符5个，大财神符5个，大神农符5个，高级战鼓5个，高级八阵图5个，高级迁封令5个，行军令5个，高级屯田令5个，高级通商令5个,仙芝大材料包5个,冰玉大材料包5个,80级高级坐骑箱5个,70级高级铠甲箱5个,70级高级头盔箱5个,80级高级武器箱5个.",,,是,,,,,156,0x74e3,ffff000000000102f200ffff0000000000000000040800001a0a09000003e70c010d0102000e0002000500210005000800050041000500430005006a00050068
214,成长礼包,3,礼包/宝箱/资源包,开启可获得：鲁公手册*5、鲁公图册*2、徭役令*2、招募令*3、传音符*10、初级行军符*2、屯田令*2、通商令*2、福神符*1、练兵符*1、铜钱*50000、粮食*120000。,,,是,,,,,76,0x7721,ffff0000000001002100ffff000000000000000002060001d4c0070000c35001000a001600050017000200000002001b00030009000a004c0002000100020020
215,拓展礼包,3,礼包/宝箱/资源包,开启后可获得：徭役令*3、财神符*3、神农符*3、屯田令*3、通商令*3,,,是,,,,,46,0x784b,ffff00000009010e6300ffff00000000000000000001000500000003006900030067000300010003002000030000
216,精英新手礼包,3,礼包/宝箱/资源包,开启后可获得：传音符小礼包*1、旌旗*2、迁封令*2、青铜钥匙*5、精铁钥匙*5,,,是,,,,,46,0x78e5,ffff00000009010e6300ffff000000000000000000010005000a00010005000200060002003b0002004400020000
217,初阶装备礼包,3,礼包/宝箱/资源包,开启后可获得：30级头盔箱*1、30级铠甲箱*1、30级武器箱*1、35级坐骑箱*1,,,是,,,,,42,0x7991,ffff00000009010e6300ffff0000000000000000000100040031000100ad000100270001003400010000
218,初阶强化礼包,3,礼包/宝箱/资源包,开启后可获得：浆果大材料包*1、灵草大材料包*1、镔铁大材料包*1、水晶大材料包*1,,,是,,,,,42,0x7a33,ffff00000009010e6300ffff00000000000000000001000400b6000100cb000100b2000100b300010000
219,新手体验包,3,礼包/宝箱/资源包,开启后可获得：鲁公手册*10、铜钱辎重（中*3、粮食辎重（中*3、徭役令*4、兵书*10,,,是,,,,,46,0x7ae5,ffff00000009010e6300ffff0000000000000000000100050016000a005100030038000300000004001000010000
220,晋升礼包,3,礼包/宝箱/资源包,开启后可获得：鲁公宝典*2、鲁公秘录*1、招募令*8、高级招募令*2,,,是,,,,,42,0x7b96,ffff00000009010e6400ffff00000000000000000001000400190002001a0001001b0008001c00020000
221,神速礼包,3,礼包/宝箱/资源包,开启后可获得：练兵符*1、初级行军符*6、中级行军符*5、高级行军符*4、特级行军符*2,,,是,,,,,46,0x7c2a,ffff00000009010e6400ffff000000000000000000010005006d0001004c0006004d0005004e0004004f00020000
222,守护礼包,3,礼包/宝箱/资源包,开启后可获得：免战牌*1、驱逐令*2、九转金丹*1,,,是,,,,,38,0x7cdc,ffff00000009010e6400ffff0000000000000000000100030015000100650002000f00010000
223,华佗礼包,3,礼包/宝箱/资源包,开启后可获得：洗髓丹*1、活血丹*4、小还丹*3、大还丹*2、九转金丹*1,,,是,,,,,46,0x7d55,ffff00000009010e6400ffff00000000000000000001000500130001000c0004000d0003000e0002000f00010000
224,初战礼包,3,礼包/宝箱/资源包,开启后可获得：高级兵书*5、战鼓*1、八阵图*1,,,是,,,,,38,0x7df2,ffff00000009010e6400ffff0000000000000000000100030011000500400001004200010000
225,豪华强化礼包,3,礼包/宝箱/资源包,开启后可获得：玉露大材料包*1、仙芝大材料包*1、玄铁大材料包*1、冰玉大材料包*1,,,是,,,,,42,0x7e68,ffff00000009010e6200ffff00000000000000000001000400cc000100cd000100c8000100c900010000
226,豪华装备礼包,3,礼包/宝箱/资源包,开启后可获得：70级头盔箱*5、70级铠甲箱*5、80级武器箱*5、80级坐骑箱*5,,,是,,,,,42,0x7f1a,ffff00000009010e6200ffff0000000000000000000100040032000500ae00050030000500b100050000
227,激战礼包,3,礼包/宝箱/资源包,开启后可获得：悬赏令*1、复仇檄文*1、木牛流马*1、讨伐诏书*1,,,是,,,,,42,0x7fbc,ffff00000009010e6200ffff00000000000000000001000400660001005a0001005c0001005d00010000
228,精品礼包,3,礼包/宝箱/资源包,开启后可获得:战鼓*1、八阵图*1、火药桶*2、小还丹*6、大还丹*5、免战牌*1、旌旗*2、徭役令*2、财神符*2、神农符*2、屯田令*2、通商令*2,,,是,,,,,74,0x804d,ffff00000009010e6100ffff00000000000000000001000c0040000100420001001e0002000d0006000e00050015000100050002000000020069000200670002
229,极品礼包,3,礼包/宝箱/资源包,开启后可获得：徭役令*2、青铜钥匙*2、精铁钥匙*2、旌旗*2、传音符*2、活血丹*2、小还丹*2、大还丹*2、初级行军符*2、鲁公手册*2、30级头盔箱*1、30级铠甲箱*1、30级武器箱*1、35级坐骑箱*1,,,是,,,,,82,0x815d,ffff00000009010e6100ffff00000000000000000001000e00000002003b0002004400020005000200090002000c0002000d0002000e0002004c000200160002
230,金钻礼包,3,礼包/宝箱/资源包,开启后可获得：紧急招募令*2、大还丹*10、九转金丹*10、高级战鼓*1、高级八阵图*1、高级迁封令*2、复仇檄文*2、木牛流马*2、讨伐诏书*2、高级屯田令*2、高级通商令*2、80级高级武器箱*2、70级高头盔器箱*2、70级高铠甲器箱*2、80级高坐骑器箱*2、传音符大礼包*1、青铜钥匙*5、精铁钥匙*5,,,是,,,,,98,0x82b9,ffff00000009010e6100ffff000000000000000000010012001d0002000e000a000f000a004100010043000100080002005a0002005c0002005d000200020002
231,山贼令,5,任务物品,开启《广宗决战》的副本钥匙,,,,,,,,24,0x84a7,000c000000630202e900ffff000000000000000000000000
232,追缉令,5,任务物品,开启《董卓追击战》的副本钥匙,,,,,,,,24,0x84f7,000c000000630202ee00ffff000000000000000000000000
233,大汉军旗,5,任务物品,开启《诸侯混战》的副本钥匙,,,,,,,,24,0x854a,000c0000006302002d00ffff000000000000000000000000
234,护卫令,5,任务物品,开启《援军消灭战》的副本钥匙,,,,,,,,24,0x859d,000c0000006302039200ffff000000000000000000000000
235,剿灭令,5,任务物品,开启《仲式覆灭》的副本钥匙,,,,,,,,24,0x85f0,000c000000630202eb00ffff000000000000000000000000
236,黄钻新手礼包,3,礼包/宝箱/资源包,徭役令x1，屯田令x1，通商令x1，鲁工手册x1，初级行军符x1，活血丹x1，兵书x1，传音符x1，青铜钥匙x1,,,是,,,,,62,0x8640,ffff0000000100002100ffff00000000000000000001000900000001000100010020000100160001004c0001000c00010010000100090001003b00010000
237,黄钻每日礼包LV1,3,礼包/宝箱/资源包,铜钱x40000，粮食x80000,,,是,,,,,34,0x871c,ffff0000000100002100ffff00000000000000000206000138800700009c40000000
238,黄钻每日礼包LV2,3,礼包/宝箱/资源包,铜钱x45000，粮食x90000,,,是,,,,,34,0x8776,ffff0000000100002100ffff0000000000000000020600015f90070000afc8000000
239,黄钻每日礼包LV3,3,礼包/宝箱/资源包,铜钱x50000，粮食x100000,,,是,,,,,34,0x87d0,ffff0000000100002100ffff00000000000000000206000186a0070000c350000000
240,黄钻每日礼包LV4,3,礼包/宝箱/资源包,铜钱x50000，粮食x100000，如意宝箱x1,,,是,,,,,40,0x882b,ffff0000000100002100ffff00000000000000000206000186a0070000c35001000100f200010000
241,黄钻每日礼包LV5,3,礼包/宝箱/资源包,铜钱x55000，粮食x110000，如意宝箱x1,,,是,,,,,40,0x889d,ffff0000000100002100ffff000000000000000002060001adb0070000d6d801000100f200010000
242,如意宝箱,3,礼包/宝箱/资源包,"如意宝箱可能会开出很多意想不到的宝物哦,赶紧打开看看吧.#probability#开启的道具概率如下：\n宝箱类道具 2.00%\n材料 12.70%\n功能性道具 19.45%\n加速类道具 27.45%\n增益性道具 13.40%\n装备 6.00%\n资产类道具 19.00%",,,是,是,,,,285,0x890f,ffff0000000901002100ffff00000000000000000204030a03010233005f010000006001000000610100000062010000000001005000010100fa002001032000
243,黄钻每日礼包LV6,3,礼包/宝箱/资源包,铜钱x60000，粮食x120000，如意宝箱x1,,,是,,,,,40,0x8b48,ffff0000000100002100ffff000000000000000002060001d4c0070000ea6001000100f200010000
244,黄钻每日礼包LV7,3,礼包/宝箱/资源包,铜钱x60000，粮食x120000，如意宝箱x1，冰玉材料包x1,,,是,,,,,44,0x8bba,ffff0000000100002100ffff000000000000000002060001d4c0070000ea6001000200f2000100b500010000
245,黄钻每日礼包LV8,3,礼包/宝箱/资源包,铜钱x60000，粮食x120000，如意宝箱x1，冰玉材料包x1，仙芝材料包x1,,,是,,,,,48,0x8c44,ffff0000000100002100ffff000000000000000002060001d4c0070000ea6001000300f2000100b5000100b900010000
246,年费黄钻每日礼包,3,礼包/宝箱/资源包,徭役令x1,,,是,,,,,30,0x8ce6,ffff0000000000ffff00ffff000000000000000000010001000000010000
247,升级礼包,3,礼包/宝箱/资源包,"游戏礼包里有很多好东西,赶紧打开吧!",,,是,,,,,51,0x8d2f,ffff0000000001002100ffff0000000000000000010800000032010005000000010009000500160001001b0001001000010000
248,升级礼包2,3,礼包/宝箱/资源包,"礼包里有资源、宝物、礼包3,需要君主等级达到10级后才能打开.",,,是,,,,,76,0x8da8,ffff0000000001002100ffff000000000000000001080000006401000900000001000900050005000100160002001b0002003b0001001e000100100001006900
249,升级礼包3,3,礼包/宝箱/资源包,"礼包里有资源、宝物、礼包4,需要君主等级达到20级后才能打开.",,,是,,,,,76,0x8e5c,ffff0000000001002100ffff0000000000000000010800000096010009000900050005000100170001001c0001003b0001000c0001001e000100100001006700
250,升级礼包4,3,礼包/宝箱/资源包,"礼包里有资源、宝物、礼包5,需要君主等级达到30级后才能打开.",,,是,,,,,80,0x8f10,ffff0000000001002100ffff00000000000000000108000000c801000a000900050005000100170002001c0002004c0001003b0001000d000100140001001000
251,升级礼包5,3,礼包/宝箱/资源包,"礼包里有资源、宝物、礼包6,需要君主等级达到40级后才能打开.",,,是,,,,,84,0x8fc8,ffff0000000001002100ffff00000000000000000108000000fa01000b0009000500180001001d0001004d0001003b0001000e0001001e000100100001004200
252,升级礼包6,3,礼包/宝箱/资源包,"礼包里有资源、宝物、礼包7,需要君主等级达到50级后才能打开.",,,是,,,,,80,0x9084,ffff0000000001002100ffff000000000000000001080000012c01000a0009000500180002001d0002004e0001003b0001000f0001001e000100110001004000
253,升级礼包7,3,礼包/宝箱/资源包,"礼包里有一个高级迁封令,需要君主等级达到60级后才能打开.",,,是,,,,,39,0x913c,ffff0000000001002100ffff00000000000000000001000100080001000100010001020000003c
254,壮军鼓,5,任务物品,开启《败文丑》的副本钥匙,,,,,,,,24,0x91c7,000c0000006302005500ffff000000000000000000000000
255,乌桓地图,5,任务物品,开启《远征乌桓》的副本钥匙,,,,,,,,24,0x9214,000c0000006302006300ffff000000000000000000000000
256,黄金包,3,礼包/宝箱/资源包,黄金x100,,,是,,,,,29,0x9267,ffff0000006301039300ffff0000000000000000010900000064000000
257,活血丹包,3,礼包/宝箱/资源包,活血丹x3,,,是,,,,,30,0x929f,ffff00000063010e6300ffff000000000000000000010001000c00030000
258,兵书包,3,礼包/宝箱/资源包,普通兵书x5,,,是,,,,,30,0x92dc,ffff00000063010e6400ffff000000000000000000010001001000050000
259,传音符小包,3,礼包/宝箱/资源包,传音符x2,,,是,,,,,30,0x9319,ffff00000063010e6200ffff000000000000000000010001000900020000
260,鲁公手册包,3,礼包/宝箱/资源包,鲁公手册x3,,,是,,,,,30,0x9359,ffff00000063010e2200ffff000000000000000000010001001600030000
261,通商令包,3,礼包/宝箱/资源包,通商令x2,,,是,,,,,30,0x939c,ffff00000063010e6200ffff000000000000000000010001002000020000
262,贪官罪证,5,任务物品,开启《兴兵问罪》的副本钥匙,,,,,,,,24,0x93d9,000c000000630202e800ffff000000000000000000000000
263,曹仁兵符,5,任务物品,开启《攻占襄阳》的副本钥匙,,,,,,,,24,0x942c,ffff000000630202e600ffff000000000000000000000000
264,魔钻每日礼包LV1,3,礼包/宝箱/资源包,铜钱x30000，粮食x60000,,,是,,,,,34,0x947f,ffff0000000100002100ffff000000000000000002060000ea600700007530000000
265,魔钻每日礼包LV2,3,礼包/宝箱/资源包,铜钱x35000，粮食x70000,,,是,,,,,34,0x94d9,ffff0000000100002100ffff000000000000000002060001117007000088b8000000
266,魔钻每日礼包LV3,3,礼包/宝箱/资源包,铜钱x45000，粮食x80000,,,是,,,,,34,0x9533,ffff0000000100002100ffff0000000000000000020600013880070000afc8000000
267,魔钻每日礼包LV4,3,礼包/宝箱/资源包,铜钱x45000，粮食x80000,,,是,,,,,40,0x958d,ffff0000000100002100ffff0000000000000000020600013880070000afc801000100f200010000
268,魔钻每日礼包LV5,3,礼包/宝箱/资源包,铜钱x50000，粮食x90000,,,是,,,,,40,0x95ed,ffff0000000100002100ffff0000000000000000020600015f90070000c35001000100f200010000
269,魔钻每日礼包LV6,3,礼包/宝箱/资源包,铜钱x50000，粮食x90000,,,是,,,,,44,0x964d,ffff0000000100002100ffff0000000000000000020600015f90070000c35001000200f2000100b500010000
270,特权礼包,3,礼包/宝箱/资源包,开启后可获得:青铜钥匙*1、精铁钥匙*1、八阵图*1、悬赏令*1、复仇檄文*1、高级招募令*1、徭役令*1、财神符*1、神农符*1、屯田令*1、通商令*1,,,是,,,,,70,0x96b1,ffff00000009010e6200ffff00000000000000000001000b003b0001004400010042000100660001005a0001001c000100000001006900010067000100010001
271,通达券,5,任务物品,特殊道具，有神秘作用,,,,,180,cat2/p1/good180/价1=10/价2=0,,24,0x97c4,ffff0000006300271a00ffff000000000000000000000000
272,藏宝图,5,任务物品,特殊道具，有神秘作用,,,,,,,,24,0x980b,ffff0000006300271100ffff000000000000000000000000
273,五行石,5,任务物品,特殊道具，有神秘作用,,,,,,,,24,0x9852,ffff0000006300271b00ffff000000000000000000000000
274,玫瑰花,5,任务物品,特殊道具，有神秘作用,,,,,,,,24,0x9899,ffff0000006300271700ffff000000000000000000000000
275,红枣,5,任务物品,特殊道具，有神秘作用,,,,,,,,24,0x98e0,ffff0000006300271300ffff000000000000000000000000
276,糯米,5,任务物品,特殊道具，有神秘作用,,,,,,,,24,0x9924,ffff0000006300271800ffff000000000000000000000000
277,粽叶,5,任务物品,特殊道具，有神秘作用,,,,,,,,24,0x9968,ffff0000006300271d00ffff000000000000000000000000
278,腊肉,5,任务物品,特殊道具，有神秘作用,,,,,,,,24,0x99ac,ffff0000006300271500ffff000000000000000000000000
279,陨铁,5,任务物品,特殊材料，可用于兑换装备,,,,,,,,24,0x99f0,ffff0000006300271c00ffff000000000000000000000000
280,赤铜,5,任务物品,特殊材料，可用于兑换装备,,,,,,,,24,0x9a3a,ffff0000006300271200ffff000000000000000000000000
281,虎皮,5,任务物品,特殊材料，可用于兑换装备,,,,,,,,24,0x9a84,ffff0000006300271400ffff000000000000000000000000
282,仙草,5,任务物品,特殊材料，可用于兑换装备,,,,,,,,24,0x9ace,ffff0000006300271600ffff000000000000000000000000
283,任务物品礼包,3,礼包/宝箱/资源包,无敌,,,是,,,,,81,0x9b18,ffff000000630102f200ffff00000000000000000001000d011b0001010f00630110006301110063011200630113006301140063011500630116006301170063
284,副本钥匙礼包,3,礼包/宝箱/资源包,无敌,,,是,,,,,69,0x9b89,ffff000000630102f200ffff00000000000000000001000a011c000100e7006300e8006300e9006300ea006300eb006300fe006300ff00630106006301070063
285,群雄帖,5,任务物品,特殊道具，有神秘作用,,,,,,,,24,0x9bee,ffff0000006300271900ffff000000000000000000000000
286,将神魂,0,普通/功能道具,人之初，根骨已定，然将神魂，有属性重置，提升成长之功效。,,,,,122/119,cat1/p1/good122/价1=20/价2=0; cat6/p1/good119/价1=20/价2=0,,24,0x9c35,00010000006302277301ffff000000000000000000000000
287,15级卓越亮银枪,3,礼包/宝箱/资源包,可得到1件15级的亮银枪，品质为卓越。,,,是,,,,,41,0x9cb2,ffff0000000103032400ffff0000000000000000000101010005271027100400000000000000000000
288,25级卓越赤金斧,3,礼包/宝箱/资源包,可得到1件25级的赤金斧，品质为卓越。,,,是,,,,,41,0x9d2a,ffff0000000103031b00ffff0000000000000000000101010007271027100400000000000000000000
289,40级卓越流云弓,3,礼包/宝箱/资源包,可得到1件40级的流云弓，品质为卓越。,,,是,,,,,41,0x9da2,ffff0000000103032500ffff000000000000000000010101000a271027100400000000000000000000
290,50级卓越避水剑,3,礼包/宝箱/资源包,可得到1件50级的避水剑，品质为卓越。,,,是,,,,,41,0x9e1a,ffff0000000103031a00ffff000000000000000000010101000c271027100400000000000000000000
291,60级卓越破天锤,3,礼包/宝箱/资源包,可得到1件60级的破天锤，品质为卓越。,,,是,,,,,41,0x9e92,ffff0000000103032800ffff000000000000000000010101000e271027100400000000000000000000
292,70级卓越宝雕弓,3,礼包/宝箱/资源包,可得到1件70级的宝雕弓，品质为卓越。,,,是,,,,,41,0x9f0a,ffff0000000103031800ffff0000000000000000000101010010271027100400000000000000000000
293,75级卓越霸王枪,3,礼包/宝箱/资源包,可得到1件75级的霸王枪，品质为卓越。,,,是,,,,,41,0x9f82,ffff0000000103031600ffff0000000000000000000101010011271027100400000000000000000000
294,10级卓越皮盔,3,礼包/宝箱/资源包,可得到1件10级的皮盔，品质为卓越。,,,是,,,,,41,0x9ffa,ffff000000010302fe00ffff000000000000000000010101001e271027100400000000000000000000
295,22级卓越青铜盔,3,礼包/宝箱/资源包,可得到1件22级的青铜盔，品质为卓越。,,,是,,,,,41,0xa06c,ffff0000000103030400ffff000000000000000000010101001f271027100400000000000000000000
296,34级卓越精铁盔,3,礼包/宝箱/资源包,可得到1件34级的精铁盔，品质为卓越。,,,是,,,,,41,0xa0e4,ffff0000000103030300ffff0000000000000000000101010020271027100400000000000000000000
297,46级卓越白银盔,3,礼包/宝箱/资源包,可得到1件46级的白银盔，品质为卓越。,,,是,,,,,41,0xa15c,ffff0000000103030000ffff0000000000000000000101010021271027100400000000000000000000
298,58级卓越黄金盔,3,礼包/宝箱/资源包,可得到1件58级的黄金盔，品质为卓越。,,,是,,,,,41,0xa1d4,ffff0000000103030100ffff0000000000000000000101010022271027100400000000000000000000
299,70级卓越紫金盔,3,礼包/宝箱/资源包,可得到1件70级的紫金盔，品质为卓越。,,,是,,,,,41,0xa24c,ffff0000000103030700ffff0000000000000000000101010023271027100400000000000000000000
300,8级卓越皮铠,3,礼包/宝箱/资源包,可得到1件8级的皮铠，品质为卓越。,,,是,,,,,41,0xa2c4,ffff000000010302f400ffff0000000000000000000101010028271027100400000000000000000000
301,20级卓越青铜铠,3,礼包/宝箱/资源包,可得到1件20级的青铜铠，品质为卓越。,,,是,,,,,41,0xa334,ffff000000010302f800ffff0000000000000000000101010029271027100400000000000000000000
302,32级卓越精铁铠,3,礼包/宝箱/资源包,可得到1件32级的精铁铠，品质为卓越。,,,是,,,,,41,0xa3ac,ffff000000010302f700ffff000000000000000000010101002a271027100400000000000000000000
303,44级卓越白银铠,3,礼包/宝箱/资源包,可得到1件44级的白银铠，品质为卓越。,,,是,,,,,41,0xa424,ffff000000010302fd00ffff000000000000000000010101002b271027100400000000000000000000
304,56级卓越黄金铠,3,礼包/宝箱/资源包,可得到1件56级的黄金铠，品质为卓越。,,,是,,,,,41,0xa49c,ffff000000010302f500ffff000000000000000000010101002c271027100400000000000000000000
305,68级卓越紫金铠,3,礼包/宝箱/资源包,可得到1件68级的紫金铠，品质为卓越。,,,是,,,,,41,0xa514,ffff000000010302fb00ffff000000000000000000010101002d271027100400000000000000000000
306,15级卓越战马,3,礼包/宝箱/资源包,可得到1匹15级的战马，品质为卓越。,,,是,,,,,41,0xa58c,ffff0000000103030800ffff0000000000000000000101010032271027100400000000000000000000
307,32级卓越红鬃马,3,礼包/宝箱/资源包,可得到1匹32级的战马，品质为卓越。,,,是,,,,,41,0xa5fe,ffff0000000103030b00ffff0000000000000000000101010033271027100400000000000000000000
308,49级卓越黄骠马,3,礼包/宝箱/资源包,可得到1匹49级的黄骠马，品质为卓越。,,,是,,,,,41,0xa673,ffff0000000103030c00ffff0000000000000000000101010034271027100400000000000000000000
309,66级卓越大宛马,3,礼包/宝箱/资源包,可得到1匹66级的大宛马，品质为卓越。,,,是,,,,,41,0xa6eb,ffff0000000103030900ffff0000000000000000000101010035271027100400000000000000000000
310,15级优秀亮银枪,3,礼包/宝箱/资源包,可得到1件15级的亮银枪，品质为优秀。,,,是,,,,,41,0xa763,ffff0000000103032400ffff0000000000000000000101010005271000000400000000271000000000
311,25级优秀赤金斧,3,礼包/宝箱/资源包,可得到1件25级的赤金斧，品质为优秀。,,,是,,,,,41,0xa7db,ffff0000000103031b00ffff0000000000000000000101010007271000000400000000271000000000
312,40级优秀流云弓,3,礼包/宝箱/资源包,可得到1件40级的流云弓，品质为优秀。,,,是,,,,,41,0xa853,ffff0000000103032500ffff000000000000000000010101000a271000000400000000271000000000
313,50级优秀避水剑,3,礼包/宝箱/资源包,可得到1件50级的避水剑，品质为优秀。,,,是,,,,,41,0xa8cb,ffff0000000103031a00ffff000000000000000000010101000c271000000400000000271000000000
314,60级优秀破天锤,3,礼包/宝箱/资源包,可得到1件60级的破天锤，品质为优秀。,,,是,,,,,41,0xa943,ffff0000000103032800ffff000000000000000000010101000e271000000400000000271000000000
315,70级优秀宝雕弓,3,礼包/宝箱/资源包,可得到1件70级的宝雕弓，品质为优秀。,,,是,,,,,41,0xa9bb,ffff0000000103031800ffff0000000000000000000101010010271000000400000000271000000000
316,75级优秀霸王枪,3,礼包/宝箱/资源包,可得到1件75级的霸王枪，品质为优秀。,,,是,,,,,41,0xaa33,ffff0000000103031600ffff0000000000000000000101010011271000000400000000271000000000
317,10级优秀皮盔,3,礼包/宝箱/资源包,可得到1件10级的皮盔，品质为优秀。,,,是,,,,,41,0xaaab,ffff000000010302fe00ffff000000000000000000010101001e271000000400000000271000000000
318,22级优秀青铜盔,3,礼包/宝箱/资源包,可得到1件22级的青铜盔，品质为优秀。,,,是,,,,,41,0xab1d,ffff0000000103030400ffff000000000000000000010101001f271000000400000000271000000000
319,34级优秀精铁盔,3,礼包/宝箱/资源包,可得到1件34级的精铁盔，品质为优秀。,,,是,,,,,41,0xab95,ffff0000000103030300ffff0000000000000000000101010020271000000400000000271000000000
320,46级优秀白银盔,3,礼包/宝箱/资源包,可得到1件46级的白银盔，品质为优秀。,,,是,,,,,41,0xac0d,ffff0000000103030000ffff0000000000000000000101010021271000000400000000271000000000
321,58级优秀黄金盔,3,礼包/宝箱/资源包,可得到1件58级的黄金盔，品质为优秀。,,,是,,,,,41,0xac85,ffff0000000103030100ffff0000000000000000000101010022271000000400000000271000000000
322,70级优秀紫金盔,3,礼包/宝箱/资源包,可得到1件70级的紫金盔，品质为优秀。,,,是,,,,,41,0xacfd,ffff0000000103030700ffff0000000000000000000101010023271000000400000000271000000000
323,8级优秀皮铠,3,礼包/宝箱/资源包,可得到1件8级的皮铠，品质为优秀。,,,是,,,,,41,0xad75,ffff000000010302f400ffff0000000000000000000101010028271000000400000000271000000000
324,20级优秀青铜铠,3,礼包/宝箱/资源包,可得到1件20级的青铜铠，品质为优秀。,,,是,,,,,41,0xade5,ffff000000010302f800ffff0000000000000000000101010029271000000400000000271000000000
325,32级优秀精铁铠,3,礼包/宝箱/资源包,可得到1件32级的精铁铠，品质为优秀。,,,是,,,,,41,0xae5d,ffff000000010302f700ffff000000000000000000010101002a271000000400000000271000000000
326,44级优秀白银铠,3,礼包/宝箱/资源包,可得到1件44级的白银铠，品质为优秀。,,,是,,,,,41,0xaed5,ffff000000010302fd00ffff000000000000000000010101002b271000000400000000271000000000
327,56级优秀黄金铠,3,礼包/宝箱/资源包,可得到1件56级的黄金铠，品质为优秀。,,,是,,,,,41,0xaf4d,ffff000000010302f500ffff000000000000000000010101002c271000000400000000271000000000
328,68级优秀紫金铠,3,礼包/宝箱/资源包,可得到1件68级的紫金铠，品质为优秀。,,,是,,,,,41,0xafc5,ffff000000010302fb00ffff000000000000000000010101002d271000000400000000271000000000
329,15级优秀战马,3,礼包/宝箱/资源包,可得到1匹15级的战马，品质为优秀。,,,是,,,,,41,0xb03d,ffff0000000103030800ffff0000000000000000000101010032271000000400000000271000000000
330,32级优秀红鬃马,3,礼包/宝箱/资源包,可得到1匹32级的红鬃马，品质为优秀。,,,是,,,,,41,0xb0af,ffff0000000103030b00ffff0000000000000000000101010033271000000400000000271000000000
331,49级优秀黄骠马,3,礼包/宝箱/资源包,可得到1匹49级的黄骠马，品质为优秀。,,,是,,,,,41,0xb127,ffff0000000103030c00ffff0000000000000000000101010034271000000400000000271000000000
332,66级优秀大宛马,3,礼包/宝箱/资源包,可得到1匹66级的大宛马，品质为优秀。,,,是,,,,,41,0xb19f,ffff0000000103030900ffff0000000000000000000101010035271000000400000000271000000000
333,钱袋,3,礼包/宝箱/资源包,开启后可获得888白银,,,是,,,,,29,0xb217,ffff0000006301294f00ffff0000000000000000010800000378000000
334,乾坤袋,3,礼包/宝箱/资源包,开启后可获得99黄金、999白银、99999铜钱、999999粮食\n,,,是,,,,,44,0xb25d,ffff0000006301295000ffff00000000000000000406000f423f070001869f08000003e70900000063000000
335,月饼,3,礼包/宝箱/资源包,开启后可获得88888铜钱、888888粮食\n,,,是,,,,,34,0xb2de,000c0000006301295900ffff00000000000000000206000d90380700015b38000000
336,汤圆,3,礼包/宝箱/资源包,开启后可获得99999铜钱、999999粮食,,,是,,,,,34,0xb33b,ffff0000006301295500ffff00000000000000000206000f423f070001869f000000
337,高级玄铁礼包,3,礼包/宝箱/资源包,打开后可获得999玄铁,,,是,,,,,30,0xb397,ffff00000009010bff00ffff000000000000000000010001002303e70000
338,高级冰玉礼包,3,礼包/宝箱/资源包,打开后可获得999冰玉,,,是,,167,cat2/p1/good167/价1=900/价2=0,,30,0xb3ea,ffff00000063010bff00ffff000000000000000000010001007703e70000
339,高级玉露礼包,3,礼包/宝箱/资源包,打开后可获得999玉露,,,是,,,,,30,0xb43d,ffff00000063010bff00ffff000000000000000000010001007a03e70000
340,高级仙芝礼包,3,礼包/宝箱/资源包,打开后可获得999仙芝,,,是,,168,cat2/p1/good168/价1=900/价2=0,,30,0xb490,ffff00000063010bff00ffff000000000000000000010001007b03e70000
341,烟火,5,任务物品,特殊活动使用,,,,,,,,24,0xb4e3,ffff000003e700295800ffff000000000000000000000000
342,南瓜,5,任务物品,特殊活动使用,,,,,,,,24,0xb51b,ffff000003e700294c00ffff000000000000000000000000
343,年兽印记,5,任务物品,用于：兑换或收集,,,,,,,,24,0xb553,ffff000003e700294d00ffff000000000000000000000000
344,虎头令,5,任务物品,兑换或收集,,,,,,,,24,0xb597,ffff000003e700294600ffff000000000000000000000000
345,龙头令,5,任务物品,兑换或收集,,,,,,,,24,0xb5cf,ffff000003e700294900ffff000000000000000000000000
346,勋章,5,任务物品,兑换或收集,,,,,179,cat2/p1/good179/价1=100/价2=0,,24,0xb607,ffff000003e700295600ffff000000000000000000000000
347,圣旨,5,任务物品,兑换或收集,,,,,,,,24,0xb63c,ffff000003e700295200ffff000000000000000000000000
348,烟花,5,任务物品,兑换或收集,,,,,,,,24,0xb671,ffff000003e700295700ffff000000000000000000000000
349,礼花,5,任务物品,兑换或收集,,,,,,,,24,0xb6a6,ffff000003e700294700ffff000000000000000000000000
350,爆竹,5,任务物品,兑换或收集,,,,,,,,24,0xb6db,ffff000003e700294000ffff000000000000000000000000
351,礼炮,5,任务物品,兑换或收集,,,,,,,,24,0xb710,ffff000003e700294800ffff000000000000000000000000
352,风调雨顺,2,生产/内政增益,"征召百姓服役,用于封地的建设.",37,"effect#37 提升封地粮食产量100%,持续4天. params=[100, 4]",,,159,cat2/p1/good159/价1=180/价2=0,,35,0xb745,00040000006302294301ffff0000000000000001002502000000640000000400000000
353,招财进宝,2,生产/内政增益,鼓励商贸.,38,"effect#38 提升封地铜钱的产量100%,持续4天. params=[100, 4]",,,160,cat2/p2/good160/价1=150/价2=0,,35,0xb7a5,00040000006302295a01ffff0000000000000001002602000000640000000400000000
354,璞玉,0,普通/功能道具,鼓励练兵.,29,"effect#29 使所有将领战斗获取的经验增加50%,持续3小时. params=[50, 3]",,,162,cat2/p2/good162/价1=150/价2=0,,35,0xb7e9,00000000006301294e00ffff0000000000000001001d02000000320000000300000000
355,和氏璧,0,普通/功能道具,鼓励练兵.,29,"effect#29 使所有将领战斗获取的经验增加100%,持续3小时. params=[100, 3]",,,,,,35,0xb827,00000000006301294400ffff0000000000000001001d02000000640000000300000000
356,鲁公心诀,1,增益/加速道具,记录了鲁班秘传心法的小册子.,14,"effect#14 缩短1项建造任务或者研究任务的时间100小时0分钟. params=[100, 0]",,,123/120,cat1/p1/good123/价1=300/价2=0; cat5/p1/good120/价1=300/价2=0,,35,0xb868,000d0000006302294a00ffff0000000000000001000e02000000640000000000000000
357,沙场点兵,1,增益/加速道具,敲响战鼓召集士兵.,16,effect#16 缩短军队的招募时间100小时 params=[100],,,124/121,cat1/p1/good124/价1=480/价2=0; cat5/p1/good121/价1=480/价2=0,,31,0xb8c7,000e0000006302295100ffff00000000000000010010010000006400000000
358,典民令,2,生产/内政增益,"征召百姓服役,用于封地的建设.",0,"effect#0 增加3个建筑队列,持续7天. params=[3, 7]",,,163,cat2/p2/good163/价1=50/价2=0,,35,0xb913,00040000006302294200ffff0000000000000001000002000000030000000700000000
359,孟德新书,0,普通/功能道具,记录了曹孟德百战心得的兵书.,10,effect#10 增加将领500000点经验. params=[500000],,,164,cat2/p2/good164/价1=480/价2=0,,31,0xb970,0001000003e702294b01ffff0000000000000001000a010007a12000000000
360,孙子兵法,0,普通/功能道具,记录了孙子百战心得的兵书.,10,effect#10 增加将领1000000点经验. params=[1000000],,,165,cat2/p2/good165/价1=800/价2=0,,31,0xb9cb,0001000003e702295301ffff0000000000000001000a01000f424000000000
361,太平要术,0,普通/功能道具,记录了南华老仙百战心得的兵书.,10,effect#10 增加将领5000000点经验. params=[5000000],,,166,cat2/p2/good166/价1=2400/价2=0,,31,0xba23,0001000003e702295401ffff0000000000000001000a01004c4b4000000000
362,北斗七星,0,普通/功能道具,启动北斗七星阵.,19,"effect#19 提升军队的攻击35%,持续1天. params=[35, 1]",,,183,cat6/p3/good183/价1=800/价2=0,,35,0xba81,00000000006301294101ffff0000000000000001001302000000230000000100000000
363,八门金锁,0,普通/功能道具,启动八门金锁阵.,20,"effect#20 提升军队的防御35%,持续1天. params=[35, 1]",,,184,cat6/p3/good184/价1=800/价2=0,,35,0xbace,00000000006301293f01ffff0000000000000001001402000000230000000100000000
364,皇榜,0,普通/功能道具,"发布皇榜,招募将领.",39,"effect#39 刷新招募将领列表,必刷出70成长以上将领. params=[]",,,126/125,cat1/p2/good126/价1=1500/价2=0; cat6/p1/good125/价1=1500/价2=0,,27,0xbb1b,00000000006302299f00ffff000000000000000100270000000000
365,魔钻每日礼包LV7,3,礼包/宝箱/资源包,铜钱x60000，粮食x100000,,,是,,,,,44,0xbb5e,ffff0000000100002100ffff00000000000000000206000186a0070000ea6001000200f2000100b500010000
366,君王刘备,3,礼包/宝箱/资源包,开启后可获得:君王将——刘备！,,,是,,,,,56,0xbbc3,ffff0000000901298f00ffff0000000000000000020c010d01010e01000ee58898e5a4872c31303633392c30010100110100160100020000
367,君王曹操,3,礼包/宝箱/资源包,开启后可获得:君王将——曹操！,,,是,,,,,56,0xbc3a,ffff0000000901299200ffff0000000000000000020c010d01010e01000ee69bb9e6938d2c31303634322c30010100110100160100020000
368,君王刘表,3,礼包/宝箱/资源包,开启后可获得:君王将——刘表！,,,是,,,,,56,0xbcb1,ffff0000000901299800ffff0000000000000000020c010d01010e01000ee58898e8a1a82c31303634382c30010100110100190100020000
369,君王袁术,3,礼包/宝箱/资源包,开启后可获得:君王将——袁术！,,,是,,,,,56,0xbd28,ffff0000000901299000ffff0000000000000000020c010d01010e01000ee8a281e69caf2c31303634302c30010100110100250100020000
370,君王马腾,3,礼包/宝箱/资源包,开启后可获得:君王将——马腾！,,,是,,,,,56,0xbd9f,ffff0000000901299500ffff0000000000000000020c010d01010e01000ee9a9ace885be2c31303634352c30010100110100260100020000
371,君王董卓,3,礼包/宝箱/资源包,开启后可获得:君王将——董卓！,,,是,,,,,56,0xbe16,ffff0000000901299600ffff0000000000000000020c010d01010e01000ee891a3e58d932c31303634362c30010100110100250100020000
372,君王袁绍,3,礼包/宝箱/资源包,开启后可获得:君王将——袁绍！,,,是,,,,,56,0xbe8d,ffff0000000901299900ffff0000000000000000020c010d01010e01000ee8a281e7bb8d2c31303634392c30010100110100190100040000
373,君王张鲁,3,礼包/宝箱/资源包,开启后可获得:君王将——张鲁！,,,是,,,,,56,0xbf04,ffff0000000901299400ffff0000000000000000020c010d01010e01000ee5bca0e9b2812c31303634342c30010100110100250100040000
374,君王献帝,3,礼包/宝箱/资源包,开启后可获得:君王将——献帝！,,,是,,,,,56,0xbf7b,ffff0000000901299a00ffff0000000000000000020c010d01010e01000ee78caee5b89d2c31303635302c30010100110100220100040000
375,君王孙权,3,礼包/宝箱/资源包,开启后可获得:君王将——孙权！,,,是,,,,,56,0xbff2,ffff0000000901298d00ffff0000000000000000020c010d01010e01000ee5ad99e69d832c31303633372c30010100110100230100040000
376,君王公孙瓒,3,礼包/宝箱/资源包,开启后可获得:君王将——公孙瓒！,,,是,,,,,59,0xc069,ffff0000000901299700ffff0000000000000000020c010d01010e010011e585ace5ad99e793922c31303634372c30010100110100180100010000
377,君王孟获,3,礼包/宝箱/资源包,开启后可获得:君王将——孟获！,,,是,,,,,56,0xc0e9,ffff0000000901298e00ffff0000000000000000020c010d01010e01000ee5ad9fe88eb72c31303633382c30010100110100250100010000
378,君王陶谦,3,礼包/宝箱/资源包,开启后可获得:君王将——陶谦！,,,是,,,,,56,0xc160,ffff0000000901299100ffff0000000000000000020c010d01010e01000ee999b6e8b0a62c31303634312c30010100110100190100000000
379,君王公孙度,3,礼包/宝箱/资源包,开启后可获得:君王将——公孙度！,,,是,,,,,59,0xc1d7,ffff0000000901299300ffff0000000000000000020c010d01010e010011e585ace5ad99e5baa62c31303634332c30010100110100240100000000
380,将魂礼包,3,礼包/宝箱/资源包,"开启后可获得:将神魂*10,并随机赠送1个83-89成长的将领.",,,是,,,,,178,0xc257,ffff00000009012a3800ffff0000000000000000020c010d01020001011e000a0f0700000101001204001a001b001c001d040000000200040001177000000101
381,周,5,任务物品,特殊道具，有神秘作用,,,,,,,,24,0xc365,ffff00000063002ef100ffff000000000000000000000000
382,年,5,任务物品,特殊道具，有神秘作用,,,,,,,,24,0xc3a6,ffff00000063002eee00ffff000000000000000000000000
383,庆,5,任务物品,特殊道具，有神秘作用,,,,,,,,24,0xc3e7,ffff00000063002eef00ffff000000000000000000000000
384,奥,5,任务物品,特殊道具，有神秘作用,,,,,,,,24,0xc428,ffff00000063002eec00ffff000000000000000000000000
385,运,5,任务物品,特殊道具，有神秘作用,,,,,,,,24,0xc469,ffff00000063002ef000ffff000000000000000000000000
386,会,5,任务物品,特殊道具，有神秘作用,,,,,,,,24,0xc4aa,ffff00000063002eed00ffff000000000000000000000000
387,超级悬赏令,0,普通/功能道具,古有七擒孟获，今有超级悬赏!可与悬赏令效果叠加.,40,"effect#40 增加2倍俘虏玩家将领的几率,效果持续1小时 params=[1]",,,156,cat2/p1/good156/价1=200/价2=0,,31,0xc4eb,000000000063012eeb00ffff00000000000000010028010000000100000000
388,诸葛果,3,礼包/宝箱/资源包,开启后可获得：美女名将--诸葛果,,,是,,,,,59,0xc565,ffff00000009012eea00ffff0000000000000000020c010d01010e010011e8afb8e8919be69e9c2c31323031302c30010100110100280100040000
389,图腾碎片,0,普通/功能道具,用于城池图腾激活及续期,,,,,,,,24,0xc5dd,0003000003e7022f0e00ffff000000000100000000000000
390,吕玲绮,3,礼包/宝箱/资源包,开启后可获得：美女名将--吕玲绮,,,是,,,,,59,0xc62a,ffff00000009012ee700ffff0000000000000000020c010d01010e010011e59095e78eb2e7bbae2c31323030372c30010100110100290100020000
391,马云禄,3,礼包/宝箱/资源包,开启后可获得：美女名将--马云禄,,,是,,,,,59,0xc6a2,ffff00000009012ee800ffff0000000000000000020c010d01010e010011e9a9ace4ba91e7a6842c31323030382c30010100110100280100020000
392,吴国太,3,礼包/宝箱/资源包,开启后可获得：美女名将--吴国太,,,是,,,,,59,0xc71a,ffff00000009012ee900ffff0000000000000000020c010d01010e010011e590b4e59bbde5a4aa2c31323030392c30010100110100280100000000
393,花鬘,3,礼包/宝箱/资源包,开启后可获得：美女名将--花鬘,,,是,,,,,56,0xc792,ffff00000009012ee500ffff0000000000000000020c010d01010e01000ee88ab1e9ac982c31323030352c30010100110100280100000000
394,曹婴,3,礼包/宝箱/资源包,开启后可获得：美女名将--曹婴,,,是,,,,,56,0xc801,ffff00000009012ee300ffff0000000000000000020c010d01010e01000ee69bb9e5a9b42c31323030332c30010100110100270100020000
395,鲍三娘,3,礼包/宝箱/资源包,开启后可获得：美女名将--鲍三娘,,,是,,,,,59,0xc870,ffff00000009012ee100ffff0000000000000000020c010d01010e010011e9b28de4b889e5a8982c31323030312c30010100110100270100020000
396,董白,3,礼包/宝箱/资源包,开启后可获得：美女名将--董白,,,是,,,,,56,0xc8e8,ffff00000009012ee400ffff0000000000000000020c010d01010e01000ee891a3e799bd2c31323030342c30010100110100280100000000
397,黄舞蝶,3,礼包/宝箱/资源包,开启后可获得：美女名将--黄舞蝶,,,是,,,,,59,0xc957,ffff00000009012ee600ffff0000000000000000020c010d01010e010011e9bb84e8889ee89db62c31323030362c30010100110100290100010000
398,卞夫人,3,礼包/宝箱/资源包,开启后可获得：美女名将--卞夫人,,,是,,,,,59,0xc9cf,ffff00000009012ee200ffff0000000000000000020c010d01010e010011e58d9ee5a4abe4baba2c31323030322c30010100110100270100040000
399,玉石,0,普通/功能道具,价值连城，用途广泛，可用于科技升级、将领空位激活、装备炼魂、六部系统使用和帅府系统使用等。,,,,,,,,24,0xca47,ffff0000270f002f1c00ffff000000000100000000000000
400,6点骰子,5,任务物品,特殊道具，有神秘作用,,,,,,,,24,0xcaf4,ffff00000063002f1a00ffff000000000000000000000000
401,六六大顺,3,礼包/宝箱/资源包,开启后可获得666黄金、666白银\n,,,是,,,,,34,0xcb3c,000c00000063012f1b00ffff000000000000000002080000029a090000029a000000
402,红包,3,礼包/宝箱/资源包,开启后可获得6黄金、66白银、666666铜钱、666666粮食,,,是,,,,,44,0xcb9a,000c00000063012f1900ffff00000000000000000406000a2c2a07000a2c2a08000000420900000006000000
403,南华老仙,3,礼包/宝箱/资源包,开启后可获得：名将--南华老仙,,,是,,,,,62,0xcc16,ffff00000009012f2700ffff0000000000000000020c010d01010e010014e58d97e58d8ee88081e4bb992c31323037312c300101001101002a0100040000
404,邹夫人,3,礼包/宝箱/资源包,开启后可获得：美女名将--邹夫人,,,是,,,,,59,0xcc91,ffff00000009012f2300ffff0000000000000000020c010d01010e010011e982b9e5a4abe4baba2c31323036372c300101001101002b0100010000
405,步练师,3,礼包/宝箱/资源包,开启后可获得：美女名将--步练师,,,是,,,,,59,0xcd09,ffff00000009012f2400ffff0000000000000000020c010d01010e010011e6ada5e7bb83e5b8882c31323036382c300101001101002b0100040000
406,樊夫人,3,礼包/宝箱/资源包,开启后可获得：美女名将--樊夫人,,,是,,,,,59,0xcd81,ffff00000009012f2500ffff0000000000000000020c010d01010e010011e6a88ae5a4abe4baba2c31323036392c300101001101002b0100020000
407,玉女,3,礼包/宝箱/资源包,开启后可获得：将领--玉女,,,是,,,,,56,0xcdf9,ffff00000009012f2200ffff0000000000000000020c010d01010e01000ee78e89e5a5b32c31323036362c30010100140100110100000000
408,金童,3,礼包/宝箱/资源包,开启后可获得：将领--金童,,,是,,,,,56,0xce62,ffff00000009012f2600ffff0000000000000000020c010d01010e01000ee98791e7aba52c31323037302c30010100140100130100020000
409,残缺藏宝图,0,普通/功能道具,残缺的藏宝图，很难看清具体宝藏的位置，不过还是可以碰碰运气的。,,,,,155,cat1/p4/good155/价1=1/价2=10,,24,0xcecb,ffff00000063022f4400ffff000000000000000000000000
410,完整藏宝图,0,普通/功能道具,一张完整的藏宝图，上面清晰标记了一个宝藏的所在位置和信息。,,,,,148,cat1/p1/good148/价1=10/价2=0,,24,0xcf57,ffff00000063022f4500ffff000000000000000000000000
411,黄金宝藏,3,礼包/宝箱/资源包,从宝藏金山银山找到的黄金宝藏，打开后，获得1个黄金,,,是,,,,,29,0xcfdd,ffff000003e7012f5d01ffff0000000000000000010900000001000000
412,白银宝藏,3,礼包/宝箱/资源包,从宝藏金山银山找到的白银宝藏，打开后，获得1个白银,,,是,,,,,29,0xd057,ffff000003e7012f5c01ffff0000000000000000010800000001000000
413,昆仑玄铁,4,装备强化材料,用于装备（武器）炼魂的材料。,,,,,154,cat1/p4/good154/价1=1/价2=0,,24,0xd0d1,ffff000003e7022f4600ffff000000000000000000000000
414,天魂灵石,4,装备强化材料,用于装备（头盔）炼魂的材料。,,,,,153,cat1/p3/good153/价1=1/价2=0,,24,0xd127,ffff000003e7022f4700ffff000000000000000000000000
415,地魄灵石,4,装备强化材料,用于装备（铠甲）炼魂的材料。,,,,,152,cat1/p3/good152/价1=1/价2=0,,24,0xd17d,ffff000003e7022f4800ffff000000000000000000000000
416,山海精华,4,装备强化材料,用于装备（坐骑）炼魂的材料。,,,,,151,cat1/p3/good151/价1=1/价2=0,,24,0xd1d3,ffff000003e7022f4900ffff000000000000000000000000
417,粮食宝藏,3,礼包/宝箱/资源包,藏于粮仓之中，打开后可获得10000粮食。,,,是,,,,,29,0xd229,ffff000003e7012f5e01ffff0000000000000000010600002710000000
418,铜钱宝藏,3,礼包/宝箱/资源包,藏于钱庄之中，打开后可以获得10000铜钱。,,,是,,,,,29,0xd28f,ffff000003e7012f5f01ffff0000000000000000010700002710000000
419,90级卓越龙胆枪,3,礼包/宝箱/资源包,可得到1件90级的龙胆枪，品质为卓越。,,,是,,,,,41,0xd2f8,ffff0000000103032600ffff000000000000000000010101001c271027100400000000000000000000
420,85级卓越七星刀,3,礼包/宝箱/资源包,可得到1件85级的七星刀，品质为卓越。,,,是,,,,,41,0xd370,ffff0000000103032900ffff000000000000000000010101001a271027100400000000000000000000
421,80级卓越古锭刀,3,礼包/宝箱/资源包,可得到1件80级的古锭刀，品质为卓越。,,,是,,,,,41,0xd3e8,ffff0000000103031f00ffff0000000000000000000101010018271027100400000000000000000000
422,75级卓越真·霸王枪,3,礼包/宝箱/资源包,可得到1件75级的真·霸王枪，品质为卓越。,,,是,,,,,41,0xd460,ffff0000000103296c00ffff000000000000000000010101004a271027100400000000000000000000
423,90级卓越朱雀铠,3,礼包/宝箱/资源包,可得到1件90级的朱雀铠，品质为卓越。,,,是,,,,,41,0xd4e2,ffff000000010302fa00ffff0000000000000000000101010030271027100400000000000000000000
424,85级卓越白虎铠,3,礼包/宝箱/资源包,可得到1件85级的白虎铠，品质为卓越。,,,是,,,,,41,0xd55a,ffff000000010302fc00ffff000000000000000000010101002f271027100400000000000000000000
425,80级卓越玄武铠,3,礼包/宝箱/资源包,可得到1件80级的玄武铠，品质为卓越。,,,是,,,,,41,0xd5d2,ffff000000010302f900ffff000000000000000000010101002e271027100400000000000000000000
426,90级卓越朱雀盔,3,礼包/宝箱/资源包,可得到1件90级的朱雀盔，品质为卓越。,,,是,,,,,41,0xd64a,ffff0000000103030600ffff0000000000000000000101010026271027100400000000000000000000
427,85级卓越白虎盔,3,礼包/宝箱/资源包,可得到1件85级的白虎盔，品质为卓越。,,,是,,,,,41,0xd6c2,ffff000000010302ff00ffff0000000000000000000101010025271027100400000000000000000000
428,80级卓越玄武盔,3,礼包/宝箱/资源包,可得到1件80级的玄武盔，品质为卓越。,,,是,,,,,41,0xd73a,ffff0000000103030500ffff0000000000000000000101010024271027100400000000000000000000
429,90级卓越的卢,3,礼包/宝箱/资源包,可得到1匹90级的的卢，品质为卓越。,,,是,,,,,41,0xd7b2,ffff0000000103030a00ffff0000000000000000000101010039271027100400000000000000000000
430,85级卓越绝影,3,礼包/宝箱/资源包,可得到1匹85级的绝影，品质为卓越。,,,是,,,,,41,0xd824,ffff0000000103030d00ffff0000000000000000000101010037271027100400000000000000000000
431,80级卓越爪黄飞电,3,礼包/宝箱/资源包,可得到1匹80级的爪黄飞电，品质为卓越。,,,是,,,,,41,0xd896,ffff0000000103030e00ffff0000000000000000000101010038271027100400000000000000000000
432,凝魂晶石,4,装备强化材料,用于锁定现有炼魂效果的道具。,,,,,147,cat1/p1/good147/价1=10/价2=0,,24,0xd914,ffff000003e7022f5b00ffff000000000000000000000000
433,孙策,3,礼包/宝箱/资源包,开启后可获得:孙策！,,,是,,,,,56,0xd96a,ffff00000009012f6300ffff0000000000000000020c010d01010e01000ee5ad99e7ad962c31323133312c30010100110100270100020000
434,孙坚,3,礼包/宝箱/资源包,开启后可获得:孙坚！,,,是,,,,,56,0xd9cc,ffff00000009012f6400ffff0000000000000000020c010d01010e01000ee5ad99e59d9a2c31323133322c30010100110100290100010000
435,庞德公,3,礼包/宝箱/资源包,开启后可获得:庞德公！,,,是,,,,,59,0xda2e,ffff00000009012f6500ffff0000000000000000020c010d01010e010011e5ba9ee5beb7e585ac2c31323133332c30010100110100280100000000
436,伏后,3,礼包/宝箱/资源包,开启后可获得:伏后！,,,是,,,,,56,0xda99,ffff00000009012f6600ffff0000000000000000020c010d01010e01000ee4bc8fe5908e2c31323133342c30010100110100280100040000
437,刘三刀,3,礼包/宝箱/资源包,开启后可获得:刘三刀！,,,是,,,,,59,0xdafb,ffff00000009012f6700ffff0000000000000000020c010d01010e010011e58898e4b889e588802c31323133352c30010100160100050100040000
438,曹冲,3,礼包/宝箱/资源包,开启后可获得:曹冲！,,,是,,,,,56,0xdb66,ffff00000009012f6800ffff0000000000000000020c010d01010e01000ee69bb9e586b22c31323133362c30010100170100050100000000
439,黄承彦,3,礼包/宝箱/资源包,开启后可获得:黄承彦！,,,是,,,,,59,0xdbc8,ffff00000009012f6900ffff0000000000000000020c010d01010e010011e9bb84e689bfe5bda62c31323133372c300101001801000b0100020000
440,羊祜,3,礼包/宝箱/资源包,开启后可获得:羊祜！,,,是,,,,,56,0xdc33,ffff00000009012f6a00ffff0000000000000000020c010d01010e01000ee7be8ae7a59c2c31323133382c30010100180100080100010000
441,福,5,任务物品,特殊道具，有神秘作用,,,,,,,,24,0xdc95,ffff00000063002f7200ffff000000000000000000000000
442,年货,3,礼包/宝箱/资源包,开启后可获得徭役令*6、鲁公手册*6、招募令*6、初级行军符*6、大还丹*6、玉石*6、财神符*6、神农符*6,,,是,,,,,58,0xdcd6,000c00000063012f7000ffff0000000000000000000100080000000600160006001b0006004c0006000e0006018f000600690006006700060000
443,压岁钱,3,礼包/宝箱/资源包,开启可获得8黄金、88白银、888888铜钱、888888粮食,,,是,,,,,44,0xdda3,000c00000063012f7100ffff00000000000000000406000d903807000d903808000000580900000008000000
444,购物卡,3,礼包/宝箱/资源包,开启后可获得888黄金、888白银,,,是,,,,,34,0xde1f,000c00000063012f7300ffff00000000000000000208000003780900000378000000
445,礼盒,3,礼包/宝箱/资源包,开启可获得冰玉*66、仙芝*66、玄铁*66、玉石*66,,,是,,,,,42,0xde79,000c00000063012f7400ffff00000000000000000001000400770042007b004200230042018f00420000
446,贺卡,3,礼包/宝箱/资源包,开启后可获得8黄金,,,是,,,,,29,0xdeed,000c00000063012f7500ffff0000000000000000010900000008000000
447,聚宝盆,3,礼包/宝箱/资源包,开启后可获得1688黄金、1688白银,,,是,,,,,34,0xdf31,000c00000063012f7600ffff00000000000000000208000006980900000698000000
448,将领宝箱,3,礼包/宝箱/资源包,"开启获得将神魂*10 ,并随机附赠1个80-92成长的将领( 90-99突围),有0.02%几率可获得陶谦、张鲁.",,,是,,,,,450,0xdf8d,ffff00000009012f7900ffff0000000000000000020c010d01020001011e000a0f1400000101001904001a001b001c001d0400000002000400010d9300000101
449,神将宝箱,3,礼包/宝箱/资源包,开启获得将神魂*10，并随机附赠1个92成长的君王将或美女将,,,是,,,,,913,0xe1da,ffff00000009012f7800ffff0000000000000000020c010d01020001011e000a0f20000fe9b28de4b889e5a8982c313230303101010011010027010002014300
450,特级兵武箱,3,礼包/宝箱/资源包,开启获得昆仑玄铁*1，并附赠一把90级以内武器，品质在良好及以上,,,是,,,,,651,0xe5cd,ffff00000063012f7700ffff00000000000000000205010b01020001019d000103290000020801f4040000000000000000003a020801f4040000000000000000
451,特级兵盔箱,3,礼包/宝箱/资源包,开启获得天魂灵石*1，并附赠一把90级以内头盔，品质在良好及以上,,,是,,,,,336,0xe8c7,ffff00000063012f7700ffff00000000000000000205010b01020001019e00010314003d045101f40400000000000000000059045101f4040000000000000000
452,特级兵骑箱,3,礼包/宝箱/资源包,开启获得山海精华*1，并附赠一把90级以内坐骑，品质在良好及以上,,,是,,,,,351,0xea86,ffff00000063012f7700ffff00000000000000000205010b0102000101a0000103150043045101f40400000000000000000054045101f4040000000000000000
453,特级兵铠箱,3,礼包/宝箱/资源包,开启获得地魄灵石*1，并附赠一把90级以内铠甲，品质在良好及以上,,,是,,,,,336,0xec54,ffff00000063012f7700ffff00000000000000000205010b01020001019f000103140041044c01f4040000000000000000005d044c01f4040000000000000000
454,昆仑玄铁材料包,3,礼包/宝箱/资源包,"内含99个昆仑玄铁,可用于武器炼魂.",,,是,,146,cat1/p1/good146/价1=99/价2=0,,30,0xee13,ffff00000063010bff00ffff000000000000000000010001019d00630000
455,地魄灵石材料包,3,礼包/宝箱/资源包,"内含99个地魄灵石,可用于铠甲炼魂.",,,是,,142,cat1/p1/good142/价1=99/价2=0,,30,0xee7c,ffff00000063010bff00ffff000000000000000000010001019f00630000
456,天魂灵石材料包,3,礼包/宝箱/资源包,"内含99个天魂灵石,可用于头盔炼魂.",,,是,,144,cat1/p1/good144/价1=99/价2=0,,30,0xeee5,ffff00000063010bff00ffff000000000000000000010001019e00630000
457,山海精华材料包,3,礼包/宝箱/资源包,"内含99个山海精华,可用于坐骑炼魂.",,,是,,140,cat1/p1/good140/价1=99/价2=0,,30,0xef4e,ffff00000063010bff00ffff00000000000000000001000101a000630000
458,帝王辇碎片,5,任务物品,帝王辇碎片,,,,,,,,24,0xefb7,ffff000003e7002fab00ffff000000000000000000000000
459,龙椅碎片,5,任务物品,龙椅碎片,,,,,,,,24,0xeff5,ffff000003e7002fc200ffff000000000000000000000000
460,照夜玉狮子碎片,5,任务物品,照夜玉狮子碎片,,,,,,,,24,0xf02d,ffff000003e7002fd400ffff000000000000000000000000
461,帝王冕碎片,5,任务物品,帝王冕碎片,,,,,,,,24,0xf077,ffff000003e7002fa800ffff000000000000000000000000
462,冕冠碎片,5,任务物品,冕冠碎片,,,,,,,,24,0xf0b5,ffff000003e7002fc300ffff000000000000000000000000
463,帝王剑碎片,5,任务物品,帝王剑碎片,,,,,,,,24,0xf0ed,ffff000003e7002fa900ffff000000000000000000000000
464,天子剑碎片,5,任务物品,天子剑碎片,,,,,,,,24,0xf12b,ffff000003e7002fcc00ffff000000000000000000000000
465,万石弓碎片,5,任务物品,万石弓碎片,,,,,,,,24,0xf169,ffff000003e7002fcd00ffff000000000000000000000000
466,帝王铠碎片,5,任务物品,帝王铠碎片,,,,,,,,24,0xf1a7,ffff000003e7002faa00ffff000000000000000000000000
467,龙袍碎片,5,任务物品,龙袍碎片,,,,,,,,24,0xf1e5,ffff000003e7002fc100ffff000000000000000000000000
468,宝马碎片,5,任务物品,宝马碎片,,,,,,,,24,0xf21d,ffff000003e7002fb400ffff000000000000000000000000
469,赤兔碎片,5,任务物品,赤兔碎片,,,,,,,,24,0xf255,ffff000003e7002fb500ffff000000000000000000000000
470,里飞沙碎片,5,任务物品,里飞沙碎片,,,,,,,,24,0xf28d,ffff000003e7002fbf00ffff000000000000000000000000
471,南蛮战象碎片,5,任务物品,南蛮战象碎片,,,,,,,,24,0xf2cb,ffff000003e7002fac00ffff000000000000000000000000
472,青龙盔碎片,5,任务物品,青龙盔碎片,,,,,,,,24,0xf30f,ffff000003e7002fc700ffff000000000000000000000000
473,方天画戟碎片,5,任务物品,方天画戟碎片,,,,,,,,24,0xf34d,ffff000003e7002fb800ffff000000000000000000000000
474,虎头湛金枪碎片,5,任务物品,虎头湛金枪碎片,,,,,,,,24,0xf391,ffff000003e7002fd800ffff000000000000000000000000
475,青龙偃月刀碎片,5,任务物品,青龙偃月刀碎片,,,,,,,,24,0xf3db,ffff000003e7002fc800ffff000000000000000000000000
476,双股剑碎片,5,任务物品,双股剑碎片,,,,,,,,24,0xf425,ffff000003e7002fcb00ffff000000000000000000000000
477,新亭侯刀碎片,5,任务物品,新亭侯刀碎片,,,,,,,,24,0xf463,ffff000003e7002fda00ffff000000000000000000000000
478,丈八蛇矛碎片,5,任务物品,丈八蛇矛碎片,,,,,,,,24,0xf4a7,ffff000003e7002fd200ffff000000000000000000000000
479,青龙铠碎片,5,任务物品,青龙铠碎片,,,,,,,,24,0xf4eb,ffff000003e7002fc600ffff000000000000000000000000
480,云长锦袍碎片,5,任务物品,云长锦袍碎片,,,,,,,,24,0xf529,ffff000003e7002fdb00ffff000000000000000000000000
481,的卢碎片,5,任务物品,的卢碎片,,,,,,,,24,0xf56d,ffff000003e7002fb700ffff000000000000000000000000
482,朱雀盔碎片,5,任务物品,朱雀盔碎片,,,,,,,,24,0xf5a5,ffff000003e7002fd600ffff000000000000000000000000
483,龙胆枪碎片,5,任务物品,龙胆枪碎片,,,,,,,,24,0xf5e3,ffff000003e7002fc000ffff000000000000000000000000
484,玄铁双戟碎片,5,任务物品,玄铁双戟碎片,,,,,,,,24,0xf621,ffff000003e7002fce00ffff000000000000000000000000
485,诸葛扇碎片,5,任务物品,诸葛扇碎片,,,,,,,,24,0xf665,ffff000003e7002fd700ffff000000000000000000000000
486,朱雀铠碎片,5,任务物品,朱雀铠碎片,,,,,,,,24,0xf6a3,ffff000003e7002fd500ffff000000000000000000000000
487,乌云踏雪碎片,5,任务物品,乌云踏雪碎片,,,,,,,,24,0xf6e1,ffff000003e7002fd900ffff000000000000000000000000
488,筋斗云碎片,5,任务物品,筋斗云碎片,,,,,,,,24,0xf725,ffff000003e7002fbc00ffff000000000000000000000000
489,绝影碎片,5,任务物品,绝影碎片,,,,,,,,24,0xf763,ffff000003e7002fbe00ffff000000000000000000000000
490,白虎盔碎片,5,任务物品,白虎盔碎片,,,,,,,,24,0xf79b,ffff000003e7002fb300ffff000000000000000000000000
491,紧箍咒碎片,5,任务物品,紧箍咒碎片,,,,,,,,24,0xf7d9,ffff000003e7002fbd00ffff000000000000000000000000
492,金箍棒碎片,5,任务物品,金箍棒碎片,,,,,,,,24,0xf817,ffff000003e7002fbb00ffff000000000000000000000000
493,七星刀碎片,5,任务物品,七星刀碎片,,,,,,,,24,0xf855,ffff000003e7002fc400ffff000000000000000000000000
494,三尖刀碎片,5,任务物品,三尖刀碎片,,,,,,,,24,0xf893,ffff000003e7002fc900ffff000000000000000000000000
495,倚天剑碎片,5,任务物品,倚天剑碎片,,,,,,,,24,0xf8d1,ffff000003e7002fd100ffff000000000000000000000000
496,白虎铠碎片,5,任务物品,白虎铠碎片,,,,,,,,24,0xf90f,ffff000003e7002fb200ffff000000000000000000000000
497,虎皮裙碎片,5,任务物品,虎皮裙碎片,,,,,,,,24,0xf94d,ffff000003e7002fba00ffff000000000000000000000000
498,金猪碎片,5,任务物品,金猪碎片,,,,,,,,24,0xf98b,ffff000003e7002faf00ffff000000000000000000000000
499,神犬碎片,5,任务物品,神犬碎片,,,,,,,,24,0xf9c3,ffff000003e7002fad00ffff000000000000000000000000
500,爪黄飞电碎片,5,任务物品,爪黄飞电碎片,,,,,,,,24,0xf9fb,ffff000003e7002fd300ffff000000000000000000000000
501,玄冠碎片,5,任务物品,玄冠碎片,,,,,,,,24,0xfa3f,ffff000003e7002fb000ffff000000000000000000000000
502,玄武盔碎片,5,任务物品,玄武盔碎片,,,,,,,,24,0xfa77,ffff000003e7002fd000ffff000000000000000000000000
503,雌雄双剑碎片,5,任务物品,雌雄双剑碎片,,,,,,,,24,0xfab5,ffff000003e7002fb600ffff000000000000000000000000
504,古锭刀碎片,5,任务物品,古锭刀碎片,,,,,,,,24,0xfaf9,ffff000003e7002fb900ffff000000000000000000000000
505,九齿钉耙碎片,5,任务物品,九齿钉耙碎片,,,,,,,,24,0xfb37,ffff000003e7002fae00ffff000000000000000000000000
506,青釭剑碎片,5,任务物品,青釭剑碎片,,,,,,,,24,0xfb7b,ffff000003e7002fc500ffff000000000000000000000000
507,黑衣金甲碎片,5,任务物品,黑衣金甲碎片,,,,,,,,24,0xfbb9,ffff000003e7002fb100ffff000000000000000000000000
508,玄武铠碎片,5,任务物品,玄武铠碎片,,,,,,,,24,0xfbfd,ffff000003e7002fcf00ffff000000000000000000000000
509,神装碎片,5,任务物品,神装碎片,,,,,,,,24,0xfc3b,ffff000003e7002fca00ffff000000000000000000000000
510,刘备碎片,5,任务物品,刘备碎片,,,,,,,,24,0xfc73,ffff000003e7002f9500ffff000000000000000000000000
511,曹操碎片,5,任务物品,曹操碎片,,,,,,,,24,0xfcab,ffff000003e7002f9200ffff000000000000000000000000
512,刘表碎片,5,任务物品,刘表碎片,,,,,,,,24,0xfce3,ffff000003e7002f9600ffff000000000000000000000000
513,袁术碎片,5,任务物品,袁术碎片,,,,,,,,24,0xfd1b,ffff000003e7002f9d00ffff000000000000000000000000
514,马腾碎片,5,任务物品,马腾碎片,,,,,,,,24,0xfd53,ffff000003e7002f9700ffff000000000000000000000000
515,董卓碎片,5,任务物品,董卓碎片,,,,,,,,24,0xfd8b,ffff000003e7002f9300ffff000000000000000000000000
516,袁绍碎片,5,任务物品,袁绍碎片,,,,,,,,24,0xfdc3,ffff000003e7002f9c00ffff000000000000000000000000
517,张鲁碎片,5,任务物品,张鲁碎片,,,,,,,,24,0xfdfb,ffff000003e7002f9e00ffff000000000000000000000000
518,献帝碎片,5,任务物品,献帝碎片,,,,,,,,24,0xfe33,ffff000003e7002f9b00ffff000000000000000000000000
519,孙权碎片,5,任务物品,孙权碎片,,,,,,,,24,0xfe6b,ffff000003e7002f9900ffff000000000000000000000000
520,公孙瓒碎片,5,任务物品,公孙瓒碎片,,,,,,,,24,0xfea3,ffff000003e7002f9f00ffff000000000000000000000000
521,孟获碎片,5,任务物品,孟获碎片,,,,,,,,24,0xfee1,ffff000003e7002f9800ffff000000000000000000000000
522,陶谦碎片,5,任务物品,陶谦碎片,,,,,,,,24,0xff19,ffff000003e7002f9a00ffff000000000000000000000000
523,公孙度碎片,5,任务物品,公孙度碎片,,,,,,,,24,0xff51,ffff000003e7002f9400ffff000000000000000000000000
524,诸葛果碎片,5,任务物品,诸葛果碎片,,,,,,,,24,0xff8f,ffff000003e7002f9000ffff000000000000000000000000
525,吕玲绮碎片,5,任务物品,吕玲绮碎片,,,,,,,,24,0xffcd,ffff000003e7002f8c00ffff000000000000000000000000
526,马云禄碎片,5,任务物品,马云禄碎片,,,,,,,,24,0x1000b,ffff000003e7002f8d00ffff000000000000000000000000
527,吴国太碎片,5,任务物品,吴国太碎片,,,,,,,,24,0x10049,ffff000003e7002f8f00ffff000000000000000000000000
528,花鬘碎片,5,任务物品,花鬘碎片,,,,,,,,24,0x10087,ffff000003e7002f8a00ffff000000000000000000000000
529,曹婴碎片,5,任务物品,曹婴碎片,,,,,,,,24,0x100bf,ffff000003e7002f8700ffff000000000000000000000000
530,鲍三娘碎片,5,任务物品,鲍三娘碎片,,,,,,,,24,0x100f7,ffff000003e7002f8400ffff000000000000000000000000
531,董白碎片,5,任务物品,董白碎片,,,,,,,,24,0x10135,ffff000003e7002f8800ffff000000000000000000000000
532,黄舞蝶碎片,5,任务物品,黄舞蝶碎片,,,,,,,,24,0x1016d,ffff000003e7002f8b00ffff000000000000000000000000
533,卞夫人碎片,5,任务物品,卞夫人碎片,,,,,,,,24,0x101ab,ffff000003e7002f8500ffff000000000000000000000000
534,南华老仙碎片,5,任务物品,南华老仙碎片,,,,,,,,24,0x101e9,ffff000003e7002f8e00ffff000000000000000000000000
535,邹夫人碎片,5,任务物品,邹夫人碎片,,,,,,,,24,0x1022d,ffff000003e7002f9100ffff000000000000000000000000
536,步练师碎片,5,任务物品,步练师碎片,,,,,,,,24,0x1026b,ffff000003e7002f8600ffff000000000000000000000000
537,樊夫人碎片,5,任务物品,樊夫人碎片,,,,,,,,24,0x102a9,ffff000003e7002f8900ffff000000000000000000000000
538,孙策碎片,5,任务物品,孙策碎片,,,,,,,,24,0x102e7,ffff000003e7002f8000ffff000000000000000000000000
539,孙坚碎片,5,任务物品,孙坚碎片,,,,,,,,24,0x1031f,ffff000003e7002f8100ffff000000000000000000000000
540,庞德公碎片,5,任务物品,庞德公碎片,,,,,,,,24,0x10357,ffff000003e7002f8200ffff000000000000000000000000
541,伏后碎片,5,任务物品,伏后碎片,,,,,,,,24,0x10395,ffff000003e7002f8300ffff000000000000000000000000
542,神将碎片,5,任务物品,神将碎片,,,,,,,,24,0x103cd,ffff000003e7002fa000ffff000000000000000000000000
543,金钻山贼宝箱,3,礼包/宝箱/资源包,金钻专供，使用自动消灭山贼功能，有几率获得。#probability#开启的道具概率如下：\n功能性道具 29.14%\n加速类道具 41.14%\n增益性道具 18.74%\n资产类道具 8.95%\n材料 1.74%\n任务道具 0.29%,,,是,是,,,,170,0x10405,ffff00000063012feb01ffff00000000000000000204010a0101021c0016010bc1000c0104f000200104e4018f0102ef004c0101f500000101f5000d0101f500
544,滑头称号宝箱,3,礼包/宝箱/资源包,打开可获得滑头称号！,,,是,,,,,28,0x105b1,ffff00000009012fec00ffff00000000000000000110000130000000
545,寨主称号宝箱,3,礼包/宝箱/资源包,打开可获得寨主称号！,,,是,,,,,28,0x10605,ffff00000009012fec00ffff00000000000000000110000131000000
546,福星称号宝箱,3,礼包/宝箱/资源包,打开可获得福星称号！,,,是,,,,,28,0x10659,ffff00000009012fec00ffff00000000000000000110000132000000
547,学士称号宝箱,3,礼包/宝箱/资源包,打开可获得学士称号！,,,是,,,,,28,0x106ad,ffff00000009012fec00ffff00000000000000000110000133000000
548,先锋称号宝箱,3,礼包/宝箱/资源包,打开可获得先锋称号！,,,是,,,,,28,0x10701,ffff00000009012fec00ffff00000000000000000110000135000000
549,护军称号宝箱,3,礼包/宝箱/资源包,打开可获得护军称号！,,,是,,,,,28,0x10755,ffff00000009012fec00ffff00000000000000000110000136000000
550,破军称号宝箱,3,礼包/宝箱/资源包,打开可获得破军称号！,,,是,,,,,28,0x107a9,ffff00000009012fec00ffff00000000000000000110000137000000
551,猛将称号宝箱,3,礼包/宝箱/资源包,打开可获得猛将称号！,,,是,,,,,28,0x107fd,ffff00000009012fec00ffff00000000000000000110000138000000
552,贪狼称号宝箱,3,礼包/宝箱/资源包,打开可获得贪狼称号！,,,是,,,,,28,0x10851,ffff00000009012fec00ffff00000000000000000110000139000000
553,财主称号宝箱,3,礼包/宝箱/资源包,打开可获得财主称号！,,,是,,,,,29,0x108a5,ffff00000009012fec00ffff0000000000000000011000023130000000
554,地主称号宝箱,3,礼包/宝箱/资源包,打开可获得地主称号！,,,是,,,,,29,0x108fa,ffff00000009012fec00ffff0000000000000000011000023131000000
555,名士称号宝箱,3,礼包/宝箱/资源包,打开可获得名士称号！,,,是,,,,,29,0x1094f,ffff00000009012fec00ffff0000000000000000011000023132000000
556,劳模称号宝箱,3,礼包/宝箱/资源包,打开可获得劳模称号！,,,是,,,,,29,0x109a4,ffff00000009012fec00ffff0000000000000000011000023133000000
557,善人称号宝箱,3,礼包/宝箱/资源包,打开可获得善人称号！,,,是,,,,,29,0x109f9,ffff00000009012fec00ffff0000000000000000011000023134000000
558,明君称号宝箱,3,礼包/宝箱/资源包,打开可获得明君称号！,,,是,,,,,29,0x10a4e,ffff00000009012fec00ffff0000000000000000011000023135000000
559,贤君称号宝箱,3,礼包/宝箱/资源包,打开可获得贤君称号！,,,是,,,,,29,0x10aa3,ffff00000009012fec00ffff0000000000000000011000023136000000
560,达人称号宝箱,3,礼包/宝箱/资源包,打开可获得达人称号！,,,是,,,,,29,0x10af8,ffff00000009012fec00ffff0000000000000000011000023137000000
561,无双称号宝箱,3,礼包/宝箱/资源包,打开可获得无双称号！,,,是,,,,,29,0x10b4d,ffff00000009012fec00ffff0000000000000000011000023138000000
562,宗师称号宝箱,3,礼包/宝箱/资源包,打开可获得宗师称号！,,,是,,,,,29,0x10ba2,ffff00000009012fec00ffff0000000000000000011000023139000000
563,神工称号宝箱,3,礼包/宝箱/资源包,打开可获得神工称号！,,,是,,,,,29,0x10bf7,ffff00000009012fec00ffff0000000000000000011000023230000000
564,枭雄称号宝箱,3,礼包/宝箱/资源包,打开可获得枭雄称号！,,,是,,,,,29,0x10c4c,ffff00000009012fec00ffff0000000000000000011000023231000000
565,霸主称号宝箱,3,礼包/宝箱/资源包,打开可获得霸主称号！,,,是,,,,,29,0x10ca1,ffff00000009012fec00ffff0000000000000000011000023232000000
566,武圣称号宝箱,3,礼包/宝箱/资源包,打开可获得武圣称号！,,,是,,,,,29,0x10cf6,ffff00000009012fec00ffff0000000000000000011000023333000000
567,飞将称号宝箱,3,礼包/宝箱/资源包,打开可获得飞将称号！,,,是,,,,,29,0x10d4b,ffff00000009012fec00ffff0000000000000000011000023334000000
568,大神称号宝箱,3,礼包/宝箱/资源包,打开可获得大神称号！,,,是,,,,,29,0x10da0,ffff00000009012fec00ffff0000000000000000011000023335000000
569,天子称号宝箱,3,礼包/宝箱/资源包,打开可获得天子称号！,,,是,,,,,29,0x10df5,ffff00000009012fec00ffff0000000000000000011000023336000000
570,军师称号宝箱,3,礼包/宝箱/资源包,打开可获得军师称号！,,,是,,,,,29,0x10e4a,ffff00000009012fec00ffff0000000000000000011000023337000000
571,暴君称号宝箱,3,礼包/宝箱/资源包,打开可获得暴君称号！,,,是,,,,,29,0x10e9f,ffff00000009012fec00ffff0000000000000000011000023338000000
572,卧龙称号宝箱,3,礼包/宝箱/资源包,打开可获得卧龙称号！,,,是,,,,,29,0x10ef4,ffff00000009012fec00ffff0000000000000000011000023339000000
573,凤雏称号宝箱,3,礼包/宝箱/资源包,打开可获得凤雏称号！,,,是,,,,,29,0x10f49,ffff00000009012fec00ffff0000000000000000011000023430000000
574,冢虎称号宝箱,3,礼包/宝箱/资源包,打开可获得冢虎称号！,,,是,,,,,29,0x10f9e,ffff00000009012fec00ffff0000000000000000011000023431000000
575,疾风符,0,普通/功能道具,疾如风，徐如林！提升军队攻击速度5%，持续24小时！,44,"effect#44 提升军队的攻击速度5%,持续24小时. params=[5, 24]",,,169,cat1/p1/good169/价1=30/价2=300,,35,0x10ff3,00000000006301306b01ffff0000000000000001002c02000000050000001800000000
576,大疾风符,0,普通/功能道具,追风逐影，迅疾如雷！迅速提升军队攻击速度10%，持续24小时！,44,"effect#44 提升军队的攻击速度10%,持续24小时. params=[10, 24]",,,170,cat1/p1/good170/价1=200/价2=0,,35,0x1106d,00000000006301306c01ffff0000000000000001002c020000000a0000001800000000
577,天罡北斗,0,普通/功能道具,全面启动玄门阵法，瞬间提升军队攻击速度15%，持续24小时！,44,"effect#44 提升军队的攻击速度15%,持续24小时. params=[15, 24]",,,185,cat6/p3/good185/价1=600/价2=0,,35,0x110f7,00000000006301306d01ffff0000000000000001002c020000000f0000001800000000
578,帝王称号宝箱,3,礼包/宝箱/资源包,打开可获得帝王称号！,,,是,,,,,29,0x1117e,ffff00000009012fec00ffff0000000000000000011000023432000000
579,神捕称号宝箱,3,礼包/宝箱/资源包,打开可获得神捕称号！,,,是,,,,,29,0x111d3,ffff00000009012fec00ffff0000000000000000011000023433000000
580,称号碎片,5,任务物品,称号碎片,,,,,,,,24,0x11228,ffff000003e700307200ffff000000000000000000000000
581,文官名册,0,普通/功能道具,获取随机一名敌对玩家的文官信息,,,,,,,,24,0x11260,00110000006300ffff00ffff000000000000000000000000
582,少·献帝,3,礼包/宝箱/资源包,开启后可获得：名将--少·献帝,,,是,,,,,61,0x112b9,ffff0000000901309a00ffff0000000000000000020c010d01010e010013e5b091c2b7e78caee5b89d2c31323434322c300101001d01002c0100040000
583,少·孙权,3,礼包/宝箱/资源包,开启后可获得：名将--少·孙权,,,是,,,,,61,0x11331,ffff0000000901309900ffff0000000000000000020c010d01010e010013e5b091c2b7e5ad99e69d832c31323434312c300101001d01002c0100040000
584,少·刘备,3,礼包/宝箱/资源包,开启后可获得：名将--少·刘备,,,是,,,,,61,0x113a9,ffff0000000901309400ffff0000000000000000020c010d01010e010013e5b091c2b7e58898e5a4872c31323433362c300101001d01002c0100020000
585,少·曹操,3,礼包/宝箱/资源包,开启后可获得：名将--少·曹操,,,是,,,,,61,0x11421,ffff0000000901308e00ffff0000000000000000020c010d01010e010013e5b091c2b7e69bb9e6938d2c31323433302c300101001d01002c0100020000
586,少·关羽,3,礼包/宝箱/资源包,开启后可获得：名将--少·关羽,,,是,,,,,61,0x11499,ffff0000000901309200ffff0000000000000000020c010d01010e010013e5b091c2b7e585b3e7bebd2c31323433342c300101001d01002c0100020000
587,木桶,0,普通/功能道具,有些老旧的小木桶，使用后可恢复3点健康值，冷却时间30分钟，每次可购买1个,,,,,,,,24,0x11511,00100000006300302500ffff000000000000000000000000
588,海棠种子,0,普通/功能道具,可在种植园中培育海棠,,,,,,,,24,0x1159e,00100000006300304100ffff000000000000000000000000
589,沙果种子,0,普通/功能道具,可在种植园中培育沙果,,,,,,,,24,0x115e8,00100000006300304200ffff000000000000000000000000
590,蟠桃种子,0,普通/功能道具,可在种植园中培育蟠桃,,,,,,,,24,0x11632,00100000006300304300ffff000000000000000000000000
591,水稻,0,普通/功能道具,可在种植园中培育水稻,,,,,,,,24,0x1167c,00100000006300303700ffff000000000000000000000000
592,苎麻,0,普通/功能道具,可在种植园中培育苎麻,,,,,,,,24,0x116c0,00100000006300303800ffff000000000000000000000000
593,葡萄,0,普通/功能道具,可在种植园中培育葡萄,,,,,,,,24,0x11704,00100000006300303900ffff000000000000000000000000
594,鹿葱,0,普通/功能道具,可在种植园中培育鹿葱,,,,,,,,24,0x11748,00100000006300303a00ffff000000000000000000000000
595,花釉梅瓶,0,普通/功能道具,制作精良的花瓶。,42,"effect#42 赏赐我方文官加8忠诚，赠送他人文官降4忠诚 params=[8, 4]",,,,,,35,0x1178c,000f0000006303304900ffff0000000000000001002a02000000080000000400000000
596,水点桃花碗,0,普通/功能道具,"漂亮的瓷碗,赏赐属下加8忠诚,赠送敌方降4忠诚",42,"effect#42 赏赐我方文官加8忠诚，赠送他人文官降4忠诚 params=[8, 4]",,,,,,35,0x117db,000f0000006303304a00ffff0000000000000001002a02000000080000000400000000
597,一箱银币,0,普通/功能道具,"满满一箱银币,赏赐属下加8忠诚,赠送敌方降4忠诚",42,"effect#42 赏赐我方文官加8忠诚，赠送他人文官降4忠诚 params=[8, 4]",是,,,,,35,0x11852,000f0000006303304b00ffff0000000000000001002a02000000080000000400000000
598,青花瓷瓶,0,普通/功能道具,"名匠所制,赏赐属下加8忠诚,赠送敌方降4忠诚",42,"effect#42 赏赐我方文官加8忠诚，赠送他人文官降4忠诚 params=[8, 4]",,,,,,35,0x118c9,000f0000006303304c00ffff0000000000000001002a02000000080000000400000000
599,缠丝玛瑙,0,普通/功能道具,"稀有的玛瑙,赏赐属下加8忠诚,赠送敌方降4忠诚",42,"effect#42 赏赐我方文官加8忠诚，赠送他人文官降4忠诚 params=[8, 4]",,,,,,35,0x1193a,000f0000006303304d00ffff0000000000000001002a02000000080000000400000000
600,紫晶洞,0,普通/功能道具,"天然紫晶矿,赏赐属下加8忠诚,赠送敌方降4忠诚",42,"effect#42 赏赐我方文官加8忠诚，赠送他人文官降4忠诚 params=[8, 4]",,,,,,35,0x119ae,000f0000006303304e00ffff0000000000000001002a02000000080000000400000000
601,双耳瓶,0,普通/功能道具,"前朝工艺巅峰,赏赐属下加8忠诚,赠送敌方降4忠诚",42,"effect#42 赏赐我方文官加8忠诚，赠送他人文官降4忠诚 params=[8, 4]",,,,,,35,0x11a1f,000f0000006303304f00ffff0000000000000001002a02000000080000000400000000
602,金佛像,0,普通/功能道具,"纯金佛像,赏赐属下加8忠诚,赠送敌方降4忠诚",42,"effect#42 赏赐我方文官加8忠诚，赠送他人文官降4忠诚 params=[8, 4]",,,,,,35,0x11a93,000f0000006303305000ffff0000000000000001002a02000000080000000400000000
603,古剑,0,普通/功能道具,锋利的古代配剑。,42,"effect#42 赏赐我方文官加12忠诚，赠送他人文官降6忠诚 params=[12, 6]",,,,,,35,0x11b01,000f0000006303305100ffff0000000000000001002a020000000c0000000600000000
604,灵芝,0,普通/功能道具,"天赐灵药,赏赐属下加12忠诚,赠送敌方降6忠诚",42,"effect#42 赏赐我方文官加12忠诚，赠送他人文官降6忠诚 params=[12, 6]",,,,,,35,0x11b4a,000f0000006303305200ffff0000000000000001002a020000000c0000000600000000
605,碧玺,0,普通/功能道具,"稀有的珍宝,赏赐属下加12忠诚,赠送敌方降6忠诚",42,"effect#42 赏赐我方文官加12忠诚，赠送他人文官降6忠诚 params=[12, 6]",,,,,,35,0x11bb6,000f0000006303305300ffff0000000000000001002a020000000c0000000600000000
606,绿松石串,0,普通/功能道具,"西域特产宝石,赏赐属下加12忠诚,赠送敌方降6忠诚",42,"effect#42 赏赐我方文官加12忠诚，赠送他人文官降6忠诚 params=[12, 6]",,,,,,35,0x11c25,000f0000006303305400ffff0000000000000001002a020000000c0000000600000000
607,水晶花,0,普通/功能道具,"水晶雕刻成的花朵,赏赐属下加12忠诚,赠送敌方降6忠诚",42,"effect#42 赏赐我方文官加12忠诚，赠送他人文官降6忠诚 params=[12, 6]",,,,,,35,0x11c9d,000f0000006303305500ffff0000000000000001002a020000000c0000000600000000
608,十全大补丸,0,普通/功能道具,"最适将士服用,赏赐属下加16忠诚,赠送敌方降8忠诚",42,"effect#42 赏赐我方文官加16忠诚，赠送他人文官降8忠诚 params=[16, 8]",,,,,,35,0x11d18,000f0000006303305600ffff0000000000000001002a02000000100000000800000000
609,三才盖碗,0,普通/功能道具,"名贵的茶具,赏赐属下加16忠诚,赠送敌方降8忠诚",42,"effect#42 赏赐我方文官加18忠诚，赠送他人文官降6忠诚 params=[18, 6]",,,,,,35,0x11d93,000f0000006303305700ffff0000000000000001002a02000000120000000600000000
610,美玉,0,普通/功能道具,"名家雕刻的美玉,赏赐属下加16忠诚,赠送敌方降8忠诚",42,"effect#42 赏赐我方文官加16忠诚，赠送他人文官降8忠诚 params=[16, 8]",,,,,,35,0x11e08,000f0000006303305800ffff0000000000000001002a02000000100000000800000000
611,翡翠玫瑰,0,普通/功能道具,"翡翠雕刻而成的玫瑰,赏赐属下加16忠诚,赠送敌方降8忠诚",42,"effect#42 赏赐我方文官加16忠诚，赠送他人文官降8忠诚 params=[16, 8]",,,,,,35,0x11e7d,000f0000006303305900ffff0000000000000001002a02000000100000000800000000
612,蓝宝石,0,普通/功能道具,稀有的天蓝色宝石。,42,"effect#42 赏赐我方文官加20忠诚，赠送他人文官降10忠诚 params=[20, 10]",,,,,,35,0x11efe,000f0000006303305a00ffff0000000000000001002a02000000140000000a00000000
613,稀有的狼皮,0,普通/功能道具,"威风且保暖,赏赐属下加20忠诚,赠送敌方降10忠诚",42,"effect#42 赏赐我方文官加20忠诚，赠送他人文官降5忠诚 params=[20, 5]",,,,,,35,0x11f4d,000f0000006303305b00ffff0000000000000001002a02000000140000000500000000
614,黑陶砚台,0,普通/功能道具,"最适赠与风雅之士,赏赐属下加20忠诚,赠送敌方降10忠诚",42,"effect#42 赏赐我方文官加20忠诚，赠送他人文官降0忠诚 params=[20, 0]",,,,,,35,0x11fc6,000f0000006303305c00ffff0000000000000001002a02000000140000000000000000
615,茜草,0,普通/功能道具,可在种植园中培育茜草,,,,,,,,24,0x12045,00100000006300303b00ffff000000000000000000000000
616,金银花,0,普通/功能道具,可在种植园中培育金银花,,,,,,,,24,0x12089,00100000006300303c00ffff000000000000000000000000
617,核桃,0,普通/功能道具,可在种植园中培育核桃,,,,,,,,24,0x120d3,00100000006300303d00ffff000000000000000000000000
618,石榴,0,普通/功能道具,可在种植园中培育石榴,,,,,,,,24,0x12117,00100000006300303e00ffff000000000000000000000000
619,蔓青,0,普通/功能道具,可在种植园中培育蔓青,,,,,,,,24,0x1215b,00100000006300303f00ffff000000000000000000000000
620,木瓜,0,普通/功能道具,可在种植园中培育木瓜,,,,,,,,24,0x1219f,00100000006300304000ffff000000000000000000000000
621,铁箍木桶,0,普通/功能道具,崭新的铁箍木桶，使用后可恢复2点健康值，冷却时间60分钟，每次可购买5个,,,,,,,,24,0x121e3,00100000006300302600ffff000000000000000000000000
622,铁桶,0,普通/功能道具,生铁打造的大水桶，使用后可恢复9点健康值，冷却时间30分钟，每次可购买1个,,,,,,,,24,0x12273,00100000006300302700ffff000000000000000000000000
623,精铁桶,0,普通/功能道具,精铁打造的大水桶，使用后可恢复6点健康值，冷却时间180分钟，每次可购买5个,,,,,,,,24,0x12300,00100000006300302c00ffff000000000000000000000000
624,木铲,0,普通/功能道具,破旧的木铲，使用后恢复1点健康值，冷却时间30分钟，每次可购买5个,,,,,,,,24,0x12391,00100000006300302900ffff000000000000000000000000
625,硬木铲,0,普通/功能道具,坚硬的木制铲子，使用后恢复可2点健康值，冷却时间60分钟，每次可购买5个,,,,,,,,24,0x12412,00100000006300302a00ffff000000000000000000000000
626,铁铲,0,普通/功能道具,破旧的铁铲子，使用后恢复4点健康值，冷却时间90分钟，每次可购买5个,,,,,,,,24,0x1249f,00100000006300302b00ffff000000000000000000000000
627,钢铲,0,普通/功能道具,精钢铸造的铲子，经久耐用，使用后可恢复6点健康值，冷却时间180分钟，每次可购买5个,,,,,,,,24,0x12523,00100000006300302800ffff000000000000000000000000
628,草木灰,0,普通/功能道具,野草烧制而成，有微量的肥力，使用后可恢复1点健康值，冷却时间30分钟，每次可购买5个,,,,,,,,24,0x125bd,00100000006300302d00ffff000000000000000000000000
629,豆箕,0,普通/功能道具,大豆脱粒后的豆茎熬制而成，肥力中等，使用后可恢复2点健康值，冷却时间60分钟，每次可购买5个,,,,,,,,24,0x1265c,00100000006300302e00ffff000000000000000000000000
630,缲蛹汁,0,普通/功能道具,收集虫蛹捣制而成的肥料，有不错的肥力，使用后可恢复4点健康值，冷却时间90分钟，每次可购买5个,,,,,,,,24,0x12704,00100000006300302f00ffff000000000000000000000000
631,骨屑,0,普通/功能道具,将生骨敲碎磨成骨粉，是上等的肥料，使用后可恢复6点健康值，冷却时间180分钟，每次可购买5个,,,,,,,,24,0x127b2,00100000006300303000ffff000000000000000000000000
632,少·赵云,3,礼包/宝箱/资源包,开启后可获得：名将--少·赵云,,,是,,,,,61,0x12858,ffff0000000901309f00ffff0000000000000000020c010d01010e010013e5b091c2b7e8b5b5e4ba912c31323434372c300101001d01002c0100020000
633,少·吕布,3,礼包/宝箱/资源包,开启后可获得：名将--少·吕布,,,是,,,,,61,0x128d0,ffff0000000901309600ffff0000000000000000020c010d01010e010013e5b091c2b7e59095e5b8832c31323433382c300101001d01002d0100020000
634,少·张飞,3,礼包/宝箱/资源包,开启后可获得：名将--少·张飞,,,是,,,,,61,0x12948,ffff0000000901309e00ffff0000000000000000020c010d01010e010013e5b091c2b7e5bca0e9a39e2c31323434362c300101001d01002d0100020000
635,少·马超,3,礼包/宝箱/资源包,开启后可获得：名将--少·马超,,,是,,,,,61,0x129c0,ffff0000000901309700ffff0000000000000000020c010d01010e010013e5b091c2b7e9a9ace8b6852c31323433392c300101001d01002d0100020000
636,军团名帖,0,普通/功能道具,军团易名之物。\n用于修改军团名称，仅限军团长使用，每次修改消耗1个。,45,effect#45  params=[],,,178,cat2/p1/good178/价1=300/价2=0,,27,0x12a38,ffff000000630030a900ffff0000000000000001002d0000000000
637,诏书,0,普通/功能道具,奉天诰命，昭告天下。\n用于修改自建国国号或者自建国名称，仅限自建国王使用，每次修改消耗1个。\n,46/47,effect#46  params=[] | effect#47  params=[],,,177,cat2/p1/good177/价1=600/价2=0,,30,0x12ac9,ffff000000630030ab00ffff0000000000000002002e00002f0000000000
638,优惠券,0,普通/功能道具,特殊道具，兑换使用,,,,,,,,24,0x12b7c,ffff000000630030aa00ffff000000000000000000000000
639,抵用券,0,普通/功能道具,特殊道具，兑换使用,,,,,,,,24,0x12bc0,ffff000000630030a800ffff000000000000000000000000
640,折扣券,0,普通/功能道具,特殊道具，兑换使用,,,,,,,,24,0x12c04,ffff000000630030ac00ffff000000000000000000000000
641,5折劵,0,普通/功能道具,特殊道具，兑换使用,,,,,,,,24,0x12c48,ffff000000630030a200ffff000000000000000000000000
642,50黄金优惠券,0,普通/功能道具,特殊道具，兑换使用,,,,,,,,24,0x12c8a,ffff000000630030a300ffff000000000000000000000000
643,100黄金优惠券,0,普通/功能道具,特殊道具，兑换使用,,,,,,,,24,0x12cd6,ffff000000630030a400ffff000000000000000000000000
644,200黄金优惠券,0,普通/功能道具,特殊道具，兑换使用,,,,,,,,24,0x12d23,ffff000000630030a500ffff000000000000000000000000
645,500黄金优惠券,0,普通/功能道具,特殊道具，兑换使用,,,,,,,,24,0x12d70,ffff000000630030a600ffff000000000000000000000000
646,1000黄金优惠券,0,普通/功能道具,特殊道具，兑换使用,,,,,,,,24,0x12dbd,ffff000000630030a700ffff000000000000000000000000
647,少·黄忠,3,礼包/宝箱/资源包,开启后可获得：名将--少·黄忠,,,是,,,,,61,0x12e0b,ffff0000000901309300ffff0000000000000000020c010d01010e010013e5b091c2b7e9bb84e5bfa02c31323433352c300101001d01002d0100010000
648,少·徐庶,3,礼包/宝箱/资源包,开启后可获得：名将--少·徐庶,,,是,,,,,61,0x12e83,ffff0000000901309c00ffff0000000000000000020c010d01010e010013e5b091c2b7e5be90e5bab62c31323434342c300101001d01002e0100000000
649,少·诸葛,3,礼包/宝箱/资源包,开启后可获得：名将--少·诸葛,,,是,,,,,61,0x12efb,ffff000000090130a100ffff0000000000000000020c010d01010e010013e5b091c2b7e8afb8e8919b2c31323434392c300101001d01002e0100040000
650,少·陆逊,3,礼包/宝箱/资源包,开启后可获得：名将--少·陆逊,,,是,,,,,61,0x12f73,ffff0000000901309500ffff0000000000000000020c010d01010e010013e5b091c2b7e99986e9808a2c31323433372c300101001d01002e0100000000
651,少·庞统,3,礼包/宝箱/资源包,开启后可获得：名将--少·庞统,,,是,,,,,61,0x12feb,ffff0000000901309800ffff0000000000000000020c010d01010e010013e5b091c2b7e5ba9ee7bb9f2c31323434302c300101001d01002e0100000000
652,少·荀彧,3,礼包/宝箱/资源包,开启后可获得：名将--少·荀彧,,,是,,,,,61,0x13063,ffff0000000901309d00ffff0000000000000000020c010d01010e010013e5b091c2b7e88d80e5bda72c31323434352c300101001d01002e0100040000
653,少·董卓,3,礼包/宝箱/资源包,开启后可获得：名将--少·董卓,,,是,,,,,61,0x130db,ffff0000000901309100ffff0000000000000000020c010d01010e010013e5b091c2b7e891a3e58d932c31323433332c300101001d01002f0100020000
654,少·周瑜,3,礼包/宝箱/资源包,开启后可获得：名将--少·周瑜,,,是,,,,,61,0x13153,ffff000000090130a000ffff0000000000000000020c010d01010e010013e5b091c2b7e591a8e7919c2c31323434382c300101001d01002f0100040000
655,少·貂蝉,3,礼包/宝箱/资源包,开启后可获得：名将--少·貂蝉,,,是,,,,,61,0x131cb,ffff0000000901309000ffff0000000000000000020c010d01010e010013e5b091c2b7e8b282e89d892c31323433322c300101001d01002f0100040000
656,少·大乔,3,礼包/宝箱/资源包,开启后可获得：名将--少·大乔,,,是,,,,,61,0x13243,ffff0000000901308f00ffff0000000000000000020c010d01010e010013e5b091c2b7e5a4a7e4b9942c31323433312c300101001d01002f0100010000
657,少·小乔,3,礼包/宝箱/资源包,开启后可获得：名将--少·小乔,,,是,,,,,61,0x132bb,ffff0000000901309b00ffff0000000000000000020c010d01010e010013e5b091c2b7e5b08fe4b9942c31323434332c300101001d01002f0100010000
658,将领碎片,5,任务物品,将领碎片,,,,,,,,24,0x13333,ffff000003e70030d500ffff000000000000000000000000
659,装备碎片,5,任务物品,装备碎片,,,,,,,,24,0x1336b,ffff000003e70030d600ffff000000000000000000000000
660,求贤令,5,任务物品,可在点将台中用来打听史诗名将，有10%几率交换获得史诗名将画册。,,,,,181,cat2/p1/good181/价1=20/价2=0,,24,0x133a3,ffff000003e702310100ffff000000000000000000000000
661,尊·曹操,3,礼包/宝箱/资源包,开启后可获得：名将--尊·曹操,,,是,,,,,61,0x13426,ffff000000090130d800ffff0000000000000000020c010d01010e010013e5b08ac2b7e69bb9e6938d2c31323530342c340101001e0100330100020000
662,尊·大乔,3,礼包/宝箱/资源包,开启后可获得：名将--尊·大乔,,,是,,,,,61,0x1349e,ffff000000090130d900ffff0000000000000000020c010d01010e010013e5b08ac2b7e5a4a7e4b9942c31323530352c330101001e0100310100010000
663,尊·貂蝉,3,礼包/宝箱/资源包,开启后可获得：名将--尊·貂蝉,,,是,,,,,61,0x13516,ffff000000090130da00ffff0000000000000000020c010d01010e010013e5b08ac2b7e8b282e89d892c31323530362c310101001e0100310100040000
664,尊·董卓,3,礼包/宝箱/资源包,开启后可获得：名将--尊·董卓,,,是,,,,,61,0x1358e,ffff000000090130db00ffff0000000000000000020c010d01010e010013e5b08ac2b7e891a3e58d932c31323530372c340101001e0100310100020000
665,尊·关羽,3,礼包/宝箱/资源包,开启后可获得：名将--尊·关羽,,,是,,,,,61,0x13606,ffff000000090130dc00ffff0000000000000000020c010d01010e010013e5b08ac2b7e585b3e7bebd2c31323530382c340101001e0100330100020000
666,尊·黄忠,3,礼包/宝箱/资源包,开启后可获得：名将--尊·黄忠,,,是,,,,,61,0x1367e,ffff000000090130dd00ffff0000000000000000020c010d01010e010013e5b08ac2b7e9bb84e5bfa02c31323530392c330101001e0100320100010000
667,尊·刘备,3,礼包/宝箱/资源包,开启后可获得：名将--尊·刘备,,,是,,,,,61,0x136f6,ffff000000090130de00ffff0000000000000000020c010d01010e010013e5b08ac2b7e58898e5a4872c31323531302c340101001e0100330100020000
668,尊·陆逊,3,礼包/宝箱/资源包,开启后可获得：名将--尊·陆逊,,,是,,,,,61,0x1376e,ffff000000090130df00ffff0000000000000000020c010d01010e010013e5b08ac2b7e99986e9808a2c31323531312c320101001e0100300100000000
669,尊·吕布,3,礼包/宝箱/资源包,开启后可获得：名将--尊·吕布,,,是,,,,,61,0x137e6,ffff000000090130e000ffff0000000000000000020c010d01010e010013e5b08ac2b7e59095e5b8832c31323531322c340101001e0100320100020000
670,尊·马超,3,礼包/宝箱/资源包,开启后可获得：名将--尊·马超,,,是,,,,,61,0x1385e,ffff000000090130e100ffff0000000000000000020c010d01010e010013e5b08ac2b7e9a9ace8b6852c31323531332c340101001e0100320100020000
671,尊·庞统,3,礼包/宝箱/资源包,开启后可获得：名将--尊·庞统,,,是,,,,,61,0x138d6,ffff000000090130e200ffff0000000000000000020c010d01010e010013e5b08ac2b7e5ba9ee7bb9f2c31323531342c320101001e0100350100000000
672,尊·司马懿,3,礼包/宝箱/资源包,开启后可获得：名将--尊·司马懿,,,是,,,,,64,0x1394e,ffff000000090130e300ffff0000000000000000020c010d01010e010016e5b08ac2b7e58fb8e9a9ace687bf2c31323531352c340101001e0100330100020000
673,尊·孙权,3,礼包/宝箱/资源包,开启后可获得：名将--尊·孙权,,,是,,,,,61,0x139cf,ffff000000090130e400ffff0000000000000000020c010d01010e010013e5b08ac2b7e5ad99e69d832c31323531362c310101001e0100330100040000
674,尊·献帝,3,礼包/宝箱/资源包,开启后可获得：名将--尊·献帝,,,是,,,,,61,0x13a47,ffff000000090130e500ffff0000000000000000020c010d01010e010013e5b08ac2b7e78caee5b89d2c31323531372c310101001e0100340100040000
675,尊·小乔,3,礼包/宝箱/资源包,开启后可获得：名将--尊·小乔,,,是,,,,,61,0x13abf,ffff000000090130e600ffff0000000000000000020c010d01010e010013e5b08ac2b7e5b08fe4b9942c31323531382c330101001e0100310100010000
676,尊·徐庶,3,礼包/宝箱/资源包,开启后可获得：名将--尊·徐庶,,,是,,,,,61,0x13b37,ffff000000090130e700ffff0000000000000000020c010d01010e010013e5b08ac2b7e5be90e5bab62c31323531392c320101001e0100350100000000
677,尊·荀彧,3,礼包/宝箱/资源包,开启后可获得：名将--尊·荀彧,,,是,,,,,61,0x13baf,ffff000000090130e800ffff0000000000000000020c010d01010e010013e5b08ac2b7e88d80e5bda72c31323532302c310101001e0100350100040000
678,尊·袁绍,3,礼包/宝箱/资源包,开启后可获得：名将--尊·袁绍,,,是,,,,,61,0x13c27,ffff000000090130e900ffff0000000000000000020c010d01010e010013e5b08ac2b7e8a281e7bb8d2c31323532312c310101001e0100350100040000
679,尊·张飞,3,礼包/宝箱/资源包,开启后可获得：名将--尊·张飞,,,是,,,,,61,0x13c9f,ffff000000090130ea00ffff0000000000000000020c010d01010e010013e5b08ac2b7e5bca0e9a39e2c31323532322c340101001e0100320100020000
680,尊·赵云,3,礼包/宝箱/资源包,开启后可获得：名将--尊·赵云,,,是,,,,,61,0x13d17,ffff000000090130eb00ffff0000000000000000020c010d01010e010013e5b08ac2b7e8b5b5e4ba912c31323532332c340101001e0100330100020000
681,尊·周瑜,3,礼包/宝箱/资源包,开启后可获得：名将--尊·周瑜,,,是,,,,,61,0x13d8f,ffff000000090130ec00ffff0000000000000000020c010d01010e010013e5b08ac2b7e591a8e7919c2c31323532342c310101001e0100310100040000
682,尊·诸葛亮,3,礼包/宝箱/资源包,开启后可获得：名将--尊·诸葛亮,,,是,,,,,64,0x13e07,ffff000000090130ed00ffff0000000000000000020c010d01010e010016e5b08ac2b7e8afb8e8919be4baae2c31323532352c310101001e0100300100040000
683,开封令,0,普通/功能道具,在都城开辟封地,,,,,190,cat2/p1/good190/价1=99/价2=0,,24,0x13e88,00040000006302311d00ffff000000000000000000000000
684,免单券,5,任务物品,特殊道具，有神秘作用,,,,,,,,24,0x13ec6,ffff0000006300311800ffff000000000000000000000000
685,大,5,任务物品,特殊道具，有神秘作用,,,,,,,,24,0x13f0d,ffff0000006300311900ffff000000000000000000000000
686,吉,5,任务物品,特殊道具，有神秘作用,,,,,,,,24,0x13f4e,ffff0000006300311a00ffff000000000000000000000000
687,利,5,任务物品,特殊道具，有神秘作用,,,,,,,,24,0x13f8f,ffff0000006300311b00ffff000000000000000000000000
688,喜,5,任务物品,特殊道具，有神秘作用,,,,,,,,24,0x13fd0,ffff0000006300311c00ffff000000000000000000000000
689,张既,3,礼包/宝箱/资源包,开启后可获得：将领--张既,,,是,,,,,56,0x14011,ffff0000000901310c00ffff0000000000000000020c010d01010e01000ee5bca0e697a22c31323535362c300101001f01000b0100020000
690,陈到,3,礼包/宝箱/资源包,开启后可获得：将领--陈到,,,是,,,,,56,0x1407a,ffff0000000901310d00ffff0000000000000000020c010d01010e01000ee99988e588b02c31323535372c300101001f0100080100010000
691,卫臻,3,礼包/宝箱/资源包,开启后可获得：将领--卫臻,,,是,,,,,56,0x140e3,ffff0000000901310e00ffff0000000000000000020c010d01010e01000ee58dabe887bb2c31323535382c300101001f0100090100000000
692,王昶,3,礼包/宝箱/资源包,开启后可获得：将领--王昶,,,是,,,,,56,0x1414c,ffff0000000901310f00ffff0000000000000000020c010d01010e01000ee78e8be698b62c31323535392c300101001f01000a0100040000
693,刘勋,3,礼包/宝箱/资源包,开启后可获得：将领--刘勋,,,是,,,,,56,0x141b5,ffff0000000901311000ffff0000000000000000020c010d01010e01000ee58898e58b8b2c31323536302c30010100200100070100020000
694,何苗,3,礼包/宝箱/资源包,开启后可获得：将领--何苗,,,是,,,,,56,0x1421e,ffff0000000901311100ffff0000000000000000020c010d01010e01000ee4bd95e88b972c31323536312c30010100200100040100010000
695,罗宪,3,礼包/宝箱/资源包,开启后可获得：将领--罗宪,,,是,,,,,56,0x14287,ffff0000000901311200ffff0000000000000000020c010d01010e01000ee7bd97e5aeaa2c31323536322c30010100200100050100000000
696,田豫,3,礼包/宝箱/资源包,开启后可获得：将领--田豫,,,是,,,,,56,0x142f0,ffff0000000901311300ffff0000000000000000020c010d01010e01000ee794b0e8b1ab2c31323536332c30010100200100060100040000
697,禧·鲍三娘,3,礼包/宝箱/资源包,开启后可获得：名将--禧·鲍三娘,,,是,,,,,64,0x14359,ffff0000000901311400ffff0000000000000000020c010d01010e010016e7a6a7c2b7e9b28de4b889e5a8982c31323536342c360101001e0100330100020000
698,禧·黄舞蝶,3,礼包/宝箱/资源包,开启后可获得：名将--禧·黄舞蝶,,,是,,,,,64,0x143da,ffff0000000901311500ffff0000000000000000020c010d01010e010016e7a6a7c2b7e9bb84e8889ee89db62c31323536352c360101001e0100320100010000
699,禧·步练师,3,礼包/宝箱/资源包,开启后可获得：名将--禧·步练师,,,是,,,,,64,0x1445b,ffff0000000901311600ffff0000000000000000020c010d01010e010016e7a6a7c2b7e6ada5e7bb83e5b8882c31323536362c360101001e0100310100040000
700,禧·花鬘,3,礼包/宝箱/资源包,开启后可获得：名将--禧·花鬘,,,是,,,,,61,0x144dc,ffff0000000901311700ffff0000000000000000020c010d01010e010013e7a6a7c2b7e88ab1e9ac982c31323536372c360101001e0100350100000000
701,30两银票,3,礼包/宝箱/资源包,开启后可获取30两白银.,,,是,,,,,29,0x14554,ffff0000006301039101ffff000000000000000001080000001e000000
702,40两银票,3,礼包/宝箱/资源包,开启后可获取40两白银,,,是,,,,,29,0x145a2,ffff0000006301039101ffff0000000000000000010800000028000000
703,60两银票,3,礼包/宝箱/资源包,开启后可获取60两白银,,,是,,,,,29,0x145ef,ffff0000006301039101ffff000000000000000001080000003c000000
704,70两银票,3,礼包/宝箱/资源包,开启后可获取70两白银,,,是,,,,,29,0x1463c,ffff0000006301039101ffff0000000000000000010800000046000000
705,80两银票,3,礼包/宝箱/资源包,开启后可获取80两白银,,,是,,,,,29,0x14689,ffff0000006301039101ffff0000000000000000010800000050000000
706,90两银票,3,礼包/宝箱/资源包,开启后可获取90两白银,,,是,,,,,29,0x146d6,ffff0000006301039101ffff000000000000000001080000005a000000
707,尊·帝王,3,礼包/宝箱/资源包,开启后可获得：名将--尊·帝王,,,是,,,,,61,0x14723,ffff0000000901314000ffff0000000000000000020c010d01010e010013e5b08ac2b7e5b89de78e8b2c31323630382c370101001e0100340100020000
708,尊·刘表,3,礼包/宝箱/资源包,开启后可获得：名将--尊·刘表,,,是,,,,,61,0x1479b,ffff0000000901314100ffff0000000000000000020c010d01010e010013e5b08ac2b7e58898e8a1a82c31323630392c340101001e0100300100020000
709,将印,0,普通/功能道具,"用来调兵遣将的兵符,可以用来提升将领的统帅能力.",35,"effect#35 增加将领的统帅值5%,持续24小时. params=[5, 24]",,,187,cat1/p4/good187/价1=50/价2=0,,35,0x14813,00010000006302314700ffff0000000000000001002302000000050000001800000000
710,帅印,0,普通/功能道具,"用来调兵遣将的兵符,可以用来提升将领的统帅能力.",35,"effect#35 增加将领的统帅值10%,持续24小时. params=[10, 24]",,,186,cat1/p4/good186/价1=100/价2=0,,35,0x14888,00010000006302314a00ffff00000000000000010023020000000a0000001800000000
711,君王称号宝箱,3,礼包/宝箱/资源包,打开可获得君王称号！,,,是,,,,,29,0x148fd,ffff00000009012fec00ffff0000000000000000011000023532000000
712,尊·武帝,3,礼包/宝箱/资源包,开启后可获得：名将--尊·武帝,,,是,,,,,61,0x14952,ffff0000000901315900ffff0000000000000000020c010d01010e010013e5b08ac2b7e6ada6e5b89d2c31323633332c380101001e0100360100010000
713,尊·南华老仙,3,礼包/宝箱/资源包,开启后可获得：名将--尊·南华老仙,,,是,,,,,67,0x149ca,ffff0000000901315800ffff0000000000000000020c010d01010e010019e5b08ac2b7e58d97e58d8ee88081e4bb992c31323633322c310101001e0100300100
714,召回令,0,普通/功能道具,部队驻防城池时长超过1小时，可使用召回令召回驻防将领，使用召回令可无视路径不通。,,,,,188,cat2/p2/good188/价1=100/价2=0,,24,0x14a54,ffff000003e702316700ffff000000000000000000000000
715,太师称号宝箱,3,礼包/宝箱/资源包,打开可获得太师称号！,,,是,,,,,29,0x14af3,ffff00000009012fec00ffff0000000000000000011000023537000000
716,策士称号宝箱,3,礼包/宝箱/资源包,打开可获得策士称号！,,,是,,,,,29,0x14b48,ffff00000009012fec00ffff0000000000000000011000023533000000
717,虎贲称号宝箱,3,礼包/宝箱/资源包,打开可获得虎贲称号！,,,是,,,,,29,0x14b9d,ffff00000009012fec00ffff0000000000000000011000023534000000
718,飞骑称号宝箱,3,礼包/宝箱/资源包,打开可获得飞骑称号！,,,是,,,,,29,0x14bf2,ffff00000009012fec00ffff0000000000000000011000023535000000
719,明公称号宝箱,3,礼包/宝箱/资源包,打开可获得明公称号！,,,是,,,,,29,0x14c47,ffff00000009012fec00ffff0000000000000000011000023536000000
720,虎纹金牌,0,普通/功能道具,用于战法书坊兑换战法书残页。,,,,,189,cat1/p1/good189/价1=100/价2=0,,24,0x14c9c,ffff000003e70031ba00ffff000000000000000000000000
721,福袋,0,普通/功能道具,一个福气满满的袋子，可用于聚宝祈福，运气好的话，可以获得不错的奖励！,,,,,191,cat2/p1/good191/价1=10/价2=0,,24,0x14cf2,ffff0000006302322b00ffff000000000000000000000000
722,黑珠,0,普通/功能道具,此道具仅限特殊活动中使用，有时效，到期将自动销毁，请及时使用避免过期。,,,,,,,,24,0x14d7e,ffff000003e700327f00ffff000000000000010000000000
723,尊·文帝,3,礼包/宝箱/资源包,开启后可获得：名将--尊·文帝,,,是,,,,,61,0x14e0d,ffff0000000901326e00ffff0000000000000000020c010d01010e010013e5b08ac2b7e69687e5b89d2c31323931302c380101001e0100370100000000
724,阎行,3,礼包/宝箱/资源包,开启后可获得：将领--阎行,,,是,,,,,56,0x14e85,ffff0000000901326f00ffff0000000000000000020c010d01010e01000ee9988ee8a18c2c31323931312c30010100200100060100010000
725,李进,3,礼包/宝箱/资源包,开启后可获得：将领--李进,,,是,,,,,56,0x14eee,ffff0000000901327100ffff0000000000000000020c010d01010e01000ee69d8ee8bf9b2c31323931332c300101001f01000a0100010000
726,师纂,3,礼包/宝箱/资源包,开启后可获得：将领--师纂,,,是,,,,,56,0x14f57,ffff0000000901327000ffff0000000000000000020c010d01010e01000ee5b888e7ba822c31323931322c30010100200100070100040000
727,诸葛尚,3,礼包/宝箱/资源包,开启后可获得：将领--诸葛尚,,,是,,,,,59,0x14fc0,ffff0000000901327200ffff0000000000000000020c010d01010e010011e8afb8e8919be5b09a2c31323931342c300101001f01000b0100040000
728,白珠,0,普通/功能道具,此道具仅限特殊活动中使用，有时效，到期将自动销毁，请及时使用避免过期。,,,,,,,,24,0x15032,ffff000003e700328000ffff000000000000010000000000
729,金珠,0,普通/功能道具,此道具仅限特殊活动中使用，有时效，到期将自动销毁，请及时使用避免过期。,,,,,,,,24,0x150c1,ffff000003e700328100ffff000000000000010000000000
730,寿山石,0,普通/功能道具,此道具仅限特殊活动中使用，有时效，到期将自动销毁，请及时使用避免过期。,,,,,,,,24,0x15150,ffff000003e700328200ffff000000000000010000000000
731,青金石,0,普通/功能道具,此道具仅限特殊活动中使用，有时效，到期将自动销毁，请及时使用避免过期。,,,,,,,,24,0x151e2,ffff000003e700328300ffff000000000000010000000000
732,白云石,0,普通/功能道具,此道具仅限特殊活动中使用，有时效，到期将自动销毁，请及时使用避免过期。,,,,,,,,24,0x15274,ffff000003e700328400ffff000000000000010000000000
733,和田玉,0,普通/功能道具,此道具仅限特殊活动中使用，有时效，到期将自动销毁，请及时使用避免过期。,,,,,,,,24,0x15306,ffff000003e700328500ffff000000000000010000000000
734,独山玉,0,普通/功能道具,此道具仅限特殊活动中使用，有时效，到期将自动销毁，请及时使用避免过期。,,,,,,,,24,0x15398,ffff000003e700328600ffff000000000000010000000000
735,蓝田玉,0,普通/功能道具,此道具仅限特殊活动中使用，有时效，到期将自动销毁，请及时使用避免过期。,,,,,,,,24,0x1542a,ffff000003e700328700ffff000000000000010000000000
736,谋略值礼包,3,礼包/宝箱/资源包,开启后可获得:100谋略值,,,是,,,,,29,0x154bc,ffff0000000901328b01ffff0000000000000000011100000064000000
737,强盾称号宝箱,3,礼包/宝箱/资源包,打开可获得强盾称号！,,,是,,,,,29,0x1550f,ffff00000009012fec00ffff0000000000000000011000023539000000
738,迅影称号宝箱,3,礼包/宝箱/资源包,打开可获得迅影称号！,,,是,,,,,29,0x15564,ffff00000009012fec00ffff0000000000000000011000023630000000
739,糖果,3,礼包/宝箱/资源包,开启后可获得：冰玉*1、仙芝*1、完整藏宝图*1、将印*1、初级行军符*1、玉石*10,,,是,,,,,50,0x155b9,ffff0000006301336a00ffff00000000000000000001000600770001007b0001019a000102c50001004c0001018f000a0000
740,粽子,3,礼包/宝箱/资源包,开启后可获得：冰玉*1、仙芝*1、完整藏宝图*1、将印*1、初级行军符*1、玉石*10,,,是,,,,,50,0x15660,ffff0000006301336c00ffff00000000000000000001000600770001007b0001019a000102c50001004c0001018f000a0000
741,西瓜,3,礼包/宝箱/资源包,开启后可获得：冰玉*1、仙芝*1、完整藏宝图*1、将印*1、初级行军符*1、玉石*10,,,是,,,,,50,0x15707,ffff0000006301336b00ffff00000000000000000001000600770001007b0001019a000102c50001004c0001018f000a0000
742,饺子,3,礼包/宝箱/资源包,开启后可获得：冰玉*1、仙芝*1、完整藏宝图*1、将印*1、初级行军符*1、玉石*10,,,是,,,,,50,0x157ae,ffff0000006301336900ffff00000000000000000001000600770001007b0001019a000102c50001004c0001018f000a0000
743,城池碎片礼包,3,礼包/宝箱/资源包,开启后可获得：1000个城池碎片,,,是,,,,,29,0x15855,ffff0000006301337200ffff00000000000000000112000003e8000000
744,转移符,0,普通/功能道具,用于国家科技，可使资源加成转移到攻击加成或者防御加成。,,,,,192,cat2/p2/good192/价1=100/价2=0,,24,0x158b4,ffff0000006302336400ffff000000000000000000000000
745,虎痴称号宝箱,3,礼包/宝箱/资源包,打开可获得虎痴称号！,,,是,,,,,29,0x1592e,ffff00000009012fec00ffff0000000000000000011000023632000000
746,鬼才称号宝箱,3,礼包/宝箱/资源包,打开可获得鬼才称号！,,,是,,,,,29,0x15983,ffff00000009012fec00ffff0000000000000000011000023633000000
747,玄·女君,3,礼包/宝箱/资源包,开启后可获得：名将--玄·女君,,,是,,,,,61,0x159d8,ffff000000090133a400ffff0000000000000000020c010d01010e010013e78e84c2b7e5a5b3e5909b2c31333232302c390101001e0100340100040000
748,玄·女帝,3,礼包/宝箱/资源包,开启后可获得：名将--玄·女帝,,,是,,,,,61,0x15a50,ffff000000090133a500ffff0000000000000000020c010d01010e010013e78e84c2b7e5a5b3e5b89d2c31333232312c390101001e0100360100010000
749,玄·巧圣,3,礼包/宝箱/资源包,开启后可获得：名将--玄·巧圣,,,是,,,,,61,0x15ac8,ffff000000090133a600ffff0000000000000000020c010d01010e010013e78e84c2b7e5b7a7e59ca32c31333232322c390101001e0100340100020000
750,玄·君侯,3,礼包/宝箱/资源包,开启后可获得：名将--玄·君侯,,,是,,,,,61,0x15b40,ffff000000090133a700ffff0000000000000000020c010d01010e010013e78e84c2b7e5909be4beaf2c31333232332c390101001e0100380100000000
751,玄·武威,3,礼包/宝箱/资源包,开启后可获得：名将--玄·武威,,,是,,,,,61,0x15bb8,ffff000000090133a800ffff0000000000000000020c010d01010e010013e78e84c2b7e6ada6e5a8812c31333232342c390101001e0100340100000000
752,乙巳兵种碎片,0,普通/功能道具,乙巳兵种皮肤碎片，用于解锁乙巳兵种皮肤。,,,,,,,,24,0x15c30,ffff000003e70033bf00ffff000000000000000000000000
753,夺旗宝箱,3,礼包/宝箱/资源包,参与夺旗有机会获得，打开宝箱可随机获得一种奖励。#probability#开启的道具概率如下：\n增益性道具	48.80%\n功能性道具	27.00%\n资产类道具	24.00%\n任务道具	0.20%,,,是,是,,,,130,0x15c9e,ffff000000630133c801ffff00000000000000000204010a0101021401fd320014016a010064016b010064024101006402ab01006401830101f4006601032000
754,老友称号宝箱,3,礼包/宝箱/资源包,打开可获得老友称号！该称号宝箱不支持转移至其他君主。,,,是,,,,,29,0x15dff,ffff00000009012fec00ffff0000000000000000011000023634000000
755,仁帅称号宝箱,3,礼包/宝箱/资源包,打开可获得仁帅称号！,,,是,,,,,29,0x15e84,ffff00000009012fec00ffff0000000000000000011000023635000000
756,雄主称号宝箱,3,礼包/宝箱/资源包,打开可获得雄主称号！,,,是,,,,,29,0x15ed9,ffff00000009012fec00ffff0000000000000000011000023636000000
757,巡游令,0,普通/功能道具,圣君巡游，福泽天下！用于发起巡游时使用。,,,,,193,cat6/p3/good193/价1=10/价2=0,,24,0x15f2e,ffff000003e702340b00ffff000000000000000000000000
