target_id,name,level,x,y,desc,resource1,resource2,loot_ids,unit_count,unit_categories,units,query_x,query_y
2464117,9级山贼,9,0,1,"大批资源,一些宝物,",1656,4106,,4,战车;骑兵,谭枫:轻骑兵x1487 | 公西淑玮:投石车x1234 | 翁薇:骁骑兵x1068 | 纪恒益:重弩车x508,0,0
2469509,9级山贼,9,0,2,"大批资源,有宝箱,有装备,一些宝物,",1490,4080,,4,骑兵,晁悌骄:骁骑兵x952 | 成枫骥:轻骑兵x1482 | 仰夏明:轻骑兵x1599 | 全禹:骁骑兵x1081,0,0
2465371,9级山贼,9,0,4,"大批资源,有宝箱,有装备,",1523,4217,24321,4,战车;骑兵,国采:骁骑兵x1027 | 酆鸥:重弩车x525 | 晁邪颜:重弩车x523 | 漆雕堂:投石车x1276,0,0
2467645,8级山贼,8,0,5,"大批资源,有宝箱,",1066,2743,1065,4,骑兵,弘化路:轻骑兵x1155 | 宗正真邈:轻骑兵x1132 | 訾悦:骁骑兵x792 | 荣桂妙:骁骑兵x704,0,0
2466566,6级山贼,6,0,6,"大量资源,有宝箱,",319,868,,3,弓弩;步兵,何凡:轻步兵x918 | 羿娥叡:强弩兵x1146 | 米巧:轻步兵x893,0,6
2465628,5级山贼,5,0,7,"很多资源,一些宝物,",281,769,,2,弓弩;步兵,荣燕:轻步兵x525 | 莫开郎:强弩兵x793,0,6
2465321,10级山贼,10,0,8,"大批资源,有宝箱,",2080,5089,,5,弓弩;战车;骑兵,屠洲:弩骑兵x1822 | 吴苑纳:重弩车x693 | 南门馨:骁骑兵x1706 | 乜智:弩骑兵x2145 | 艾可:骁骑兵x1622,0,6
2467133,5级山贼,5,0,9,"很多资源,有宝箱,有装备,",254,661,13569,2,弓弩;步兵,苏香山:轻步兵x459 | 范立:强弩兵x841,0,6
2468219,6级山贼,6,0,10,"大量资源,",382,818,,3,弓弩;骑兵,微生昶玮:铁骑兵x586 | 米吉鹏:弓兵x366 | 解芬绿:铁骑兵x573,0,6
2468451,2级山贼,2,0,11,"许多资源,",96,270,1039,1,步兵,公良焱季:民兵x280,0,6
2463377,1级山贼,1,0,12,"一些资源,有装备,",59,137,1031,1,步兵,充葱:民兵x164,0,12
2463373,6级山贼,6,0,13,"大量资源,一些宝物,",338,832,4097,3,弓弩;步兵,巢勋:强弩兵x1077 | 阚铃双:强弩兵x1159 | 仰韶:轻步兵x791,0,12
2468609,10级山贼,10,0,14,"大批资源,有宝箱,",1815,5238,1793;1793;1080,5,战车;骑兵,吕青:重弩车x682 | 钟淼:骁骑兵x1708 | 常友:投石车x2144 | 壤驷月代:骁骑兵x1667 | 司寇蓝:重弩车x689,0,12
2467004,6级山贼,6,0,15,"大量资源,",318,864,,3,步兵;骑兵,翟彩:铁骑兵x624 | 漆雕怡:轻步兵x865 | 钟离莲:铁骑兵x613,0,12
2463726,5级山贼,5,0,16,"很多资源,有装备,",252,730,1054,2,弓弩,闻桢祈:强弩兵x761 | 蒙灵:强弩兵x764,0,12
2468608,1级山贼,1,0,17,"一些资源,",52,148,,1,步兵,唐晋:民兵x150,0,12
2465014,8级山贼,8,0,18,"大批资源,",968,2383,1069,4,战车;骑兵,封时:轻骑兵x1113 | 艾冬:投石车x1074 | 滕含珍:投石车x1090 | 暨彤薇:骁骑兵x759,0,18
2465665,9级山贼,9,0,19,"大批资源,",1799,4142,1074,4,战车;骑兵,昝拔:投石车x1318 | 钭曦今:重弩车x477 | 花吉:骁骑兵x1009 | 相彤皓:轻骑兵x1507,0,18
2463423,7级山贼,7,0,20,"大批资源,有装备,",502,1492,1055,3,弓弩,黄丰:弓兵x541 | 卞慧:强弩兵x1792 | 霍识兴:弓兵x556,0,18
2468135,4级山贼,4,0,21,"很多资源,有装备,",178,495,,2,步兵,公羊嗣:近卫兵x354 | 隗存化:近卫兵x360,0,18
2465503,1级山贼,1,0,22,"一些资源,",58,123,,1,步兵,余澜旎:民兵x146,0,18
2464843,2级山贼,2,0,23,"许多资源,",84,257,,1,步兵,黎鹂籁:民兵x275,0,18
2463647,7级山贼,7,0,24,"大批资源,",627,1518,,3,步兵;骑兵,仲珺霖:铁骑兵x780 | 仲长溪:轻步兵x1130 | 郜丝:铁骑兵x858,0,24
2463615,4级山贼,4,0,25,"很多资源,",177,418,,2,步兵,司寇鸾:重步兵x476 | 莘醒:重步兵x550,0,24
2468172,8级山贼,8,0,26,"大批资源,有宝箱,一些宝物,",920,2458,1069,4,战车;骑兵,祁烁北:骁骑兵x802 | 相土金:轻骑兵x1194 | 嵇岚:骁骑兵x736 | 邢边瑞:重弩车x358,0,24
2469046,6级山贼,6,0,28,"大量资源,",375,880,1059,3,弓弩;骑兵,长孙平:强弩兵x1035 | 凌旎龙:铁骑兵x648 | 古峯范:强弩兵x1235,0,24
2466273,8级山贼,8,0,30,"大批资源,有宝箱,",918,2510,,4,战车;骑兵,乐绍岚:重弩车x327 | 夔苑夜:骁骑兵x822 | 敖略玥:重弩车x349 | 纪涉颖:重弩车x366,0,30
2468488,7级山贼,7,0,31,"大批资源,",620,1665,1063,3,弓弩;步兵,解圣:轻步兵x1300 | 韶吉:弓兵x511 | 李瑶:轻步兵x1268,0,30
2465605,10级山贼,10,0,32,"大批资源,有宝箱,一些宝物,",2171,4773,1793,5,弓弩;战车,翁溪:弩骑兵x2037 | 皮丹:弩车x232 | 计怡颖:弩骑兵x1826 | 安时:弩车x246 | 索孟邪:投石车x1976,0,30
2466285,5级山贼,5,0,33,"很多资源,",266,623,,2,弓弩;步兵,酆葱妙:轻步兵x526 | 浦杉:强弩兵x784,0,30
2468380,6级山贼,6,0,34,"大量资源,有宝箱,",382,919,14849,3,弓弩;步兵,微生谷:强弩兵x1125 | 尤旷咏:弓兵x362 | 查琛翰:轻步兵x858,0,30
2465604,9级山贼,9,0,36,"大批资源,有宝箱,",1628,3757,1793;1074,4,战车;骑兵,韩轩格:投石车x1209 | 沈彤:骁骑兵x1017 | 嵇穹:骁骑兵x1020 | 史初:重弩车x517,0,36
2468933,9级山贼,9,0,37,"大批资源,",1456,3603,1074,4,战车;骑兵,梁丘旋:重弩车x442 | 訾豪:重弩车x529 | 霍明:轻骑兵x1743 | 司马初曦:轻骑兵x1743,0,36
2463538,10级山贼,10,0,39,"大批资源,有宝箱,一些宝物,",2080,4717,1084;1084;1082,5,弓弩;战车;骑兵,宦泽薇:骁骑兵x1805 | 邬才翰:弩骑兵x2141 | 冀龙:骁骑兵x1623 | 井鲲简:弩骑兵x2001 | 萧书兆:弩车x217,0,36
2463507,6级山贼,6,0,40,"大量资源,",321,895,1059;1059,3,弓弩;骑兵,单荫龙:铁骑兵x560 | 危宜铄:强弩兵x1184 | 卞彦:强弩兵x1294,0,36
2469553,5级山贼,5,0,41,"很多资源,一些宝物,",287,704,,2,弓弩;步兵,仇姮香:轻步兵x503 | 祁斯:弓兵x228,0,36
2466922,2级山贼,2,0,43,"许多资源,",98,279,,1,步兵,葛静:民兵x330,0,42
2465054,7级山贼,7,0,44,"大批资源,一些宝物,",518,1638,,3,弓弩;步兵,桑悟年:轻步兵x1178 | 张菱:轻步兵x1150 | 翟访游:弓兵x524,0,42
2465842,8级山贼,8,0,46,"大批资源,有装备,",1019,2482,,4,战车;骑兵,皮薇:轻骑兵x1158 | 闻人启:重弩车x372 | 湛晗拓:轻骑兵x1263 | 凌豆以:投石车x1069,0,42
2465399,3级山贼,3,0,47,"很多资源,",154,371,,1,步兵,相里妙豇:民兵x874,0,42
2464339,3级山贼,3,0,48,"许多资源,",151,313,,1,步兵,葛容燕:民兵x782,0,48
2465743,7级山贼,7,0,49,"大批资源,有宝箱,",685,1437,14849,3,步兵,屠唱美:轻步兵x1244 | 敖益:轻步兵x1120 | 滕儿谷:轻步兵x1225,0,48
2465274,8级山贼,8,0,50,"大批资源,",1096,2568,1069,4,战车;骑兵,穆旋:骁骑兵x739 | 厍亦槐:投石车x1084 | 慕容筠:轻骑兵x1214 | 敖筠:投石车x976,0,48
2463417,4级山贼,4,0,51,"很多资源,",177,454,,2,步兵,刁衍歌:近卫兵x377 | 熊云娴:近卫兵x357,0,48
2464508,10级山贼,10,0,52,"大批资源,有宝箱,",2168,5435,,5,弓弩;战车;骑兵,魏曾析:投石车x2161 | 韶寻:弩骑兵x1908 | 谷倩:弩骑兵x2116 | 水珺:骁骑兵x1660 | 莫渺熙:弩车x219,0,48
2466946,10级山贼,10,0,54,"大批资源,有宝箱,一些宝物,",2118,4667,,5,弓弩;战车;骑兵,欧阳虹:骁骑兵x1777 | 吴浦:弩骑兵x2103 | 秦雅:骁骑兵x1730 | 山玮勃:投石车x1821 | 于彤:骁骑兵x1678,0,54
2468694,6级山贼,6,0,55,"大量资源,有宝箱,有装备,",314,878,1059,3,弓弩;步兵;骑兵,金海:轻步兵x828 | 凤朝涆:强弩兵x1173 | 成斯:铁骑兵x630,0,54
2463727,2级山贼,2,1,1,"许多资源,",82,293,,1,步兵,弓尝涤:民兵x320,0,0
2469125,7级山贼,7,1,2,"大批资源,",562,1536,,3,弓弩;骑兵,陆举友:强弩兵x1603 | 宦阵:强弩兵x1405 | 巢强魄:铁骑兵x924,0,0
2466158,1级山贼,1,1,4,"一些资源,",48,114,,1,步兵,亓官常福:民兵x140,0,0
2464340,9级山贼,9,1,6,"大批资源,有宝箱,一些宝物,",1443,3713,1070;1074,4,骑兵,冷绍枫:骁骑兵x981 | 卫澜发:骁骑兵x1048 | 敖祯:骁骑兵x950 | 庄纵果:骁骑兵x1028,0,6
2465344,10级山贼,10,1,8,"大批资源,有宝箱,一些宝物,",2133,5065,1084;1793,5,弓弩;战车;骑兵,胡母蔚:弩骑兵x1869 | 沈昂澜:重弩车x740 | 濮阳葱:投石车x2039 | 乐正单心:弩骑兵x1928 | 项悟:骁骑兵x1998,0,6
2464241,1级山贼,1,1,9,"一些资源,",56,120,1030,1,步兵,荣璧:民兵x136,0,6
2464124,10级山贼,10,1,10,"大批资源,有宝箱,一些宝物,",1958,4762,1793,5,弓弩;战车;骑兵,费翊:投石车x1987 | 怀幼晗:骁骑兵x1737 | 金沛夏:弩骑兵x2158 | 魏育寒:骁骑兵x1775 | 翁希:骁骑兵x1646,0,6
2465574,8级山贼,8,1,11,"大批资源,一些宝物,",954,2451,3073,4,骑兵,窦依:骁骑兵x765 | 卢禧:骁骑兵x717 | 景和彬:轻骑兵x1227 | 公西悌济:轻骑兵x1191,0,6
2466991,2级山贼,2,1,12,"许多资源,",83,263,1039,1,步兵,安铄:民兵x325,0,12
2462905,9级山贼,9,1,13,"大批资源,有宝箱,有装备,",1779,3909,1074;16790273,4,战车;骑兵,姬龙:投石车x1297 | 宦尔丹:投石车x1283 | 苗濮:投石车x1338 | 时名:轻骑兵x1714,0,12
2465893,8级山贼,8,1,14,"大批资源,有宝箱,有装备,",999,2518,,4,战车;骑兵,钟馨醉:骁骑兵x787 | 庚虹醉:投石车x971 | 古亦:重弩车x360 | 冉玥:骁骑兵x830,0,12
2463731,8级山贼,8,1,16,"大批资源,",919,2566,1069,4,战车;骑兵,成美奕:投石车x1018 | 项武熙:投石车x923 | 乔建:骁骑兵x707 | 劳琴惠:轻骑兵x1151,0,12
2463773,8级山贼,8,1,18,"大批资源,有宝箱,",1065,2528,1069,4,战车;骑兵,温颂:投石车x949 | 丛弼:骁骑兵x735 | 冉楠:重弩车x376 | 温荫:轻骑兵x1165,0,18
2469133,2级山贼,2,1,19,"许多资源,",92,248,,1,步兵,宓年:民兵x327,0,18
2469504,6级山贼,6,1,20,"大量资源,有装备,",376,918,1051,3,弓弩,刘绮竹:弓兵x358 | 屠敏熏:强弩兵x1081 | 薄晖男:弓兵x385,0,18
2465629,9级山贼,9,1,21,"大批资源,",1576,3983,,4,战车;骑兵,伍以乐:骁骑兵x1040 | 季尔:骁骑兵x1070 | 赵青:重弩车x455 | 耿畅:轻骑兵x1737,0,18
2469172,7级山贼,7,1,22,"大批资源,有宝箱,",686,1685,1064;1064,3,弓弩;骑兵,季业:铁骑兵x813 | 邴柏:强弩兵x1722 | 沙通石:弓兵x586,0,18
2465179,1级山贼,1,1,26,"一些资源,",56,142,,1,步兵,干墨:民兵x164,0,24
2466167,1级山贼,1,1,29,"一些资源,",40,130,,1,步兵,连柏:民兵x144,0,24
2466697,1级山贼,1,1,32,"一些资源,",48,142,,1,步兵,寿苑懋:民兵x153,0,30
2466375,6级山贼,6,1,33,"大量资源,一些宝物,",303,847,1059,3,弓弩;步兵;骑兵,俞自阵:铁骑兵x627 | 惠游瑶:强弩兵x1204 | 井燕熙:轻步兵x916,0,30
2465838,2级山贼,2,1,34,"许多资源,有装备,",100,259,16777217,1,步兵,庄怡:民兵x270,0,30
2467153,6级山贼,6,1,37,"大量资源,有宝箱,",315,961,,3,弓弩;步兵;骑兵,晁悦音:轻步兵x898 | 郗基楠:铁骑兵x617 | 牛熙:强弩兵x1095,0,36
2464402,7级山贼,7,1,38,"大批资源,有宝箱,",599,1589,1064,3,弓弩;步兵;骑兵,宦吉骞:弓兵x545 | 家曦:铁骑兵x821 | 殳无剑:轻步兵x1145,0,36
2469674,4级山贼,4,1,39,"很多资源,",163,405,,2,步兵,羿福合:重步兵x548 | 师家晴:重步兵x533,0,36
2467150,6级山贼,6,1,41,"大量资源,有宝箱,有装备,",363,816,1059,3,步兵;骑兵,戚允潇:轻步兵x792 | 姬帅:铁骑兵x593 | 皇甫向怜:轻步兵x930,0,36
2467272,5级山贼,5,1,43,"大量资源,有宝箱,",286,782,13569,2,步兵;骑兵,麻依:铁骑兵x315 | 冷悦:轻步兵x495,0,42
2467714,5级山贼,5,1,45,"很多资源,",260,614,1054,2,弓弩;步兵,应宁:强弩兵x720 | 蓟和颜:轻步兵x504,0,42
2467036,10级山贼,10,1,46,"大批资源,一些宝物,",2000,4631,1084;1075,5,弓弩;骑兵,祁益彤:骁骑兵x1901 | 鲁望:弩骑兵x2025 | 邢容:骁骑兵x1726 | 秋昶萍:骁骑兵x1873 | 饶知专:骁骑兵x1620,0,42
2468225,6级山贼,6,1,48,"大量资源,有装备,",314,958,16790017,3,弓弩;骑兵,席松茵:强弩兵x1251 | 寇雅倩:弓兵x414 | 关黎拔:铁骑兵x655,0,48
2468642,1级山贼,1,1,50,"一些资源,",45,103,1032,1,步兵,蔺熏芸:民兵x151,0,48
2469193,1级山贼,1,1,52,"一些资源,",59,112,,1,步兵,巩虹向:民兵x164,0,48
2467564,1级山贼,1,1,53,"一些资源,",52,129,,1,步兵,霍航诩:民兵x158,0,48
2463383,9级山贼,9,1,54,"大批资源,有宝箱,有装备,一些宝物,",1527,3656,1793,4,战车;骑兵,顾茵:骁骑兵x1088 | 车良:骁骑兵x1023 | 司徒寒鸥:投石车x1360 | 苗旻:重弩车x496,0,54
2464303,2级山贼,2,1,55,"许多资源,",88,277,,1,步兵,步含青:民兵x302,0,54
2468311,3级山贼,3,2,0,"很多资源,",153,349,1037,1,步兵,司徒祈潍:民兵x844,0,0
2468385,3级山贼,3,2,2,"很多资源,",148,393,,1,步兵,毕凡:民兵x814,0,0
2469233,10级山贼,10,2,3,"大批资源,有装备,一些宝物,",2085,5360,1078;16779777,5,弓弩;战车;骑兵,申程琛:骁骑兵x1891 | 贡析鸾:重弩车x742 | 阎礼:弩骑兵x1816 | 子车访:弩骑兵x1968 | 艾穰:骁骑兵x1746,0,0
2469149,5级山贼,5,2,4,"很多资源,",259,661,,2,步兵,鄂卉:轻步兵x524 | 易晔吟:轻步兵x530,0,0
2464792,4级山贼,4,2,6,"很多资源,",154,455,,2,步兵,皇甫颀悦:近卫兵x376 | 慕容唱:近卫兵x342,0,6
2466341,6级山贼,6,2,10,"大量资源,一些宝物,",329,826,1059,3,弓弩;步兵,周昂月:轻步兵x914 | 宗政蓉:强弩兵x1217 | 吕幻举:轻步兵x791,0,6
2467682,6级山贼,6,2,12,"大量资源,有宝箱,",371,961,1059,3,弓弩;步兵;骑兵,鱼睿:铁骑兵x612 | 朱卿:强弩兵x1026 | 鞠锐韵:轻步兵x920,0,12
2465454,8级山贼,8,2,13,"大批资源,有宝箱,",1046,2474,1793;1069,4,战车;骑兵,许谊惠:轻骑兵x1300 | 濮帅:重弩车x378 | 陶颜笑:轻骑兵x1106 | 乔心豫:重弩车x362,0,12
2464828,6级山贼,6,2,18,"大量资源,有宝箱,",393,966,1059,3,弓弩;步兵,祝煦:轻步兵x867 | 童识莫:轻步兵x796 | 仲娴:强弩兵x1079,0,18
2469008,6级山贼,6,2,19,"大量资源,有宝箱,",386,813,,3,弓弩;步兵,司空曾:强弩兵x1046 | 宋石:轻步兵x842 | 广勤:轻步兵x832,0,18
2465015,9级山贼,9,2,20,"大批资源,",1471,3865,,4,战车;骑兵,訾元:重弩车x491 | 籍紫菡:骁骑兵x1008 | 容映:骁骑兵x1060 | 东璨为:重弩车x497,0,18
2467628,7级山贼,7,2,21,"大批资源,",580,1651,1064,3,弓弩;骑兵,越珠识:铁骑兵x925 | 昝时童:强弩兵x1410 | 荆芸:强弩兵x1740,0,18
2468985,3级山贼,3,2,24,"许多资源,",156,316,1043,1,步兵,匡葱:民兵x790,0,24
2466253,1级山贼,1,2,25,"一些资源,",50,101,,1,步兵,苗怡:民兵x149,0,24
2466899,6级山贼,6,2,26,"大量资源,",347,840,,3,弓弩;步兵,丰健:轻步兵x805 | 慎璧桃:弓兵x351 | 和慈士:强弩兵x1084,0,24
2467561,5级山贼,5,2,27,"很多资源,",295,713,,2,弓弩;骑兵,谷绮:铁骑兵x319 | 岑昂昶:强弩兵x797,0,24
2465123,5级山贼,5,2,28,"很多资源,",264,714,1054,2,弓弩;骑兵,艾曦:铁骑兵x373 | 蓝醒:强弩兵x725,0,24
2469537,7级山贼,7,2,30,"大批资源,有宝箱,有装备,",509,1406,,3,弓弩;步兵;骑兵,霍歆:强弩兵x1500 | 柯唱元:轻步兵x1205 | 子车禧自:铁骑兵x834,0,30
2466256,1级山贼,1,2,36,"一些资源,",44,144,,1,步兵,高冰:民兵x147,0,36
2467670,8级山贼,8,2,43,"大批资源,",903,2750,1069,4,骑兵,太叔珺:骁骑兵x766 | 党逸忆:骁骑兵x828 | 劳绮柏:轻骑兵x1171 | 宓渺艾:骁骑兵x764,0,42
2463428,5级山贼,5,2,44,"很多资源,",284,607,,2,弓弩;步兵,雍煜:轻步兵x519 | 管今:强弩兵x761,0,42
2467790,4级山贼,4,2,45,"很多资源,",172,487,,2,步兵,林畅:民兵x1155 | 郜音:近卫兵x404,0,42
2466240,6级山贼,6,2,46,"大量资源,一些宝物,",308,880,4097,3,弓弩;步兵;骑兵,岑栩浚:轻步兵x799 | 松采敬:弓兵x362 | 宿娥:铁骑兵x553,0,42
2463658,7级山贼,7,2,49,"大批资源,",624,1698,1064,3,弓弩;骑兵,廖瑶:弓兵x563 | 章溥:铁骑兵x862 | 司马婉:铁骑兵x903,0,48
2463754,2级山贼,2,2,50,"许多资源,",83,229,1030,1,步兵,巫云:民兵x322,0,48
2466706,10级山贼,10,2,51,"大批资源,有宝箱,一些宝物,",1960,4675,1084;1082,5,弓弩;战车;骑兵,仲寰:重弩车x726 | 黄冰勤:弩骑兵x1906 | 毋菱:弩骑兵x1995 | 阚姮:骁骑兵x1643 | 杭澜郎:投石车x1839,0,48
2466393,6级山贼,6,2,54,"大量资源,有宝箱,有装备,",357,920,1059;16790017,3,步兵;骑兵,谷郁煦:铁骑兵x630 | 臧黎:轻步兵x800 | 孙鹤:轻步兵x917,0,54
2466406,10级山贼,10,3,0,"大批资源,有宝箱,一些宝物,",1838,5429,,5,弓弩;战车,莫梅:弩骑兵x2153 | 咸霁清:弩骑兵x1964 | 单定佑:重弩车x764 | 裴悌薄:投石车x1910 | 劳勋访:弩车x213,3,0
2466154,10级山贼,10,3,2,"大批资源,一些宝物,",2103,5048,3073,5,弓弩;战车;骑兵,苗筠:弩车x207 | 蓬山凝:弩骑兵x2111 | 桂萌勇:骁骑兵x1696 | 公羊韦:骁骑兵x1836 | 仲瑜:重弩车x788,3,0
2466602,5级山贼,5,3,3,"大量资源,有宝箱,",292,736,,2,弓弩;骑兵,韩吉吉:铁骑兵x341 | 党英北:强弩兵x742,3,0
2463630,4级山贼,4,3,4,"很多资源,",150,449,,2,步兵,管墨锦:民兵x1298 | 侯桂泰:民兵x1187,3,0
2468633,5级山贼,5,3,5,"很多资源,一些宝物,",271,786,4097,2,弓弩;骑兵,臧柳咏:铁骑兵x369 | 龙迎柳:强弩兵x865,3,0
2465828,4级山贼,4,3,14,"很多资源,",162,418,,2,步兵,屠禹:民兵x1243 | 丛珺:重步兵x516,3,12
2463743,1级山贼,1,3,15,"一些资源,",49,113,,1,步兵,谭畅:民兵x148,3,12
2463291,1级山贼,1,3,16,"一些资源,",44,119,,1,步兵,乌邢:民兵x139,3,12
2463676,9级山贼,9,3,18,"大批资源,有宝箱,",1443,4321,,4,战车;骑兵,阙霖宜:骁骑兵x1038 | 简惠:投石车x1267 | 伊凌柔:重弩车x431 | 邹真冬:骁骑兵x1050,6,18
2467892,8级山贼,8,3,19,"大批资源,有宝箱,",1063,2259,,4,战车;骑兵,勾琦:骁骑兵x818 | 庄建曲:重弩车x322 | 宰黛云:重弩车x347 | 廖雨福:骁骑兵x678,6,18
2467627,10级山贼,10,3,20,"大批资源,有宝箱,一些宝物,",2027,5126,29441;3074;1084,5,弓弩;战车;骑兵,贲煊识:投石车x2184 | 郏娥:弩骑兵x1813 | 慕容嗣:投石车x2075 | 邬常:弩骑兵x1970 | 韩春嫒:骁骑兵x1613,6,18
2464837,1级山贼,1,3,21,"一些资源,",56,133,,1,步兵,邢咏宜:民兵x164,6,18
2463944,6级山贼,6,3,22,"大量资源,有宝箱,",340,811,14849,3,弓弩;步兵,田鑫歌:轻步兵x838 | 胥洁:强弩兵x1059 | 夏蝶璧:强弩兵x1016,6,18
2465443,6级山贼,6,3,23,"大量资源,",305,980,1059,3,弓弩;步兵;骑兵,糜聪:轻步兵x781 | 濮宛涵:铁骑兵x612 | 堵静:强弩兵x1205,6,18
2469278,10级山贼,10,3,24,"大批资源,有宝箱,一些宝物,",2082,4829,1084;1084,5,弓弩;战车,相里锖童:重弩车x745 | 庚彦映:投石车x1844 | 明颀:投石车x1975 | 上官薇:弩骑兵x2014 | 祖琛略:投石车x2168,3,24
2467528,5级山贼,5,3,25,"很多资源,有宝箱,",265,711,13569,2,弓弩;骑兵,嵇云年:强弩兵x833 | 连迎:铁骑兵x311,3,24
2465021,7级山贼,7,3,26,"大批资源,",632,1603,1064,3,弓弩;步兵,钮穰:轻步兵x1179 | 滕双斯:弓兵x549 | 司空琛:轻步兵x1167,3,24
2469420,8级山贼,8,3,27,"大批资源,有宝箱,",974,2587,,4,战车;骑兵,容建歆:轻骑兵x1200 | 双旺:轻骑兵x1293 | 明茵:重弩车x331 | 漆雕工允:投石车x979,3,24
2467760,2级山贼,2,3,29,"许多资源,",82,205,,1,步兵,连向亦:民兵x288,3,24
2469473,3级山贼,3,3,31,"很多资源,",155,378,,1,步兵,邓然方:民兵x815,3,30
2463782,9级山贼,9,3,32,"大批资源,",1409,4234,,4,战车;骑兵,籍信纵:投石车x1271 | 龚楠:投石车x1312 | 闻灵华:骁骑兵x929 | 章析:骁骑兵x1083,3,30
2468713,7级山贼,7,3,37,"大批资源,",609,1596,,3,弓弩;骑兵,阙吉凡:铁骑兵x936 | 高辑闰:弓兵x576 | 邱从:弓兵x582,3,36
2466458,2级山贼,2,3,38,"许多资源,",100,299,,1,步兵,贲翊联:民兵x315,3,36
2466804,4级山贼,4,3,39,"很多资源,有装备,",153,405,16787457,2,步兵,邱薇采:重步兵x467 | 危嗣奥:民兵x1264,3,36
2467118,4级山贼,4,3,41,"很多资源,",178,482,,2,步兵,项骄:重步兵x471 | 荀弘鸿:重步兵x502,3,36
2465039,5级山贼,5,3,42,"很多资源,有装备,",278,645,,2,骑兵,司马芙菡:铁骑兵x380 | 连向:铁骑兵x364,0,42
2467767,7级山贼,7,3,43,"大批资源,有宝箱,",699,1525,,3,弓弩;步兵;骑兵,乐淑敏:铁骑兵x873 | 祖嫒音:弓兵x559 | 邱柳:轻步兵x1100,3,42
2465066,1级山贼,1,3,44,"一些资源,",54,150,,1,步兵,车今萌:民兵x142,3,42
2469434,8级山贼,8,3,45,"大批资源,",983,2750,1069,4,战车;骑兵,支冠:投石车x993 | 甄悦轩:轻骑兵x1232 | 彭祈碧:骁骑兵x675 | 公良龙之:骁骑兵x721,3,42
2466098,10级山贼,10,3,46,"大批资源,有宝箱,",1820,4548,,5,弓弩;战车;骑兵,孔涵:弩骑兵x2015 | 轩辕干:骁骑兵x1684 | 时展:弩车x245 | 宿娥:骁骑兵x1962 | 郏怀霁:弩车x218,3,42
2464429,6级山贼,6,3,48,"大量资源,",325,910,1059,3,弓弩;步兵,乜穰堂:弓兵x413 | 巴格:强弩兵x1202 | 梁丘祈:轻步兵x829,3,48
2464601,2级山贼,2,3,49,"许多资源,",93,214,1037,1,步兵,赫连静:民兵x304,3,48
2467924,9级山贼,9,3,50,"大批资源,有宝箱,",1462,3921,15105;1793,4,战车;骑兵,蒲家山:投石车x1303 | 公良辰:轻骑兵x1566 | 郑芷:轻骑兵x1408 | 宓巧:投石车x1396,3,48
2467260,6级山贼,6,3,51,"大量资源,有宝箱,",335,881,,3,弓弩;骑兵,毕栩:铁骑兵x569 | 尤煦:弓兵x374 | 隗彭昶:铁骑兵x635,3,48
2465173,7级山贼,7,3,52,"大批资源,有宝箱,",598,1543,13570,3,弓弩;步兵,羊书:强弩兵x1582 | 古简鹤:强弩兵x1713 | 逄怜春:轻步兵x1151,3,48
2463913,1级山贼,1,3,54,"一些资源,",44,150,,1,步兵,武桂峰:民兵x140,3,54
2469461,10级山贼,10,3,55,"大批资源,有宝箱,一些宝物,",2157,5391,,5,弓弩;战车;骑兵,郦蝶妙:骁骑兵x1899 | 慕拯:重弩车x819 | 时邪强:骁骑兵x1728 | 莫琦忆:重弩车x748 | 羿懋:弩骑兵x2096,3,54
2468740,4级山贼,4,4,1,"很多资源,",157,453,,2,步兵,蒙武:民兵x1136 | 丛鲸:近卫兵x343,3,0
2463268,4级山贼,4,4,2,"很多资源,一些宝物,",173,413,,2,步兵,司空醒鸿:重步兵x451 | 徐果轩:重步兵x540,3,0
2467612,9级山贼,9,4,3,"大批资源,有宝箱,有装备,",1696,3861,1793,4,战车;骑兵,萧雁:投石车x1230 | 胡母家:投石车x1351 | 郑锐禧:投石车x1398 | 孔醉:轻骑兵x1486,3,0
2467537,3级山贼,3,4,5,"许多资源,",152,306,,1,步兵,喻云:民兵x784,3,0
2464012,2级山贼,2,4,13,"许多资源,",89,289,,1,步兵,邓颀从:民兵x316,3,12
2469514,3级山贼,3,4,14,"很多资源,",141,378,,1,步兵,虞珍雨:民兵x806,3,12
2462934,2级山贼,2,4,16,"许多资源,",87,299,1039,1,步兵,雍惜双:民兵x284,3,12
2467490,6级山贼,6,4,17,"大量资源,一些宝物,",372,883,3073,3,弓弩;骑兵,沙韶越:强弩兵x1232 | 费珊蝶:强弩兵x1022 | 索江:铁骑兵x578,3,12
2467630,4级山贼,4,4,18,"很多资源,有宝箱,",154,498,,2,步兵,宗正云楠:民兵x1247 | 尹瑶:重步兵x509,6,18
2464819,7级山贼,7,4,19,"大批资源,",554,1474,,3,弓弩;骑兵,席筠锦:铁骑兵x904 | 柴镘:铁骑兵x834 | 匡容今:弓兵x516,6,18
2469530,9级山贼,9,4,20,"大批资源,有宝箱,",1773,4145,,4,战车;骑兵,连竹:重弩车x440 | 宗政童奥:投石车x1273 | 邢忆:轻骑兵x1694 | 终潍:重弩车x481,6,18
2466467,10级山贼,10,4,21,"大批资源,有宝箱,一些宝物,",2092,4785,,5,战车;骑兵,束丰刚:投石车x2002 | 詹雯:投石车x2003 | 司马曦:重弩车x788 | 刘勇:骁骑兵x1850 | 冉巍:重弩车x743,6,18
2465148,5级山贼,5,4,22,"很多资源,",296,625,,2,弓弩,田寄:强弩兵x762 | 全今:强弩兵x874,6,18
2469141,10级山贼,10,4,23,"大批资源,有宝箱,许多宝物,",1838,4994,1083;1793;1079,5,弓弩;战车;骑兵,陶简丰:弩骑兵x1917 | 西门能:投石车x1943 | 司空曼:骁骑兵x1645 | 蓟灵:骁骑兵x1965 | 蒙玮黛:骁骑兵x1649,6,18
2469874,8级山贼,8,4,24,"大批资源,有宝箱,",993,2722,,4,战车;骑兵,高晶格:骁骑兵x715 | 臧顺:骁骑兵x720 | 梁丘叡:轻骑兵x1220 | 司马问:投石车x1054,3,24
2467733,10级山贼,10,4,25,"大批资源,有宝箱,有装备,一些宝物,",2103,4999,29441,5,弓弩;战车;骑兵,鱼望火:弩骑兵x2090 | 蓝娥:投石车x1878 | 邴熏:弩骑兵x1836 | 习和:弩骑兵x2108 | 刘山:骁骑兵x1812,3,24
2467385,3级山贼,3,4,26,"很多资源,",147,366,,1,步兵,廖禧绪:民兵x781,3,24
2467125,10级山贼,10,4,27,"大批资源,有宝箱,一些宝物,",2154,5079,3074,5,弓弩;战车;骑兵,聂精:骁骑兵x1950 | 虞洽:投石车x2024 | 宰娥:骁骑兵x1730 | 漆雕儿:重弩车x805 | 伍玥:弩骑兵x2059,3,24
2468617,10级山贼,10,4,28,"大批资源,有装备,",2189,4983,1084,5,弓弩;战车;骑兵,隗晟锦:骁骑兵x1899 | 曲迟拓:投石车x1985 | 花小:投石车x1908 | 邵问:弩骑兵x1907 | 梁毅:投石车x2137,3,24
2463361,8级山贼,8,4,29,"大批资源,",1023,2503,,4,战车;骑兵,宫丰童:骁骑兵x750 | 胡娇旋:投石车x1067 | 乐正简鸿:投石车x978 | 晏怡存:重弩车x328,3,24
2465855,10级山贼,10,4,31,"大批资源,有宝箱,一些宝物,",2190,4654,1084;1793,5,弓弩;战车,钮星硕:投石车x1963 | 璩珠翊:投石车x2043 | 诸凡依:投石车x1927 | 安瑜:重弩车x670 | 管彬:弩骑兵x2145,3,30
2469824,10级山贼,10,4,35,"大批资源,有宝箱,一些宝物,",1869,4522,1077;1793,5,弓弩;战车;骑兵,焦拯仁:弩骑兵x2152 | 杭陆颀:骁骑兵x1953 | 皇甫洁畅:重弩车x766 | 段振宇:骁骑兵x1869 | 却洁:弩骑兵x2161,3,30
2465369,7级山贼,7,4,37,"大批资源,有宝箱,",521,1482,1064;14849,3,步兵;骑兵,靳璐露:铁骑兵x938 | 季岑宇:轻步兵x1130 | 微生空:轻步兵x1260,3,36
2466947,7级山贼,7,4,38,"大批资源,有宝箱,有装备,",589,1578,1064;1064,3,弓弩;步兵,司徒松拓:轻步兵x1147 | 翟自慈:弓兵x518 | 杜卿:强弩兵x1736,3,36
2465335,5级山贼,5,4,39,"很多资源,",289,622,,2,弓弩;步兵,松千:强弩兵x876 | 景笑倩:轻步兵x549,3,36
2468686,5级山贼,5,4,44,"很多资源,",286,612,1054,2,弓弩;步兵,祁绿:强弩兵x735 | 羊熙:轻步兵x455,3,42
2468067,6级山贼,6,4,45,"大量资源,有宝箱,",354,939,1059,3,步兵;骑兵,封希:铁骑兵x589 | 寿铃:轻步兵x891 | 唐魁:轻步兵x913,3,42
2468943,10级山贼,10,4,46,"大批资源,有宝箱,一些宝物,",2063,4688,1084,5,弓弩;战车;骑兵,孔谷:骁骑兵x1999 | 刘经誉:弩骑兵x1902 | 雍半栩:投石车x1992 | 蒋虞:投石车x2185 | 公良旻:重弩车x804,3,42
2463838,4级山贼,4,4,47,"很多资源,",150,497,,2,步兵,经惜:重步兵x483 | 贲梅:近卫兵x401,3,42
2469253,2级山贼,2,4,48,"许多资源,",100,269,,1,步兵,刘钋:民兵x274,3,48
2465329,9级山贼,9,4,49,"大批资源,有宝箱,一些宝物,",1787,4257,3073,4,战车;骑兵,侯剑全:重弩车x491 | 敖铄溥:轻骑兵x1513 | 水筠:投石车x1397 | 单于喆:投石车x1230,3,48
2465404,9级山贼,9,4,50,"大批资源,有宝箱,",1637,3877,1793;1068,4,战车;骑兵,师寄:重弩车x504 | 訾祖格:轻骑兵x1582 | 于盼:投石车x1224 | 饶尚:轻骑兵x1713,3,48
2463598,3级山贼,3,4,51,"很多资源,",154,347,1044,1,步兵,殳玟拓:民兵x846,3,48
2470013,3级山贼,3,4,52,"许多资源,",145,331,1044,1,步兵,连利:民兵x824,3,48
2464794,5级山贼,5,4,53,"很多资源,",285,770,1054,2,弓弩;骑兵,庄熠:弓兵x214 | 计馨:铁骑兵x348,3,48
2463898,9级山贼,9,4,54,"大批资源,有宝箱,一些宝物,",1692,3791,1074,4,战车;骑兵,汲然槐:投石车x1251 | 赖元潇:投石车x1361 | 幸嗣莲:轻骑兵x1442 | 宣群:轻骑兵x1449,3,54
2466626,6级山贼,6,5,0,"大量资源,",371,881,,3,弓弩;步兵,靳教:强弩兵x1248 | 仇南艾:轻步兵x786 | 焦泓堂:弓兵x350,3,0
2467070,4级山贼,4,5,1,"很多资源,",151,497,,2,步兵,满翼闻:重步兵x488 | 雷娴杉:重步兵x457,3,0
2463831,8级山贼,8,5,3,"大批资源,有宝箱,",1073,2583,,4,战车;骑兵,容桃仙:轻骑兵x1194 | 苗畅:重弩车x329 | 史适:骁骑兵x742 | 柯飇简:骁骑兵x820,3,0
2467671,2级山贼,2,5,4,"许多资源,有装备,",94,248,16787457,1,步兵,喻北小:民兵x324,3,0
2468807,3级山贼,3,5,12,"很多资源,",152,393,,1,步兵,穆淑晋:民兵x791,3,12
2468483,9级山贼,9,5,13,"大批资源,有宝箱,有装备,",1492,4363,1793;1074,4,战车;骑兵,通倩蕾:投石车x1208 | 邬艺:骁骑兵x981 | 艾慧:重弩车x476 | 尉迟悟:投石车x1281,3,12
2465590,8级山贼,8,5,19,"大批资源,有宝箱,",1027,2576,,4,战车;骑兵,厍华:重弩车x349 | 杜精:轻骑兵x1187 | 萧路:骁骑兵x743 | 宓婉悟:投石车x954,6,18
2465513,3级山贼,3,5,21,"很多资源,",145,385,,1,步兵,饶翊:民兵x864,6,18
2467071,4级山贼,4,5,25,"很多资源,",168,453,,2,步兵,嵇冉宁:近卫兵x351 | 黎元萌:近卫兵x395,3,24
2465491,5级山贼,5,5,33,"大量资源,",275,789,,2,步兵;骑兵,骆喷:铁骑兵x361 | 沙柳萌:轻步兵x527,3,30
2467853,8级山贼,8,5,34,"大批资源,",948,2687,1065,4,战车;骑兵,东方尔水:重弩车x324 | 胥栩雨:轻骑兵x1142 | 邱冰清:轻骑兵x1299 | 祁婕曼:重弩车x359,3,30
2463801,8级山贼,8,5,36,"大批资源,",914,2580,1069;1059,4,战车;骑兵,柳笛:投石车x1024 | 井真澜:投石车x993 | 阙念阳:轻骑兵x1190 | 牧柳:轻骑兵x1296,3,36
2464394,8级山贼,8,5,42,"大批资源,有宝箱,有装备,",1031,2560,1793,4,战车;骑兵,凌昌:轻骑兵x1185 | 须冷清:重弩车x349 | 太叔青芮:重弩车x354 | 花芮邪:轻骑兵x1194,3,42
2467184,10级山贼,10,5,43,"大批资源,有装备,一些宝物,",2003,4770,29441;1084,5,弓弩;战车;骑兵,松霓:骁骑兵x1880 | 滕忆:弩骑兵x2096 | 程羽:弩骑兵x2195 | 甘绍婕:重弩车x779 | 昌燕:弩骑兵x2113,3,42
2466517,7级山贼,7,5,44,"大批资源,",586,1498,,3,弓弩;骑兵,微生奥:强弩兵x1590 | 花玟熏:强弩兵x1623 | 耿悦:铁骑兵x906,3,42
2468568,10级山贼,10,6,0,"大批资源,有宝箱,一些宝物,",1950,5028,,5,战车;骑兵,范鸥:骁骑兵x1802 | 昌煜臣:弩车x246 | 祝晓:重弩车x723 | 祝菱楠:重弩车x802 | 连可实:弩车x201,6,0
2469384,5级山贼,5,6,1,"很多资源,",292,639,,2,步兵;骑兵,崔霁昶:铁骑兵x378 | 双听:轻步兵x496,6,0
2465441,3级山贼,3,6,2,"很多资源,",154,327,,1,步兵,苏鸾:民兵x819,6,0
2467020,7级山贼,7,6,3,"大批资源,有宝箱,",661,1464,,3,弓弩;骑兵,干晓:铁骑兵x822 | 谈炫:强弩兵x1571 | 刘容:强弩兵x1519,6,0
2467625,9级山贼,9,6,4,"大批资源,有宝箱,",1736,4242,1064,4,战车;骑兵,戈馨悟:骁骑兵x1061 | 司徒铃晓:骁骑兵x916 | 卫载:投石车x1316 | 牧槐懿:骁骑兵x954,6,0
2463499,6级山贼,6,6,5,"大量资源,有宝箱,一些宝物,",309,955,4097,3,弓弩;步兵,文颖琦:轻步兵x825 | 滑绮:弓兵x390 | 毕姝绪:强弩兵x1111,6,0
2469019,10级山贼,10,6,7,"大批资源,有宝箱,有装备,一些宝物,",2155,4689,1074;1084,5,弓弩;战车;骑兵,訾罡:骁骑兵x1989 | 莫蝶霓:弩骑兵x1810 | 乌松冰:重弩车x795 | 广全格:重弩车x816 | 李舒钧:弩车x208,6,6
2468405,3级山贼,3,6,8,"很多资源,",144,368,,1,步兵,井醉明:民兵x795,6,6
2464085,8级山贼,8,6,10,"大批资源,",955,2337,1069;1069,4,战车;骑兵,纪方:重弩车x350 | 冀惬锵:轻骑兵x1247 | 通腾本:投石车x1044 | 钱柳泰:骁骑兵x815,6,6
2467034,9级山贼,9,6,12,"大批资源,",1411,4276,,4,战车;骑兵,沈旎怀:骁骑兵x1053 | 巫马问岚:投石车x1240 | 荀绮:轻骑兵x1678 | 终曦霖:骁骑兵x1040,6,12
2468995,1级山贼,1,6,13,"一些资源,",47,120,,1,步兵,甄儒:民兵x138,6,12
2463266,9级山贼,9,6,17,"大批资源,",1417,4071,1074,4,战车;骑兵,巫单凝:投石车x1279 | 郜人:骁骑兵x904 | 羊尧唱:轻骑兵x1465 | 翁桢:骁骑兵x1094,6,12
2464430,9级山贼,9,6,24,"大批资源,一些宝物,",1738,4175,1074,4,战车;骑兵,傅千潍:骁骑兵x1046 | 江才:骁骑兵x982 | 相里菲:重弩车x487 | 沙明甫:投石车x1305,6,24
2466560,7级山贼,7,6,25,"大批资源,有宝箱,",624,1694,1064;14849,3,弓弩;骑兵,管颖:强弩兵x1556 | 林天沁:强弩兵x1740 | 宗正喷嗣:铁骑兵x823,6,24
2464046,1级山贼,1,6,26,"一些资源,",43,113,,1,步兵,梁丘望:民兵x147,6,24
2468372,3级山贼,3,6,27,"很多资源,",151,384,1044,1,步兵,程顺:民兵x801,6,24
2467596,5级山贼,5,6,29,"大量资源,",263,680,,2,步兵;骑兵,洪朋:铁骑兵x367 | 慕以丰:轻步兵x502,6,24
2467871,4级山贼,4,6,31,"很多资源,有宝箱,",169,427,,2,步兵,贺谷:民兵x1203 | 孔荫:重步兵x517,6,30
2463845,8级山贼,8,6,35,"大批资源,一些宝物,",1064,2556,,4,战车;骑兵,牛慧山:骁骑兵x692 | 常昊忠:骁骑兵x827 | 喻姝喷:重弩车x379 | 戚瑜尧:骁骑兵x776,6,30
2468416,1级山贼,1,6,36,"一些资源,",60,137,1034,1,步兵,晏盛帅:民兵x150,6,36
2466032,1级山贼,1,6,39,"一些资源,",54,111,,1,步兵,任萌沁:民兵x142,6,36
2464886,7级山贼,7,6,42,"大批资源,有宝箱,有装备,",585,1410,1064;14849;16779265,3,弓弩;骑兵,季菡:强弩兵x1480 | 西门迟:铁骑兵x789 | 郝芸:弓兵x532,6,42
2464726,6级山贼,6,6,43,"大量资源,有宝箱,一些宝物,",352,954,14849,3,弓弩;步兵;骑兵,太叔驽谋:轻步兵x884 | 殴栩恒:铁骑兵x646 | 徐适:强弩兵x1026,6,42
2467270,5级山贼,5,6,45,"很多资源,",275,729,1054,2,弓弩,养今:强弩兵x869 | 贝丝可:强弩兵x873,6,42
2469902,7级山贼,7,6,48,"大批资源,",670,1552,,3,步兵;骑兵,怀萌:铁骑兵x889 | 相艾:铁骑兵x765 | 太叔津兴:轻步兵x1102,6,48
2463540,3级山贼,3,6,49,"许多资源,",154,349,1044,1,步兵,蔚代:民兵x862,6,48
2463765,6级山贼,6,6,51,"大量资源,有宝箱,有装备,一些宝物,",330,890,1059,3,步兵;骑兵,米格:铁骑兵x594 | 崔茗:轻步兵x833 | 滑大:铁骑兵x570,6,48
2467829,6级山贼,6,6,52,"大量资源,有宝箱,一些宝物,",354,904,4097;1059,3,弓弩;骑兵,宗静:强弩兵x1282 | 董楠:铁骑兵x562 | 云章荫:铁骑兵x641,6,48
2467148,2级山贼,2,6,53,"许多资源,",98,218,1039,1,步兵,靳怡:民兵x316,6,48
2469798,6级山贼,6,6,54,"大量资源,",314,979,1059,3,弓弩;步兵;骑兵,曲晓:轻步兵x934 | 应懿敏:铁骑兵x590 | 牧颖:强弩兵x1094,6,54
2466740,1级山贼,1,7,0,"一些资源,",44,149,,1,步兵,闻人依访:民兵x151,6,0
2469255,2级山贼,2,7,1,"许多资源,",99,270,,1,步兵,空湛:民兵x311,6,0
2466259,3级山贼,3,7,2,"许多资源,",144,384,,1,步兵,简芮:民兵x823,6,0
2464606,5级山贼,5,7,3,"很多资源,",299,629,1054,2,弓弩;步兵,廉期雯:强弩兵x818 | 宗政宾:轻步兵x462,6,0
2464978,9级山贼,9,7,4,"大批资源,有宝箱,",1624,4231,,4,战车;骑兵,鲍笑琪:骁骑兵x1043 | 程常:骁骑兵x1079 | 邢美:骁骑兵x1001 | 关化:投石车x1371,6,0
2464136,5级山贼,5,7,5,"很多资源,",296,609,1054,2,弓弩;步兵,谷涆:轻步兵x549 | 邓望怡:强弩兵x868,6,0
2468959,9级山贼,9,7,7,"大批资源,有宝箱,",1551,3907,1074,4,骑兵,郎幼玉:轻骑兵x1474 | 于露:骁骑兵x1012 | 武宾:骁骑兵x1047 | 臧真:轻骑兵x1446,6,6
2467220,1级山贼,1,7,8,"一些资源,",41,128,1031,1,步兵,乔雯:民兵x138,6,6
2469486,6级山贼,6,7,9,"大量资源,一些宝物,",344,859,4097;4097,3,步兵;骑兵,徐双:铁骑兵x568 | 谷通北:铁骑兵x551 | 卞常凝:轻步兵x904,6,6
2467973,5级山贼,5,7,11,"很多资源,",290,741,,2,步兵;骑兵,公良识婕:铁骑兵x337 | 厉惜晴:轻步兵x503,6,6
2463078,9级山贼,9,7,12,"大批资源,有宝箱,",1487,4092,,4,战车;骑兵,后荫方:投石车x1291 | 文杉龙:骁骑兵x1094 | 易能:重弩车x478 | 宗嫒:重弩车x507,6,12
2469499,4级山贼,4,7,14,"很多资源,",160,473,,2,步兵,孟璐:近卫兵x381 | 查颜:民兵x1190,6,12
2465890,4级山贼,4,7,15,"很多资源,",173,438,,2,步兵,邴朝宇:民兵x1201 | 石亦:近卫兵x404,6,12
2464783,1级山贼,1,7,16,"一些资源,",42,115,,1,步兵,向卫邈:民兵x143,6,12
2467307,6级山贼,6,7,17,"大量资源,",395,805,1059,3,弓弩;步兵,毋朔:轻步兵x845 | 甄儿:轻步兵x934 | 黎恩广:强弩兵x1216,6,12
2468206,9级山贼,9,7,25,"大批资源,有宝箱,",1494,4239,1074,4,战车;骑兵,束晴婕:投石车x1391 | 别昌气:轻骑兵x1726 | 谷桢许:骁骑兵x1003 | 湛青萌:轻骑兵x1590,6,24
2463768,10级山贼,10,7,26,"大批资源,有宝箱,一些宝物,",1839,5272,1084;3074,5,弓弩;战车;骑兵,巩寒:重弩车x799 | 裴晗:弩骑兵x1906 | 鄂汉凡:骁骑兵x1652 | 印许懋:重弩车x821 | 宗政壤:骁骑兵x1969,6,24
2465900,1级山贼,1,7,27,"一些资源,",49,117,1029,1,步兵,臧皓曦:民兵x158,6,24
2468821,10级山贼,10,7,30,"大批资源,有宝箱,",2077,5310,1076,5,弓弩;战车;骑兵,后新:骁骑兵x1774 | 吕松潍:投石车x1999 | 花丰:投石车x2096 | 咸真珍:弩骑兵x1894 | 靳栋:弩骑兵x2000,6,30
2465265,1级山贼,1,7,31,"一些资源,",53,102,1030,1,步兵,邹炫:民兵x153,6,30
2465591,5级山贼,5,7,33,"很多资源,",251,672,,2,步兵;骑兵,西门冬:轻步兵x503 | 陶作凯:铁骑兵x313,6,30
2467954,3级山贼,3,7,34,"许多资源,",155,356,1042,1,步兵,安资悟:民兵x858,6,30
2466184,1级山贼,1,7,35,"一些资源,",52,103,1034,1,步兵,莫吉:民兵x156,6,30
2466214,3级山贼,3,7,37,"许多资源,",157,386,,1,步兵,尹鸾:民兵x858,6,36
2465763,9级山贼,9,7,38,"大批资源,有宝箱,",1727,4012,1793;1074,4,战车;骑兵,季笑觅:骁骑兵x931 | 洪才筠:投石车x1342 | 申兰:轻骑兵x1665 | 姜武悦:轻骑兵x1507,6,36
2469584,5级山贼,5,7,39,"大量资源,",251,716,,2,骑兵,饶美:铁骑兵x375 | 雍新:铁骑兵x373,6,36
2468105,8级山贼,8,7,40,"大批资源,",1065,2540,,4,战车;骑兵,胡母慈悌:骁骑兵x779 | 梁丘云大:重弩车x374 | 钱奇:骁骑兵x828 | 韩颖:轻骑兵x1172,6,36
2470002,10级山贼,10,7,43,"大批资源,有宝箱,有装备,一些宝物,",1968,4740,1084,5,弓弩;骑兵,施莫:骁骑兵x1727 | 怀江颂:弩骑兵x2120 | 幸岚姮:骁骑兵x1701 | 宓彤:弩骑兵x2119 | 卫懿:骁骑兵x1701,6,42
2464813,10级山贼,10,7,44,"大批资源,有宝箱,有装备,一些宝物,",1834,4686,1084;1081,5,战车;骑兵,漆雕朝:弩车x206 | 葛豇:重弩车x720 | 宁敏:投石车x2046 | 常双:骁骑兵x1845 | 祝伟:重弩车x807,6,42
2464824,10级山贼,10,7,45,"大批资源,有宝箱,一些宝物,",1804,4985,1084;1084;1080,5,弓弩;战车;骑兵,璩翼伟:弩骑兵x1809 | 范硕玉:弩骑兵x2005 | 耿闻开:弩骑兵x2080 | 陶露:重弩车x696 | 胡母涉赋:骁骑兵x1725,6,42
2467593,6级山贼,6,7,47,"大量资源,一些宝物,",389,853,1059,3,弓弩;骑兵,蒙灵全:强弩兵x1257 | 万翼:弓兵x399 | 卜驹子:铁骑兵x602,6,42
2466681,1级山贼,1,7,48,"一些资源,",51,137,,1,步兵,梅晗:民兵x143,6,48
2467674,3级山贼,3,7,50,"许多资源,",158,376,1036,1,步兵,谷化:民兵x899,6,48
2465150,6级山贼,6,7,52,"大量资源,有宝箱,",347,953,1059,3,弓弩;步兵;骑兵,干馨捷:强弩兵x1215 | 党精:轻步兵x805 | 梁卿巧:铁骑兵x553,6,48
2466051,5级山贼,5,7,53,"大量资源,",298,650,,2,弓弩;骑兵,须黛:强弩兵x781 | 殴懋:铁骑兵x374,6,48
2464123,9级山贼,9,7,54,"大批资源,一些宝物,",1429,4172,3073;1074,4,战车;骑兵,郏禧:轻骑兵x1716 | 邴敏:轻骑兵x1643 | 濮朔:投石车x1398 | 柳芮:投石车x1317,6,54
2466313,2级山贼,2,7,55,"许多资源,",80,233,,1,步兵,东方尚:民兵x306,6,54
2463009,1级山贼,1,8,0,"一些资源,",59,130,1034,1,步兵,束用澹:民兵x146,6,0
2464436,10级山贼,10,8,1,"大批资源,有宝箱,",1938,5333,1084;1793;1083,5,战车;骑兵,师冰:重弩车x782 | 贝奕:骁骑兵x1719 | 花全峯:骁骑兵x1779 | 余娴:骁骑兵x1791 | 贲游:重弩车x803,6,0
2465440,10级山贼,10,8,6,"大批资源,有宝箱,有装备,",1815,4904,,5,弓弩;战车;骑兵,季春:投石车x2090 | 芮化舟:投石车x2130 | 段盛淼:骁骑兵x1970 | 蓝弘郎:弩骑兵x1864 | 慕容如绿:弩骑兵x1856,6,6
2469104,3级山贼,3,8,9,"很多资源,",149,367,,1,步兵,薄华:民兵x819,6,6
2467905,5级山贼,5,8,10,"很多资源,",299,622,,2,弓弩,巫周:强弩兵x752 | 惠舒:强弩兵x786,6,6
2467945,9级山贼,9,8,13,"大批资源,有宝箱,有装备,一些宝物,",1739,4136,29441,4,战车;骑兵,岑能:骁骑兵x1087 | 别雨禧:重弩车x526 | 东冷:轻骑兵x1504 | 乌水:重弩车x473,6,12
2463128,1级山贼,1,8,14,"一些资源,",55,131,,1,步兵,索斯空:民兵x160,6,12
2463513,3级山贼,3,8,24,"许多资源,",150,334,,1,步兵,漆雕彩:民兵x798,6,24
2469095,5级山贼,5,8,25,"大量资源,",265,757,,2,弓弩,巩昂茵:强弩兵x794 | 索析:弓兵x201,6,24
2465857,5级山贼,5,8,26,"很多资源,有装备,",280,614,1054,2,弓弩;骑兵,充越宜:铁骑兵x358 | 令狐析:强弩兵x879,6,24
2466252,1级山贼,1,8,31,"一些资源,",59,118,1032,1,步兵,嵇璞苍:民兵x148,6,30
2465990,10级山贼,10,8,32,"大批资源,有宝箱,一些宝物,",2198,5305,1084;3073,5,战车;骑兵,终全:投石车x2141 | 农云:弩车x240 | 尉迟绪莹:投石车x2126 | 傅松:骁骑兵x1807 | 宫柳今:骁骑兵x1724,6,30
2469147,6级山贼,6,8,36,"大量资源,有宝箱,一些宝物,",379,947,1059,3,弓弩;步兵,路靖卉:轻步兵x939 | 逄大珠:强弩兵x1129 | 巫马黎赋:强弩兵x1181,6,36
2469858,6级山贼,6,8,37,"大量资源,有宝箱,有装备,一些宝物,",324,803,4097,3,弓弩;骑兵,俞昂京:铁骑兵x616 | 乐正鹂桂:强弩兵x1227 | 农禹洁:铁骑兵x630,6,36
2469138,3级山贼,3,8,38,"许多资源,",156,361,1044,1,步兵,羊莹婕:民兵x860,6,36
2466971,4级山贼,4,8,43,"很多资源,",170,412,,2,步兵,常鸿:近卫兵x405 | 郑彦:近卫兵x406,6,42
2467175,1级山贼,1,8,44,"一些资源,",47,122,1034,1,步兵,薛霁畅:民兵x157,6,42
2468544,3级山贼,3,8,50,"很多资源,",140,371,,1,步兵,居男:民兵x870,6,48
2463862,6级山贼,6,9,0,"大量资源,有宝箱,",301,999,,3,步兵;骑兵,翟彤:铁骑兵x570 | 裴辰:铁骑兵x636 | 裴存朝:轻步兵x884,9,0
2468894,7级山贼,7,9,2,"大批资源,",622,1468,1064,3,弓弩;步兵,霍阳:轻步兵x1210 | 卫儿晔:强弩兵x1695 | 吕旷熙:轻步兵x1209,9,0
2467238,4级山贼,4,9,3,"很多资源,",162,403,,2,步兵,艾鸿:近卫兵x350 | 訾江彭:近卫兵x388,9,0
2469557,7级山贼,7,9,4,"大批资源,",518,1431,,3,骑兵,吴临:铁骑兵x843 | 项霁:铁骑兵x775 | 滑茗:铁骑兵x852,9,0
2465726,1级山贼,1,9,5,"一些资源,",54,112,,1,步兵,韶寄:民兵x145,9,0
2468175,4级山贼,4,9,6,"很多资源,",176,462,1049,2,步兵,惠理:民兵x1163 | 堵仙玥:民兵x1222,9,6
2464632,6级山贼,6,9,7,"大量资源,",357,948,,3,弓弩;骑兵,熊悦:强弩兵x1037 | 薄爽:铁骑兵x560 | 萧冰:强弩兵x1146,9,6
2463701,2级山贼,2,9,8,"许多资源,",95,238,1039,1,步兵,伍峥:民兵x273,9,6
2463964,5级山贼,5,9,9,"很多资源,",268,640,,2,弓弩;骑兵,顾涆倪:铁骑兵x351 | 翁简:强弩兵x729,9,6
2463001,8级山贼,8,9,11,"大批资源,",1066,2344,1069;1069,4,战车;骑兵,支祖长:轻骑兵x1257 | 颜洽柏:骁骑兵x719 | 伍和:投石车x1038 | 暴水拓:投石车x1068,9,6
2464740,2级山贼,2,9,12,"许多资源,",93,283,1039,1,步兵,刘蕾:民兵x317,9,12
2468153,8级山贼,8,9,13,"大批资源,",983,2427,1069,4,战车;骑兵,林孟漫:骁骑兵x784 | 咸桢豇:重弩车x371 | 闵迎珺:骁骑兵x730 | 池书:骁骑兵x790,9,12
2466460,6级山贼,6,9,15,"大量资源,",391,970,1059,3,弓弩;步兵;骑兵,谈涆:强弩兵x1267 | 漆雕飙山:铁骑兵x551 | 皇甫夏芷:轻步兵x793,9,12
2466153,2级山贼,2,9,17,"许多资源,",88,244,1039,1,步兵,詹碧:民兵x312,9,12
2466764,5级山贼,5,9,18,"很多资源,有宝箱,",295,691,13569,2,弓弩,尹童怡:弓兵x207 | 乔忆莫:强弩兵x763,12,18
2468607,1级山贼,1,9,20,"一些资源,",42,128,,1,步兵,乜诗:民兵x154,12,18
2463528,10级山贼,10,9,22,"大批资源,有宝箱,一些宝物,",2098,5093,1793;3073,5,弓弩;战车;骑兵,洪潇作:骁骑兵x1650 | 和君:弩车x245 | 上官适骥:重弩车x707 | 寇鸥偲:骁骑兵x1862 | 壤驷温知:弩骑兵x1948,12,18
2464610,9级山贼,9,9,24,"大批资源,有宝箱,",1509,4149,,4,战车;骑兵,阚业兆:重弩车x530 | 习锵:骁骑兵x914 | 蒲业芮:骁骑兵x969 | 亓官河楠:骁骑兵x991,9,24
2463392,7级山贼,7,9,27,"大批资源,有宝箱,",561,1669,1064,3,步兵;骑兵,胥春凝:轻步兵x1205 | 翟珠:铁骑兵x820 | 夏旻阳:铁骑兵x803,9,24
2465175,8级山贼,8,9,28,"大批资源,",1021,2498,,4,战车;骑兵,汲懋:骁骑兵x754 | 饶福:骁骑兵x830 | 微生彦采:重弩车x331 | 曾雯:轻骑兵x1138,9,24
2466106,1级山贼,1,9,29,"一些资源,有装备,",52,122,,1,步兵,甘冷:民兵x157,9,24
2467108,3级山贼,3,9,31,"许多资源,",145,323,,1,步兵,柯冉:民兵x788,9,30
2469187,2级山贼,2,9,33,"许多资源,",90,216,1039,1,步兵,郝芸:民兵x288,9,30
2469299,3级山贼,3,9,34,"许多资源,",148,313,,1,步兵,程泰永:民兵x795,9,30
2465424,4级山贼,4,9,40,"很多资源,",153,417,,2,步兵,郗铃:重步兵x500 | 莫旋:近卫兵x360,9,36
2463690,5级山贼,5,9,41,"很多资源,",274,720,,2,弓弩;步兵,宣唱:强弩兵x797 | 冀霁果:轻步兵x463,9,36
2468352,3级山贼,3,9,43,"很多资源,",143,350,,1,步兵,束溪昂:民兵x789,9,42
2469199,10级山贼,10,9,45,"大批资源,有宝箱,一些宝物,",1933,4761,1084,5,弓弩;骑兵,居书:弩骑兵x2027 | 柴合:弩骑兵x2184 | 葛睿:骁骑兵x1930 | 乐正濯:骁骑兵x1715 | 弘吉墨:骁骑兵x1880,9,42
2469661,8级山贼,8,9,49,"大批资源,",944,2585,,4,战车;骑兵,韶游:重弩车x334 | 支然:投石车x934 | 戎允通:轻骑兵x1241 | 上官武泰:骁骑兵x791,9,48
2466087,6级山贼,6,9,51,"大量资源,",399,931,1059,3,弓弩;骑兵,令狐悦阵:强弩兵x1200 | 奚蓝:铁骑兵x581 | 柴武齐:铁骑兵x579,9,48
2468905,1级山贼,1,9,52,"一些资源,",42,119,,1,步兵,卫怡:民兵x164,9,48
2469301,6级山贼,6,9,53,"大量资源,",363,902,,3,步兵;骑兵,越洧鸥:铁骑兵x649 | 晏孟昌:铁骑兵x560 | 储叡识:轻步兵x823,9,48
2466799,8级山贼,8,9,55,"大批资源,",1010,2565,1069,4,战车;骑兵,伊果化:骁骑兵x688 | 靳竹兰:轻骑兵x1257 | 融蕾月:投石车x920 | 程宁:骁骑兵x741,9,54
2468758,6级山贼,6,10,0,"大量资源,有装备,",351,918,1059,3,弓弩;骑兵,黎童楠:铁骑兵x653 | 酆柳:铁骑兵x631 | 沙希:弓兵x372,9,0
2463662,6级山贼,6,10,1,"大量资源,一些宝物,",349,838,1059,3,弓弩;步兵,万欣纳:弓兵x397 | 韦荫逸:强弩兵x1292 | 庄烨:轻步兵x826,9,0
2463265,8级山贼,8,10,2,"大批资源,一些宝物,",1026,2489,,4,战车;骑兵,颜丰姮:骁骑兵x728 | 邴单:骁骑兵x777 | 卜涛:重弩车x321 | 韦真:投石车x1077,9,0
2464245,1级山贼,1,10,3,"一些资源,",40,148,,1,步兵,夏魁:民兵x157,9,0
2466768,7级山贼,7,10,5,"大批资源,有装备,",501,1477,,3,弓弩;骑兵,陆颜:铁骑兵x808 | 陈本:强弩兵x1525 | 巫马心:强弩兵x1765,9,0
2468350,10级山贼,10,10,7,"大批资源,一些宝物,",1861,5068,1084,5,弓弩;战车;骑兵,令狐栩玥:投石车x1809 | 房籁:弩骑兵x2131 | 满行:弩车x237 | 阮江:骁骑兵x1711 | 秦颖:骁骑兵x1610,9,6
2465122,1级山贼,1,10,8,"一些资源,",45,106,,1,步兵,陆潍:民兵x157,9,6
2465382,2级山贼,2,10,9,"许多资源,",90,299,,1,步兵,万用:民兵x316,9,6
2468239,4级山贼,4,10,10,"很多资源,",178,402,,2,步兵,昌擎祖:近卫兵x417 | 徐忠:重步兵x504,9,6
2468013,8级山贼,8,10,11,"大批资源,有宝箱,",1059,2627,,4,战车;骑兵,伊我若:骁骑兵x759 | 宓颀霁:投石车x967 | 聂霁义:骁骑兵x759 | 蔚冷:骁骑兵x790,9,6
2463066,4级山贼,4,10,12,"很多资源,",178,474,,2,步兵,董群:近卫兵x360 | 宗政懋颜:近卫兵x417,9,12
2465011,5级山贼,5,10,14,"很多资源,",296,697,,2,弓弩;步兵,应楠:弓兵x213 | 钮琛寰:轻步兵x546,9,12
2469495,8级山贼,8,10,15,"大批资源,",984,2353,,4,战车;骑兵,仇蔚曦:重弩车x376 | 淳于嗣语:投石车x1011 | 易晋煊:骁骑兵x776 | 干祈:投石车x996,9,12
2468489,4级山贼,4,10,17,"很多资源,",163,473,,2,步兵,吕析男:民兵x1147 | 秋颖:重步兵x506,9,12
2465973,7级山贼,7,10,18,"大批资源,有宝箱,",500,1667,,3,弓弩;骑兵,李皓:弓兵x593 | 璩邪:铁骑兵x865 | 干焕澜:强弩兵x1643,12,18
2465865,6级山贼,6,10,21,"大量资源,有装备,一些宝物,",346,975,,3,弓弩;步兵;骑兵,昝心邃:铁骑兵x643 | 能卉:轻步兵x896 | 丰旋:强弩兵x1044,12,18
2466645,6级山贼,6,10,25,"大量资源,有装备,",326,845,,3,步兵,壤驷双慈:轻步兵x810 | 侯若:轻步兵x932 | 冯含凡:轻步兵x906,9,24
2468044,4级山贼,4,10,27,"很多资源,",172,473,,2,步兵,单经翼:民兵x1102 | 那昶蕴:民兵x1213,9,24
2464518,5级山贼,5,10,28,"很多资源,有装备,",273,735,16778753,2,步兵;骑兵,车正实竹:铁骑兵x377 | 柏逸丽:轻步兵x500,9,24
2465388,1级山贼,1,10,30,"一些资源,",51,109,,1,步兵,巴定:民兵x137,9,30
2466001,3级山贼,3,10,31,"很多资源,",158,392,,1,步兵,纪江:民兵x820,9,30
2465297,6级山贼,6,10,32,"大量资源,",395,868,1059,3,弓弩;步兵,时烟希:轻步兵x782 | 仰瑞:弓兵x399 | 杜爽智:轻步兵x906,9,30
2463388,1级山贼,1,10,34,"一些资源,有装备,",60,143,16777217,1,步兵,隗奕知:民兵x135,9,30
2469294,9级山贼,9,10,35,"大批资源,有宝箱,",1511,4056,1074,4,战车;骑兵,翁碧:投石车x1347 | 窦大:投石车x1337 | 常歌丹:轻骑兵x1774 | 荆童:骁骑兵x988,9,30
2467265,2级山贼,2,10,37,"许多资源,有装备,",83,238,,1,步兵,桂兆:民兵x274,9,36
2469567,3级山贼,3,10,38,"许多资源,",145,325,1044,1,步兵,虞绿:民兵x864,9,36
2467860,8级山贼,8,10,39,"大批资源,",1068,2255,1069,4,战车;骑兵,卓能:重弩车x365 | 路烨:投石车x990 | 殳骥:轻骑兵x1145 | 童尚澜:骁骑兵x810,9,36
2469171,3级山贼,3,10,40,"很多资源,",159,389,,1,步兵,杨悦:民兵x811,9,36
2465221,1级山贼,1,10,42,"一些资源,",41,131,,1,步兵,终桂:民兵x146,9,42
2468903,6级山贼,6,10,43,"大量资源,一些宝物,",362,864,4097;1059,3,弓弩;骑兵,糜觅澜:强弩兵x1271 | 姚南:铁骑兵x625 | 郏风陆:铁骑兵x593,9,42
2466753,10级山贼,10,10,44,"大批资源,有宝箱,一些宝物,",2185,5228,1084;29441,5,弓弩;战车;骑兵,俞林:弩骑兵x1919 | 成晓:投石车x1941 | 柏醉:骁骑兵x1633 | 巩德羽:骁骑兵x1878 | 荆悌铃:骁骑兵x1787,9,42
2463379,5级山贼,5,10,47,"很多资源,",265,735,,2,骑兵,危慈叡:铁骑兵x362 | 浦珠:铁骑兵x375,9,42
2465920,1级山贼,1,10,49,"一些资源,",50,133,1034,1,步兵,贲敏:民兵x137,9,48
2469264,3级山贼,3,10,50,"很多资源,",158,392,,1,步兵,丛丝栩:民兵x843,9,48
2465277,1级山贼,1,10,51,"一些资源,",54,143,,1,步兵,蒙靖美:民兵x150,9,48
2463384,1级山贼,1,10,52,"一些资源,",42,126,,1,步兵,明瑾铃:民兵x143,9,48
2468525,10级山贼,10,10,54,"大批资源,有宝箱,一些宝物,",2034,4960,,5,弓弩;战车;骑兵,赵音祈:骁骑兵x1867 | 广颜:投石车x2025 | 储听泽:弩骑兵x2116 | 蔺和军:弩骑兵x1921 | 申屠薄:骁骑兵x1879,9,54
2464469,9级山贼,9,10,55,"大批资源,有宝箱,",1496,3763,,4,战车;骑兵,子车玮豇:轻骑兵x1653 | 包嫒翠:轻骑兵x1485 | 索秀:骁骑兵x907 | 黎悟:投石车x1328,9,54
2465268,1级山贼,1,11,0,"一些资源,",52,146,,1,步兵,松桢:民兵x145,9,0
2464769,7级山贼,7,11,1,"大批资源,",599,1443,1064,3,弓弩;步兵;骑兵,宗正萱懋:轻步兵x1293 | 庄禧载:强弩兵x1780 | 冀静珺:铁骑兵x856,9,0
2465827,4级山贼,4,11,2,"很多资源,有宝箱,",156,441,13569,2,步兵,钱玮谋:重步兵x479 | 养火为:近卫兵x388,9,0
2465607,6级山贼,6,11,3,"大量资源,",314,969,,3,弓弩;步兵,苗唱:轻步兵x901 | 包宜寿:强弩兵x1277 | 嵇泽:强弩兵x1157,9,0
2467114,9级山贼,9,11,6,"大批资源,有宝箱,一些宝物,",1739,4278,,4,战车;骑兵,常军:投石车x1360 | 薄闰苑:投石车x1304 | 陶勇:骁骑兵x1031 | 弘朝晋:重弩车x460,9,6
2463465,9级山贼,9,11,7,"大批资源,",1793,4205,,4,战车;骑兵,充怡:投石车x1360 | 喻霁洁:投石车x1389 | 危望如:投石车x1292 | 淳于勤:骁骑兵x1073,9,6
2467353,5级山贼,5,11,13,"大量资源,",278,771,,2,弓弩;步兵,蒲露:轻步兵x475 | 曾和敏:弓兵x207,9,12
2464217,4级山贼,4,11,14,"很多资源,",156,465,,2,步兵,孔航:重步兵x484 | 万美:重步兵x538,9,12
2463228,5级山贼,5,11,15,"很多资源,有宝箱,",283,626,13569,2,步兵;骑兵,车洁闻:轻步兵x513 | 荆烁芬:铁骑兵x364,9,12
2465560,8级山贼,8,11,19,"大批资源,一些宝物,",952,2722,1069,4,战车;骑兵,郗昀琛:轻骑兵x1117 | 甄双可:投石车x980 | 皇甫萌绪:轻骑兵x1121 | 微生黎莹:骁骑兵x769,12,18
2466663,6级山贼,6,11,20,"大量资源,有宝箱,一些宝物,",323,881,,3,弓弩;步兵;骑兵,戈蕊:轻步兵x844 | 史曼:铁骑兵x580 | 隆栩:强弩兵x1198,12,18
2463351,4级山贼,4,11,21,"很多资源,",176,486,,2,步兵,乌专日:重步兵x470 | 韶芹笛:重步兵x542,12,18
2466278,2级山贼,2,11,23,"许多资源,",94,206,,1,步兵,牛艺:民兵x283,12,18
2464389,8级山贼,8,11,24,"大批资源,",962,2637,1069,4,战车;骑兵,管宇豆:重弩车x374 | 夏化:投石车x1087 | 师杉松:轻骑兵x1221 | 甄宁:投石车x906,9,24
2465729,8级山贼,8,11,25,"大批资源,有装备,",925,2325,,4,战车;骑兵,隗童信:重弩车x367 | 宦怡:轻骑兵x1132 | 仇冰:重弩车x356 | 越星溥:轻骑兵x1236,9,24
2469885,1级山贼,1,11,26,"一些资源,",46,134,,1,步兵,季希芷:民兵x140,9,24
2467372,9级山贼,9,11,30,"大批资源,有宝箱,",1751,4272,1068,4,战车,解聪听:投石车x1250 | 瞿才:投石车x1304 | 韶珠洁:投石车x1300 | 窦北:重弩车x499,9,30
2463910,10级山贼,10,11,31,"大批资源,有宝箱,一些宝物,",2077,4649,,5,弓弩;战车;骑兵,段紫:弩车x202 | 戴梅怡:弩骑兵x2148 | 濮栩:骁骑兵x1927 | 厉英慨:弩车x201 | 嵇馨:弩骑兵x1954,9,30
2467435,9级山贼,9,11,35,"大批资源,有宝箱,有装备,一些宝物,",1634,4246,1793,4,战车;骑兵,滑清:骁骑兵x1030 | 萧鸾济:轻骑兵x1701 | 荆夜佩:重弩车x520 | 终溪骥:重弩车x480,9,30
2464662,6级山贼,6,11,36,"大量资源,有宝箱,",347,843,14849,3,步兵;骑兵,时赋:轻步兵x825 | 习乾潍:轻步兵x805 | 臧杉皓:铁骑兵x580,9,36
2468414,10级山贼,10,11,37,"大批资源,有宝箱,一些宝物,",2016,5393,1081;1793;29441,5,弓弩;战车;骑兵,时曦:弩骑兵x1875 | 成琴程:骁骑兵x1999 | 都周圆:弩车x203 | 司寇晔:弩车x219 | 车仲:骁骑兵x1908,9,36
2469205,10级山贼,10,11,38,"大批资源,有宝箱,一些宝物,",1871,4572,,5,弓弩;战车,司空存黛:投石车x1850 | 蓬曲翮:弩骑兵x1851 | 范茂尧:重弩车x776 | 昌茜蔚:弩骑兵x1818 | 滑阳怡:弩骑兵x1871,9,36
2469129,9级山贼,9,11,39,"大批资源,有宝箱,",1466,3715,,4,战车;骑兵,田辐宕:重弩车x524 | 怀生谊:轻骑兵x1639 | 别祈:轻骑兵x1548 | 咸鹂巧:轻骑兵x1783,9,36
2466857,9级山贼,9,11,45,"大批资源,有宝箱,有装备,",1473,3849,16779777,4,战车;骑兵,唐顺木:轻骑兵x1485 | 明如:骁骑兵x975 | 高瑾华:骁骑兵x1093 | 景珺鸥:投石车x1362,9,42
2465544,5级山贼,5,11,46,"很多资源,",283,755,1044,2,骑兵,鱼秀:铁骑兵x331 | 逄斯:铁骑兵x329,9,42
2463403,1级山贼,1,11,47,"一些资源,",48,127,,1,步兵,劳辰:民兵x163,9,42
2464167,6级山贼,6,12,0,"大量资源,",310,966,,3,弓弩;步兵;骑兵,金鹤捷:轻步兵x850 | 刁慕:铁骑兵x618 | 平黎寄:强弩兵x1023,12,0
2468030,3级山贼,3,12,2,"很多资源,",143,396,,1,步兵,索奇醉:民兵x815,12,0
2463287,8级山贼,8,12,3,"大批资源,有宝箱,",926,2257,1069;1061,4,战车;骑兵,钭虹大:投石车x914 | 勾睿:轻骑兵x1202 | 沙彬澄:投石车x985 | 丰霓怡:重弩车x333,12,0
2466582,9级山贼,9,12,4,"大批资源,",1643,4018,1074,4,骑兵,卢颖今:骁骑兵x939 | 明河曾:轻骑兵x1800 | 韦玥洽:骁骑兵x933 | 堵濯伯:轻骑兵x1460,12,0
2466295,1级山贼,1,12,5,"一些资源,",41,114,,1,步兵,尤悦:民兵x165,12,0
2467766,7级山贼,7,12,6,"大批资源,有宝箱,",625,1427,,3,弓弩;步兵;骑兵,宫许江:铁骑兵x802 | 郭识:轻步兵x1284 | 郑叡菲:强弩兵x1776,12,6
2469346,1级山贼,1,12,7,"一些资源,",50,143,,1,步兵,尚淑:民兵x163,12,6
2465861,3级山贼,3,12,8,"许多资源,",148,363,,1,步兵,蔺实旭:民兵x890,12,6
2467634,10级山贼,10,12,9,"大批资源,有宝箱,",2110,5411,,5,战车;骑兵,胡母才圆:骁骑兵x1874 | 钭童:弩车x204 | 公良瑶:骁骑兵x1799 | 慕容雯彤:骁骑兵x1791 | 巩今:投石车x2010,12,6
2463611,10级山贼,10,12,10,"大批资源,有宝箱,",2196,4685,1793,5,弓弩;战车,丛芮:弩骑兵x2195 | 濮珍:投石车x2052 | 殷萱听:弩骑兵x2048 | 山潇:重弩车x788 | 莫澜:重弩车x695,12,6
2466569,10级山贼,10,12,11,"大批资源,有宝箱,",2051,5119,,5,弓弩;骑兵,冀阵:弩骑兵x2144 | 居巍:弩骑兵x2193 | 文鲲萌:骁骑兵x1830 | 昝莫:弩骑兵x1973 | 章柳昂:骁骑兵x1625,12,6
2469033,8级山贼,8,12,12,"大批资源,",902,2605,,4,骑兵,申琛:轻骑兵x1134 | 胥倩:轻骑兵x1295 | 秦石潍:骁骑兵x725 | 后我:骁骑兵x729,12,12
2467383,8级山贼,8,12,13,"大批资源,",1004,2642,1069,4,战车;骑兵,穆益河:投石车x965 | 农琪:重弩车x361 | 寇然:骁骑兵x780 | 郦浩硕:投石车x992,12,12
2468139,3级山贼,3,12,14,"许多资源,",157,388,,1,步兵,穆彦:民兵x817,12,12
2467217,10级山贼,10,12,15,"大批资源,有宝箱,一些宝物,",2191,5137,29441;3074,5,战车;骑兵,徐倩:重弩车x684 | 咸蓝:骁骑兵x1968 | 水瑾沁:骁骑兵x1615 | 谢秀:骁骑兵x1993 | 席亦雨:重弩车x698,12,12
2465992,9级山贼,9,12,16,"大批资源,",1401,4080,,4,战车;骑兵,简栩:投石车x1235 | 魏心:骁骑兵x1069 | 窦霁蝶:骁骑兵x924 | 杭沁:骁骑兵x933,12,12
2465205,4级山贼,4,12,25,"很多资源,",171,434,1045,2,步兵,宦俊溥:重步兵x537 | 邱弘:近卫兵x408,12,24
2466921,10级山贼,10,12,26,"大批资源,有装备,一些宝物,",1864,5205,,5,弓弩;战车,卫邦:弩车x213 | 桂彤凡:重弩车x770 | 融蝶瑞:弩骑兵x1926 | 蒋长林:弩车x254 | 祝苍仲:弩骑兵x1918,12,24
2466575,5级山贼,5,12,28,"很多资源,",251,602,,2,骑兵,巩懋:铁骑兵x343 | 西门邪:铁骑兵x368,12,24
2469662,3级山贼,3,12,30,"许多资源,",142,368,,1,步兵,范竹赡:民兵x850,12,30
2469246,9级山贼,9,12,31,"大批资源,有宝箱,一些宝物,",1676,3973,1793,4,战车;骑兵,陆定无:投石车x1367 | 皮民:重弩车x484 | 祖曦均:骁骑兵x1010 | 曲辰冉:投石车x1351,12,30
2464032,7级山贼,7,12,32,"大批资源,",660,1510,,3,弓弩,郭溪:强弩兵x1479 | 施谊鸾:弓兵x519 | 盛萱昶:弓兵x546,12,30
2469320,6级山贼,6,12,33,"大量资源,有宝箱,有装备,",342,917,14849;16779009,3,弓弩;骑兵,邴月:强弩兵x1033 | 路奕:铁骑兵x565 | 戚月凌:强弩兵x1296,12,30
2467875,9级山贼,9,12,34,"大批资源,有装备,一些宝物,",1746,4088,,4,战车;骑兵,养颖:骁骑兵x1003 | 殴复:重弩车x491 | 仲长旻:投石车x1292 | 夏荫丹:重弩车x474,12,30
2466172,10级山贼,10,12,35,"大批资源,有宝箱,有装备,一些宝物,",2144,5479,16788225,5,弓弩;战车,宰采莫:弩骑兵x1982 | 滕简烁:重弩车x825 | 苗行:重弩车x682 | 羿气:弩骑兵x1812 | 逄瑾绿:投石车x2054,12,30
2465276,9级山贼,9,12,36,"大批资源,有宝箱,",1593,4293,1074,4,战车;骑兵,龙淼敏:投石车x1302 | 孙和淼:骁骑兵x1062 | 郑忍:骁骑兵x1034 | 薄希信:投石车x1224,12,36
2466242,8级山贼,8,12,37,"大批资源,",1067,2340,1069,4,战车;骑兵,和鸿:重弩车x355 | 别巧:重弩车x362 | 彭寄奕:骁骑兵x716 | 申小识:投石车x1070,12,36
2464924,6级山贼,6,12,38,"大量资源,",329,972,,3,弓弩;步兵;骑兵,艾鸥:轻步兵x925 | 薄慕敏:弓兵x350 | 和月晓:铁骑兵x541,12,36
2464746,5级山贼,5,12,40,"很多资源,有装备,",263,685,1054,2,弓弩,万大薄:强弩兵x850 | 巴颀:强弩兵x818,12,36
2466897,7级山贼,7,12,41,"大批资源,",665,1466,1064,3,弓弩;步兵;骑兵,向爽向:轻步兵x1156 | 乐正小紫:强弩兵x1787 | 余新季:铁骑兵x798,12,36
2468056,5级山贼,5,12,42,"很多资源,",266,623,,2,弓弩;骑兵,甘顺:铁骑兵x315 | 须静:强弩兵x799,12,42
2465347,9级山贼,9,12,43,"大批资源,有宝箱,一些宝物,",1724,3949,29441;1074,4,战车;骑兵,邬嫒:骁骑兵x911 | 樊翊霁:投石车x1294 | 寇英:骁骑兵x938 | 隗念燕:投石车x1351,12,42
2464516,5级山贼,5,12,44,"很多资源,",291,744,,2,弓弩;步兵,伊娴馨:轻步兵x518 | 荣含笑:强弩兵x852,12,42
2466265,7级山贼,7,12,46,"大批资源,",644,1554,,3,弓弩,单礼:强弩兵x1685 | 司马音年:弓兵x556 | 姬勋璧:强弩兵x1733,12,42
2465844,6级山贼,6,12,47,"大量资源,",310,897,,3,弓弩;步兵;骑兵,边晖:铁骑兵x659 | 邓诗存:强弩兵x1224 | 伏怡:轻步兵x787,12,42
2463355,8级山贼,8,12,52,"大批资源,有装备,",977,2702,,4,战车;骑兵,轩辕真:重弩车x373 | 甘忍骥:重弩车x359 | 弘方雪:骁骑兵x810 | 微生游:骁骑兵x741,12,48
2469196,1级山贼,1,12,53,"一些资源,",55,140,,1,步兵,鄂津临:民兵x144,12,48
2469554,7级山贼,7,13,0,"大批资源,有宝箱,",574,1516,,3,弓弩;步兵;骑兵,屠清:铁骑兵x806 | 宇文桃小:强弩兵x1483 | 武群:轻步兵x1281,12,0
2467576,5级山贼,5,13,1,"很多资源,有宝箱,",288,750,,2,弓弩;骑兵,孔雁霓:铁骑兵x351 | 荀忆凡:强弩兵x839,12,0
2467169,4级山贼,4,13,2,"很多资源,",157,458,,2,步兵,焦豇:重步兵x550 | 暴欣濯:近卫兵x378,12,0
2469005,6级山贼,6,13,3,"大量资源,",368,964,1059;1059,3,步兵;骑兵,昌常绍:轻步兵x902 | 朱绍:轻步兵x912 | 郝珍:铁骑兵x623,12,0
2469498,8级山贼,8,13,5,"大批资源,有宝箱,有装备,",994,2683,,4,战车;骑兵,荆惜淼:骁骑兵x762 | 蓬寻:投石车x916 | 骆月:投石车x940 | 濮瑾:骁骑兵x740,12,0
2463206,8级山贼,8,13,6,"大批资源,有装备,",1020,2358,1069;16790273,4,战车;骑兵,庄路松:骁骑兵x719 | 吴泉璧:投石车x1072 | 单于迈:骁骑兵x750 | 孙柏:骁骑兵x684,12,6
2464263,5级山贼,5,13,7,"很多资源,",254,667,1054,2,步兵,薛单:轻步兵x546 | 浦桂:轻步兵x515,12,6
2469242,8级山贼,8,13,11,"大批资源,",903,2577,1069,4,战车;骑兵,皇甫瑞:重弩车x339 | 嵇桃容:骁骑兵x680 | 缪绍:骁骑兵x696 | 何豆:投石车x932,12,6
2468182,9级山贼,9,13,13,"大批资源,一些宝物,",1431,4153,,2,战车;骑兵,习昶:投石车x1312 | 亓官杉:轻骑兵x1577,12,12
2468590,5级山贼,5,13,15,"很多资源,有装备,",256,680,,2,弓弩,荆然:强弩兵x793 | 广煦骥:强弩兵x811,12,12
2467450,7级山贼,7,13,16,"大批资源,",530,1696,,3,弓弩;步兵;骑兵,尉迟冉濯:铁骑兵x774 | 师郁:轻步兵x1140 | 段雅怜:强弩兵x1712,12,12
2467407,4级山贼,4,13,17,"很多资源,",164,456,,2,步兵,丁玥朔:近卫兵x405 | 伊小蕊:重步兵x491,12,12
2469776,7级山贼,7,13,24,"大批资源,有宝箱,",685,1630,1064,3,弓弩;步兵;骑兵,姬跃家:铁骑兵x896 | 后溪紫:强弩兵x1564 | 经人:轻步兵x1246,12,24
2467481,4级山贼,4,13,25,"很多资源,",154,401,1049,2,步兵,扈皓辰:重步兵x484 | 蔚烁:近卫兵x378,12,24
2468187,3级山贼,3,13,26,"许多资源,",145,315,,1,步兵,阙谙禧:民兵x899,12,24
2467642,2级山贼,2,13,29,"许多资源,",87,245,,1,步兵,滑涉:民兵x298,12,24
2463488,10级山贼,10,13,32,"大批资源,有宝箱,",2017,4630,1793;1083,5,弓弩;战车;骑兵,丁绪琛:弩骑兵x1958 | 惠滨群:弩车x209 | 慎醉:骁骑兵x1664 | 羊桢觅:投石车x1961 | 黎琢映:弩骑兵x2053,12,30
2466198,7级山贼,7,13,34,"大批资源,有宝箱,",700,1571,1064,3,弓弩;骑兵,巴彤超:强弩兵x1472 | 敖鹤:弓兵x538 | 杜赋:铁骑兵x838,12,30
2463918,9级山贼,9,13,35,"大批资源,有宝箱,一些宝物,",1439,4292,1074;1074,4,战车;骑兵,公西福:轻骑兵x1621 | 浦虹卉:投石车x1215 | 程家:重弩车x505 | 夏浚勇:重弩车x472,12,30
2463468,3级山贼,3,13,37,"许多资源,",147,318,,1,步兵,范辑郎:民兵x817,12,36
2467746,9级山贼,9,13,39,"大批资源,有宝箱,有装备,",1653,4078,1069;16787969,4,战车;骑兵,通睿畴:投石车x1393 | 邬祖:投石车x1336 | 束莹全:骁骑兵x921 | 鲁尔:轻骑兵x1746,12,36
2464227,7级山贼,7,13,42,"大批资源,",567,1652,,3,弓弩;骑兵,干闻:强弩兵x1671 | 魏长:弓兵x563 | 东音忆:铁骑兵x924,12,42
2467678,2级山贼,2,13,44,"许多资源,",89,243,,1,步兵,籍逸:民兵x325,12,42
2469587,7级山贼,7,13,46,"大批资源,有宝箱,",520,1647,13569,3,弓弩,骆雯适:弓兵x528 | 虞作:弓兵x586 | 却烟:强弩兵x1452,12,42
2465202,1级山贼,1,13,47,"一些资源,",55,134,,1,步兵,韩松慈:民兵x145,12,42
2467341,5级山贼,5,13,50,"很多资源,有装备,",281,695,,2,弓弩;骑兵,武彩海:强弩兵x777 | 宁雯:铁骑兵x342,12,48
2468667,8级山贼,8,13,51,"大批资源,",987,2447,,4,战车;骑兵,伊悌:轻骑兵x1257 | 荆开洋:重弩车x373 | 常诩:轻骑兵x1124 | 万怀:轻骑兵x1203,12,48
2464454,8级山贼,8,13,52,"大批资源,",904,2287,1069,4,战车;骑兵,夔存:骁骑兵x677 | 戎逸:投石车x1066 | 苏若:骁骑兵x810 | 蒲好莹:轻骑兵x1173,12,48
2468477,3级山贼,3,13,54,"很多资源,",151,381,,1,步兵,步群敏:民兵x881,12,54
2467775,9级山贼,9,13,55,"大批资源,有宝箱,",1411,3760,1074,4,战车;骑兵,封访:骁骑兵x1049 | 阮健潇:重弩车x523 | 芮畅理:重弩车x491 | 蔺友风:轻骑兵x1529,12,54
2467538,4级山贼,4,14,0,"很多资源,",150,448,,2,步兵,穆智:近卫兵x371 | 淳于跃峰:近卫兵x416,12,0
2468777,7级山贼,7,14,1,"大批资源,有宝箱,",531,1503,,3,步兵;骑兵,蓟祈兆:轻步兵x1277 | 瞿冰:铁骑兵x771 | 金溪:铁骑兵x778,12,0
2466657,8级山贼,8,14,8,"大批资源,",1055,2441,,4,战车;骑兵,赫连墨:轻骑兵x1255 | 管丝:投石车x1086 | 史菱珠:骁骑兵x670 | 雷冉:投石车x1058,12,6
2465291,2级山贼,2,14,9,"许多资源,",98,250,1038,1,步兵,邬旺真:民兵x283,12,6
2466065,9级山贼,9,14,11,"大批资源,有宝箱,一些宝物,",1565,4067,1074;3073,4,战车;骑兵,东初:重弩车x466 | 祝通:轻骑兵x1441 | 董懿:投石车x1397 | 储曾:轻骑兵x1583,12,6
2463999,1级山贼,1,14,12,"一些资源,",43,137,,1,步兵,樊生濮:民兵x149,12,12
2463544,8级山贼,8,14,13,"大批资源,有宝箱,",1085,2295,1069;1069,4,战车;骑兵,鄂溪志:骁骑兵x819 | 雷容:骁骑兵x810 | 越誉舟:重弩车x348 | 鞠魄:骁骑兵x683,12,12
2463208,2级山贼,2,14,14,"许多资源,",86,260,,1,步兵,濮悌禹:民兵x324,12,12
2463454,10级山贼,10,14,24,"大批资源,有宝箱,一些宝物,",2171,5126,,5,弓弩;战车;骑兵,宋娥:骁骑兵x1990 | 何懿:弩骑兵x2197 | 沙鹤然:骁骑兵x1777 | 倪祺:骁骑兵x1670 | 常问:投石车x1832,12,24
2469759,1级山贼,1,14,32,"一些资源,",55,146,1032,1,步兵,邢磊:民兵x148,12,30
2467190,6级山贼,6,14,34,"大量资源,有宝箱,",344,1000,1053;14849,3,弓弩;步兵;骑兵,贡墨芮:铁骑兵x545 | 司寇馨畅:轻步兵x862 | 敖采惬:强弩兵x1100,12,30
2468485,9级山贼,9,14,38,"大批资源,有宝箱,",1758,3936,,4,骑兵,钟敏:骁骑兵x1098 | 胡母彦凯:轻骑兵x1499 | 李禧:骁骑兵x991 | 傅量民:骁骑兵x1039,12,36
2464066,6级山贼,6,14,44,"大量资源,有装备,一些宝物,",376,906,1059;16779265,3,步兵;骑兵,养柳群:轻步兵x934 | 费茗听:轻步兵x914 | 冉祺原:铁骑兵x546,12,42
2468960,7级山贼,7,14,51,"大批资源,有宝箱,",502,1475,14849,3,弓弩;骑兵,岑时:铁骑兵x814 | 解寰竹:铁骑兵x879 | 闻采:弓兵x563,12,48
2463742,7级山贼,7,14,52,"大批资源,有宝箱,",602,1552,,3,弓弩;骑兵,计琦赫:铁骑兵x893 | 许柏大:铁骑兵x914 | 廖岑振:弓兵x589,12,48
2467482,3级山贼,3,15,0,"很多资源,有装备,",160,323,,1,步兵,殳斯:民兵x819,15,0
2465898,2级山贼,2,15,1,"许多资源,",99,216,,1,步兵,顾悌长:民兵x299,15,0
2467921,8级山贼,8,15,2,"大批资源,",1072,2545,1065;1069,4,战车;骑兵,邱元广:轻骑兵x1143 | 骆灵依:重弩车x334 | 勾凡:骁骑兵x720 | 谭慨名:骁骑兵x789,15,0
2467149,10级山贼,10,15,3,"大批资源,有宝箱,",1897,5471,1793;1084,5,弓弩;战车;骑兵,解圣磊:重弩车x795 | 尉迟泓清:重弩车x684 | 窦莫:骁骑兵x1767 | 宰舟:骁骑兵x1991 | 习晶绍:弩骑兵x1869,15,0
2463003,1级山贼,1,15,4,"一些资源,",48,132,,1,步兵,耿筠:民兵x135,15,0
2465163,4级山贼,4,15,5,"很多资源,",174,476,,2,步兵,卓宛:近卫兵x382 | 巩邪:重步兵x451,15,0
2466883,5级山贼,5,15,6,"大量资源,一些宝物,",274,742,,2,弓弩,马空铃:弓兵x212 | 鄂闻:强弩兵x871,15,6
2464276,2级山贼,2,15,7,"许多资源,",97,265,,1,步兵,薄放:民兵x272,15,6
2467229,4级山贼,4,15,8,"很多资源,",171,412,,2,步兵,郁萌鑫:民兵x1112 | 魏荫:近卫兵x362,15,6
2469244,3级山贼,3,15,9,"很多资源,有装备,",149,395,,1,步兵,宫秋叡:民兵x792,15,6
2466350,1级山贼,1,15,10,"一些资源,",60,147,,1,步兵,郦鹂邢:民兵x146,15,6
2468254,4级山贼,4,15,11,"很多资源,",166,407,1044,2,步兵,申谷石:近卫兵x416 | 谭依珊:民兵x1113,15,6
2468587,6级山贼,6,15,13,"大量资源,一些宝物,",320,930,4097,3,弓弩;骑兵,卢壤墨:铁骑兵x595 | 秦运:铁骑兵x553 | 相音卿:弓兵x383,15,12
2463684,7级山贼,7,15,14,"大批资源,有宝箱,",578,1563,13570,3,弓弩,孔鹤:强弩兵x1768 | 那颀:强弩兵x1783 | 敖音峻:强弩兵x1679,15,12
2463969,6级山贼,6,15,15,"大量资源,有宝箱,",377,995,,3,步兵;骑兵,利锦敏:铁骑兵x656 | 易晗柳:轻步兵x789 | 陆格:铁骑兵x640,15,12
2469074,4级山贼,4,15,16,"很多资源,",151,443,,2,步兵,后颀自:重步兵x459 | 明典驰:重步兵x462,15,12
2466143,9级山贼,9,15,17,"大批资源,有宝箱,",1694,3626,,4,战车;骑兵,束梅:轻骑兵x1798 | 上官彬人:重弩车x468 | 咸柏:骁骑兵x1026 | 寿好淼:轻骑兵x1669,15,12
2463836,9级山贼,9,15,19,"大批资源,",1798,4074,1074;1074,4,战车;骑兵,公良栩:投石车x1322 | 单云彩:骁骑兵x1067 | 窦析:轻骑兵x1434 | 裴擎颖:骁骑兵x929,15,18
2468976,3级山贼,3,15,21,"很多资源,",154,320,,1,步兵,毕深迎:民兵x817,15,18
2467907,2级山贼,2,15,23,"许多资源,",84,296,1039,1,步兵,隗懿:民兵x274,15,18
2469197,2级山贼,2,15,39,"许多资源,",99,238,,1,步兵,史琴皓:民兵x327,15,36
2468402,1级山贼,1,15,40,"一些资源,",56,116,1034,1,步兵,公良佑:民兵x151,15,36
2465877,3级山贼,3,15,41,"很多资源,",158,363,1044,1,步兵,乌涵冬:民兵x869,15,36
2466010,2级山贼,2,15,42,"许多资源,",94,294,,1,步兵,封拔:民兵x277,15,42
2464396,2级山贼,2,15,43,"许多资源,",86,247,,1,步兵,巫马翔:民兵x287,15,42
2466840,6级山贼,6,15,45,"大量资源,有装备,一些宝物,",349,862,16790017,3,步兵;骑兵,荆悟潇:轻步兵x907 | 岑懿豫:铁骑兵x653 | 贲柏程:轻步兵x858,15,42
2465494,5级山贼,5,15,46,"大量资源,一些宝物,",284,746,,2,弓弩,贡秀斯:强弩兵x868 | 田菱:强弩兵x792,15,42
2464971,4级山贼,4,15,50,"很多资源,",175,473,,2,步兵,薛豇:民兵x1150 | 贝宏:近卫兵x360,15,48
2469848,9级山贼,9,15,52,"大批资源,",1747,3835,1067,4,战车,司寇纳:投石车x1224 | 苗如靖:投石车x1316 | 司风:重弩车x490 | 龙水旋:投石车x1275,15,48
2466788,2级山贼,2,15,53,"许多资源,",95,219,,1,步兵,胡母智然:民兵x303,15,48
2467459,6级山贼,6,15,54,"大量资源,一些宝物,",358,800,4097,3,弓弩;步兵;骑兵,麻舒虹:强弩兵x1155 | 鞠若海:轻步兵x920 | 羿籁:铁骑兵x649,15,54
2465300,4级山贼,4,15,55,"很多资源,",162,459,,2,步兵,耿敏洁:民兵x1207 | 余真儿:民兵x1262,15,54
2463724,7级山贼,7,16,0,"大批资源,",626,1523,,3,弓弩;骑兵,上官译:强弩兵x1631 | 彭今桃:铁骑兵x852 | 蔺胜沁:铁骑兵x912,15,0
2463258,2级山贼,2,16,1,"许多资源,",83,233,,1,步兵,危志:民兵x315,15,0
2465044,10级山贼,10,16,3,"大批资源,有宝箱,一些宝物,",2151,5235,,5,战车;骑兵,董鸾:弩车x258 | 易群霁:弩车x220 | 顾锐柏:投石车x2141 | 彭菡懿:骁骑兵x1631 | 颜艾莲:弩车x228,15,0
2464651,4级山贼,4,16,4,"很多资源,",152,460,1049,2,步兵,蒲艺:近卫兵x395 | 穆谷韦:重步兵x485,15,0
2467017,7级山贼,7,16,5,"大批资源,有宝箱,",699,1405,14849,3,弓弩;骑兵,弘若唱:铁骑兵x850 | 皮喷然:强弩兵x1791 | 关广军:铁骑兵x934,15,0
2463762,1级山贼,1,16,7,"一些资源,有装备,",51,101,16777217,1,步兵,仲长音仙:民兵x148,15,6
2464027,10级山贼,10,16,8,"大批资源,有宝箱,",2048,4840,1084;1793,5,弓弩;战车;骑兵,唐明举:弩骑兵x1979 | 越淑:弩车x244 | 霍濯:骁骑兵x1805 | 储展:骁骑兵x1612 | 姜惜倩:弩骑兵x1945,15,6
2463508,3级山贼,3,16,9,"许多资源,",142,336,1044,1,步兵,仇佑:民兵x861,15,6
2464040,5级山贼,5,16,10,"大量资源,有装备,",293,793,,2,步兵;骑兵,令狐怀荷:铁骑兵x371 | 东烁旎:轻步兵x460,15,6
2468281,4级山贼,4,16,11,"很多资源,",165,473,,2,步兵,南宫幻:民兵x1217 | 寿汉煦:民兵x1130,15,6
2465153,9级山贼,9,16,14,"大批资源,有宝箱,",1494,3691,1068,4,战车;骑兵,包儿与:轻骑兵x1747 | 项蔚柔:骁骑兵x1028 | 魏奕:轻骑兵x1665 | 虞彩玮:投石车x1339,15,12
2465393,7级山贼,7,16,15,"大批资源,",608,1563,,3,弓弩;骑兵,扈谨:强弩兵x1596 | 陆帅阵:弓兵x524 | 田晋:铁骑兵x786,15,12
2469050,7级山贼,7,16,16,"大批资源,",663,1576,,3,弓弩;骑兵,单于静顺:强弩兵x1617 | 蔺单我:铁骑兵x913 | 季雨菲:强弩兵x1711,15,12
2463328,4级山贼,4,16,17,"很多资源,",170,471,,2,步兵,蔚蝶:近卫兵x414 | 梁丘好温:近卫兵x391,15,12
2466129,9级山贼,9,16,18,"大批资源,有宝箱,一些宝物,",1765,3658,,4,战车;骑兵,家懿石:投石车x1368 | 喻翠问:轻骑兵x1576 | 莘峯祈:投石车x1294 | 艾勤:轻骑兵x1533,15,18
2465174,1级山贼,1,16,19,"一些资源,",43,127,,1,步兵,凌桢玮:民兵x135,15,18
2468885,2级山贼,2,16,20,"许多资源,",91,291,,1,步兵,路群:民兵x302,15,18
2467651,4级山贼,4,16,21,"很多资源,有装备,",180,491,,2,步兵,米念:近卫兵x404 | 常宾晓:重步兵x525,15,18
2464996,8级山贼,8,16,22,"大批资源,",943,2376,1069;1069,4,战车;骑兵,劳婕春:骁骑兵x757 | 洪山澜:轻骑兵x1206 | 却鸾:投石车x948 | 夔葱:骁骑兵x739,15,18
2469303,3级山贼,3,16,23,"很多资源,",144,390,,1,步兵,凤竹幻:民兵x871,15,18
2464799,2级山贼,2,16,38,"许多资源,",87,207,,1,步兵,广工:民兵x293,15,36
2463866,6级山贼,6,16,39,"大量资源,",336,917,,3,弓弩;步兵;骑兵,皮雯文:轻步兵x923 | 家籁锦:强弩兵x1243 | 傅辰:铁骑兵x652,15,36
2467496,6级山贼,6,16,40,"大量资源,",348,923,,3,步兵;骑兵,顾勇壤:轻步兵x834 | 古永:轻步兵x844 | 钟离莲:铁骑兵x553,15,36
2464034,8级山贼,8,16,43,"大批资源,有宝箱,",1069,2471,1069,4,战车;骑兵,臧路:骁骑兵x818 | 蓬琛:重弩车x351 | 胡韦童:骁骑兵x743 | 毋芮云:投石车x905,15,42
2463923,9级山贼,9,16,44,"大批资源,",1442,4024,,4,战车;骑兵,暴捷楠:投石车x1360 | 太叔昶:骁骑兵x909 | 杜晋绮:骁骑兵x1064 | 诸霖醉:重弩车x450,15,42
2465168,9级山贼,9,16,45,"大批资源,",1401,3949,1074,4,骑兵,许空联:骁骑兵x903 | 晏捷瑜:轻骑兵x1649 | 任梅:骁骑兵x954 | 璩松:轻骑兵x1590,15,42
2466545,4级山贼,4,16,46,"很多资源,",171,482,,2,步兵,南宫路涆:重步兵x547 | 微生恒:民兵x1273,15,42
2466248,5级山贼,5,16,49,"很多资源,",270,665,,2,步兵,荀珠:轻步兵x479 | 毕歌和:轻步兵x473,15,48
2467583,1级山贼,1,16,50,"一些资源,",56,133,,1,步兵,束倩:民兵x157,15,48
2463620,4级山贼,4,16,51,"很多资源,",158,493,,2,步兵,尉迟如明:近卫兵x418 | 饶锦:重步兵x479,15,48
2466183,4级山贼,4,16,52,"很多资源,",171,482,1049,2,步兵,殳逸楠:民兵x1153 | 宿颂鹤:重步兵x508,15,48
2463851,4级山贼,4,16,55,"很多资源,",159,467,,2,步兵,彭群:民兵x1164 | 戈中:重步兵x515,15,54
2464314,10级山贼,10,17,12,"大批资源,有宝箱,一些宝物,",1818,4580,,5,弓弩;战车;骑兵,慎放庸:骁骑兵x1719 | 雷昱炫:投石车x2054 | 成露年:弩骑兵x1953 | 滑益晗:弩骑兵x1839 | 慕昭:骁骑兵x1666,15,12
2467648,3级山贼,3,17,13,"很多资源,",153,391,1044,1,步兵,曲深为:民兵x876,15,12
2465721,6级山贼,6,17,14,"大量资源,一些宝物,",346,991,1059,3,弓弩;步兵;骑兵,萧朝:铁骑兵x606 | 云实存:强弩兵x1100 | 那拓:轻步兵x925,15,12
2463622,6级山贼,6,17,15,"大量资源,有宝箱,一些宝物,",361,863,4097,3,骑兵,何语霓:铁骑兵x576 | 酆幻:铁骑兵x606 | 伍叡:铁骑兵x549,15,12
2463325,5级山贼,5,17,18,"很多资源,",267,778,,2,弓弩;步兵,瞿恩畅:强弩兵x735 | 危勤:轻步兵x498,15,18
2464723,7级山贼,7,17,36,"大批资源,",539,1492,,3,步兵;骑兵,栾信:铁骑兵x922 | 姚权:轻步兵x1119 | 龚之:轻步兵x1161,15,36
2469337,4级山贼,4,17,39,"很多资源,",178,425,,2,步兵,顾海:重步兵x485 | 浦子超:近卫兵x371,15,36
2466829,6级山贼,6,17,42,"大量资源,有装备,",330,918,,3,弓弩;骑兵,经乐:铁骑兵x650 | 林潍盼:强弩兵x1276 | 金析闻:强弩兵x1145,15,42
2469986,5级山贼,5,17,48,"很多资源,有宝箱,",274,690,,2,弓弩;步兵,聂紫:弓兵x215 | 鄂靖:轻步兵x473,15,48
2467124,9级山贼,9,17,50,"大批资源,有宝箱,",1521,3712,1793,4,战车;骑兵,家君:骁骑兵x983 | 汲慕菲:轻骑兵x1740 | 浦适:投石车x1346 | 胡群:重弩车x477,15,48
2463652,7级山贼,7,17,54,"大批资源,",648,1645,1064;1064,3,弓弩;步兵,田明周:轻步兵x1271 | 彭黛彬:弓兵x571 | 盛赋:强弩兵x1697,15,54
2468403,9级山贼,9,18,0,"大批资源,有装备,",1490,4055,16779521,4,战车;骑兵,咸全:轻骑兵x1650 | 车正绍旻:轻骑兵x1554 | 谈柳宝:轻骑兵x1719 | 宣琦弼:投石车x1258,18,0
2468618,10级山贼,10,18,1,"大批资源,有宝箱,",2145,4502,,5,弓弩;战车;骑兵,席舟语:骁骑兵x1820 | 甘吉烁:投石车x2028 | 李偲合:投石车x2054 | 龙潍年:骁骑兵x1919 | 尤濮路:弩骑兵x1924,18,0
2463962,3级山贼,3,18,3,"很多资源,",143,384,,1,步兵,屈柏存:民兵x866,18,0
2465457,6级山贼,6,18,4,"大量资源,有装备,",360,988,1059,3,弓弩;步兵;骑兵,马邦容:轻步兵x924 | 郦幻芮:铁骑兵x648 | 利倩:强弩兵x1195,18,0
2463906,6级山贼,6,18,5,"大量资源,",319,973,,3,弓弩;骑兵,慕喆全:铁骑兵x617 | 丰丹谊:强弩兵x1022 | 姬景:铁骑兵x640,18,0
2467802,8级山贼,8,18,6,"大批资源,有宝箱,有装备,",909,2363,,4,战车;骑兵,封祥:骁骑兵x812 | 贝良:投石车x919 | 易水:骁骑兵x798 | 西门冷:骁骑兵x727,18,6
2466113,9级山贼,9,18,7,"大批资源,有宝箱,一些宝物,",1636,4086,1074,4,战车;骑兵,靳虹:骁骑兵x1055 | 司徒柳:骁骑兵x959 | 双玉豇:轻骑兵x1644 | 邬丰:投石车x1393,18,6
2468879,4级山贼,4,18,9,"很多资源,",162,434,,2,步兵,郭雪:民兵x1187 | 文昶:重步兵x526,18,6
2464969,1级山贼,1,18,10,"一些资源,",43,127,,1,步兵,农偲寄:民兵x140,18,6
2463421,5级山贼,5,18,11,"很多资源,有宝箱,",283,758,1054,2,步兵,朱楚:轻步兵x523 | 索千吉:轻步兵x514,18,6
2463431,7级山贼,7,18,13,"大批资源,一些宝物,",553,1630,,3,弓弩;骑兵,秋爽:强弩兵x1490 | 奚曾:铁骑兵x801 | 郁诩松:强弩兵x1431,18,12
2468142,6级山贼,6,18,15,"大量资源,有宝箱,一些宝物,",393,911,13570,3,弓弩;步兵;骑兵,贝颜:强弩兵x1099 | 劳亮:铁骑兵x547 | 怀珊代:轻步兵x846,18,12
2468165,1级山贼,1,18,16,"一些资源,",48,134,,1,步兵,饶谊耀:民兵x136,18,12
2468255,2级山贼,2,18,19,"许多资源,",99,264,,1,步兵,公西典天:民兵x317,18,18
2468602,1级山贼,1,18,20,"一些资源,",54,148,,1,步兵,毛叡:民兵x135,18,18
2467796,4级山贼,4,18,24,"很多资源,",179,414,,2,步兵,饶高皓:重步兵x476 | 骆志夫:近卫兵x361,18,24
2465903,2级山贼,2,18,26,"许多资源,",84,233,1039,1,步兵,连如:民兵x278,18,24
2466733,2级山贼,2,18,27,"许多资源,",84,271,,1,步兵,花芮:民兵x289,18,24
2467460,10级山贼,10,18,29,"大批资源,有宝箱,",2195,4796,1081;1081;1084,5,战车;骑兵,滑绮翠:弩车x257 | 姜黎:骁骑兵x1728 | 终紫:弩车x254 | 西门潇旋:弩车x260 | 尉迟洁:骁骑兵x1855,18,24
2464308,2级山贼,2,18,30,"许多资源,有装备,",96,279,1039,1,步兵,穆人墨:民兵x288,18,30
2469880,9级山贼,9,18,31,"大批资源,有宝箱,",1476,3850,1793;1074,4,战车;骑兵,赵兆:骁骑兵x1099 | 国音彩:投石车x1366 | 雷悟:骁骑兵x1045 | 宇文柏兆:投石车x1207,18,30
2467857,5级山贼,5,18,32,"很多资源,有装备,",285,607,,2,弓弩;骑兵,颜凝虞:铁骑兵x334 | 松誉:弓兵x221,18,30
2469380,5级山贼,5,18,33,"很多资源,",273,638,,2,步兵;骑兵,壤驷瑞彦:铁骑兵x341 | 逄方:轻步兵x473,18,30
2468641,10级山贼,10,18,38,"大批资源,有宝箱,一些宝物,",2144,5100,1080;1074,5,弓弩;战车,南宫豪:弩车x212 | 却萌:弩骑兵x1839 | 纪彩洁:重弩车x714 | 都若:弩骑兵x1914 | 怀彤:弩骑兵x2019,18,36
2468081,6级山贼,6,18,39,"大量资源,有宝箱,一些宝物,",355,899,,3,步兵;骑兵,虞映韦:轻步兵x801 | 范恒曲:轻步兵x903 | 戎鹏胜:铁骑兵x596,18,36
2468473,5级山贼,5,18,43,"很多资源,有宝箱,",291,618,13569,2,弓弩;骑兵,司徒德彦:弓兵x225 | 利听望:铁骑兵x324,18,42
2465246,7级山贼,7,18,44,"大批资源,有宝箱,一些宝物,",672,1431,3073,3,步兵;骑兵,慎明红:铁骑兵x937 | 毋诩宇:铁骑兵x884 | 古芹茗:轻步兵x1149,18,42
2466150,3级山贼,3,18,47,"很多资源,",154,365,,1,步兵,贲叡辰:民兵x832,18,42
2468526,4级山贼,4,18,48,"很多资源,",177,404,,2,步兵,章闻:近卫兵x418 | 聂依:近卫兵x388,18,48
2469146,7级山贼,7,18,49,"大批资源,",699,1605,,3,步兵,马卫芮:轻步兵x1112 | 浦蕴枫:轻步兵x1152 | 融恩瑞:轻步兵x1119,18,48
2466747,2级山贼,2,18,51,"许多资源,",98,294,,1,步兵,鲁昶:民兵x278,18,48
2469899,3级山贼,3,18,52,"许多资源,",146,343,,1,步兵,刁觅:民兵x861,18,48
2469650,7级山贼,7,18,53,"大批资源,",695,1681,,3,弓弩;步兵;骑兵,查水:铁骑兵x939 | 简州:强弩兵x1652 | 濮淼:轻步兵x1163,18,48
2464962,3级山贼,3,18,55,"很多资源,",158,328,,1,步兵,宓竹惬:民兵x880,18,54
2464578,9级山贼,9,19,1,"大批资源,有宝箱,有装备,一些宝物,",1748,4021,3073,4,战车;骑兵,吉邪涆:骁骑兵x1052 | 丛颂方:骁骑兵x1024 | 满中树:投石车x1245 | 宓甫:投石车x1352,18,0
2469025,6级山贼,6,19,2,"大量资源,一些宝物,",370,800,,3,弓弩;步兵;骑兵,伊桢宜:铁骑兵x571 | 乜胤璞:轻步兵x788 | 双映:强弩兵x1129,18,0
2467757,8级山贼,8,19,3,"大批资源,有装备,",975,2610,1069,4,战车;骑兵,满彤霓:骁骑兵x766 | 荣畴:轻骑兵x1123 | 郦尚蕾:骁骑兵x752 | 空聪:重弩车x354,18,0
2463665,3级山贼,3,19,4,"很多资源,",151,390,,1,步兵,濮阳倩:民兵x806,18,0
2465599,8级山贼,8,19,7,"大批资源,有宝箱,",1000,2743,1069,4,战车;骑兵,孙夏艺:骁骑兵x697 | 巢尚:投石车x1034 | 訾如楚:轻骑兵x1278 | 邴静:骁骑兵x760,18,6
2465392,9级山贼,9,19,8,"大批资源,",1747,3831,1074,4,战车;骑兵,鲍和:骁骑兵x1033 | 梁舟:投石车x1301 | 曲涤茗:轻骑兵x1485 | 秦宜:轻骑兵x1557,18,6
2468302,7级山贼,7,19,11,"大批资源,",532,1618,1064,3,弓弩;步兵,卢季:弓兵x541 | 茅宁:轻步兵x1122 | 苗顺:强弩兵x1431,18,6
2466079,6级山贼,6,19,12,"大量资源,一些宝物,",361,916,,3,弓弩;骑兵,韶琦举:铁骑兵x635 | 包娇:强弩兵x1173 | 李艺季:强弩兵x1058,18,12
2464401,6级山贼,6,19,13,"大量资源,",342,903,1059,3,弓弩;步兵,勾萱醒:轻步兵x908 | 后荫:强弩兵x1078 | 牛楠:轻步兵x871,18,12
2463113,10级山贼,10,19,14,"大批资源,有宝箱,",2002,5453,,5,弓弩;战车;骑兵,卢鸣振:弩骑兵x1951 | 空香:骁骑兵x1945 | 茅裕:骁骑兵x1759 | 尚鸥璐:投石车x2023 | 焦吉颜:骁骑兵x1633,18,12
2464616,10级山贼,10,19,15,"大批资源,有宝箱,一些宝物,",2028,4716,1076,5,弓弩;骑兵,弓蓝:骁骑兵x1622 | 红人:弩骑兵x1871 | 顾旺通:骁骑兵x1999 | 巩捷:骁骑兵x1673 | 简志孟:弩骑兵x1969,18,12
2466555,1级山贼,1,19,17,"一些资源,",52,141,,1,步兵,巢寄:民兵x151,18,12
2468604,7级山贼,7,19,18,"大批资源,有宝箱,",575,1573,,3,弓弩;骑兵,穆濮晤:强弩兵x1726 | 鞠好:铁骑兵x893 | 唐明:强弩兵x1585,18,18
2466124,1级山贼,1,19,19,"一些资源,",44,150,,1,步兵,童益:民兵x156,18,18
2467304,3级山贼,3,19,20,"很多资源,",142,394,1044,1,步兵,齐坚:民兵x846,18,18
2463673,9级山贼,9,19,21,"大批资源,",1536,3808,,4,骑兵,习捷邦:轻骑兵x1706 | 柴勤怡:轻骑兵x1497 | 屈悟寒:骁骑兵x992 | 南宫立:轻骑兵x1724,18,18
2464719,6级山贼,6,19,22,"大量资源,",377,930,,3,弓弩;骑兵,殷兆璧:强弩兵x1109 | 山喷:强弩兵x1213 | 和然舟:铁骑兵x613,18,18
2469619,5级山贼,5,19,24,"很多资源,",260,766,,2,弓弩;骑兵,宫如:铁骑兵x355 | 温斌复:强弩兵x848,18,24
2466462,5级山贼,5,19,25,"很多资源,一些宝物,",251,697,,2,弓弩,伏润海:强弩兵x743 | 盛苑:强弩兵x836,18,24
2463496,9级山贼,9,19,28,"大批资源,",1548,3925,1074;1074,4,战车;骑兵,公西祺泽:投石车x1238 | 平丰:投石车x1376 | 能黎:骁骑兵x940 | 曹空颜:骁骑兵x1010,18,24
2465740,4级山贼,4,19,29,"很多资源,",178,490,,2,步兵,宋曼:重步兵x496 | 翁玟:近卫兵x394,18,24
2467257,9级山贼,9,19,31,"大批资源,有宝箱,",1520,4052,,4,战车;骑兵,吉简言:重弩车x464 | 曲昌阳:轻骑兵x1596 | 柏谷和:重弩车x530 | 何大可:投石车x1203,18,30
2464427,4级山贼,4,19,32,"很多资源,",177,427,,2,步兵,郗筠自:重步兵x454 | 暴方:近卫兵x366,18,30
2466246,1级山贼,1,19,33,"一些资源,",41,101,,1,步兵,华瑞芮:民兵x153,18,30
2469500,6级山贼,6,19,34,"大量资源,有宝箱,",395,820,,3,弓弩;骑兵,南门颖:铁骑兵x643 | 公西尝凡:强弩兵x1203 | 柴霓:弓兵x403,18,30
2464988,10级山贼,10,19,36,"大批资源,有宝箱,一些宝物,",2030,4849,1793;1078,5,战车,宰寒鸾:重弩车x772 | 吴松:投石车x1921 | 云恩人:投石车x2069 | 雷峯:重弩车x717 | 党娥:重弩车x800,18,36
2467661,7级山贼,7,19,37,"大批资源,",624,1423,1064,3,弓弩;骑兵,广美以:弓兵x512 | 谷范旷:强弩兵x1413 | 申慈骏:铁骑兵x938,18,36
2465819,4级山贼,4,19,38,"很多资源,",179,420,,2,步兵,祝雅秀:近卫兵x391 | 钮璐:近卫兵x415,18,36
2469362,3级山贼,3,19,41,"许多资源,",150,320,,1,步兵,寿福承:民兵x859,18,36
2469534,1级山贼,1,19,47,"一些资源,",58,118,1034,1,步兵,云昂听:民兵x147,18,42
2463550,9级山贼,9,19,48,"大批资源,有装备,",1787,3936,16779777,4,战车;骑兵,贝纵:骁骑兵x1051 | 宓皓雄:骁骑兵x964 | 饶绿诗:骁骑兵x1058 | 齐葱:投石车x1313,18,48
2468356,5级山贼,5,19,52,"很多资源,一些宝物,",278,706,4097,2,步兵,孟柏:轻步兵x522 | 钭洁:轻步兵x503,18,48
2463814,6级山贼,6,19,53,"大量资源,有宝箱,",330,874,13569,3,弓弩;骑兵,冀悟:铁骑兵x560 | 祝舟楠:强弩兵x1138 | 岑竹:铁骑兵x636,18,48
2469443,9级山贼,9,19,54,"大批资源,",1577,4274,,4,战车;骑兵,满典:投石车x1238 | 上官灵彩:骁骑兵x1095 | 龙精:骁骑兵x927 | 濮阳峥今:轻骑兵x1680,18,54
2468404,6级山贼,6,19,55,"大量资源,有宝箱,",335,897,,3,弓弩;步兵,樊达:强弩兵x1266 | 毋忠:轻步兵x849 | 杭丰蓝:弓兵x390,18,54
2465854,9级山贼,9,20,1,"大批资源,",1668,4006,,4,战车;骑兵,水敏静:重弩车x514 | 郗瑶:骁骑兵x940 | 仰千菱:骁骑兵x920 | 吉仁娴:重弩车x525,18,0
2467698,3级山贼,3,20,2,"很多资源,",152,395,1044,1,步兵,戎叡春:民兵x851,18,0
2467910,5级山贼,5,20,7,"大量资源,一些宝物,",299,740,,2,弓弩;骑兵,毛旎豇:铁骑兵x371 | 习跃:弓兵x229,18,6
2466226,1级山贼,1,20,12,"一些资源,",50,136,,1,步兵,尉迟芹:民兵x150,18,12
2467250,4级山贼,4,20,13,"很多资源,",161,413,,2,步兵,尤煜:重步兵x548 | 井季:重步兵x454,18,12
2465084,6级山贼,6,20,14,"大量资源,",382,944,1059,3,弓弩;步兵;骑兵,仲人鹂:强弩兵x1299 | 钟离露:轻步兵x927 | 周敏:铁骑兵x654,18,12
2464946,9级山贼,9,20,15,"大批资源,",1550,3628,,4,战车;骑兵,查彦驽:骁骑兵x919 | 梅怡:轻骑兵x1767 | 养土:投石车x1221 | 相里寰鹂:骁骑兵x931,18,12
2468615,9级山贼,9,20,16,"大批资源,一些宝物,",1406,4186,,4,战车;骑兵,钟秀璐:重弩车x511 | 牧真慧:骁骑兵x1014 | 窦工鹤:重弩车x468 | 邵闻:骁骑兵x1066,18,12
2463697,4级山贼,4,20,19,"很多资源,",152,453,,2,步兵,熊涉姮:重步兵x478 | 查实沁:民兵x1277,18,18
2465094,7级山贼,7,20,21,"大批资源,",615,1613,1064,3,弓弩;步兵,穆勃:强弩兵x1658 | 怀容游:轻步兵x1226 | 孔芮:轻步兵x1277,18,18
2467792,8级山贼,8,20,25,"大批资源,",1081,2529,1069,4,战车;骑兵,申屠今:轻骑兵x1131 | 南宫潍:投石车x912 | 暨轩:骁骑兵x689 | 井大婉:重弩车x352,18,24
2466509,3级山贼,3,20,26,"很多资源,",156,377,,1,步兵,蓝逸高:民兵x790,18,24
2464493,2级山贼,2,20,36,"许多资源,",98,273,,1,步兵,索淑雨:民兵x290,18,36
2469272,6级山贼,6,20,37,"大量资源,有宝箱,一些宝物,",382,932,,3,步兵;骑兵,计开人:铁骑兵x587 | 霍鸥冬:轻步兵x833 | 亓官蓉实:铁骑兵x654,18,36
2463716,2级山贼,2,20,38,"许多资源,",89,220,,1,步兵,都实:民兵x323,18,36
2467445,1级山贼,1,20,43,"一些资源,",57,141,,1,步兵,邹春:民兵x164,18,42
2468773,1级山贼,1,20,44,"一些资源,",44,150,,1,步兵,曲嫒:民兵x150,18,42
2469300,8级山贼,8,20,45,"大批资源,有宝箱,",949,2345,1067;1793,4,骑兵,韶甫冰:骁骑兵x733 | 禄栩山:骁骑兵x778 | 寇沁:轻骑兵x1173 | 崔叡丝:轻骑兵x1256,18,42
2467891,5级山贼,5,20,46,"很多资源,一些宝物,",287,734,,2,步兵;骑兵,巩湛:轻步兵x540 | 农可:铁骑兵x362,18,42
2463875,9级山贼,9,20,47,"大批资源,一些宝物,",1704,3852,,4,战车;骑兵,费奕:重弩车x511 | 巫潍:轻骑兵x1653 | 乔忆:骁骑兵x930 | 向薇:投石车x1332,18,42
2469568,8级山贼,8,21,2,"大批资源,",903,2382,1069,4,战车;骑兵,吉风冉:重弩车x343 | 刁迎土:重弩车x344 | 金洁游:重弩车x359 | 彭儒:骁骑兵x747,21,0
2468954,7级山贼,7,21,3,"大批资源,有宝箱,",669,1490,13570,3,弓弩;步兵;骑兵,钟翊:铁骑兵x826 | 于紫:强弩兵x1723 | 孙平:轻步兵x1235,21,0
2468466,3级山贼,3,21,4,"很多资源,",147,368,1041,1,步兵,井鸥浚:民兵x802,21,0
2463585,4级山贼,4,21,5,"很多资源,",178,468,,2,步兵,季杉海:近卫兵x402 | 融鑫:重步兵x515,21,0
2465108,4级山贼,4,21,7,"很多资源,",162,469,,2,步兵,柯尔煦:重步兵x546 | 韩柏:近卫兵x402,21,6
2465708,8级山贼,8,21,9,"大批资源,有宝箱,",1098,2293,,4,战车;骑兵,申屠可:投石车x1058 | 慕耀寒:骁骑兵x785 | 南门溪宣:轻骑兵x1224 | 酆成:轻骑兵x1271,21,6
2466105,9级山贼,9,21,18,"大批资源,一些宝物,",1719,3700,,4,骑兵,谈空:轻骑兵x1530 | 戴荡:骁骑兵x1018 | 荀化:骁骑兵x1085 | 廉听曾:骁骑兵x1019,21,18
2464224,6级山贼,6,21,19,"大量资源,有宝箱,",400,802,1057,3,弓弩;步兵,滑旋炳:轻步兵x890 | 荣映:轻步兵x777 | 龚浦惬:强弩兵x1207,21,18
2467032,6级山贼,6,21,20,"大量资源,有宝箱,",344,941,,3,弓弩;骑兵,宫懏:强弩兵x1254 | 平潍吉:铁骑兵x547 | 卜烟音:强弩兵x1019,21,18
2468916,5级山贼,5,21,21,"大量资源,一些宝物,",288,738,1054,2,弓弩;骑兵,田荷书:铁骑兵x353 | 公西人高:强弩兵x828,21,18
2467255,5级山贼,5,21,22,"很多资源,",267,646,,2,步兵;骑兵,彭靖苍:铁骑兵x310 | 胡秀:轻步兵x463,21,18
2465389,7级山贼,7,21,23,"大批资源,有装备,一些宝物,",519,1663,,3,弓弩;骑兵,韦冬:弓兵x556 | 耿音芹:弓兵x583 | 长孙容:铁骑兵x803,21,18
2463414,9级山贼,9,21,24,"大批资源,有宝箱,",1510,3799,1793,4,骑兵,梅颜锦:骁骑兵x1044 | 蔚波:骁骑兵x1067 | 印云碧:骁骑兵x1040 | 逄浩魁:骁骑兵x1074,21,24
2466327,4级山贼,4,21,25,"很多资源,",152,405,,2,步兵,宓荷醉:近卫兵x401 | 熊方:重步兵x483,21,24
2463390,4级山贼,4,21,27,"很多资源,",176,443,,2,步兵,巢荷:重步兵x485 | 黎藉嗣:近卫兵x380,21,24
2468261,2级山贼,2,21,28,"许多资源,",90,216,,1,步兵,宗政诩松:民兵x327,21,24
2464400,10级山贼,10,21,29,"大批资源,有宝箱,有装备,一些宝物,",2128,5457,1084,5,弓弩;战车;骑兵,巢艺:弩骑兵x1802 | 盛鸾:重弩车x799 | 宁籁:骁骑兵x1684 | 那邪罡:弩车x253 | 单于悌:弩车x231,21,24
2468471,10级山贼,10,21,31,"大批资源,有宝箱,",2032,5480,1793,5,战车,昌商亦:重弩车x742 | 暨琦润:重弩车x704 | 融颜玮:投石车x2105 | 崔宛娴:重弩车x761 | 王旎赋:投石车x1922,15,30
2464594,10级山贼,10,21,32,"大批资源,有宝箱,有装备,一些宝物,",1880,5224,1793;16779777,5,战车;骑兵,宦丰:骁骑兵x1879 | 叶然夜:骁骑兵x1917 | 赵鸿:骁骑兵x1736 | 勾纶:弩车x260 | 乜昶穹:骁骑兵x1935,15,30
2466100,3级山贼,3,21,33,"许多资源,",155,326,,1,步兵,丰量武:民兵x870,15,30
2466619,1级山贼,1,21,35,"一些资源,",41,139,,1,步兵,却泽:民兵x159,15,30
2463857,3级山贼,3,21,36,"许多资源,",144,328,,1,步兵,宗琦芸:民兵x835,21,36
2465473,2级山贼,2,21,40,"许多资源,",82,255,1039,1,步兵,逄岚:民兵x321,21,36
2466761,1级山贼,1,21,41,"一些资源,",49,149,,1,步兵,徐群:民兵x161,21,36
2468449,3级山贼,3,21,42,"许多资源,",160,351,,1,步兵,南宫臣:民兵x827,21,42
2467554,5级山贼,5,21,43,"很多资源,",264,742,,2,弓弩;步兵,壤驷墨名:弓兵x220 | 刘烟:轻步兵x462,21,42
2467745,1级山贼,1,21,44,"一些资源,",60,112,,1,步兵,尤艾畴:民兵x163,21,42
2466437,2级山贼,2,21,45,"许多资源,",96,254,,1,步兵,熊洽江:民兵x320,21,42
2469778,8级山贼,8,21,46,"大批资源,",982,2412,,4,战车;骑兵,党靖平:投石车x990 | 羊刚:投石车x955 | 冉真:骁骑兵x814 | 台潇君:骁骑兵x740,21,42
2468390,9级山贼,9,21,47,"大批资源,有宝箱,有装备,一些宝物,",1455,4067,1793;16790273,4,战车;骑兵,相松轩:重弩车x480 | 薄富珠:骁骑兵x1063 | 安梅:骁骑兵x1041 | 贾谊瑞:轻骑兵x1419,21,42
2466136,3级山贼,3,21,50,"很多资源,",155,397,,1,步兵,周轩欣:民兵x841,21,48
2463709,7级山贼,7,21,52,"大批资源,有宝箱,",511,1628,,3,弓弩;骑兵,瞿容忆:强弩兵x1508 | 丛云:铁骑兵x878 | 卓曦阳:强弩兵x1713,21,48
2466321,7级山贼,7,21,55,"大批资源,有宝箱,",609,1632,,3,步兵;骑兵,龙翊:轻步兵x1233 | 司寇兰:轻步兵x1279 | 董盼:铁骑兵x806,21,54
2466695,8级山贼,8,22,0,"大批资源,有宝箱,",1056,2532,1793,4,战车;骑兵,柳春:骁骑兵x814 | 东方合:重弩车x322 | 单颜:轻骑兵x1219 | 吕美齐:轻骑兵x1264,21,0
2463535,1级山贼,1,22,1,"一些资源,",40,102,,1,步兵,尤琪:民兵x157,21,0
2468065,5级山贼,5,22,2,"很多资源,",300,657,,2,步兵;骑兵,熊容:轻步兵x519 | 庄敏福:铁骑兵x349,21,0
2463095,7级山贼,7,22,3,"大批资源,有宝箱,",537,1524,,3,弓弩;步兵;骑兵,瞿希:轻步兵x1236 | 翁丝萱:铁骑兵x842 | 毛忆莲:强弩兵x1754,21,0
2466007,9级山贼,9,22,6,"大批资源,一些宝物,",1773,4126,,4,战车;骑兵,范双琛:重弩车x485 | 鞠绿涵:骁骑兵x901 | 郑漠镘:投石车x1346 | 成璞:重弩车x506,21,6
2467805,7级山贼,7,22,7,"大批资源,有宝箱,",690,1687,1064;1064,3,弓弩;步兵;骑兵,籍阳良:轻步兵x1187 | 郝秋柔:铁骑兵x782 | 公西曼爽:弓兵x567,21,6
2467154,2级山贼,2,22,9,"许多资源,",82,254,1039,1,步兵,柏禹:民兵x273,21,6
2467258,9级山贼,9,22,10,"大批资源,有宝箱,",1612,3975,,4,战车;骑兵,童咏士:轻骑兵x1461 | 黄谷穰:投石车x1397 | 常吟析:投石车x1285 | 盛越翮:骁骑兵x964,21,6
2468926,2级山贼,2,22,19,"许多资源,",90,262,,1,步兵,刁绪:民兵x314,21,18
2468962,1级山贼,1,22,20,"一些资源,",46,101,,1,步兵,周松:民兵x156,21,18
2463259,4级山贼,4,22,21,"很多资源,有宝箱,",179,465,,2,步兵,龙禹:近卫兵x369 | 秦熙芹:重步兵x506,21,18
2463843,7级山贼,7,22,23,"大批资源,有宝箱,有装备,",673,1478,,3,弓弩,卜全斯:弓兵x584 | 钭濯楠:弓兵x587 | 武吉和:强弩兵x1444,21,18
2467744,5级山贼,5,22,24,"很多资源,",293,722,,2,步兵;骑兵,蔚晔硕:铁骑兵x348 | 巫男:轻步兵x495,21,24
2469900,1级山贼,1,22,26,"一些资源,",51,148,,1,步兵,蔺洽禹:民兵x156,21,24
2465765,3级山贼,3,22,27,"很多资源,",145,354,,1,步兵,余祺:民兵x787,21,24
2466714,8级山贼,8,22,28,"大批资源,有宝箱,",1079,2492,,4,战车;骑兵,水卉宁:轻骑兵x1295 | 寿惠:投石车x1017 | 翟振:骁骑兵x797 | 胡荫:投石车x1080,21,24
2465360,4级山贼,4,22,29,"很多资源,",176,445,1049,2,步兵,羊舒:重步兵x475 | 殳真:重步兵x501,21,24
2465797,5级山贼,5,22,30,"很多资源,有宝箱,",264,690,,2,步兵;骑兵,慕容冰芮:轻步兵x550 | 殳阳夜:铁骑兵x349,15,30
2469838,8级山贼,8,22,32,"大批资源,有宝箱,一些宝物,",985,2282,,4,战车;骑兵,耿琴柳:轻骑兵x1267 | 那香吉:轻骑兵x1175 | 蔚醒萍:骁骑兵x733 | 荀化:投石车x985,15,30
2464523,10级山贼,10,22,36,"大批资源,有装备,一些宝物,",2124,4931,1084;1084;1084,5,弓弩;战车;骑兵,乐蕊:投石车x2153 | 全铃曼:骁骑兵x1636 | 阚瑜飇:弩骑兵x1874 | 尚溪:弩骑兵x1904 | 邱莫翼:弩骑兵x2039,21,36
2466918,8级山贼,8,22,37,"大批资源,有宝箱,",1082,2677,,4,骑兵,凤魂:轻骑兵x1170 | 厍若姮:骁骑兵x737 | 邓怡涉:轻骑兵x1198 | 汲常气:轻骑兵x1218,21,36
2466109,1级山贼,1,22,39,"一些资源,",49,115,,1,步兵,桂莫雁:民兵x163,21,36
2466574,9级山贼,9,22,44,"大批资源,有宝箱,一些宝物,",1606,3626,1074;1070,4,战车,连斯:投石车x1219 | 闵望鹂:投石车x1383 | 尉迟筠:重弩车x453 | 郏琦:投石车x1262,21,42
2468781,1级山贼,1,22,45,"一些资源,有装备,",60,126,16777217,1,步兵,皮阳:民兵x153,21,42
2469796,7级山贼,7,22,49,"大批资源,有宝箱,",610,1547,1064;14849,3,弓弩,闻人析虞:强弩兵x1625 | 关洁梅:强弩兵x1524 | 郭朝知:强弩兵x1612,21,48
2464562,8级山贼,8,22,51,"大批资源,有宝箱,有装备,一些宝物,",1072,2567,,4,战车;骑兵,花深:骁骑兵x680 | 钱云:骁骑兵x745 | 牛时虞:骁骑兵x720 | 虞霓:投石车x943,21,48
2465750,1级山贼,1,22,52,"一些资源,",40,119,1031,1,步兵,苏宾:民兵x164,21,48
2465944,1级山贼,1,22,53,"一些资源,有装备,",46,101,,1,步兵,朱迎友:民兵x158,21,48
2466168,2级山贼,2,22,54,"许多资源,",91,241,,1,步兵,羊悦:民兵x281,21,54
2468583,10级山贼,10,22,55,"大批资源,有宝箱,一些宝物,",2081,5094,1084;1793,5,弓弩;战车;骑兵,车正典:骁骑兵x1767 | 翁骞:骁骑兵x1880 | 尉迟霁莹:弩骑兵x2125 | 濮阳初懿:投石车x2116 | 姚瑞:骁骑兵x1775,21,54
2467880,3级山贼,3,23,0,"许多资源,",153,329,,1,步兵,钮闻:民兵x809,21,0
2467534,3级山贼,3,23,1,"很多资源,",157,370,,1,步兵,宋荫:民兵x808,21,0
2465435,6级山贼,6,23,2,"大量资源,有宝箱,",379,875,,3,弓弩;步兵;骑兵,岑惜寻:强弩兵x1124 | 湛蓉:轻步兵x905 | 蓟宁:铁骑兵x614,21,0
2465631,6级山贼,6,23,8,"大量资源,有宝箱,有装备,",321,888,,3,弓弩;步兵;骑兵,雷教懋:轻步兵x819 | 公羊鸣:强弩兵x1105 | 杨高:铁骑兵x588,21,6
2463740,1级山贼,1,23,11,"一些资源,",48,105,,1,步兵,封悌:民兵x142,21,6
2462958,7级山贼,7,23,22,"大批资源,有宝箱,",666,1473,,3,弓弩;步兵;骑兵,公良赡柏:铁骑兵x891 | 红河寻:强弩兵x1485 | 印念顺:轻步兵x1106,21,18
2464790,9级山贼,9,23,24,"大批资源,一些宝物,",1724,3648,,4,战车;骑兵,柴彤芷:投石车x1250 | 臧贞好:投石车x1221 | 黄蕴:骁骑兵x1099 | 崔和:轻骑兵x1573,21,24
2468574,7级山贼,7,23,33,"大批资源,",574,1616,,3,弓弩;步兵;骑兵,满湛之:轻步兵x1196 | 胡母延:铁骑兵x785 | 尹喆穰:弓兵x560,15,30
2464957,4级山贼,4,23,37,"很多资源,",158,466,,2,步兵,纪若恩:重步兵x510 | 东群勃:重步兵x480,21,36
2467726,9级山贼,9,23,38,"大批资源,有宝箱,一些宝物,",1539,3825,,4,战车;骑兵,关绪敬:投石车x1334 | 龚新:轻骑兵x1406 | 蒋谊恩:骁骑兵x1081 | 糜均:骁骑兵x918,21,36
2469588,6级山贼,6,23,39,"大量资源,",327,947,,3,弓弩;步兵;骑兵,令狐涉:铁骑兵x657 | 曲婕:弓兵x405 | 荣芮:轻步兵x842,21,36
2464265,2级山贼,2,23,48,"许多资源,",88,216,1039,1,步兵,红骞:民兵x307,21,48
2466287,9级山贼,9,23,50,"大批资源,",1571,4051,1074,4,战车;骑兵,厍君:投石车x1289 | 洪石:骁骑兵x1014 | 赫连儒风:骁骑兵x981 | 寇馨慈:骁骑兵x1006,21,48
2468197,3级山贼,3,23,51,"很多资源,",160,394,,1,步兵,殷游云:民兵x892,21,48
2468426,1级山贼,1,23,53,"一些资源,",43,123,,1,步兵,蒲采:民兵x137,21,48
2464118,10级山贼,10,24,0,"大批资源,有装备,",1834,5248,1079;16780289,5,弓弩;战车;骑兵,韦高福:弩骑兵x2086 | 羊泓冉:骁骑兵x1808 | 缪丝:弩车x235 | 淳于初谙:弩骑兵x1919 | 喻凡晓:骁骑兵x1705,24,0
2465698,5级山贼,5,24,1,"很多资源,",261,644,,2,步兵;骑兵,党艾珺:轻步兵x530 | 熊含季:铁骑兵x363,24,0
2464013,4级山贼,4,24,2,"很多资源,",172,429,1049,2,步兵,谈含洁:民兵x1144 | 连熙墨:近卫兵x349,24,0
2466719,2级山贼,2,24,3,"许多资源,",89,269,,1,步兵,胡颖梅:民兵x279,24,0
2464660,10级山贼,10,24,4,"大批资源,有宝箱,有装备,",2096,5130,1793;1793,5,战车;骑兵,井果:重弩车x828 | 党竹:投石车x1857 | 司寇喷:重弩车x775 | 胡渺瑞:重弩车x711 | 崔天芬:骁骑兵x1855,24,0
2464143,3级山贼,3,24,6,"很多资源,",147,371,,1,步兵,宇文翊珊:民兵x862,24,6
2463680,8级山贼,8,24,9,"大批资源,有宝箱,",1057,2522,1067,4,战车;骑兵,昌贤:轻骑兵x1180 | 索宁尝:重弩车x348 | 戈剑启:轻骑兵x1215 | 荆希莹:投石车x1051,24,6
2465001,10级山贼,10,24,10,"大批资源,有宝箱,许多宝物,",1859,4810,1084;1084;1793,5,战车;骑兵,尤悌寰:弩车x220 | 管人半:骁骑兵x1884 | 台拓华:骁骑兵x1901 | 董南访:重弩车x763 | 艾千:投石车x2073,24,6
2468130,4级山贼,4,24,11,"很多资源,",156,429,1049,2,步兵,蓟翼:近卫兵x367 | 宇文翼晓:重步兵x455,24,6
2467283,6级山贼,6,24,12,"大量资源,一些宝物,",376,848,,3,弓弩;步兵;骑兵,倪如:强弩兵x1224 | 公羊珊秀:铁骑兵x624 | 夔毅:轻步兵x882,24,12
2464876,4级山贼,4,24,13,"很多资源,有宝箱,",180,425,,2,步兵,宗正思:民兵x1106 | 仰童:近卫兵x357,24,12
2467178,10级山贼,10,24,14,"大批资源,有宝箱,有装备,",2135,4913,1075;1793,5,弓弩;战车;骑兵,郭冉:重弩车x813 | 古成:投石车x1977 | 马朗逸:弩骑兵x2012 | 陆吉:骁骑兵x1611 | 霍韦:弩骑兵x1856,24,12
2468031,9级山贼,9,24,15,"大批资源,有宝箱,",1451,4163,1074,4,战车;骑兵,席永凡:轻骑兵x1765 | 伊炳:骁骑兵x1088 | 宿均初:重弩车x509 | 毕季:投石车x1233,24,12
2468136,6级山贼,6,24,20,"大量资源,",310,909,,3,步兵;骑兵,万曦:轻步兵x876 | 宣盼梅:轻步兵x812 | 汲慕:铁骑兵x607,24,18
2466115,4级山贼,4,24,21,"很多资源,",154,444,,2,步兵,子车修飇:民兵x1115 | 全基:重步兵x469,24,18
2465081,4级山贼,4,24,22,"很多资源,",156,413,,2,步兵,房弘:重步兵x460 | 雍豇珊:近卫兵x398,24,18
2464504,9级山贼,9,24,23,"大批资源,有宝箱,有装备,",1555,4296,1074;1074;16787969,4,骑兵,苏听莲:骁骑兵x919 | 余枫:轻骑兵x1769 | 公良尧:骁骑兵x922 | 应拓今:骁骑兵x943,24,18
2464166,7级山贼,7,24,25,"大批资源,有宝箱,",558,1412,1064,3,弓弩;骑兵,皮鸿:铁骑兵x924 | 宣荫:铁骑兵x761 | 翟容:强弩兵x1681,24,24
2468651,9级山贼,9,24,26,"大批资源,一些宝物,",1449,3944,1074,4,战车;骑兵,姚倪:投石车x1309 | 井之桢:投石车x1242 | 房析益:投石车x1244 | 牧丰:轻骑兵x1580,24,24
2469248,6级山贼,6,24,28,"大量资源,有宝箱,",371,833,14849,3,骑兵,巫正音:铁骑兵x632 | 吕江:铁骑兵x634 | 安朝:铁骑兵x577,24,24
2463533,4级山贼,4,24,29,"很多资源,",154,431,,2,步兵,司马好:重步兵x520 | 胡焕霁:民兵x1186,24,24
2467123,9级山贼,9,24,31,"大批资源,有宝箱,",1661,3939,,4,战车;骑兵,卜爽翠:轻骑兵x1447 | 暨煊周:重弩车x498 | 匡驹:骁骑兵x1073 | 胥空:骁骑兵x1074,24,30
2468823,5级山贼,5,24,33,"很多资源,",262,662,,2,弓弩;骑兵,仲羽龙:铁骑兵x369 | 宰竹儿:强弩兵x828,24,30
2464981,3级山贼,3,24,36,"许多资源,",160,369,,1,步兵,米豫:民兵x822,24,36
2466423,2级山贼,2,24,37,"许多资源,",90,255,1039,1,步兵,漆雕萌泽:民兵x280,24,36
2467468,9级山贼,9,24,39,"大批资源,有宝箱,一些宝物,",1504,3744,1793,4,战车;骑兵,岑烁觅:重弩车x438 | 季幻玥:重弩车x498 | 长孙枫豆:骁骑兵x1075 | 王雯:骁骑兵x957,24,36
2469185,4级山贼,4,24,40,"很多资源,",165,465,1049,2,步兵,国祈:近卫兵x418 | 南门觅:近卫兵x347,24,36
2467335,5级山贼,5,24,41,"很多资源,",263,749,,2,弓弩;骑兵,卓自羽:铁骑兵x320 | 宰朋皓:强弩兵x824,24,36
2464732,1级山贼,1,24,43,"一些资源,",58,113,,1,步兵,解蕊:民兵x142,24,42
2468019,7级山贼,7,24,45,"大批资源,",694,1639,,3,弓弩;步兵;骑兵,宁承儒:轻步兵x1210 | 闻澜:铁骑兵x875 | 巢岚益:弓兵x508,24,42
2465267,4级山贼,4,24,48,"很多资源,",177,402,,2,步兵,步骄谷:重步兵x486 | 屈莲:民兵x1162,24,48
2463861,10级山贼,10,24,49,"大批资源,有宝箱,",1815,4684,1793,5,弓弩;战车;骑兵,巫马璐福:弩骑兵x2193 | 祝丰彩:骁骑兵x1745 | 阚浚:弩骑兵x2103 | 莘为富:投石车x2152 | 贾喷:重弩车x680,24,48
2464497,7级山贼,7,24,50,"大批资源,",697,1477,1064,3,弓弩;步兵,勾巍龙:轻步兵x1155 | 訾潇迈:弓兵x543 | 霍赋枫:强弩兵x1673,24,48
2467691,9级山贼,9,24,51,"大批资源,一些宝物,",1649,4197,1074;29441,4,战车;骑兵,耿卿:轻骑兵x1554 | 后藉:投石车x1251 | 终柏:重弩车x444 | 连瑶:骁骑兵x1039,24,48
2467400,10级山贼,10,24,52,"大批资源,有宝箱,一些宝物,",1875,4805,1083,5,弓弩;战车;骑兵,滕澜简:弩车x224 | 龚宜:弩骑兵x2106 | 钮奥潇:重弩车x744 | 盛全益:骁骑兵x1750 | 微生柏霁:骁骑兵x1851,24,48
2469846,6级山贼,6,24,54,"大量资源,有宝箱,",349,951,,3,弓弩;骑兵,喻溪咏:铁骑兵x572 | 郭颜栩:强弩兵x1016 | 郝怀:强弩兵x1294,24,54
2467706,2级山贼,2,24,55,"许多资源,",99,207,,1,步兵,厉大:民兵x330,24,54
2463432,10级山贼,10,25,0,"大批资源,有宝箱,",2133,5327,,5,弓弩;战车;骑兵,薄湛焱:弩骑兵x1921 | 淳于萌:弩骑兵x1963 | 叶宁:投石车x1812 | 包鸾:骁骑兵x1610 | 昌洋作:弩骑兵x1962,24,0
2466732,1级山贼,1,25,1,"一些资源,",51,111,,1,步兵,蓝化:民兵x140,24,0
2464556,5级山贼,5,25,2,"很多资源,有宝箱,",292,752,13569,2,弓弩;骑兵,养霓识:铁骑兵x324 | 金迎宛:强弩兵x786,24,0
2464272,2级山贼,2,25,3,"许多资源,",94,231,,1,步兵,逄运谙:民兵x299,24,0
2467138,6级山贼,6,25,5,"大量资源,",324,820,1059,3,弓弩;步兵,秋容萌:轻步兵x832 | 易懿胤:轻步兵x791 | 柯枫:强弩兵x1174,24,0
2468413,3级山贼,3,25,6,"许多资源,",147,335,1044,1,步兵,胡通幻:民兵x803,24,6
2466491,4级山贼,4,25,8,"很多资源,",156,488,,2,步兵,武勃义:重步兵x466 | 章珺:重步兵x467,24,6
2465718,6级山贼,6,25,9,"大量资源,有宝箱,一些宝物,",326,906,13569,3,弓弩;步兵,花锐:轻步兵x777 | 鲁菲:轻步兵x859 | 芮从奕:强弩兵x1037,24,6
2462991,5级山贼,5,25,10,"很多资源,",271,752,,2,弓弩;步兵,阙爽:轻步兵x535 | 相希壤:强弩兵x854,24,6
2465112,6级山贼,6,25,11,"大量资源,一些宝物,",392,981,4097,3,弓弩;骑兵,萧菲思:铁骑兵x570 | 汲晟:强弩兵x1097 | 广亘钊:铁骑兵x554,24,6
2466784,3级山贼,3,25,13,"许多资源,",148,377,,1,步兵,孟燕:民兵x850,24,12
2464546,10级山贼,10,25,14,"大批资源,有宝箱,一些宝物,",2118,4997,1084,5,弓弩;骑兵,仲凌:骁骑兵x1669 | 文怡:骁骑兵x1728 | 萧翰复:弩骑兵x1839 | 子车迟年:骁骑兵x1835 | 管曾桂:弩骑兵x1878,24,12
2465527,10级山贼,10,25,15,"大批资源,有宝箱,",1911,5360,1793;1080,5,战车;骑兵,王雯业:骁骑兵x1657 | 壤驷晏晔:投石车x2164 | 钱容珠:骁骑兵x1822 | 司徒福:投石车x2092 | 居锐:弩车x244,24,12
2468407,4级山贼,4,25,16,"很多资源,",152,460,,2,步兵,尉迟无:民兵x1262 | 章衍:民兵x1154,24,12
2466855,8级山贼,8,25,17,"大批资源,有宝箱,",1065,2463,1069,4,骑兵,厉丰月:骁骑兵x787 | 钮鑫恩:骁骑兵x781 | 钮寒:骁骑兵x706 | 虞华果:轻骑兵x1110,24,12
2462964,8级山贼,8,25,18,"大批资源,有装备,",906,2624,,4,战车;骑兵,姜鸥:骁骑兵x739 | 施民:轻骑兵x1225 | 容茵:骁骑兵x682 | 虞允无:重弩车x354,24,18
2464311,2级山贼,2,25,19,"许多资源,",88,249,,1,步兵,孔邢:民兵x302,24,18
2464853,10级山贼,10,25,21,"大批资源,有宝箱,一些宝物,",2083,4956,1084,5,弓弩;战车;骑兵,董映锋:骁骑兵x1786 | 师程:弩车x259 | 毋菲怀:弩骑兵x1833 | 司马斯阳:骁骑兵x1751 | 宗怡:投石车x1823,24,18
2463450,8级山贼,8,25,23,"大批资源,",1081,2718,1069,4,骑兵,彭鸥舟:骁骑兵x705 | 季葱:骁骑兵x808 | 申昶:骁骑兵x735 | 酆曦:骁骑兵x723,24,18
2467514,2级山贼,2,25,24,"许多资源,",100,204,,1,步兵,南门栩幼:民兵x300,24,24
2469440,3级山贼,3,25,25,"许多资源,",159,328,,1,步兵,梅舟:民兵x873,24,24
2465140,4级山贼,4,25,27,"很多资源,",165,451,,2,步兵,贺璐木:近卫兵x409 | 于璐:民兵x1135,24,24
2464301,9级山贼,9,25,29,"大批资源,一些宝物,",1773,3762,,4,骑兵,栾欣:轻骑兵x1746 | 毋澄:骁骑兵x927 | 秋书兆:轻骑兵x1597 | 奚尘松:骁骑兵x934,24,24
2464306,9级山贼,9,25,31,"大批资源,有宝箱,",1711,4008,,4,战车;骑兵,红鹏:投石车x1212 | 古涉:骁骑兵x993 | 宁以怡:投石车x1354 | 那溪:骁骑兵x1080,24,30
2468924,2级山贼,2,25,32,"许多资源,",93,233,,1,步兵,熊贞:民兵x279,24,30
2463686,4级山贼,4,25,33,"很多资源,",166,459,1049,2,步兵,齐溪:重步兵x545 | 武颖:近卫兵x394,24,30
2465051,8级山贼,8,25,36,"大批资源,",982,2272,,4,骑兵,宦奕沛:骁骑兵x701 | 刁信彦:骁骑兵x822 | 许豇析:骁骑兵x744 | 祝宾骞:轻骑兵x1296,24,36
2468750,10级山贼,10,25,38,"大批资源,有宝箱,有装备,一些宝物,",1903,4609,,5,战车,靳晖礼:重弩车x678 | 葛忆姮:重弩车x793 | 卢珊:重弩车x712 | 茅恩:弩车x230 | 师觉:重弩车x739,24,36
2468467,8级山贼,8,25,39,"大批资源,有宝箱,",951,2568,1069;1793,4,战车;骑兵,令狐析邪:骁骑兵x717 | 凤信自:投石车x1060 | 边鹤:骁骑兵x684 | 利卉邪:重弩车x354,24,36
2465309,3级山贼,3,25,41,"许多资源,",145,357,1044,1,步兵,郑烟:民兵x843,24,36
2464731,4级山贼,4,25,46,"很多资源,",172,467,,2,步兵,滕涤熙:重步兵x490 | 水柳程:近卫兵x365,24,42
2463975,10级山贼,10,25,47,"大批资源,有宝箱,一些宝物,",1824,4854,,5,弓弩;战车;骑兵,闻人策峯:投石车x1852 | 谭瑾益:投石车x1881 | 季童茗:重弩车x693 | 乐正瑞曾:骁骑兵x1640 | 阮柔勤:弩骑兵x2140,24,42
2464313,10级山贼,10,25,48,"大批资源,有宝箱,有装备,",2086,5176,1084;1084,5,弓弩;战车;骑兵,令狐煦:弩骑兵x2100 | 皇甫颖凌:投石车x1871 | 庚熙初:骁骑兵x1605 | 胥忠:重弩车x823 | 居宇:重弩车x803,24,48
2468167,2级山贼,2,25,50,"许多资源,",85,230,,1,步兵,淳于丰:民兵x312,24,48
2463730,10级山贼,10,25,51,"大批资源,有宝箱,有装备,一些宝物,",2050,5066,1084;1084;1084,5,弓弩;战车;骑兵,慕单怀:重弩车x754 | 明禹玟:弩骑兵x1881 | 雷钊:重弩车x691 | 封夏:弩车x236 | 杜露:骁骑兵x1861,24,48
2468447,1级山贼,1,25,52,"一些资源,",41,102,,1,步兵,屈萍:民兵x162,24,48
2468737,6级山贼,6,25,53,"大量资源,",354,895,,3,弓弩;骑兵,郏闻:强弩兵x1174 | 郑我存:弓兵x363 | 宇文冷玮:铁骑兵x540,24,48
2466967,5级山贼,5,25,54,"很多资源,有宝箱,",272,619,,2,弓弩;步兵,甄小:强弩兵x732 | 双葱:轻步兵x538,24,54
2465641,9级山贼,9,25,55,"大批资源,",1753,4388,1074,4,战车;骑兵,葛聪竹:骁骑兵x1069 | 丛峰韶:重弩车x529 | 邬双:骁骑兵x970 | 沙容春:投石车x1220,24,54
2464114,6级山贼,6,26,1,"大量资源,有宝箱,",308,903,,3,步兵;骑兵,孙明:铁骑兵x545 | 苍唱容:铁骑兵x599 | 羿沛芹:轻步兵x856,24,0
2465017,8级山贼,8,26,14,"大批资源,",976,2673,1069,4,战车;骑兵,相里析烈:骁骑兵x766 | 孙臣:投石车x1057 | 晁栩:投石车x952 | 敖阳竹:骁骑兵x790,24,12
2463578,8级山贼,8,26,15,"大批资源,有宝箱,",922,2545,,4,战车;骑兵,骆寰恒:骁骑兵x755 | 幸常昭:骁骑兵x702 | 徐潇鹏:轻骑兵x1116 | 田南:投石车x981,24,12
2466503,7级山贼,7,26,16,"大批资源,有装备,",639,1545,1056,3,骑兵,闻人寻:铁骑兵x798 | 薄琪:铁骑兵x910 | 莘宇清:铁骑兵x846,24,12
2466319,8级山贼,8,26,17,"大批资源,有宝箱,",932,2483,1793,4,战车;骑兵,宁芙霁:投石车x1081 | 羿懿桂:骁骑兵x736 | 郏卉芙:投石车x997 | 宓怜蝶:骁骑兵x726,24,12
2468242,5级山贼,5,26,18,"大量资源,",287,763,,2,步兵,曹大懿:轻步兵x522 | 霍豆:轻步兵x522,24,18
2463396,4级山贼,4,26,19,"很多资源,",166,421,,2,步兵,范旻蓉:重步兵x540 | 孔丰寻:近卫兵x353,24,18
2465005,6级山贼,6,26,20,"大量资源,",330,823,,3,弓弩;步兵;骑兵,乌气:铁骑兵x632 | 能高:轻步兵x776 | 赫连姝:弓兵x411,24,18
2466111,1级山贼,1,26,24,"一些资源,",51,112,,1,步兵,屠无烨:民兵x157,24,24
2469093,9级山贼,9,26,27,"大批资源,有宝箱,一些宝物,",1464,4336,1074,4,骑兵,樊风:轻骑兵x1506 | 闻人齐炎:轻骑兵x1434 | 梁适:轻骑兵x1798 | 龚念群:轻骑兵x1763,24,24
2464056,1级山贼,1,26,32,"一些资源,",52,101,,1,步兵,张唱钧:民兵x147,24,30
2468246,4级山贼,4,26,33,"很多资源,",165,413,,2,步兵,弘怡绮:重步兵x513 | 宿鲸:重步兵x451,24,30
2466576,9级山贼,9,26,34,"大批资源,有宝箱,一些宝物,",1534,3602,1065;1793,4,战车;骑兵,祝高:轻骑兵x1425 | 刘牙颂:骁骑兵x945 | 慎格兆:投石车x1316 | 亓官胤:轻骑兵x1469,24,30
2465650,7级山贼,7,26,44,"大批资源,",683,1405,,3,弓弩;步兵,相里芹语:轻步兵x1286 | 羊简:轻步兵x1137 | 羊碧:强弩兵x1775,24,42
2469390,8级山贼,8,26,49,"大批资源,有宝箱,",1001,2518,,4,战车;骑兵,郗倪强:重弩车x344 | 党笛:轻骑兵x1107 | 阎气:投石车x1068 | 曾乐枫:重弩车x335,24,48
2463537,5级山贼,5,26,54,"很多资源,",268,659,1054,2,弓弩;骑兵,寇昀果:弓兵x207 | 韩听金:铁骑兵x346,24,54
2463029,10级山贼,10,27,0,"大批资源,有宝箱,有装备,",2162,5122,17409;1084;1077,5,弓弩;战车,鲍艺香:弩车x205 | 相北:重弩车x784 | 国芹:弩骑兵x2031 | 包偲雁:重弩车x776 | 那晔:弩骑兵x2170,27,0
2464521,4级山贼,4,27,1,"很多资源,有宝箱,",152,462,,2,步兵,通闻:重步兵x499 | 盛与:重步兵x509,27,0
2464424,6级山贼,6,27,2,"大量资源,",352,818,,3,弓弩;步兵,阙灵:强弩兵x1226 | 郏婕:轻步兵x933 | 石慨栩:强弩兵x1046,27,0
2467759,5级山贼,5,27,3,"很多资源,",259,626,1054,2,步兵;骑兵,陈尚:轻步兵x475 | 相婕凡:铁骑兵x338,27,0
2467478,9级山贼,9,27,4,"大批资源,有宝箱,一些宝物,",1677,4251,,4,战车;骑兵,邢朗斌:轻骑兵x1737 | 管精焱:轻骑兵x1615 | 司空佑:重弩车x480 | 闵润越:骁骑兵x948,27,0
2466548,8级山贼,8,27,5,"大批资源,有宝箱,有装备,",1015,2663,1793,4,战车;骑兵,盛柔:重弩车x321 | 晁璐诗:重弩车x337 | 张润:重弩车x372 | 弘以:骁骑兵x795,27,0
2468128,7级山贼,7,27,9,"大批资源,",639,1515,,3,弓弩;步兵,崔磊尝:强弩兵x1549 | 欧阳泽思:弓兵x590 | 江禹长:轻步兵x1276,27,6
2465394,8级山贼,8,27,11,"大批资源,",1042,2647,,4,战车;骑兵,乐正波:骁骑兵x809 | 芮虹梅:投石车x916 | 谭艺:轻骑兵x1154 | 全吟:骁骑兵x672,27,6
2466399,5级山贼,5,27,12,"很多资源,",275,706,,2,弓弩,空宁:强弩兵x849 | 糜熏:强弩兵x787,27,12
2467532,6级山贼,6,27,13,"大量资源,有宝箱,有装备,",359,872,1059,3,弓弩;步兵,樊鸣:轻步兵x882 | 鱼寻顺:强弩兵x1027 | 羊怀:强弩兵x1143,27,12
2463253,9级山贼,9,27,15,"大批资源,有宝箱,一些宝物,",1412,3990,1793;1071,4,战车;骑兵,熊巧:骁骑兵x1068 | 蓝醒:投石车x1251 | 王年兆:重弩车x472 | 后蔚:骁骑兵x1076,27,12
2463925,8级山贼,8,27,16,"大批资源,",916,2530,,4,骑兵,尉迟通:骁骑兵x742 | 通驰:骁骑兵x689 | 高析展:轻骑兵x1300 | 羿信:骁骑兵x728,27,12
2464970,7级山贼,7,27,17,"大批资源,",520,1647,,3,弓弩;步兵,连奇:轻步兵x1300 | 滕心枫:强弩兵x1654 | 薄妙:轻步兵x1126,27,12
2465062,1级山贼,1,27,18,"一些资源,",54,122,,1,步兵,公良翼:民兵x154,27,18
2466901,6级山贼,6,27,19,"大量资源,一些宝物,",389,814,4097,3,弓弩;骑兵,曹菱:铁骑兵x575 | 华程和:强弩兵x1162 | 乐冷:铁骑兵x650,27,18
2467600,8级山贼,8,27,20,"大批资源,有宝箱,",1063,2525,1069,4,战车;骑兵,翟荫洁:重弩车x352 | 怀基利:投石车x1094 | 胥楠邪:轻骑兵x1219 | 逄宾珠:骁骑兵x759,27,18
2466909,9级山贼,9,27,21,"大批资源,有宝箱,一些宝物,",1419,3611,1074,4,骑兵,柏籁新:骁骑兵x1100 | 巴然:骁骑兵x1040 | 弘宝瑜:骁骑兵x1028 | 奚宇胜:骁骑兵x928,27,18
2467633,2级山贼,2,27,22,"许多资源,",97,212,1039,1,步兵,诸达锐:民兵x311,27,18
2463178,8级山贼,8,27,23,"大批资源,有宝箱,",989,2468,1059;1069,4,战车;骑兵,熊基:轻骑兵x1161 | 申屠飇化:重弩车x370 | 国龙江:投石车x959 | 公西幼彤:骁骑兵x785,27,18
2466852,7级山贼,7,27,24,"大批资源,有宝箱,",512,1614,1059,3,弓弩;步兵,周菱:强弩兵x1519 | 施之:强弩兵x1595 | 巫南群:轻步兵x1170,27,24
2469181,10级山贼,10,27,26,"大批资源,有宝箱,一些宝物,",1998,4564,1084;1793,5,弓弩;骑兵,温清瑾:骁骑兵x1833 | 仲长懿:骁骑兵x1959 | 焦谷容:弩骑兵x1998 | 阎语寻:骁骑兵x1720 | 邵晶儿:弩骑兵x2140,27,24
2468299,1级山贼,1,27,29,"一些资源,有装备,",44,147,,1,步兵,雍沁木:民兵x150,27,24
2467852,1级山贼,1,27,33,"一些资源,",48,100,1034,1,步兵,步问:民兵x157,27,30
2466316,9级山贼,9,27,34,"大批资源,有宝箱,",1527,4182,1074,4,战车;骑兵,姜荫锵:重弩车x488 | 贝冬如:投石车x1363 | 宣溪发:轻骑兵x1468 | 车荫千:投石车x1367,27,30
2469501,8级山贼,8,27,37,"大批资源,有宝箱,",945,2370,1069,4,战车;骑兵,卫君:投石车x939 | 葛全如:重弩车x333 | 段元群:骁骑兵x766 | 厉福:轻骑兵x1209,27,36
2469572,7级山贼,7,27,39,"大批资源,有宝箱,",657,1452,1064,3,弓弩;步兵,乐正栩沁:轻步兵x1245 | 仰芮碧:强弩兵x1529 | 龚豪璨:弓兵x538,27,36
2465821,8级山贼,8,27,41,"大批资源,有宝箱,",991,2593,,4,战车;骑兵,党笑绪:骁骑兵x803 | 暴宾柏:重弩车x328 | 翟希洋:轻骑兵x1258 | 霍承:轻骑兵x1193,27,36
2464383,7级山贼,7,27,43,"大批资源,有宝箱,",631,1593,13570,3,弓弩;步兵,西门典:强弩兵x1528 | 芮嗣栩:轻步兵x1198 | 姬真:弓兵x546,27,42
2463660,5级山贼,5,27,44,"很多资源,",257,648,,2,骑兵,纪凌:铁骑兵x358 | 卢芮昂:铁骑兵x322,27,42
2465383,5级山贼,5,27,45,"很多资源,有装备,",299,759,,2,弓弩;骑兵,盛映澹:铁骑兵x378 | 殴秀:强弩兵x862,27,42
2464618,9级山贼,9,27,47,"大批资源,",1739,4089,1074,4,战车;骑兵,谈藉:轻骑兵x1759 | 相咏:投石车x1371 | 却纵豫:轻骑兵x1441 | 田朗:骁骑兵x1060,27,42
2463651,7级山贼,7,27,49,"大批资源,",548,1685,,3,弓弩;骑兵,宇文悦:铁骑兵x805 | 巫马翮渊:强弩兵x1537 | 向兆:铁骑兵x821,27,48
2464228,7级山贼,7,27,51,"大批资源,",648,1659,1064,3,弓弩;骑兵,熊幼:铁骑兵x876 | 柳璞:铁骑兵x773 | 祝涛:弓兵x508,27,48
2465988,7级山贼,7,27,53,"大批资源,",511,1576,1064,3,步兵;骑兵,韦玟:铁骑兵x937 | 管容:铁骑兵x885 | 空空:轻步兵x1148,27,48
2468634,9级山贼,9,27,54,"大批资源,有宝箱,",1696,4259,1793,4,战车;骑兵,冉朗:轻骑兵x1704 | 管晋峻:投石车x1338 | 薛夜:骁骑兵x955 | 麻问儿:骁骑兵x1069,27,54
2467208,8级山贼,8,27,55,"大批资源,",957,2497,,4,战车,简纶:投石车x942 | 巫马琛季:投石车x1092 | 郜曼:投石车x1064 | 徐岚恩:重弩车x374,27,54
2462921,1级山贼,1,28,0,"一些资源,",51,117,1034,1,步兵,慕容羽泽:民兵x138,27,0
2464121,5级山贼,5,28,1,"很多资源,有装备,",270,605,16785153,2,弓弩;步兵,陶纵黎:强弩兵x797 | 解珺:轻步兵x528,27,0
2463115,3级山贼,3,28,3,"许多资源,",159,300,,1,步兵,韩问旎:民兵x858,27,0
2464557,9级山贼,9,28,4,"大批资源,有宝箱,",1496,3851,,4,战车;骑兵,邢烁:轻骑兵x1469 | 须冷:骁骑兵x1091 | 卜时潇:投石车x1366 | 印雪笛:骁骑兵x965,27,0
2469394,9级山贼,9,28,7,"大批资源,",1503,4136,1074,4,战车;骑兵,申屠岑晟:重弩车x469 | 鞠寄:投石车x1272 | 皇甫萍乐:投石车x1283 | 巫吟秋:骁骑兵x934,27,6
2464238,5级山贼,5,28,8,"很多资源,",253,739,,2,弓弩,山咏:强弩兵x878 | 弘依丝:强弩兵x774,27,6
2465943,8级山贼,8,28,9,"大批资源,有宝箱,",907,2693,1069,4,战车;骑兵,孟厚厚:轻骑兵x1197 | 汲咏之:投石车x1061 | 薄宇:轻骑兵x1219 | 聂晴:投石车x931,27,6
2465620,4级山贼,4,28,11,"很多资源,",164,471,,2,步兵,夏初:近卫兵x381 | 霍慕绮:近卫兵x389,27,6
2465967,9级山贼,9,28,12,"大批资源,有宝箱,一些宝物,",1525,3833,,4,战车;骑兵,别赋靖:骁骑兵x1048 | 洪柳澹:轻骑兵x1405 | 栾洋:投石车x1260 | 米宾:重弩车x526,27,12
2468370,7级山贼,7,28,13,"大批资源,有宝箱,",519,1600,14849;1064,3,弓弩;步兵,却宇:强弩兵x1563 | 胥芮倪:轻步兵x1195 | 鱼初迈:强弩兵x1482,27,12
2469151,4级山贼,4,28,14,"很多资源,",163,414,,2,步兵,徐捷颜:近卫兵x369 | 宗奕:近卫兵x395,27,12
2469231,2级山贼,2,28,16,"许多资源,",81,248,,1,步兵,魏雅斯:民兵x314,27,12
2464218,8级山贼,8,28,17,"大批资源,有宝箱,",950,2703,1069;1069,4,战车;骑兵,苍德容:轻骑兵x1221 | 童诗贞:骁骑兵x746 | 关家:轻骑兵x1263 | 幸豪:投石车x991,27,12
2465018,1级山贼,1,28,20,"一些资源,",59,106,,1,步兵,卜云:民兵x147,27,18
2466612,9级山贼,9,28,21,"大批资源,有宝箱,",1661,3757,,4,战车;骑兵,彭悦:投石车x1228 | 壤驷黛:轻骑兵x1586 | 殷适全:轻骑兵x1710 | 乌项:投石车x1364,27,18
2465400,2级山贼,2,28,23,"许多资源,",93,285,,1,步兵,俞天桂:民兵x270,27,18
2467024,2级山贼,2,28,24,"许多资源,",87,240,,1,步兵,家路:民兵x289,27,24
2467899,4级山贼,4,28,25,"很多资源,有宝箱,",152,400,,2,步兵,向鹤:重步兵x543 | 水红:近卫兵x415,27,24
2463353,2级山贼,2,28,28,"许多资源,",82,216,,1,步兵,狄松:民兵x326,27,24
2467423,9级山贼,9,28,29,"大批资源,有宝箱,",1494,4305,1793,4,战车;骑兵,瞿月:骁骑兵x1025 | 奚妙新:骁骑兵x949 | 慕赋岑:重弩车x495 | 韦铃:重弩车x477,27,24
2466254,6级山贼,6,28,30,"大量资源,有宝箱,一些宝物,",396,962,1059;1059,3,弓弩,骆琦:强弩兵x1181 | 花常文:弓兵x411 | 勾诗:强弩兵x1072,27,30
2468839,9级山贼,9,28,31,"大批资源,有宝箱,有装备,一些宝物,",1528,3773,1074,4,战车;骑兵,黎兴:投石车x1292 | 刁怿幻:轻骑兵x1523 | 冷醒蔚:投石车x1339 | 龙河:投石车x1353,27,30
2468507,6级山贼,6,28,32,"大量资源,有宝箱,",336,801,13570,3,弓弩;骑兵,乐正靖:强弩兵x1111 | 终实远:铁骑兵x598 | 毛怜:铁骑兵x585,27,30
2469352,4级山贼,4,28,34,"很多资源,",150,464,,2,步兵,寇焕:重步兵x498 | 弓听:重步兵x473,27,30
2469889,5级山贼,5,28,36,"大量资源,",296,738,,2,骑兵,师锵:铁骑兵x373 | 万齐:铁骑兵x371,27,36
2464540,2级山贼,2,28,39,"许多资源,",90,266,,1,步兵,乌初:民兵x320,27,36
2464764,4级山贼,4,28,40,"很多资源,",176,473,,2,步兵,禄润:近卫兵x372 | 越晓:近卫兵x401,27,36
2466777,2级山贼,2,28,41,"许多资源,",81,287,,1,步兵,戴瑜:民兵x288,27,36
2464177,10级山贼,10,28,43,"大批资源,有宝箱,有装备,",1947,5136,1793;16779777,5,战车;骑兵,戴南良:骁骑兵x1707 | 司空蔚家:骁骑兵x1685 | 皇甫雯:投石车x1967 | 温鹤:骁骑兵x1838 | 寇福觉:投石车x1841,27,42
2466300,9级山贼,9,28,44,"大批资源,一些宝物,",1711,4063,1074,4,战车;骑兵,孟蝶莹:轻骑兵x1528 | 傅振吉:轻骑兵x1561 | 卫颀:骁骑兵x979 | 漆雕晓莲:投石车x1305,27,42
2464414,10级山贼,10,28,45,"大批资源,有宝箱,一些宝物,",1807,4553,,5,弓弩;战车;骑兵,时玉:弩骑兵x2135 | 仇珍凌:重弩车x734 | 秦翔桂:重弩车x686 | 夔琛静:弩骑兵x2192 | 慕容顺:骁骑兵x1782,27,42
2466606,6级山贼,6,28,47,"大量资源,有宝箱,一些宝物,",342,896,14849,3,步兵;骑兵,钭曲:铁骑兵x551 | 吉馨:轻步兵x871 | 平果怜:铁骑兵x598,27,42
2466434,3级山贼,3,28,51,"许多资源,",151,378,1044,1,步兵,华依青:民兵x831,27,48
2463960,8级山贼,8,28,52,"大批资源,",914,2431,,4,战车;骑兵,成颜涵:轻骑兵x1160 | 卢阳:轻骑兵x1120 | 虞曼琦:重弩车x357 | 邹若:骁骑兵x728,27,48
2469175,8级山贼,8,28,53,"大批资源,",1098,2743,1069,4,战车;骑兵,顾彩顺:投石车x1041 | 赫连胜听:骁骑兵x673 | 骆化:重弩车x349 | 杭翰:轻骑兵x1285,27,48
2466964,9级山贼,9,28,55,"大批资源,",1689,4087,,4,战车;骑兵,鱼枫:重弩车x470 | 乐正拔瑞:投石车x1376 | 柏枫:骁骑兵x989 | 印歌:骁骑兵x972,27,54
2467951,10级山贼,10,29,0,"大批资源,",1849,5418,1084;1084,5,弓弩;骑兵,凤信:骁骑兵x1945 | 劳载:弩骑兵x1966 | 麻掣:骁骑兵x1840 | 扈游:骁骑兵x1965 | 蒲恺诩:骁骑兵x1772,27,0
2463679,1级山贼,1,29,1,"一些资源,",48,116,,1,步兵,籍龙:民兵x163,27,0
2467122,4级山贼,4,29,6,"很多资源,",175,448,,2,步兵,柏曦悦:近卫兵x354 | 窦奕:重步兵x454,27,6
2465087,5级山贼,5,29,7,"很多资源,",256,600,,2,弓弩;骑兵,子车偲晋:强弩兵x774 | 张澜珠:铁骑兵x335,27,6
2466478,2级山贼,2,29,12,"许多资源,",81,271,,1,步兵,莘泰:民兵x283,27,12
2468214,9级山贼,9,29,13,"大批资源,有宝箱,",1407,4279,,4,骑兵,皇甫桂:骁骑兵x1068 | 叶格柔:轻骑兵x1400 | 芮儿:骁骑兵x908 | 储骞溪:轻骑兵x1442,27,12
2465154,6级山贼,6,29,14,"大量资源,一些宝物,",372,997,4097,3,弓弩,昝静姝:强弩兵x1097 | 师豇:强弩兵x1245 | 山为洧:强弩兵x1226,27,12
2468294,8级山贼,8,29,18,"大批资源,一些宝物,",1066,2466,1064,4,战车;骑兵,龚岚:骁骑兵x751 | 屠芮宏:投石车x906 | 郭辰罡:轻骑兵x1270 | 邵恩:投石车x946,27,18
2466435,7级山贼,7,29,19,"大批资源,",628,1553,,3,弓弩;骑兵,季滨邢:铁骑兵x765 | 邱开简:弓兵x554 | 狄彦松:铁骑兵x825,27,18
2466551,5级山贼,5,29,25,"大量资源,",266,761,1048,2,步兵;骑兵,刘实:轻步兵x461 | 阚芬:铁骑兵x345,27,24
2467917,6级山贼,6,29,31,"大量资源,",381,834,,3,弓弩;步兵,姚嫒:弓兵x359 | 萧常:轻步兵x846 | 巫航:弓兵x354,27,30
2466808,1级山贼,1,29,32,"一些资源,",51,126,,1,步兵,巫睿:民兵x160,27,30
2464437,4级山贼,4,29,34,"很多资源,",151,472,,2,步兵,车冷:重步兵x526 | 蔚骄:重步兵x481,27,30
2463530,7级山贼,7,29,35,"大批资源,",627,1604,1064,3,弓弩;骑兵,雍喆:强弩兵x1624 | 阚雄舒:强弩兵x1582 | 刘薇念:铁骑兵x831,27,30
2464185,10级山贼,10,29,37,"大批资源,有宝箱,一些宝物,",2103,5384,3073,5,弓弩;战车;骑兵,惠彬淼:重弩车x716 | 孔吉峻:弩骑兵x1876 | 赖鸾:投石车x1840 | 满拓翼:弩车x208 | 胡涵:骁骑兵x1764,27,36
2467051,10级山贼,10,29,42,"大批资源,有宝箱,一些宝物,",1875,5458,1075;1793,5,弓弩;战车;骑兵,璩云伟:骁骑兵x1619 | 勾喷格:弩骑兵x1989 | 党锦正:弩骑兵x2185 | 查柳祺:骁骑兵x1792 | 葛娥:重弩车x774,27,42
2465285,4级山贼,4,29,43,"很多资源,",178,426,,2,步兵,党寻昶:近卫兵x414 | 仲析:重步兵x509,27,42
2467461,10级山贼,10,29,45,"大批资源,有宝箱,一些宝物,",2147,5147,1084,5,弓弩;战车;骑兵,南门柏:弩骑兵x2027 | 钱晔楠:弩骑兵x1913 | 巩荫舟:投石车x1899 | 陶曦:弩骑兵x2188 | 高拓:骁骑兵x1977,27,42
2469731,2级山贼,2,29,46,"许多资源,",96,261,,1,步兵,惠雨:民兵x292,27,42
2465031,4级山贼,4,29,49,"很多资源,",157,431,,2,步兵,后载:重步兵x544 | 俞然:重步兵x471,27,48
2465841,4级山贼,4,29,51,"很多资源,一些宝物,",156,500,4097,2,步兵,师军:近卫兵x364 | 闻苑珊:近卫兵x391,27,48
2467717,6级山贼,6,29,54,"大量资源,有宝箱,一些宝物,",358,915,13569,3,弓弩;骑兵,史奕:铁骑兵x582 | 容灵夜:强弩兵x1235 | 濮翼:强弩兵x1135,27,54
2463887,8级山贼,8,30,0,"大批资源,",939,2679,1069;1069,4,战车;骑兵,雷颖蝶:骁骑兵x809 | 鱼竹:重弩车x351 | 马冬琦:重弩车x353 | 殳瑞:骁骑兵x830,30,0
2468346,5级山贼,5,30,1,"很多资源,",254,797,,2,步兵;骑兵,韶沁:轻步兵x464 | 梅芷:铁骑兵x371,30,0
2463672,1级山贼,1,30,2,"一些资源,",60,101,1034,1,步兵,夏颖焱:民兵x151,30,0
2464631,9级山贼,9,30,3,"大批资源,有宝箱,一些宝物,",1612,4006,29441;1074,4,战车;骑兵,怀之:轻骑兵x1511 | 厍杉权:重弩车x528 | 喻竹:轻骑兵x1637 | 谢瑾:骁骑兵x932,30,0
2468035,8级山贼,8,30,5,"大批资源,有装备,",1011,2368,,4,战车;骑兵,孔逸鹤:骁骑兵x791 | 柴闻宛:骁骑兵x788 | 唐瑜彭:重弩车x364 | 成彦:重弩车x350,30,0
2466201,4级山贼,4,30,7,"很多资源,",179,403,,2,步兵,施紫诩:重步兵x495 | 邬通栩:重步兵x548,30,6
2464139,5级山贼,5,30,8,"大量资源,有宝箱,",264,663,13569,2,弓弩;步兵,边灵奕:轻步兵x455 | 淳于筠彩:强弩兵x786,30,6
2467983,4级山贼,4,30,10,"很多资源,",169,472,,2,步兵,宁籁:近卫兵x420 | 苗煦:重步兵x548,30,6
2464255,1级山贼,1,30,11,"一些资源,",40,147,1034,1,步兵,石茵雪:民兵x164,30,6
2466745,5级山贼,5,30,13,"很多资源,",254,796,1054,2,步兵,慎阔辰:轻步兵x454 | 支佩方:轻步兵x455,30,12
2466387,5级山贼,5,30,14,"很多资源,",277,659,,2,弓弩,卫苑:强弩兵x736 | 成洽:强弩兵x807,30,12
2468005,10级山贼,10,30,15,"大批资源,有宝箱,一些宝物,",1892,4778,1075;1075,5,弓弩;战车;骑兵,钱采:弩骑兵x1920 | 俞蝶:骁骑兵x1986 | 皮庆:投石车x1833 | 林郎育:骁骑兵x1673 | 国家:重弩车x733,30,12
2466162,5级山贼,5,30,16,"很多资源,",274,645,,2,弓弩;骑兵,东蕴:强弩兵x879 | 苏乐熏:铁骑兵x362,30,12
2465681,9级山贼,9,30,17,"大批资源,",1439,3909,,4,战车;骑兵,刁和土:投石车x1296 | 计桢:骁骑兵x903 | 缪化舒:骁骑兵x1083 | 连纳轩:投石车x1397,30,12
2465047,5级山贼,5,30,18,"很多资源,",256,602,,2,弓弩;步兵,卜悟:轻步兵x472 | 郭鸾筠:强弩兵x820,30,18
2467912,7级山贼,7,30,19,"大批资源,有宝箱,",611,1634,1064;1064,3,弓弩;步兵,顾蕊:轻步兵x1161 | 梁丘醉:弓兵x500 | 滑月:弓兵x538,30,18
2463295,1级山贼,1,30,20,"一些资源,",60,143,,1,步兵,阎诩:民兵x139,30,18
2463085,3级山贼,3,30,21,"很多资源,",154,395,,1,步兵,单方:民兵x884,30,18
2464109,7级山贼,7,30,23,"大批资源,",503,1688,1064,3,弓弩;步兵,劳醒:轻步兵x1172 | 蔚言:强弩兵x1506 | 桑黛赋:弓兵x510,30,18
2466290,1级山贼,1,30,24,"一些资源,",46,127,,1,步兵,乔强:民兵x158,30,24
2467578,10级山贼,10,30,26,"大批资源,有宝箱,",1848,5227,1793;1084,5,弓弩;战车;骑兵,湛聪:投石车x1882 | 和慕:骁骑兵x1755 | 申屠怡:骁骑兵x1635 | 束璧:骁骑兵x1667 | 郦霓:弩骑兵x2160,30,24
2465646,4级山贼,4,30,27,"很多资源,",151,442,,2,步兵,祖宕歆:民兵x1297 | 王冰诚:近卫兵x382,30,24
2465864,6级山贼,6,30,30,"大量资源,有宝箱,",386,883,1059,3,步兵;骑兵,闻人溪:铁骑兵x630 | 台萍:铁骑兵x656 | 王格笛:轻步兵x890,30,30
2463874,9级山贼,9,30,31,"大批资源,有宝箱,",1455,4259,,4,骑兵,池致:骁骑兵x1001 | 童闻:轻骑兵x1755 | 应远:骁骑兵x950 | 殴心潍:骁骑兵x982,30,30
2467447,9级山贼,9,30,32,"大批资源,有宝箱,",1500,3964,1072;1793,4,骑兵,段美:轻骑兵x1578 | 弓虎:轻骑兵x1694 | 荆儿:骁骑兵x974 | 令狐本可:骁骑兵x1076,30,30
2465802,5级山贼,5,30,33,"很多资源,",267,606,,2,弓弩,暴我:强弩兵x783 | 钟清:强弩兵x768,30,30
2468110,1级山贼,1,30,36,"一些资源,",53,103,,1,步兵,蓟叡悦:民兵x151,30,36
2467870,2级山贼,2,30,41,"许多资源,",92,229,,1,步兵,吉茗:民兵x305,30,36
2464055,6级山贼,6,30,43,"大量资源,有宝箱,",391,942,,3,弓弩;步兵;骑兵,滑凡:铁骑兵x563 | 师沉志:轻步兵x920 | 吴云:强弩兵x1200,30,42
2468780,1级山贼,1,30,44,"一些资源,",50,109,,1,步兵,席合彬:民兵x156,30,42
2468908,1级山贼,1,30,45,"一些资源,",42,102,,1,步兵,甄弘:民兵x135,30,42
2465217,2级山贼,2,30,46,"许多资源,",84,223,1039,1,步兵,席婕:民兵x290,30,42
2468010,7级山贼,7,30,48,"大批资源,",672,1454,1064,3,弓弩;步兵,籍路叡:强弩兵x1604 | 赖教玉:弓兵x514 | 段曼娇:轻步兵x1181,30,48
2465689,4级山贼,4,30,49,"很多资源,",156,406,,2,步兵,酆贞葱:重步兵x535 | 劳力为:重步兵x472,30,48
2465406,10级山贼,10,30,51,"大批资源,有宝箱,有装备,一些宝物,",1949,4788,1793;1793,5,弓弩;战车;骑兵,奚丹:弩骑兵x1832 | 顾家:投石车x2128 | 曲如:骁骑兵x1689 | 龚望明:骁骑兵x1821 | 亓官江:重弩车x755,30,48
2466873,8级山贼,8,30,54,"大批资源,有宝箱,有装备,",987,2380,1793,4,战车;骑兵,蒙韶齐:投石车x988 | 漆雕曦捷:骁骑兵x698 | 危娥:轻骑兵x1252 | 寿娴:轻骑兵x1258,30,54
2466426,8级山贼,8,31,0,"大批资源,",939,2551,1062,4,战车;骑兵,惠煦:骁骑兵x730 | 杜小:骁骑兵x703 | 怀菲访:骁骑兵x780 | 巢瑞:投石车x982,30,0
2468191,4级山贼,4,31,1,"很多资源,",170,442,,2,步兵,章璐:近卫兵x405 | 马晋伯:重步兵x496,30,0
2469344,3级山贼,3,31,2,"很多资源,有装备,",158,368,,1,步兵,奚北洁:民兵x877,30,0
2465512,4级山贼,4,31,3,"很多资源,",155,444,,2,步兵,别豇:重步兵x465 | 糜驽启:近卫兵x341,30,0
2468132,3级山贼,3,31,4,"许多资源,",157,316,,1,步兵,乐正鹤:民兵x808,30,0
2465756,10级山贼,10,31,5,"大批资源,有宝箱,",2182,5294,,5,弓弩;战车;骑兵,仰柏:弩骑兵x2135 | 殷亘项:弩骑兵x2175 | 谷运:骁骑兵x1701 | 卢鸿:弩车x259 | 宗正瑾唱:投石车x2031,30,0
2465247,10级山贼,10,31,7,"大批资源,有宝箱,一些宝物,",2081,4747,1793;1793;29441,5,弓弩;骑兵,荀程:弩骑兵x2127 | 鲁清:骁骑兵x1801 | 赵喷幼:骁骑兵x1818 | 宣澜:弩骑兵x2143 | 唐钋常:弩骑兵x1896,30,6
2464205,5级山贼,5,31,9,"大量资源,",257,770,,2,弓弩;骑兵,莫昱游:铁骑兵x374 | 盛丰童:弓兵x209,30,6
2468579,4级山贼,4,31,10,"很多资源,有宝箱,",157,468,13569,2,步兵,甘露问:近卫兵x366 | 韩从:民兵x1174,30,6
2469368,4级山贼,4,31,11,"很多资源,一些宝物,",159,498,,2,步兵,路昶:近卫兵x413 | 贾路:重步兵x483,30,6
2467730,7级山贼,7,31,13,"大批资源,有宝箱,",530,1558,13569,3,弓弩;骑兵,余馨彤:铁骑兵x925 | 夏诗:强弩兵x1487 | 隆淼:强弩兵x1702,30,12
2467606,7级山贼,7,31,16,"大批资源,",523,1549,,3,弓弩;骑兵,苍鹤:铁骑兵x929 | 厉千:强弩兵x1550 | 须黛:强弩兵x1720,30,12
2466282,8级山贼,8,31,17,"大批资源,",1050,2395,,4,战车;骑兵,乜兆富:轻骑兵x1155 | 屠泓:重弩车x332 | 贲雯澜:骁骑兵x724 | 骆听葱:轻骑兵x1204,30,12
2467783,5级山贼,5,31,18,"很多资源,",256,611,,2,弓弩;步兵,章香恩:强弩兵x801 | 甘图歌:轻步兵x469,30,18
2466786,5级山贼,5,31,19,"大量资源,",298,683,,2,步兵;骑兵,淳于路真:轻步兵x486 | 丁苍:铁骑兵x317,30,18
2469342,7级山贼,7,31,20,"大批资源,有宝箱,一些宝物,",525,1610,14849,3,弓弩;步兵;骑兵,步彩中:轻步兵x1156 | 隗荡访:铁骑兵x760 | 曲城锦:强弩兵x1451,30,18
2468071,1级山贼,1,31,22,"一些资源,",42,108,,1,步兵,丁畅萌:民兵x150,30,18
2469433,1级山贼,1,31,25,"一些资源,",49,110,,1,步兵,沈怀:民兵x153,30,24
2469618,9级山贼,9,31,27,"大批资源,",1518,3806,,4,骑兵,宗正筠:骁骑兵x988 | 蒙璐龙:骁骑兵x1001 | 壤驷清:骁骑兵x1067 | 车正人:骁骑兵x944,30,24
2469740,2级山贼,2,31,30,"许多资源,",92,289,,1,步兵,弓明秀:民兵x315,30,30
2464614,10级山贼,10,31,33,"大批资源,有宝箱,有装备,",2191,5268,1084,5,战车;骑兵,壤驷昶慈:弩车x207 | 惠胜懋:重弩车x739 | 申驹:重弩车x709 | 童鸿:骁骑兵x1610 | 熊游光:弩车x224,30,30
2463715,7级山贼,7,31,35,"大批资源,",657,1609,,3,弓弩;步兵;骑兵,党萱豇:轻步兵x1127 | 金悌:强弩兵x1496 | 水语:铁骑兵x770,30,30
2468069,2级山贼,2,31,36,"许多资源,",86,236,,1,步兵,连雪:民兵x316,30,36
2469533,8级山贼,8,31,37,"大批资源,有宝箱,一些宝物,",964,2420,,4,战车;骑兵,岑香容:重弩车x345 | 伊雨沁:轻骑兵x1211 | 云慈:骁骑兵x820 | 徐佩:骁骑兵x785,30,36
2465674,5级山贼,5,31,39,"很多资源,",263,725,,2,弓弩;步兵,乔阳彦:轻步兵x549 | 鲁莫尝:强弩兵x876,30,36
2469920,5级山贼,5,31,41,"很多资源,",277,728,,2,步兵;骑兵,董蝶:轻步兵x515 | 柯军昶:铁骑兵x346,30,36
2463908,2级山贼,2,31,42,"许多资源,",96,296,,1,步兵,太叔胜禧:民兵x299,30,42
2468822,6级山贼,6,31,44,"大量资源,有宝箱,",335,967,13569,3,弓弩;步兵;骑兵,惠丹:铁骑兵x655 | 公羊铄:轻步兵x931 | 全鸿:强弩兵x1138,30,42
2465760,3级山贼,3,31,45,"很多资源,",144,371,,1,步兵,司马楠:民兵x850,30,42
2464647,2级山贼,2,31,47,"许多资源,",89,204,,1,步兵,许晔:民兵x276,30,42
2469853,5级山贼,5,31,48,"很多资源,有宝箱,",259,749,13569,2,步兵;骑兵,江小:轻步兵x505 | 史瑞:铁骑兵x333,30,48
2467316,6级山贼,6,31,51,"大量资源,",329,855,1059,3,弓弩;步兵;骑兵,梁丘木:铁骑兵x587 | 甘轩华:轻步兵x873 | 乜煦:强弩兵x1140,30,48
2466261,6级山贼,6,31,52,"大量资源,",325,877,,3,弓弩;骑兵,訾歆:铁骑兵x627 | 劳捷:弓兵x411 | 萧邪:弓兵x407,30,48
2466414,6级山贼,6,31,54,"大量资源,有宝箱,有装备,",327,984,,3,弓弩;骑兵,扈巍鑫:强弩兵x1221 | 张芙:铁骑兵x623 | 赵小:强弩兵x1247,30,54
2466267,10级山贼,10,31,55,"大批资源,有宝箱,有装备,许多宝物,",1828,5120,1084;1083,5,弓弩;战车;骑兵,蒲玉:骁骑兵x1937 | 国刚:弩骑兵x1921 | 匡偲霓:重弩车x702 | 糜鸾:弩骑兵x2148 | 姬菲桂:投石车x1913,30,54
2468305,2级山贼,2,32,0,"许多资源,",92,205,,1,步兵,解迈:民兵x326,30,0
2464712,7级山贼,7,32,1,"大批资源,有宝箱,",565,1669,,3,弓弩;骑兵,茅瑞:铁骑兵x918 | 嵇柏虞:弓兵x597 | 养慈商:铁骑兵x884,30,0
2467672,7级山贼,7,32,11,"大批资源,",644,1474,1064,3,弓弩;骑兵,尉迟丰:弓兵x523 | 雷琪:铁骑兵x920 | 乐杉栩:铁骑兵x876,30,6
2463064,3级山贼,3,32,12,"许多资源,",157,344,,1,步兵,干正桂:民兵x836,30,12
2469439,7级山贼,7,32,13,"大批资源,有宝箱,",519,1607,,3,弓弩;步兵,柳佑:弓兵x570 | 惠莫:轻步兵x1119 | 经项:强弩兵x1428,30,12
2464869,6级山贼,6,32,14,"大量资源,有宝箱,",334,935,1059,3,弓弩;步兵,空曼羽:强弩兵x1145 | 宇文哲:强弩兵x1217 | 莫明:轻步兵x904,30,12
2466670,8级山贼,8,32,15,"大批资源,有装备,一些宝物,",1033,2380,,4,战车;骑兵,郗益:轻骑兵x1290 | 钱懋琦:投石车x1037 | 栾颀:轻骑兵x1209 | 国天:骁骑兵x819,30,12
2467740,3级山贼,3,32,28,"许多资源,",155,320,,1,步兵,应巧:民兵x827,30,24
2468532,9级山贼,9,32,29,"大批资源,有宝箱,",1446,4120,,4,战车;骑兵,麻烟:投石车x1258 | 万瑶:骁骑兵x907 | 索芹月:投石车x1207 | 璩望茵:轻骑兵x1547,30,24
2465952,10级山贼,10,32,31,"大批资源,有宝箱,",1985,4655,1793;1793,5,弓弩;战车,车颜:投石车x1877 | 龙游:投石车x1973 | 禄诗好:弩骑兵x2159 | 廉云:投石车x2125 | 惠然格:弩车x258,30,30
2465806,7级山贼,7,32,32,"大批资源,",617,1467,,3,步兵;骑兵,谷我洁:轻步兵x1187 | 常自远:轻步兵x1112 | 黎丹:铁骑兵x878,30,30
2463693,9级山贼,9,32,33,"大批资源,",1675,3674,1074;1074,4,战车;骑兵,蓬誉:投石车x1323 | 胡颜昶:骁骑兵x990 | 昝慧:骁骑兵x996 | 厉焕:投石车x1360,30,30
2464206,8级山贼,8,32,42,"大批资源,",946,2461,,4,战车;骑兵,胥菲语:投石车x927 | 陈载泉:投石车x928 | 单于尚运:轻骑兵x1101 | 屠捷:投石车x939,30,42
2464417,6级山贼,6,32,48,"大量资源,有宝箱,",370,994,,3,弓弩;步兵;骑兵,郎若:轻步兵x805 | 金海:铁骑兵x543 | 孙问:强弩兵x1023,30,48
2464444,4级山贼,4,32,49,"很多资源,",153,497,1049,2,步兵,王城河:近卫兵x368 | 申初:重步兵x465,30,48
2464531,1级山贼,1,32,51,"一些资源,",44,104,,1,步兵,西门简:民兵x147,30,48
2466072,2级山贼,2,32,55,"许多资源,",87,219,,1,步兵,祖林豫:民兵x288,30,54
2467922,6级山贼,6,33,0,"大量资源,",304,901,,3,弓弩;步兵,马元宁:轻步兵x924 | 徐笑:轻步兵x876 | 文翊实:强弩兵x1245,33,0
2464158,6级山贼,6,33,1,"大量资源,有宝箱,",344,808,,3,弓弩;骑兵,梁淼枫:铁骑兵x541 | 冉放:铁骑兵x540 | 庚帅:弓兵x401,33,0
2465448,8级山贼,8,33,2,"大批资源,",1073,2307,1069;1064,4,战车;骑兵,申辐清:骁骑兵x703 | 龙艾:轻骑兵x1297 | 农玟向:投石车x1019 | 廉民:重弩车x347,33,0
2463635,10级山贼,10,33,4,"大批资源,",2080,4622,1081;1080,5,弓弩;骑兵,牧卿:弩骑兵x1846 | 经温:骁骑兵x1989 | 夏济石:骁骑兵x1681 | 于玉乾:弩骑兵x2174 | 仰兆翠:骁骑兵x1833,33,0
2469096,6级山贼,6,33,5,"大量资源,",368,985,,3,弓弩;步兵;骑兵,卢丰筠:强弩兵x1075 | 廉中:轻步兵x915 | 韦朗:铁骑兵x583,33,0
2467776,3级山贼,3,33,8,"很多资源,",149,384,,1,步兵,郭盼华:民兵x823,33,6
2464183,6级山贼,6,33,10,"大量资源,有宝箱,",367,976,14849,3,弓弩;步兵,令狐萱:轻步兵x914 | 敖晋:轻步兵x859 | 荀谊靖:弓兵x344,33,6
2468396,1级山贼,1,33,12,"一些资源,",42,100,1034,1,步兵,淳于颜:民兵x152,33,12
2467416,8级山贼,8,33,13,"大批资源,",935,2524,1069,4,战车;骑兵,姚兆:轻骑兵x1169 | 丰家映:投石车x937 | 薛胜:轻骑兵x1194 | 司徒洁:骁骑兵x713,33,12
2464491,6级山贼,6,33,14,"大量资源,",334,831,1059,3,弓弩;骑兵,洪谊:强弩兵x1187 | 秦扬半:铁骑兵x614 | 鲁仙:铁骑兵x540,33,12
2466776,6级山贼,6,33,16,"大量资源,",325,917,,3,弓弩;步兵;骑兵,萧山亦:弓兵x342 | 柏姝馨:铁骑兵x655 | 乐朝:轻步兵x936,33,12
2468458,9级山贼,9,33,17,"大批资源,",1779,3965,,4,战车;骑兵,林嫒:投石车x1240 | 宗捷望:投石车x1312 | 韩奇曼:骁骑兵x1065 | 贺寒豆:骁骑兵x911,33,12
2465227,5级山贼,5,33,21,"很多资源,",262,720,,2,弓弩,路夏:强弩兵x728 | 昌琛丹:弓兵x211,33,18
2465727,1级山贼,1,33,22,"一些资源,",57,148,,1,步兵,晁翠霁:民兵x144,33,18
2468599,10级山贼,10,33,24,"大批资源,有宝箱,有装备,",1884,4636,,5,弓弩;战车;骑兵,叶方云:重弩车x729 | 柯卫:弩骑兵x1873 | 欧阳卓:骁骑兵x1782 | 闻鑫盼:重弩车x708 | 司松:骁骑兵x1883,33,24
2469810,3级山贼,3,33,25,"很多资源,",147,352,,1,步兵,梅贤:民兵x858,33,24
2463790,3级山贼,3,33,26,"很多资源,",142,346,,1,步兵,喻悦:民兵x897,33,24
2466299,4级山贼,4,33,28,"很多资源,",165,489,1049,2,步兵,冀尚:近卫兵x340 | 司迎斯:重步兵x466,33,24
2467299,6级山贼,6,33,29,"大量资源,",304,943,,3,弓弩;骑兵,容与适:强弩兵x1046 | 江格厚:铁骑兵x655 | 茅彤:铁骑兵x616,33,24
2469405,5级山贼,5,33,31,"很多资源,",291,752,,2,弓弩,景艺栩:强弩兵x784 | 乜懏麟:强弩兵x839,33,30
2464755,8级山贼,8,33,32,"大批资源,有宝箱,",1028,2706,1793,4,战车;骑兵,柳丽:骁骑兵x741 | 丛桂:投石车x1066 | 封魄真:骁骑兵x746 | 边松:骁骑兵x817,33,30
2463968,8级山贼,8,33,33,"大批资源,有装备,",950,2517,,4,战车;骑兵,广北旎:轻骑兵x1216 | 钟娴:重弩车x377 | 丁慈:轻骑兵x1277 | 羊玉悦:骁骑兵x682,33,30
2465287,3级山贼,3,33,34,"很多资源,",148,352,,1,步兵,史如艾:民兵x868,33,30
2463545,7级山贼,7,33,35,"大批资源,有宝箱,",697,1555,14849;1062,3,弓弩;骑兵,靳绮:强弩兵x1488 | 汲彤慧:铁骑兵x807 | 甄舟:铁骑兵x786,33,30
2467607,3级山贼,3,33,38,"许多资源,",149,373,,1,步兵,弓逸:民兵x790,33,36
2464147,3级山贼,3,33,39,"很多资源,有装备,",144,358,,1,步兵,邬千潇:民兵x789,33,36
2465720,6级山贼,6,33,44,"大量资源,有宝箱,一些宝物,",325,946,1059,3,弓弩;步兵,蒙容彬:轻步兵x863 | 边卫:弓兵x374 | 柯初:轻步兵x781,33,42
2466669,4级山贼,4,33,46,"很多资源,",153,418,,2,步兵,寿笛邪:近卫兵x390 | 柳映祺:重步兵x508,33,42
2465230,5级山贼,5,33,54,"很多资源,",290,668,,2,弓弩;步兵,邹捷:轻步兵x457 | 靳许:强弩兵x780,33,54
2467510,4级山贼,4,33,55,"很多资源,",160,489,,2,步兵,陶之阳:重步兵x539 | 平今:重步兵x453,33,54
2468977,3级山贼,3,34,1,"很多资源,",157,334,,1,步兵,厉尘:民兵x836,33,0
2467119,3级山贼,3,34,2,"很多资源,",152,320,,1,步兵,柳真菲:民兵x790,33,0
2469020,6级山贼,6,34,3,"大量资源,一些宝物,",325,885,,3,弓弩;步兵,洪发:弓兵x358 | 慕双图:轻步兵x800 | 余潇:弓兵x405,33,0
2465982,4级山贼,4,34,4,"很多资源,",179,447,,2,步兵,杭语:近卫兵x347 | 甄言:民兵x1267,33,0
2463438,7级山贼,7,34,6,"大批资源,有宝箱,",677,1678,1064;13570,3,步兵;骑兵,牛萍:轻步兵x1114 | 石枫:铁骑兵x926 | 陶胜楠:铁骑兵x800,33,6
2469128,6级山贼,6,34,7,"大量资源,有宝箱,",388,920,14849;13569,3,弓弩;步兵;骑兵,东广双:强弩兵x1263 | 庚黛:轻步兵x832 | 冉佑祺:铁骑兵x542,33,6
2466446,6级山贼,6,34,8,"大量资源,",382,948,,3,步兵,步冉:轻步兵x834 | 秦程夜:轻步兵x790 | 汲仲真:轻步兵x791,33,6
2468286,2级山贼,2,34,9,"许多资源,",84,236,,1,步兵,程玥:民兵x314,33,6
2463820,4级山贼,4,34,10,"很多资源,",154,458,,2,步兵,骆明:民兵x1193 | 郝彤剑:民兵x1112,33,6
2464595,10级山贼,10,34,11,"大批资源,有宝箱,有装备,",1927,4738,1084;1793,5,弓弩;战车;骑兵,韦琴艾:重弩车x770 | 司凝柳:骁骑兵x1804 | 巢芷:弩骑兵x2033 | 戈放:弩车x203 | 沙瑞柔:重弩车x704,33,6
2463587,5级山贼,5,34,12,"很多资源,",266,602,,2,弓弩;骑兵,索希洁:铁骑兵x351 | 臧行友:弓兵x217,33,12
2465340,6级山贼,6,34,14,"大量资源,一些宝物,",379,898,,3,步兵;骑兵,晁舟懋:轻步兵x775 | 祖工:铁骑兵x601 | 单于蝶:轻步兵x788,33,12
2463269,4级山贼,4,34,15,"很多资源,",175,489,1049,2,步兵,敖纳:近卫兵x398 | 蔺怜奇:重步兵x514,33,12
2467894,4级山贼,4,34,17,"很多资源,",179,436,,2,步兵,洪楠:近卫兵x379 | 乌均翔:近卫兵x348,33,12
2465946,3级山贼,3,34,18,"很多资源,",156,343,,1,步兵,惠原誉:民兵x837,33,18
2464382,4级山贼,4,34,21,"很多资源,",155,479,,2,步兵,韩菲:近卫兵x404 | 牧吉:重步兵x548,33,18
2469131,9级山贼,9,34,22,"大批资源,有宝箱,",1480,4191,,4,战车;骑兵,侯珊:投石车x1329 | 章烁以:骁骑兵x961 | 陶珠玉:轻骑兵x1606 | 姬同:轻骑兵x1457,33,18
2463126,10级山贼,10,34,23,"大批资源,有宝箱,有装备,",2031,4955,1076;1084,5,弓弩;战车,昌桢煊:弩骑兵x2188 | 郗嫒:弩骑兵x2192 | 胥望谷:重弩车x772 | 翟觅:弩骑兵x2110 | 边黎智:投石车x2017,33,18
2466963,6级山贼,6,34,25,"大量资源,有宝箱,一些宝物,",400,908,,3,弓弩;步兵;骑兵,羿材:轻步兵x818 | 郎方单:铁骑兵x611 | 邴楠莫:强弩兵x1240,33,24
2463506,2级山贼,2,34,26,"许多资源,",86,235,,1,步兵,羿祈:民兵x322,33,24
2469487,10级山贼,10,34,27,"大批资源,有宝箱,一些宝物,",2040,4869,1084;1080,5,战车;骑兵,臧宾乾:重弩车x677 | 池元:重弩车x796 | 米纶渊:骁骑兵x1661 | 鱼奕衍:投石车x2185 | 郦新笛:骁骑兵x1710,33,24
2464358,9级山贼,9,34,31,"大批资源,有宝箱,有装备,一些宝物,",1537,4059,1073,4,战车;骑兵,寿咏:轻骑兵x1742 | 暨全福:骁骑兵x1056 | 巩骏寒:重弩车x515 | 濮阳哲和:投石车x1291,33,30
2465354,2级山贼,2,34,32,"许多资源,",95,264,,1,步兵,欧阳沉潍:民兵x275,33,30
2465195,2级山贼,2,34,36,"许多资源,",81,236,,1,步兵,柏秋:民兵x324,33,36
2464653,4级山贼,4,34,38,"很多资源,",163,458,1049,2,步兵,鱼昶:民兵x1190 | 郑蕊今:重步兵x468,33,36
2463566,7级山贼,7,34,44,"大批资源,",502,1475,1064,3,弓弩;骑兵,宗政煊:铁骑兵x798 | 关祥:弓兵x517 | 单友和:强弩兵x1616,33,42
2466063,5级山贼,5,34,45,"很多资源,",266,674,,2,弓弩,巢笛为:弓兵x229 | 家澄:强弩兵x756,33,42
2466687,7级山贼,7,34,46,"大批资源,有宝箱,",572,1616,14849;1064,3,骑兵,云捷:铁骑兵x937 | 秋与岑:铁骑兵x872 | 张容:铁骑兵x908,33,42
2467279,2级山贼,2,34,47,"许多资源,",92,227,1039,1,步兵,余自畴:民兵x318,33,42
2467021,4级山贼,4,34,54,"很多资源,",161,447,,2,步兵,万年:民兵x1138 | 常邦:近卫兵x358,33,54
2467330,8级山贼,8,34,55,"大批资源,",1052,2380,1069;1069,4,战车;骑兵,庄苍:轻骑兵x1201 | 纪熏:轻骑兵x1269 | 丰琛赫:重弩车x336 | 广曼:投石车x910,33,54
2465269,8级山贼,8,35,0,"大批资源,有装备,",951,2260,1069;16779777,4,战车;骑兵,马玥凝:重弩车x376 | 司马璐墨:轻骑兵x1192 | 屈旎:轻骑兵x1187 | 宗政拓苑:轻骑兵x1233,33,0
2467643,4级山贼,4,35,1,"很多资源,有宝箱,",161,495,13569,2,步兵,籍香潍:近卫兵x348 | 麻漫:近卫兵x360,33,0
2466523,10级山贼,10,35,2,"大批资源,有宝箱,一些宝物,",1914,4687,1084,5,弓弩;战车;骑兵,郏韦赡:弩骑兵x2150 | 支菲:重弩车x787 | 水煦於:重弩车x672 | 卢简:弩骑兵x1873 | 戈佑丰:骁骑兵x1864,33,0
2467182,7级山贼,7,35,3,"大批资源,有宝箱,",607,1619,1064,3,弓弩;步兵;骑兵,殳奇:强弩兵x1412 | 淳于珠:轻步兵x1240 | 岑赋芸:铁骑兵x934,33,0
2467577,2级山贼,2,35,6,"许多资源,",99,258,,1,步兵,印同:民兵x327,33,6
2463387,4级山贼,4,35,7,"很多资源,",166,430,,2,步兵,施羽:重步兵x476 | 缪映:民兵x1135,33,6
2466567,5级山贼,5,35,13,"大量资源,一些宝物,",286,784,4097,2,弓弩;骑兵,山丹:强弩兵x737 | 花翊:铁骑兵x371,33,12
2469552,3级山贼,3,35,19,"许多资源,",153,317,,1,步兵,冀骏蔼:民兵x782,33,18
2464574,9级山贼,9,35,20,"大批资源,有宝箱,",1471,3871,,4,战车;骑兵,殴旷:骁骑兵x960 | 谢空:轻骑兵x1488 | 应听:投石车x1313 | 台拔:投石车x1230,33,18
2467333,8级山贼,8,35,21,"大批资源,",1059,2692,,4,战车;骑兵,瞿从:骁骑兵x712 | 郦尔:投石车x1077 | 通量昕:投石车x1082 | 庄菱:轻骑兵x1257,33,18
2465761,4级山贼,4,35,30,"很多资源,",179,440,,2,步兵,惠宇:民兵x1138 | 漆雕原郎:近卫兵x385,33,30
2466830,3级山贼,3,35,36,"许多资源,有装备,",146,319,1044;16787457,1,步兵,巩专:民兵x819,33,36
2463640,9级山贼,9,35,38,"大批资源,一些宝物,",1584,4400,29441,4,骑兵,鱼硕:轻骑兵x1578 | 艾路:轻骑兵x1646 | 印绍:骁骑兵x904 | 山茜:轻骑兵x1784,33,36
2466870,4级山贼,4,35,42,"很多资源,",169,476,,2,步兵,卜权:重步兵x534 | 冷晋怜:近卫兵x394,33,42
2469306,6级山贼,6,35,55,"大量资源,",344,919,,3,弓弩;骑兵,吉怀:强弩兵x1038 | 仇桂:铁骑兵x596 | 相里江:强弩兵x1219,33,54
2463055,8级山贼,8,36,0,"大批资源,",1070,2309,,4,战车;骑兵,弘杉:轻骑兵x1298 | 向嗣:重弩车x333 | 匡良:骁骑兵x788 | 漆雕甲慈:重弩车x331,36,0
2464815,4级山贼,4,36,1,"很多资源,有宝箱,",172,485,13569,2,步兵,柴祖柳:重步兵x519 | 龚乐:重步兵x496,36,0
2465995,4级山贼,4,36,2,"很多资源,",150,481,,2,步兵,阚芸绪:重步兵x543 | 卢程:重步兵x505,36,0
2469009,7级山贼,7,36,3,"大批资源,有宝箱,",557,1520,,3,弓弩;骑兵,郦和:弓兵x590 | 乜葱:铁骑兵x868 | 湛如闻:铁骑兵x783,36,0
2466186,4级山贼,4,36,4,"很多资源,",179,407,,2,步兵,裴禧:近卫兵x347 | 车正从义:近卫兵x359,36,0
2465298,2级山贼,2,36,5,"许多资源,",92,216,,1,步兵,瞿悌千:民兵x286,36,0
2463682,7级山贼,7,36,7,"大批资源,",689,1644,1064,3,弓弩;步兵;骑兵,晁莹:铁骑兵x765 | 松绍恒:轻步兵x1183 | 聂喷:弓兵x527,36,6
2465569,4级山贼,4,36,9,"很多资源,",173,425,,2,步兵,仲长鹤熙:近卫兵x355 | 南门雅:近卫兵x383,36,6
2467517,5级山贼,5,36,11,"很多资源,",283,640,,2,弓弩;步兵,阙煦栩:强弩兵x858 | 麻人福:轻步兵x498,36,6
2464797,4级山贼,4,36,18,"很多资源,",154,470,,2,步兵,阚薇:重步兵x480 | 史鲲:民兵x1137,36,18
2465579,9级山贼,9,36,20,"大批资源,有宝箱,一些宝物,",1454,3606,1793;1074,4,战车;骑兵,郎烁南:轻骑兵x1668 | 苍朗桂:骁骑兵x952 | 秋千宛:投石车x1242 | 隗海天:骁骑兵x1091,36,18
2468531,7级山贼,7,36,21,"大批资源,有宝箱,一些宝物,",528,1619,13570;3073,3,弓弩;骑兵,越菡:弓兵x513 | 荀楠豇:铁骑兵x918 | 祖丹:强弩兵x1797,36,18
2467174,2级山贼,2,36,25,"许多资源,",88,213,1039,1,步兵,扈卿柏:民兵x320,36,24
2468495,4级山贼,4,36,27,"很多资源,",174,414,,2,步兵,别觉悌:重步兵x518 | 景芷燕:近卫兵x373,36,24
2464042,7级山贼,7,36,29,"大批资源,有宝箱,",551,1541,14849,3,弓弩;步兵,叶夏:轻步兵x1217 | 吉彤:强弩兵x1624 | 封初洁:轻步兵x1287,36,24
2463427,2级山贼,2,36,36,"许多资源,",98,218,,1,步兵,申奕怡:民兵x278,36,36
2466204,5级山贼,5,36,40,"很多资源,",252,753,1054,2,步兵;骑兵,廉游瑶:铁骑兵x333 | 逄苑:轻步兵x508,36,36
2466659,5级山贼,5,36,41,"很多资源,",295,602,,2,弓弩;骑兵,吕识萌:铁骑兵x337 | 殷潇:弓兵x211,36,36
2469038,7级山贼,7,36,42,"大批资源,",694,1656,,3,弓弩;骑兵,施旋:强弩兵x1476 | 姚魁舟:铁骑兵x781 | 童香雨:弓兵x524,36,42
2465652,8级山贼,8,36,47,"大批资源,有宝箱,",1070,2729,,4,战车;骑兵,曾桂:投石车x944 | 公良教:重弩车x344 | 安学赋:骁骑兵x737 | 雍人旋:投石车x946,36,42
2463889,7级山贼,7,36,48,"大批资源,有宝箱,",567,1693,14849;14849,3,弓弩;骑兵,程通:铁骑兵x869 | 饶潍旋:强弩兵x1413 | 冀涉翔:铁骑兵x816,36,48
2465260,6级山贼,6,36,50,"大量资源,",391,834,1059,3,弓弩;步兵,焦基:轻步兵x915 | 隗文琛:强弩兵x1207 | 公西萍:强弩兵x1108,36,48
2464152,9级山贼,9,36,53,"大批资源,有宝箱,",1421,3967,,4,战车;骑兵,沈书:骁骑兵x1002 | 劳倩:投石车x1285 | 连力:骁骑兵x997 | 裴君纶:骁骑兵x936,36,48
2466839,4级山贼,4,37,0,"很多资源,有宝箱,",165,465,13569,2,步兵,东方小:重步兵x515 | 贺玟:重步兵x531,36,0
2466730,4级山贼,4,37,1,"很多资源,",154,424,,2,步兵,越容驰:重步兵x515 | 台真:近卫兵x353,36,0
2463966,3级山贼,3,37,2,"很多资源,",145,391,,1,步兵,习鹂婕:民兵x838,36,0
2465033,10级山贼,10,37,4,"大批资源,有宝箱,有装备,一些宝物,",1986,5466,1793;1793,5,弓弩;战车;骑兵,暨咏:弩车x205 | 红映:弩骑兵x1998 | 幸齐昶:弩骑兵x1960 | 王兴笛:骁骑兵x1905 | 胥谷金:弩车x206,36,0
2468251,2级山贼,2,37,7,"许多资源,",89,210,,1,步兵,梁禹:民兵x303,36,6
2466457,10级山贼,10,37,9,"大批资源,有宝箱,有装备,一些宝物,",1924,4520,,5,战车;骑兵,戎邪:骁骑兵x1740 | 储倩:投石车x2169 | 蒙悦采:骁骑兵x1696 | 黄心凡:弩车x254 | 应恒:重弩车x722,36,6
2464830,5级山贼,5,37,10,"很多资源,有装备,",258,680,16787713,2,步兵;骑兵,傅怀悟:铁骑兵x323 | 阎允:轻步兵x459,36,6
2464461,9级山贼,9,37,19,"大批资源,有宝箱,一些宝物,",1487,4238,,4,战车;骑兵,单莲靖:轻骑兵x1650 | 胥吉:投石车x1388 | 昌凝:骁骑兵x912 | 车泓气:骁骑兵x1003,36,18
2468490,2级山贼,2,37,21,"许多资源,",85,219,,1,步兵,须璧菡:民兵x325,36,18
2463083,3级山贼,3,37,23,"许多资源,",143,337,1044,1,步兵,羊石渊:民兵x858,36,18
2469611,3级山贼,3,37,26,"许多资源,",150,317,,1,步兵,台进同:民兵x856,36,24
2465184,6级山贼,6,37,27,"大量资源,一些宝物,",329,982,4097,3,弓弩,卜君:弓兵x368 | 云锵:强弩兵x1091 | 臧鹍甫:强弩兵x1204,36,24
2463529,3级山贼,3,37,28,"许多资源,",158,309,,1,步兵,井硕吉:民兵x854,36,24
2465965,2级山贼,2,37,29,"许多资源,",91,244,1039,1,步兵,须畅:民兵x300,36,24
2468342,5级山贼,5,37,37,"很多资源,",291,790,1054,2,骑兵,党初:铁骑兵x323 | 双向:铁骑兵x354,36,36
2466084,7级山贼,7,37,39,"大批资源,有宝箱,",621,1504,13570,3,弓弩;骑兵,穆双:铁骑兵x861 | 卜益兆:强弩兵x1584 | 秦绍晖:强弩兵x1488,36,36
2466724,7级山贼,7,37,45,"大批资源,有宝箱,有装备,",661,1625,14849,3,弓弩;步兵;骑兵,弓洲:强弩兵x1491 | 苏年亭:铁骑兵x855 | 慎阵伟:轻步兵x1255,36,42
2463358,5级山贼,5,37,46,"很多资源,有装备,",253,635,,2,弓弩;步兵,宋擎:轻步兵x459 | 相里深巍:强弩兵x843,36,42
2469448,3级山贼,3,37,48,"许多资源,",155,326,,1,步兵,臧然:民兵x810,36,48
2467471,2级山贼,2,37,49,"许多资源,",85,258,1039,1,步兵,徐尝:民兵x295,36,48
2467594,6级山贼,6,37,50,"大量资源,有装备,",334,831,1059,3,弓弩;步兵,桑幻锖:轻步兵x933 | 柴昂:弓兵x381 | 都之:弓兵x413,36,48
2465845,2级山贼,2,37,51,"许多资源,",95,258,,1,步兵,平澜儿:民兵x308,36,48
2466854,1级山贼,1,37,52,"一些资源,",45,134,,1,步兵,濮歌:民兵x136,36,48
2469536,6级山贼,6,37,53,"大量资源,一些宝物,",354,925,4097,3,骑兵,暨听彩:铁骑兵x584 | 暨举:铁骑兵x628 | 秋恩飇:铁骑兵x635,36,48
2468987,5级山贼,5,38,6,"很多资源,有宝箱,",265,631,,2,弓弩;步兵,杜辐栋:弓兵x198 | 崔凌禧:轻步兵x492,36,6
2468170,3级山贼,3,38,7,"很多资源,",152,363,,1,步兵,劳希昂:民兵x831,36,6
2469064,7级山贼,7,38,19,"大批资源,有宝箱,",566,1652,,3,弓弩;步兵;骑兵,汲雅:轻步兵x1264 | 倪靖澄:铁骑兵x857 | 公羊春:强弩兵x1408,36,18
2466993,4级山贼,4,38,20,"很多资源,",175,494,,2,步兵,孔邈基:近卫兵x418 | 邱赋:重步兵x515,36,18
2468289,9级山贼,9,38,24,"大批资源,有宝箱,",1598,4069,,4,战车;骑兵,洪嫒江:骁骑兵x920 | 籍靖周:轻骑兵x1573 | 杭熏沁:骁骑兵x1060 | 郑拓:重弩车x468,36,24
2469327,2级山贼,2,38,36,"许多资源,",80,268,,1,步兵,璩楠:民兵x289,36,36
2469060,3级山贼,3,38,37,"许多资源,",152,316,,1,步兵,云茜丹:民兵x823,36,36
2468277,7级山贼,7,38,38,"大批资源,",502,1470,1064;1064,3,弓弩;步兵,鲍韦全:弓兵x511 | 亓官与雯:强弩兵x1667 | 越泓:轻步兵x1150,36,36
2466952,3级山贼,3,38,44,"很多资源,",157,366,,1,步兵,耿双:民兵x891,36,42
2468756,6级山贼,6,38,46,"大量资源,有宝箱,一些宝物,",362,964,,3,弓弩;步兵;骑兵,甘晓:轻步兵x819 | 路燕悦:弓兵x358 | 邴谙:铁骑兵x549,36,42
2465085,10级山贼,10,38,48,"大批资源,有宝箱,一些宝物,",1911,5157,1081;17409,5,弓弩;战车;骑兵,卓通:投石车x2082 | 昌泉北:骁骑兵x1609 | 崔珠君:弩骑兵x2089 | 毕冉:骁骑兵x1918 | 丰边超:投石车x2168,36,48
2469904,3级山贼,3,38,49,"很多资源,",152,329,,1,步兵,厉识:民兵x883,36,48
2466244,1级山贼,1,39,1,"一些资源,",40,120,,1,步兵,钟离邪:民兵x156,39,0
2469152,8级山贼,8,39,2,"大批资源,有宝箱,有装备,一些宝物,",1032,2650,,4,战车;骑兵,景南子:重弩车x332 | 阎丹璐:重弩车x367 | 贡诗:骁骑兵x785 | 印冀:骁骑兵x723,39,0
2463075,7级山贼,7,39,3,"大批资源,有宝箱,",508,1686,13569,3,弓弩;步兵,饶辰禧:轻步兵x1224 | 丛舟栋:强弩兵x1690 | 查适冰:强弩兵x1644,39,0
2466485,8级山贼,8,39,4,"大批资源,",998,2750,,4,战车;骑兵,林气鸣:重弩车x326 | 邢厚:轻骑兵x1160 | 郗霜泽:骁骑兵x799 | 焦籁烟:轻骑兵x1293,39,0
2463181,6级山贼,6,39,5,"大量资源,有宝箱,",361,839,1059,3,弓弩;步兵;骑兵,宰鸣堂:轻步兵x902 | 孟珍:铁骑兵x566 | 车正虞念:强弩兵x1255,39,0
2466995,9级山贼,9,39,6,"大批资源,有宝箱,一些宝物,",1593,4122,1793,4,战车;骑兵,荣杉:骁骑兵x913 | 常鑫:投石车x1248 | 劳祯:重弩车x476 | 广卿萌:投石车x1373,39,6
2465363,1级山贼,1,39,7,"一些资源,",45,125,1033,1,步兵,窦柔:民兵x140,39,6
2469174,4级山贼,4,39,8,"很多资源,有宝箱,",164,430,13569,2,步兵,戴彦华:民兵x1174 | 郗略璞:近卫兵x358,39,6
2465314,6级山贼,6,39,10,"大量资源,有宝箱,",344,943,,3,弓弩;步兵,宓宁绍:弓兵x356 | 宗政斯顺:轻步兵x907 | 朱慈漠:轻步兵x929,39,6
2469134,2级山贼,2,39,11,"许多资源,",86,234,,1,步兵,伍嫒:民兵x329,39,6
2463737,7级山贼,7,39,15,"大批资源,",562,1557,1064;1064,3,弓弩;骑兵,羿河涵:强弩兵x1551 | 仰虹昂:铁骑兵x852 | 廖夏醒:铁骑兵x924,36,12
2463664,1级山贼,1,39,16,"一些资源,",40,132,1034,1,步兵,徐蕾合:民兵x165,36,12
2467073,9级山贼,9,39,17,"大批资源,有宝箱,一些宝物,",1507,4095,29441;3073,4,战车;骑兵,夔代芮:骁骑兵x1037 | 单于瑞漫:骁骑兵x969 | 史绿:重弩车x504 | 齐路苑:重弩车x462,36,12
2464404,1级山贼,1,39,18,"一些资源,",46,148,,1,步兵,戚敏从:民兵x143,39,18
2464691,5级山贼,5,39,20,"很多资源,有宝箱,",281,690,,2,弓弩;步兵,鞠凡荫:轻步兵x488 | 卫穹:强弩兵x762,39,18
2463316,10级山贼,10,39,21,"大批资源,有宝箱,一些宝物,",2103,4898,1084;29441,5,弓弩;战车;骑兵,谷馨:弩骑兵x2094 | 孔翼童:骁骑兵x1940 | 糜心赋:投石车x1920 | 谷福:弩车x217 | 郭冷云:投石车x1910,39,18
2467867,3级山贼,3,39,22,"很多资源,",150,390,,1,步兵,皇甫颀:民兵x807,39,18
2465824,9级山贼,9,39,24,"大批资源,有宝箱,一些宝物,",1749,3754,1793;1793,4,骑兵,殳卉楠:轻骑兵x1642 | 申屠琛蕊:骁骑兵x1005 | 皮晗涵:轻骑兵x1463 | 朱晶:骁骑兵x1025,39,24
2465853,5级山贼,5,39,25,"大量资源,有宝箱,",299,733,,2,弓弩;步兵,季复:弓兵x200 | 鲍辰容:轻步兵x461,39,24
2464722,7级山贼,7,39,26,"大批资源,有宝箱,一些宝物,",582,1500,,3,弓弩;步兵,宓瑞邪:轻步兵x1190 | 赵姮:强弩兵x1796 | 蓟虹茜:强弩兵x1587,39,24
2464931,2级山贼,2,39,27,"许多资源,",92,253,,1,步兵,窦颀:民兵x274,39,24
2467111,1级山贼,1,39,29,"一些资源,",47,117,,1,步兵,董才范:民兵x136,39,24
2468496,10级山贼,10,39,30,"大批资源,有宝箱,一些宝物,",2161,5248,1074;1084,5,弓弩;战车;骑兵,宦赋雄:弩骑兵x2003 | 甘赋蔚:骁骑兵x1884 | 水佑:重弩车x690 | 幸冉沁:投石车x1987 | 杜醉:弩骑兵x1838,36,30
2464315,6级山贼,6,39,31,"大量资源,",355,942,1059,3,弓弩;步兵;骑兵,柯乐格:铁骑兵x587 | 纪从:轻步兵x887 | 温韶:强弩兵x1249,36,30
2465325,9级山贼,9,39,33,"大批资源,有宝箱,",1465,4212,,4,战车;骑兵,水图启:重弩车x488 | 芮明:投石车x1271 | 聂念:骁骑兵x1074 | 芮潇云:骁骑兵x1070,36,30
2467163,10级山贼,10,39,35,"大批资源,有宝箱,",1957,4833,,5,弓弩;骑兵,寿茜:骁骑兵x1873 | 养礼为:骁骑兵x1922 | 李颖婉:骁骑兵x1883 | 弓齐:弩骑兵x1882 | 公良虞:骁骑兵x1901,36,30
2467874,2级山贼,2,39,36,"许多资源,",98,225,,1,步兵,冷颀:民兵x292,39,36
2463495,1级山贼,1,39,37,"一些资源,",51,143,1034,1,步兵,芮谨:民兵x145,39,36
2466810,7级山贼,7,39,38,"大批资源,",519,1678,,3,弓弩;步兵,霍艺:强弩兵x1758 | 上官寒晋:轻步兵x1300 | 顾炎:轻步兵x1141,39,36
2466846,3级山贼,3,39,39,"很多资源,",142,376,,1,步兵,贡复:民兵x852,39,36
2466090,7级山贼,7,39,41,"大批资源,有宝箱,",684,1555,14849,3,弓弩;骑兵,仲卿冉:强弩兵x1579 | 隗映娇:铁骑兵x830 | 邢淑潍:弓兵x583,39,36
2469797,9级山贼,9,39,42,"大批资源,有宝箱,一些宝物,",1676,4031,,4,战车;骑兵,安复:投石车x1281 | 陆烨禹:投石车x1346 | 韩云:重弩车x510 | 毛悟:骁骑兵x960,36,42
2467088,9级山贼,9,39,44,"大批资源,有宝箱,一些宝物,",1513,4392,3073;1074,4,战车;骑兵,祝彩:重弩车x430 | 别凌:骁骑兵x974 | 鄂量:投石车x1224 | 夔朋慈:轻骑兵x1798,39,42
2468932,7级山贼,7,39,45,"大批资源,",509,1553,,3,弓弩;步兵,申屠皓卿:强弩兵x1541 | 邓泉浚:轻步兵x1147 | 丰泽楚:轻步兵x1295,39,42
2467579,6级山贼,6,39,47,"大量资源,有宝箱,",333,935,1059,3,弓弩;步兵,羿宜:轻步兵x785 | 郏唱:轻步兵x859 | 贝璧鲸:弓兵x360,39,42
2469124,4级山贼,4,39,51,"很多资源,有宝箱,",175,402,,2,步兵,乜怡真:近卫兵x367 | 红深同:重步兵x535,39,48
2468501,7级山贼,7,39,53,"大批资源,有宝箱,",669,1523,1064;1064,3,弓弩;骑兵,淳于振:铁骑兵x867 | 窦羽皓:弓兵x579 | 家友:弓兵x568,39,48
2468368,1级山贼,1,39,54,"一些资源,",59,141,,1,步兵,饶无惬:民兵x136,39,54
2469517,5级山贼,5,40,0,"很多资源,有宝箱,",295,613,,2,弓弩,瞿露美:强弩兵x783 | 荣婉寄:强弩兵x784,39,0
2467536,6级山贼,6,40,6,"大量资源,",391,996,,3,弓弩;骑兵,闻人卿:铁骑兵x638 | 居睿桢:铁骑兵x594 | 家畅:强弩兵x1198,39,6
2467197,1级山贼,1,40,9,"一些资源,有装备,",44,143,16777217,1,步兵,凤柏如:民兵x146,39,6
2469319,4级山贼,4,40,11,"很多资源,",156,433,,2,步兵,祖歌:重步兵x517 | 邢沁宁:重步兵x519,39,6
2469545,9级山贼,9,40,14,"大批资源,有宝箱,有装备,一些宝物,",1712,3667,,4,战车;骑兵,明亮宕:投石车x1306 | 胡母明:投石车x1323 | 慕容幻:投石车x1374 | 淳于雁:轻骑兵x1417,36,12
2466917,6级山贼,6,40,16,"大量资源,",318,901,,3,弓弩;步兵,骆烁:轻步兵x885 | 姚德漠:强弩兵x1187 | 景策:轻步兵x925,36,12
2464505,6级山贼,6,40,19,"大量资源,",359,917,1059,3,弓弩;步兵;骑兵,水墨觅:强弩兵x1080 | 邵章章:铁骑兵x651 | 薛赫茗:轻步兵x806,39,18
2463527,2级山贼,2,40,21,"许多资源,有装备,",93,233,16777217,1,步兵,匡寒瑾:民兵x326,39,18
2464678,8级山贼,8,40,23,"大批资源,有装备,",1012,2450,16779777,4,战车;骑兵,欧阳昀:骁骑兵x758 | 终葱常:轻骑兵x1101 | 孟瑞涉:轻骑兵x1248 | 甘醉:投石车x977,39,18
2464169,2级山贼,2,40,25,"许多资源,",93,213,,1,步兵,龚朔初:民兵x300,39,24
2464938,7级山贼,7,40,26,"大批资源,有宝箱,",635,1401,1064,3,弓弩;步兵;骑兵,家玥溪:铁骑兵x836 | 许赐程:强弩兵x1538 | 陶天曦:轻步兵x1253,39,24
2463637,3级山贼,3,40,28,"很多资源,",156,388,,1,步兵,乌如铃:民兵x894,39,24
2463631,8级山贼,8,40,30,"大批资源,一些宝物,",1085,2622,,4,战车;骑兵,双笛资:重弩车x347 | 艾天潇:重弩车x371 | 子车程:轻骑兵x1233 | 柴初林:投石车x933,36,30
2465316,4级山贼,4,40,31,"很多资源,",161,420,,2,步兵,石鸥柔:重步兵x473 | 瞿豆楠:重步兵x534,36,30
2466949,3级山贼,3,40,32,"许多资源,",156,366,,1,步兵,伊韦:民兵x796,36,30
2467323,4级山贼,4,40,33,"很多资源,",152,497,,2,步兵,胡迟:近卫兵x399 | 暴云:民兵x1197,36,30
2467276,9级山贼,9,40,36,"大批资源,有宝箱,",1703,4113,,4,骑兵,米赋:骁骑兵x990 | 柴韫:骁骑兵x1022 | 厉北:轻骑兵x1604 | 骆邈双:骁骑兵x1060,39,36
2469659,2级山贼,2,40,37,"许多资源,",93,250,1039,1,步兵,殷容程:民兵x309,39,36
2469188,2级山贼,2,40,41,"许多资源,",90,258,1034,1,步兵,沈阳:民兵x293,39,36
2469470,1级山贼,1,40,43,"一些资源,",52,146,,1,步兵,都荫:民兵x162,39,42
2464260,1级山贼,1,40,44,"一些资源,",55,107,,1,步兵,胡香雪:民兵x160,39,42
2463885,5级山贼,5,40,45,"大量资源,",298,732,,2,弓弩;步兵,殴幼楚:轻步兵x478 | 步阳琪:强弩兵x750,39,42
2464096,4级山贼,4,40,46,"很多资源,",163,417,,2,步兵,尹经:重步兵x484 | 伏春:民兵x1214,39,42
2465678,9级山贼,9,40,48,"大批资源,",1741,3780,,4,战车;骑兵,蓬巧羽:轻骑兵x1637 | 解与诩:投石车x1216 | 施延:骁骑兵x942 | 戎边颖:骁骑兵x942,39,48
2463563,10级山贼,10,40,49,"大批资源,有宝箱,一些宝物,",1803,4587,1084;1793;3073,5,战车;骑兵,吴鹤濮:投石车x1881 | 寿龙:投石车x1974 | 张香:弩车x207 | 常龙:骁骑兵x1932 | 寿旋:骁骑兵x1871,39,48
2465715,6级山贼,6,40,52,"大量资源,有宝箱,",386,905,1059;13570,3,弓弩;步兵;骑兵,季馨:铁骑兵x622 | 冷艺:轻步兵x846 | 翁宾:弓兵x388,39,48
2465034,10级山贼,10,40,53,"大批资源,有宝箱,",2158,4676,1079;1078,5,弓弩;战车;骑兵,葛枫识:投石车x1866 | 瞿渺君:骁骑兵x1620 | 陆姮笑:弩骑兵x1812 | 昌诩芸:投石车x1957 | 乐美幼:重弩车x754,39,48
2466037,3级山贼,3,40,54,"许多资源,",157,322,,1,步兵,汲君芸:民兵x867,39,54
2466770,5级山贼,5,40,55,"大量资源,有装备,",251,735,,2,弓弩,诸锦合:强弩兵x757 | 暨桢真:强弩兵x723,39,54
2465886,5级山贼,5,41,0,"很多资源,",296,657,,2,弓弩;骑兵,程逸飙:铁骑兵x324 | 艾馨:强弩兵x853,39,0
2464235,1级山贼,1,41,1,"一些资源,",42,150,,1,步兵,嵇容晟:民兵x153,39,0
2464014,6级山贼,6,41,3,"大量资源,有装备,",365,987,1059,3,弓弩;步兵,堵倩:强弩兵x1228 | 乔跃复:轻步兵x868 | 红骥:强弩兵x1227,39,0
2465006,8级山贼,8,41,7,"大批资源,",1003,2286,1069,4,战车;骑兵,乜祥:轻骑兵x1106 | 施云昂:骁骑兵x766 | 曹问:轻骑兵x1276 | 熊喷齐:投石车x1078,39,6
2466044,6级山贼,6,41,14,"大量资源,",384,999,1051,3,弓弩;骑兵,丁谷:强弩兵x1296 | 闻宁:铁骑兵x543 | 吴曦:铁骑兵x648,36,12
2468063,1级山贼,1,41,16,"一些资源,有装备,",57,106,,1,步兵,荣宛曼:民兵x143,36,12
2467428,8级山贼,8,41,17,"大批资源,",924,2498,1069,4,战车;骑兵,昝采:骁骑兵x759 | 夏荫:骁骑兵x694 | 贲长:重弩车x337 | 乌用:轻骑兵x1176,36,12
2465463,3级山贼,3,41,22,"很多资源,",157,396,1044,1,步兵,尚以荷:民兵x897,39,18
2468381,10级山贼,10,41,25,"大批资源,一些宝物,",1893,5141,,5,弓弩;战车;骑兵,鱼旎盼:骁骑兵x1967 | 萧彤:弩骑兵x1916 | 厉化邪:弩骑兵x1878 | 秋半:弩骑兵x2087 | 祖悦我:重弩车x688,39,24
2469240,6级山贼,6,41,31,"大量资源,",351,937,1059,3,弓弩;骑兵,莘河:强弩兵x1225 | 王大青:强弩兵x1096 | 阙南冷:铁骑兵x618,36,30
2465552,3级山贼,3,41,36,"很多资源,",150,392,1039,1,步兵,余怜紫:民兵x896,39,36
2463352,7级山贼,7,41,42,"大批资源,有宝箱,",601,1522,14849;1064,3,步兵;骑兵,相里彤:轻步兵x1270 | 徐萱:轻步兵x1240 | 夔无冷:铁骑兵x923,39,42
2464990,3级山贼,3,41,48,"许多资源,",155,300,1044,1,步兵,乌楠:民兵x816,39,48
2469621,3级山贼,3,41,49,"许多资源,有装备,",146,347,1037,1,步兵,昝禧:民兵x790,39,48
2467474,8级山贼,8,41,50,"大批资源,有宝箱,",954,2520,,4,战车;骑兵,汲思:骁骑兵x785 | 陶瑜:投石车x987 | 唐名拯:骁骑兵x767 | 璩合:投石车x954,39,48
2469106,10级山贼,10,41,51,"大批资源,有宝箱,一些宝物,",1910,4668,1793,5,弓弩;战车,郎乐:弩车x238 | 柳问籁:重弩车x698 | 宋水真:弩车x209 | 夔尚:弩骑兵x2186 | 戚宜鸣:弩骑兵x1901,39,48
2467151,8级山贼,8,41,52,"大批资源,有装备,",1012,2351,,4,战车;骑兵,苍敏:骁骑兵x790 | 申屠玟晋:骁骑兵x689 | 韩朝菡:重弩车x368 | 荣咏晔:轻骑兵x1290,39,48
2463607,6级山贼,6,41,53,"大量资源,",318,879,,3,步兵;骑兵,牛喷:轻步兵x924 | 酆祺:铁骑兵x548 | 苗凌葱:轻步兵x931,39,48
2467602,4级山贼,4,42,0,"很多资源,有装备,",178,445,16790017,2,步兵,费杉拓:重步兵x544 | 卞悟:重步兵x473,39,0
2468589,9级山贼,9,42,1,"大批资源,",1793,4237,,4,战车;骑兵,经可:重弩车x448 | 毕吟我:骁骑兵x990 | 司马益:轻骑兵x1418 | 奚冬拓:投石车x1371,42,0
2463605,5级山贼,5,42,2,"大量资源,",272,785,,2,弓弩;步兵,容骄宁:轻步兵x462 | 臧南:强弩兵x725,42,0
2467782,6级山贼,6,42,3,"大量资源,",356,936,1059,3,弓弩;骑兵,巴紫:强弩兵x1124 | 湛勋:强弩兵x1014 | 终发:铁骑兵x567,42,0
2464140,2级山贼,2,42,4,"许多资源,",85,249,,1,步兵,车清边:民兵x295,42,0
2463486,2级山贼,2,42,5,"许多资源,",90,232,,1,步兵,钟闰:民兵x282,42,0
2463151,1级山贼,1,42,6,"一些资源,有装备,",51,124,,1,步兵,阮拓:民兵x159,42,6
2464035,7级山贼,7,42,7,"大批资源,有宝箱,",650,1577,13569;1064,3,弓弩;步兵,诸雪茵:轻步兵x1149 | 孟朗:轻步兵x1160 | 和蓝斯:强弩兵x1400,42,6
2465796,6级山贼,6,42,9,"大量资源,一些宝物,",352,939,,3,弓弩;骑兵,水温颂:铁骑兵x564 | 武纶为:铁骑兵x606 | 平从杉:强弩兵x1019,42,6
2467381,5级山贼,5,42,11,"大量资源,",250,776,,2,弓弩,赫连听:弓兵x226 | 蒲娥:强弩兵x830,42,6
2464932,1级山贼,1,42,13,"一些资源,",50,109,,1,步兵,巢娴:民兵x136,42,12
2465594,10级山贼,10,42,14,"大批资源,有宝箱,",1880,4846,1076;1084;1793,5,战车;骑兵,臧爽馨:骁骑兵x1628 | 安雅:骁骑兵x1630 | 魏於卿:骁骑兵x1668 | 解泽:重弩车x682 | 滑若容:重弩车x732,42,12
2467475,6级山贼,6,42,15,"大量资源,有宝箱,",363,831,,3,步兵;骑兵,滕江烟:铁骑兵x606 | 单峻闰:轻步兵x839 | 景彩晏:轻步兵x784,42,12
2464696,8级山贼,8,42,16,"大批资源,有装备,",968,2549,,4,战车;骑兵,鞠苑堂:投石车x1049 | 祖魄:重弩车x359 | 栾舒:轻骑兵x1114 | 邱诗:骁骑兵x708,42,12
2468076,5级山贼,5,42,17,"很多资源,有装备,",292,722,16787713,2,弓弩,束煦:弓兵x214 | 滕邪友:强弩兵x769,42,12
2464345,4级山贼,4,42,20,"很多资源,有宝箱,",160,440,13569,2,步兵,刘祖:民兵x1115 | 暨彦豇:重步兵x519,42,18
2465777,8级山贼,8,42,21,"大批资源,有装备,",918,2454,,4,战车;骑兵,庚水:轻骑兵x1119 | 刘向:重弩车x349 | 羊喆:轻骑兵x1169 | 仰天析:投石车x971,42,18
2464564,1级山贼,1,42,22,"一些资源,",59,107,,1,步兵,边雅:民兵x140,42,18
2467145,7级山贼,7,42,25,"大批资源,",669,1694,1064,3,弓弩;步兵,陶合:轻步兵x1211 | 乐秋美:弓兵x577 | 太叔映:轻步兵x1130,42,24
2468469,2级山贼,2,42,26,"许多资源,",96,289,,1,步兵,仲骄:民兵x281,42,24
2469857,9级山贼,9,42,27,"大批资源,有宝箱,",1660,4283,1069,4,骑兵,郭宁虹:骁骑兵x1039 | 彭捷:骁骑兵x1054 | 席实水:轻骑兵x1502 | 平月淑:骁骑兵x1059,42,24
2467254,2级山贼,2,42,29,"许多资源,",86,296,,1,步兵,闻露:民兵x320,42,24
2467083,7级山贼,7,42,31,"大批资源,有宝箱,",530,1607,,3,骑兵,屠旎:铁骑兵x924 | 南门钋茂:铁骑兵x804 | 姜宝教:铁骑兵x760,42,30
2469925,2级山贼,2,42,35,"许多资源,",88,249,,1,步兵,戚紫:民兵x327,42,30
2466028,6级山贼,6,42,37,"大量资源,",363,880,,3,弓弩;步兵;骑兵,钱籁:强弩兵x1235 | 田祺许:轻步兵x927 | 应奕荫:铁骑兵x658,42,36
2467513,9级山贼,9,42,38,"大批资源,有宝箱,有装备,",1408,4036,15105;1074;16780033,4,战车,鲍轩:投石车x1300 | 胥健浦:投石车x1225 | 单于水娴:重弩车x515 | 申屠筠宝:投石车x1240,42,36
2468115,5级山贼,5,42,41,"很多资源,",255,652,,2,步兵;骑兵,黎昶玉:铁骑兵x379 | 鲍作:轻步兵x481,42,36
2465236,10级山贼,10,42,45,"大批资源,有宝箱,",1961,4712,1793,5,弓弩;战车;骑兵,闻年:骁骑兵x1721 | 瞿图瑾:弩车x259 | 秋心:弩骑兵x2139 | 危用:弩车x222 | 毋舟:弩骑兵x2140,42,42
2466131,1级山贼,1,42,46,"一些资源,",54,149,,1,步兵,万望洧:民兵x151,42,42
2469217,3级山贼,3,42,47,"很多资源,",160,389,,1,步兵,濮阳云惠:民兵x883,42,42
2469772,7级山贼,7,42,50,"大批资源,有宝箱,",644,1691,14849,3,弓弩;骑兵,轩辕路夜:弓兵x573 | 幸荫绪:铁骑兵x904 | 亓官钋方:强弩兵x1632,42,48
2469100,7级山贼,7,42,51,"大批资源,有宝箱,",698,1559,,3,弓弩;步兵;骑兵,南宫淑玮:强弩兵x1517 | 厉绍曼:轻步兵x1112 | 慎初:铁骑兵x928,42,48
2467489,9级山贼,9,42,52,"大批资源,",1432,4356,,4,战车;骑兵,惠志:投石车x1298 | 闵绪宁:骁骑兵x1032 | 孙晓宛:投石车x1277 | 仲向:投石车x1332,42,48
2464457,6级山贼,6,42,54,"大量资源,",389,943,1059;1050,3,弓弩;步兵,国默勇:强弩兵x1257 | 咸玮云:强弩兵x1051 | 惠天天:轻步兵x849,42,54
2463516,4级山贼,4,43,3,"很多资源,",171,433,,2,步兵,邹谷:近卫兵x378 | 谢锵柳:民兵x1162,42,0
2466904,9级山贼,9,43,4,"大批资源,有宝箱,",1521,3820,1074;1074,4,战车;骑兵,双深:骁骑兵x1070 | 梁冬旎:骁骑兵x909 | 余民:轻骑兵x1522 | 丛娴:投石车x1309,42,0
2467253,6级山贼,6,43,5,"大量资源,一些宝物,",354,922,1059,3,弓弩;步兵,萧义奇:轻步兵x795 | 堵年:强弩兵x1083 | 红简:强弩兵x1273,42,0
2465488,9级山贼,9,43,6,"大批资源,有宝箱,有装备,一些宝物,",1783,3759,,4,战车;骑兵,霍曾:投石车x1224 | 江冉枫:轻骑兵x1650 | 农闰:重弩车x523 | 施歌:骁骑兵x1035,42,6
2465077,7级山贼,7,43,7,"大批资源,",593,1624,,3,步兵;骑兵,梁悌:铁骑兵x934 | 池阵:铁骑兵x926 | 司咏和:轻步兵x1109,42,6
2467045,9级山贼,9,43,8,"大批资源,有装备,",1774,3774,,4,战车;骑兵,刘仲图:骁骑兵x991 | 景哲:轻骑兵x1784 | 须全:轻骑兵x1452 | 蔺格怜:投石车x1387,42,6
2467913,8级山贼,8,43,9,"大批资源,",980,2504,,4,战车;骑兵,吴心凌:骁骑兵x757 | 于绍:重弩车x335 | 吕奇瑜:轻骑兵x1110 | 应绍:投石车x1001,42,6
2464373,6级山贼,6,43,10,"大量资源,有装备,",308,837,,3,弓弩;步兵,古玮谊:弓兵x354 | 鄂经:轻步兵x930 | 钭清:轻步兵x814,42,6
2464994,9级山贼,9,43,11,"大批资源,有宝箱,有装备,",1454,4137,1793;1793,4,战车;骑兵,应美娇:骁骑兵x1058 | 郎洁:骁骑兵x937 | 牛芹群:重弩车x458 | 戴蔚:骁骑兵x971,42,6
2463789,10级山贼,10,43,12,"大批资源,有宝箱,一些宝物,",1807,5228,1793;1080,5,战车;骑兵,司空鸥:投石车x1819 | 唐阳:骁骑兵x1932 | 籍璐:骁骑兵x1679 | 贝实:骁骑兵x1639 | 喻晟:投石车x1938,42,12
2468706,5级山贼,5,43,13,"大量资源,一些宝物,",290,765,,2,步兵,卢人童:轻步兵x523 | 莘涉:轻步兵x513,42,12
2464850,4级山贼,4,43,14,"很多资源,有装备,",175,435,,2,步兵,车儿锦:民兵x1274 | 易基斯:重步兵x545,42,12
2463741,6级山贼,6,43,17,"大量资源,一些宝物,",346,804,3073,3,步兵;骑兵,吕奕:轻步兵x933 | 贝宛:铁骑兵x585 | 沙靖方:铁骑兵x628,42,12
2464170,3级山贼,3,43,18,"很多资源,",158,344,,1,步兵,尚赋能:民兵x899,42,18
2463061,6级山贼,6,43,22,"大量资源,",365,907,,3,步兵;骑兵,茅南荷:轻步兵x804 | 虞尔:轻步兵x816 | 杜旭:铁骑兵x647,42,18
2466758,8级山贼,8,43,23,"大批资源,",1050,2499,1069;1069,4,战车;骑兵,经箴:骁骑兵x690 | 萧扬:投石车x1028 | 童靖磊:轻骑兵x1171 | 贝家迈:投石车x1024,42,18
2467793,3级山贼,3,43,24,"很多资源,",140,393,,1,步兵,瞿岑:民兵x789,42,24
2465124,3级山贼,3,43,25,"许多资源,",141,329,,1,步兵,谭谷:民兵x794,42,24
2466027,7级山贼,7,43,26,"大批资源,有宝箱,",503,1404,1064,3,弓弩;步兵;骑兵,国霜合:轻步兵x1129 | 邴娴雯:铁骑兵x787 | 钮歌:弓兵x543,42,24
2469574,2级山贼,2,43,29,"许多资源,",91,202,,1,步兵,柯烨浩:民兵x298,42,24
2468209,8级山贼,8,43,30,"大批资源,有宝箱,一些宝物,",948,2587,1069;3073,4,战车;骑兵,汲鸿:投石车x917 | 黄奕顺:骁骑兵x713 | 余笑:轻骑兵x1216 | 贾丝翠:投石车x935,42,30
2463481,5级山贼,5,43,31,"很多资源,",279,761,1054,2,弓弩;骑兵,郗莫:铁骑兵x313 | 武畅咏:弓兵x217,42,30
2467712,10级山贼,10,43,35,"大批资源,有宝箱,一些宝物,",1829,5220,,5,弓弩;战车,欧阳婉雅:弩骑兵x1995 | 丛茂:弩骑兵x1958 | 井黎泽:弩骑兵x2135 | 翟武:弩车x219 | 费雨恩:弩骑兵x2061,42,30
2466004,7级山贼,7,43,37,"大批资源,有宝箱,有装备,",531,1620,16779009,3,弓弩;骑兵,梁丘季刚:弓兵x585 | 米悌墨:铁骑兵x876 | 咸仙儒:铁骑兵x847,42,36
2466672,1级山贼,1,43,39,"一些资源,",59,106,,1,步兵,季勋城:民兵x158,42,36
2467377,4级山贼,4,43,40,"很多资源,",170,499,1049,2,步兵,尉迟艺馨:重步兵x535 | 荣月:民兵x1260,42,36
2463957,3级山贼,3,43,42,"很多资源,",153,326,1044,1,步兵,乐正闻:民兵x791,42,42
2469724,10级山贼,10,43,44,"大批资源,有宝箱,一些宝物,",2158,4808,1074,5,弓弩;战车;骑兵,越枫:弩骑兵x2120 | 沙秀:弩车x211 | 郭雨:弩骑兵x2173 | 鱼月丽:弩骑兵x1930 | 郗夏:骁骑兵x1958,42,42
2466041,4级山贼,4,43,45,"很多资源,",160,439,,2,步兵,居筠幻:民兵x1231 | 湛逸:重步兵x510,42,42
2467541,8级山贼,8,43,46,"大批资源,",966,2359,1069;1069,4,战车,寿颖芙:投石车x1030 | 龙醒凝:重弩车x379 | 牧友赫:重弩车x371 | 柴忆奕:投石车x1010,42,42
2465644,4级山贼,4,43,47,"很多资源,",169,440,1049,2,步兵,韦好实:重步兵x514 | 相竹依:民兵x1268,42,42
2463552,3级山贼,3,43,48,"很多资源,",155,385,,1,步兵,金含洁:民兵x834,42,48
2467884,7级山贼,7,43,51,"大批资源,有宝箱,",501,1457,1064;13569,3,弓弩;步兵;骑兵,庄晗游:弓兵x502 | 宇文智:轻步兵x1194 | 劳骄:铁骑兵x881,42,48
2469121,7级山贼,7,43,53,"大批资源,有宝箱,",639,1497,1064,3,弓弩;步兵;骑兵,闻人捷绍:强弩兵x1470 | 丁荫:轻步兵x1152 | 柯邦笛:铁骑兵x817,42,48
2467773,8级山贼,8,44,0,"大批资源,",1012,2574,,3,战车;骑兵,司寇寄晶:重弩车x349 | 鞠越灿:投石车x950 | 卓嗣:骁骑兵x698,42,0
2466145,6级山贼,6,44,1,"大量资源,",341,849,1059,3,步兵;骑兵,巴丹致:轻步兵x790 | 尚晋:铁骑兵x640 | 宰爽:铁骑兵x572,42,0
2466266,9级山贼,9,44,2,"大批资源,有宝箱,有装备,",1793,4035,,4,骑兵,倪玟凝:轻骑兵x1544 | 司寇茵玉:骁骑兵x951 | 文澹:骁骑兵x979 | 司雄义:骁骑兵x1045,42,0
2467369,3级山贼,3,44,13,"许多资源,",150,308,,1,步兵,贲虎骄:民兵x832,42,12
2465233,9级山贼,9,44,18,"大批资源,有宝箱,",1591,3646,,4,战车;骑兵,薄朝醒:骁骑兵x1017 | 松妙悟:骁骑兵x1028 | 郁桃:骁骑兵x1027 | 孔凡:投石车x1325,42,18
2467638,2级山贼,2,44,20,"许多资源,",82,249,,1,步兵,史烁怀:民兵x315,42,18
2463280,10级山贼,10,44,21,"大批资源,有装备,",1826,4805,1078;1084,5,弓弩;战车;骑兵,胡母合:弩骑兵x2099 | 尹仙:投石车x1977 | 奚仙怡:骁骑兵x1754 | 晁宇夫:弩骑兵x2196 | 戚青:重弩车x722,42,18
2467603,5级山贼,5,44,24,"很多资源,",291,637,,2,弓弩,邴祺慨:强弩兵x843 | 曾圆:强弩兵x749,42,24
2467495,8级山贼,8,44,30,"大批资源,有装备,",941,2580,1069,4,战车;骑兵,祝馨源:骁骑兵x812 | 井寒:投石车x1038 | 屠艺楠:投石车x1037 | 石游凝:重弩车x330,42,30
2469834,10级山贼,10,44,32,"大批资源,有宝箱,",1910,4640,1076;1077,5,弓弩;战车;骑兵,查松萍:骁骑兵x1937 | 柏我河:骁骑兵x1964 | 敖潍含:弩车x228 | 别明:骁骑兵x1847 | 那翊:弩骑兵x1863,42,30
2465862,4级山贼,4,44,33,"很多资源,",166,491,,2,步兵,霍怀:重步兵x521 | 傅雅顺:近卫兵x376,42,30
2469424,4级山贼,4,44,36,"很多资源,",165,426,,2,步兵,宗喷露:重步兵x525 | 熊儿:重步兵x540,42,36
2464891,9级山贼,9,44,37,"大批资源,有宝箱,",1730,4120,,4,战车;骑兵,曲翮壮:骁骑兵x976 | 荀晓:骁骑兵x1011 | 柯秋:重弩车x504 | 殳晗:骁骑兵x998,42,36
2468761,6级山贼,6,44,43,"大量资源,",378,893,1059,3,弓弩;骑兵,马好:铁骑兵x621 | 景人尚:强弩兵x1226 | 水听:铁骑兵x657,42,42
2467439,10级山贼,10,44,48,"大批资源,有宝箱,有装备,",1947,4566,1793;1793;16779777,5,弓弩;骑兵,浦洋:骁骑兵x1672 | 卫存:弩骑兵x2167 | 韶昀宁:弩骑兵x2191 | 闵醉:骁骑兵x1972 | 钮旻心:骁骑兵x1956,42,48
2464395,10级山贼,10,44,49,"大批资源,有宝箱,一些宝物,",1905,5379,1083;1084;1084,5,弓弩;战车,段霁期:弩骑兵x2086 | 殳黎跃:投石车x1950 | 仇曼璐:重弩车x727 | 郭冉:弩骑兵x1840 | 乜睿盛:弩骑兵x1955,42,48
2468631,1级山贼,1,44,50,"一些资源,",50,121,,1,步兵,慎硕:民兵x147,42,48
2466205,1级山贼,1,44,51,"一些资源,",54,113,,1,步兵,印辰:民兵x161,42,48
2464298,2级山贼,2,45,0,"许多资源,",83,228,1039,1,步兵,叶琛:民兵x301,45,0
2465697,4级山贼,4,45,4,"很多资源,",150,454,,2,步兵,居若:近卫兵x409 | 季彦晨:重步兵x512,45,0
2465769,6级山贼,6,45,5,"大量资源,",399,938,1053,3,弓弩;步兵;骑兵,常香:强弩兵x1242 | 巫马梅识:铁骑兵x585 | 麻璧琴:轻步兵x811,45,0
2468520,6级山贼,6,45,6,"大量资源,有宝箱,",307,944,,3,弓弩;步兵,窦纶:轻步兵x920 | 姚钋联:轻步兵x836 | 曲萍静:强弩兵x1022,45,6
2464018,8级山贼,8,45,8,"大批资源,一些宝物,",1062,2455,,4,战车;骑兵,欧阳荫心:轻骑兵x1226 | 鄂心:骁骑兵x732 | 缪胜茗:骁骑兵x819 | 孟祈实:投石车x907,45,6
2464944,1级山贼,1,45,9,"一些资源,",41,109,,1,步兵,池育:民兵x159,45,6
2463816,2级山贼,2,45,10,"许多资源,",85,232,,1,步兵,巩彭实:民兵x275,45,6
2465825,7级山贼,7,45,13,"大批资源,有宝箱,",686,1674,13569,3,步兵;骑兵,武蓝:轻步兵x1142 | 鞠听慈:铁骑兵x910 | 田春今:轻步兵x1111,45,12
2465714,1级山贼,1,45,14,"一些资源,有装备,",45,131,,1,步兵,尤乐寄:民兵x142,45,12
2465768,2级山贼,2,45,17,"许多资源,",95,240,,1,步兵,伍藏:民兵x277,45,12
2467710,10级山贼,10,45,18,"大批资源,有宝箱,有装备,一些宝物,",1835,5442,1081;1793,5,弓弩;战车,习怀:弩骑兵x1964 | 郏咏彦:弩车x240 | 亓官觅:弩车x240 | 郗醉秀:重弩车x797 | 雷冉:重弩车x673,45,18
2469331,7级山贼,7,45,19,"大批资源,有宝箱,",503,1643,,3,弓弩;骑兵,葛亘骄:弓兵x522 | 仇开石:铁骑兵x791 | 吉红:强弩兵x1799,45,18
2466932,4级山贼,4,45,21,"很多资源,",178,426,,2,步兵,厍树雄:民兵x1153 | 纪恺翊:近卫兵x402,45,18
2467230,1级山贼,1,45,22,"一些资源,",51,133,,1,步兵,毕捷:民兵x165,45,18
2469063,6级山贼,6,45,24,"大量资源,一些宝物,",388,826,,3,弓弩;步兵,匡惜玥:轻步兵x882 | 焦妙儿:弓兵x341 | 宇文霁:强弩兵x1298,45,24
2468661,1级山贼,1,45,25,"一些资源,",47,102,,1,步兵,姬梅:民兵x156,45,24
2469450,5级山贼,5,45,26,"很多资源,有宝箱,",262,766,13569,2,弓弩;骑兵,乐正雪:强弩兵x767 | 葛惠:铁骑兵x316,45,24
2469326,5级山贼,5,45,27,"大量资源,",284,665,,2,步兵;骑兵,戚美友:轻步兵x479 | 闵忆:铁骑兵x366,45,24
2469119,5级山贼,5,45,29,"很多资源,",280,726,,2,步兵,郭梅莹:轻步兵x462 | 姚赋男:轻步兵x529,45,24
2467404,6级山贼,6,45,32,"大量资源,",367,809,,3,弓弩;步兵;骑兵,支慧珊:轻步兵x868 | 卢玉:强弩兵x1233 | 吴忆:铁骑兵x556,42,30
2463357,7级山贼,7,45,33,"大批资源,有宝箱,一些宝物,",658,1588,,3,弓弩;骑兵,宋路:铁骑兵x847 | 空如容:铁骑兵x903 | 邓颜诩:强弩兵x1732,42,30
2464784,4级山贼,4,45,39,"很多资源,有装备,",163,434,,2,步兵,马思:重步兵x453 | 蓟宛福:近卫兵x343,45,36
2468371,7级山贼,7,45,40,"大批资源,有宝箱,",618,1457,14849,3,弓弩;骑兵,籍双:铁骑兵x900 | 骆发:强弩兵x1603 | 胥年叡:弓兵x528,45,36
2469358,5级山贼,5,45,41,"很多资源,",292,674,,2,步兵,边临:轻步兵x547 | 夏谊以:轻步兵x519,45,36
2469224,9级山贼,9,45,42,"大批资源,有宝箱,",1400,4059,1074;15105,4,战车;骑兵,甘羽秋:骁骑兵x929 | 平倩:骁骑兵x1086 | 姬从人:骁骑兵x1029 | 步刚:投石车x1348,45,42
2465189,1级山贼,1,45,45,"一些资源,",59,107,1030,1,步兵,查亦:民兵x141,45,42
2464926,5级山贼,5,45,46,"很多资源,有装备,",262,709,,2,步兵;骑兵,司空捷:轻步兵x533 | 相里图祈:铁骑兵x359,45,42
2469257,2级山贼,2,45,48,"许多资源,",86,294,,1,步兵,骆尔合:民兵x287,45,48
2469393,7级山贼,7,45,49,"大批资源,有宝箱,",663,1477,14849;13570,3,步兵;骑兵,敖谷炫:轻步兵x1177 | 申屠峯:铁骑兵x776 | 微生柔:铁骑兵x844,45,48
2465659,7级山贼,7,45,51,"大批资源,",648,1487,,3,弓弩,钟离钋:强弩兵x1667 | 闻笑化:强弩兵x1448 | 慎韵:强弩兵x1487,45,48
2463354,5级山贼,5,46,0,"很多资源,有装备,",276,780,,2,步兵,全全:轻步兵x532 | 苏巍:轻步兵x548,45,0
2467297,1级山贼,1,46,1,"一些资源,",53,116,,1,步兵,尹庸:民兵x159,45,0
2466455,2级山贼,2,46,2,"许多资源,",96,200,,1,步兵,邢析歌:民兵x322,45,0
2466222,6级山贼,6,46,3,"大量资源,",336,985,1058,3,弓弩;骑兵,郁祥怡:铁骑兵x626 | 裴皓:铁骑兵x619 | 顾旺寰:强弩兵x1294,45,0
2467522,1级山贼,1,46,4,"一些资源,",58,144,,1,步兵,浦昶:民兵x156,45,0
2465921,5级山贼,5,46,5,"很多资源,",255,613,,2,弓弩,冀华:弓兵x195 | 欧阳昂:强弩兵x789,45,0
2464987,8级山贼,8,46,7,"大批资源,有宝箱,",1058,2412,1793,4,战车;骑兵,戈邪梅:重弩车x330 | 毛时乾:轻骑兵x1298 | 国尚萍:投石车x1000 | 羊美:投石车x1006,45,6
2464426,1级山贼,1,46,8,"一些资源,",49,118,,1,步兵,丛骏:民兵x137,45,6
2463798,7级山贼,7,46,9,"大批资源,",631,1637,1064,3,弓弩;骑兵,陈黛:铁骑兵x803 | 唐翔:强弩兵x1651 | 盛振翔:强弩兵x1788,45,6
2463728,4级山贼,4,46,11,"很多资源,一些宝物,",159,421,4097,2,步兵,宰邪:重步兵x545 | 席耀采:重步兵x457,45,6
2469582,3级山贼,3,46,12,"许多资源,",152,369,1044,1,步兵,宗政专壤:民兵x859,45,12
2469575,9级山贼,9,46,13,"大批资源,有宝箱,",1417,3625,1074,4,战车;骑兵,闻唱丽:轻骑兵x1474 | 别峻煦:重弩车x465 | 茅阳旻:投石车x1249 | 华纵:轻骑兵x1687,45,12
2463835,4级山贼,4,46,14,"很多资源,",176,434,,2,步兵,满霖骄:民兵x1113 | 凤旋洁:近卫兵x350,45,12
2464765,3级山贼,3,46,15,"很多资源,",151,383,1035,1,步兵,贲南:民兵x840,45,12
2469092,10级山贼,10,46,16,"大批资源,有宝箱,有装备,",2074,5474,1084,5,弓弩;战车,任松琛:弩骑兵x1913 | 壤驷寄瑾:弩骑兵x2051 | 应然:投石车x1980 | 荀幼:投石车x2081 | 宿苑丹:弩车x239,45,12
2468975,10级山贼,10,46,19,"大批资源,有宝箱,有装备,一些宝物,",2020,4522,1084,5,弓弩;战车;骑兵,雷真:弩骑兵x2099 | 钭盼:重弩车x767 | 彭锐哲:弩骑兵x1803 | 殳鹤听:投石车x2016 | 訾尚:骁骑兵x1979,45,18
2466182,7级山贼,7,46,21,"大批资源,",558,1528,1064,3,步兵;骑兵,倪语:轻步兵x1200 | 吕建:铁骑兵x842 | 厉觅寒:轻步兵x1229,45,18
2466496,1级山贼,1,46,23,"一些资源,",50,127,,1,步兵,秋烁:民兵x137,45,18
2468540,4级山贼,4,46,25,"很多资源,",166,409,,2,步兵,李蓝熏:近卫兵x384 | 司岚:民兵x1299,45,24
2463793,2级山贼,2,46,26,"许多资源,",100,269,,1,步兵,台甲:民兵x314,45,24
2464529,6级山贼,6,46,28,"大量资源,有装备,",386,892,,3,步兵;骑兵,冷之:铁骑兵x651 | 伊常:轻步兵x873 | 路蔚凌:铁骑兵x655,45,24
2467375,7级山贼,7,46,29,"大批资源,有装备,",560,1656,1064;16785409,3,弓弩;骑兵,殴甫:铁骑兵x764 | 谷基:铁骑兵x795 | 古采:强弩兵x1403,45,24
2466364,8级山贼,8,46,37,"大批资源,",940,2490,1064,4,骑兵,谈用:骁骑兵x794 | 劳谋今:骁骑兵x825 | 吴春:轻骑兵x1199 | 劳君:轻骑兵x1141,45,36
2463905,6级山贼,6,46,38,"大量资源,有宝箱,",348,898,,3,步兵;骑兵,梁丘禹锦:轻步兵x845 | 顾溪:铁骑兵x659 | 黄洋骥:轻步兵x779,45,36
2468221,10级山贼,10,46,41,"大批资源,有装备,一些宝物,",1829,5217,1084,5,弓弩;战车,广艾伟:弩骑兵x1898 | 亓官冬益:弩车x250 | 尹蕊:投石车x2034 | 蓬醉:弩车x243 | 别含:弩骑兵x1991,45,36
2467572,2级山贼,2,46,42,"许多资源,",100,271,,1,步兵,养颖:民兵x321,45,42
2463891,5级山贼,5,46,43,"很多资源,",250,709,,2,弓弩;骑兵,钟离羽勤:铁骑兵x312 | 广朗:弓兵x218,45,42
2469813,5级山贼,5,46,46,"大量资源,",267,772,,2,弓弩,何旋莲:强弩兵x794 | 薄南:强弩兵x853,45,42
2469364,7级山贼,7,46,47,"大批资源,有宝箱,",569,1605,,3,弓弩;步兵,姚皓馨:轻步兵x1169 | 裴清:强弩兵x1406 | 蒲韦:弓兵x578,45,42
2467830,5级山贼,5,46,49,"很多资源,有宝箱,",256,631,1054,2,弓弩;步兵,慎唱辰:轻步兵x540 | 石玮存:弓兵x223,45,48
2465833,5级山贼,5,46,50,"很多资源,",259,753,,2,弓弩;步兵,充胜靖:轻步兵x528 | 赖邦掣:强弩兵x743,45,48
2465979,10级山贼,10,46,51,"大批资源,有宝箱,",1933,4515,,5,弓弩;战车;骑兵,牛娴穹:重弩车x759 | 唐骞邪:弩骑兵x1957 | 武彬幼:骁骑兵x1667 | 李怜祈:弩骑兵x1884 | 冯仙:投石车x1849,45,48
2466736,7级山贼,7,46,52,"大批资源,有宝箱,",646,1422,1064,3,弓弩,葛识妙:强弩兵x1622 | 毕彦:强弩兵x1441 | 詹悌:强弩兵x1518,45,48
2469519,1级山贼,1,46,53,"一些资源,",56,102,1034,1,步兵,施曼:民兵x151,45,48
2467624,2级山贼,2,46,54,"许多资源,",89,277,1039,1,步兵,阙烁江:民兵x315,45,54
2463418,10级山贼,10,47,0,"大批资源,有宝箱,有装备,",1986,5374,,5,弓弩;战车;骑兵,卢济:重弩车x772 | 姬彤筠:骁骑兵x1641 | 南门祈惜:投石车x2090 | 羿蓝涉:弩骑兵x1996 | 明建译:弩骑兵x1958,45,0
2466731,6级山贼,6,47,1,"大量资源,",392,804,,3,弓弩;步兵;骑兵,金云:轻步兵x925 | 夏宛识:铁骑兵x559 | 计临:强弩兵x1096,45,0
2469333,4级山贼,4,47,6,"很多资源,",160,497,,2,步兵,臧鹂:近卫兵x387 | 毛宛:重步兵x451,45,6
2467862,4级山贼,4,47,19,"很多资源,",161,426,,2,步兵,鱼方:近卫兵x341 | 臧邃永:近卫兵x360,45,18
2464892,8级山贼,8,47,20,"大批资源,",956,2564,1069,4,骑兵,蓟歆:骁骑兵x677 | 宁越译:轻骑兵x1137 | 淳于诩:骁骑兵x720 | 公西晨诩:轻骑兵x1291,45,18
2469065,4级山贼,4,47,22,"很多资源,有装备,",173,437,16787457,2,步兵,微生芮:民兵x1212 | 弓晋:重步兵x502,45,18
2466064,1级山贼,1,47,23,"一些资源,",49,148,,1,步兵,别虞吉:民兵x158,45,18
2464175,2级山贼,2,47,37,"许多资源,",87,268,,1,步兵,翁茂:民兵x326,45,36
2464789,5级山贼,5,47,41,"很多资源,",298,731,,2,弓弩,山悦偲:强弩兵x747 | 郜语:强弩兵x828,45,36
2464269,5级山贼,5,47,43,"很多资源,",265,665,,2,弓弩;骑兵,酆雯蓝:强弩兵x798 | 糜溥:铁骑兵x361,45,42
2468835,6级山贼,6,47,49,"大量资源,一些宝物,",301,865,,3,弓弩;骑兵,陶方:强弩兵x1211 | 关菲沁:强弩兵x1051 | 须胜:铁骑兵x553,45,48
2466494,8级山贼,8,48,0,"大批资源,",975,2478,1065;1060,4,战车;骑兵,乔佑:轻骑兵x1100 | 公良北:重弩车x372 | 冀桂:骁骑兵x697 | 虞忆:投石车x970,48,0
2465892,5级山贼,5,48,1,"很多资源,一些宝物,",295,724,4097,2,弓弩;步兵,董亦敬:强弩兵x758 | 申屠馨:轻步兵x512,48,0
2465834,1级山贼,1,48,6,"一些资源,",44,112,1031,1,步兵,秦晖:民兵x149,48,6
2465059,6级山贼,6,48,7,"大量资源,一些宝物,",361,806,1059,3,步兵;骑兵,乐云:轻步兵x880 | 闻人谊:铁骑兵x612 | 余喆:轻步兵x933,48,6
2466984,1级山贼,1,48,8,"一些资源,",40,138,,1,步兵,宰仙元:民兵x141,48,6
2466611,8级山贼,8,48,11,"大批资源,有宝箱,",948,2600,,4,战车;骑兵,仇邪丰:投石车x942 | 管建方:投石车x992 | 宦河程:骁骑兵x724 | 翟瑾图:轻骑兵x1189,48,6
2465583,4级山贼,4,48,19,"很多资源,",170,493,,2,步兵,荀柏:民兵x1265 | 郗童:重步兵x461,48,18
2469540,10级山贼,10,48,20,"大批资源,",2146,5307,,5,弓弩;战车;骑兵,荆玮敏:骁骑兵x1691 | 骆专:弩骑兵x2042 | 闵辰:弩骑兵x2128 | 经祖和:重弩车x787 | 江歌:弩车x204,48,18
2464984,2级山贼,2,48,24,"许多资源,",93,276,1034,1,步兵,山听歌:民兵x326,48,24
2466148,8级山贼,8,48,25,"大批资源,有宝箱,有装备,",1031,2512,,4,战车;骑兵,桂尔曦:骁骑兵x690 | 殴淼:轻骑兵x1299 | 艾亦:投石车x1045 | 师芮:轻骑兵x1295,48,24
2466362,1级山贼,1,48,26,"一些资源,",59,135,,1,步兵,何翊韦:民兵x151,48,24
2468697,10级山贼,10,48,27,"大批资源,有宝箱,一些宝物,",1912,5326,,5,弓弩;战车,缪朝骞:重弩车x740 | 农思:重弩车x818 | 薛桂:弩骑兵x1873 | 容骄夏:重弩车x783 | 西门洁:弩骑兵x2007,48,24
2468734,2级山贼,2,48,29,"许多资源,",83,204,,1,步兵,陶恩:民兵x327,48,24
2466801,2级山贼,2,48,30,"许多资源,",95,249,1039,1,步兵,查宁:民兵x293,48,30
2467836,6级山贼,6,48,31,"大量资源,有宝箱,",349,900,14849,3,弓弩;步兵;骑兵,关和炎:铁骑兵x606 | 赖醉旋:轻步兵x935 | 梁冉晋:强弩兵x1206,48,30
2469884,2级山贼,2,48,32,"许多资源,",94,276,1039,1,步兵,古析亦:民兵x303,48,30
2468282,10级山贼,10,48,33,"大批资源,有宝箱,有装备,一些宝物,",1934,4747,,5,战车;骑兵,昌采岚:投石车x2008 | 濮新芙:骁骑兵x1933 | 晏彤洁:投石车x2006 | 南宫良自:重弩车x735 | 郭儒峰:投石车x2118,48,30
2469330,8级山贼,8,48,35,"大批资源,有装备,",948,2748,1069,4,战车;骑兵,雍墨:骁骑兵x753 | 敖萱懿:投石车x993 | 乌帅:骁骑兵x704 | 昝沛淼:轻骑兵x1191,48,30
2467984,7级山贼,7,48,36,"大批资源,有宝箱,",627,1548,,3,弓弩;步兵,贝云:强弩兵x1464 | 家吟昶:轻步兵x1246 | 索智:轻步兵x1116,48,36
2468144,6级山贼,6,48,37,"大量资源,",317,942,,3,弓弩;步兵;骑兵,令狐项访:轻步兵x772 | 苏玥旎:弓兵x340 | 谢玥:铁骑兵x597,48,36
2466945,7级山贼,7,48,38,"大批资源,有宝箱,",559,1526,,3,弓弩;步兵,劳荡:轻步兵x1143 | 蒙雅若:弓兵x546 | 祁瑜:强弩兵x1497,48,36
2467993,10级山贼,10,48,39,"大批资源,有宝箱,许多宝物,",2039,5029,1084;1793,5,弓弩;战车;骑兵,窦念:重弩车x691 | 温祺晋:骁骑兵x1708 | 边悟勇:骁骑兵x1846 | 魏采恩:骁骑兵x1897 | 杜勤:弩骑兵x1869,48,36
2464462,9级山贼,9,48,43,"大批资源,一些宝物,",1647,3658,,4,骑兵,宦懏:轻骑兵x1705 | 平南:骁骑兵x1087 | 齐焱:骁骑兵x937 | 缪滨风:轻骑兵x1677,48,42
2464852,5级山贼,5,48,45,"很多资源,",268,693,,2,弓弩;步兵,叶冬珠:强弩兵x788 | 步周:轻步兵x495,48,42
2463997,1级山贼,1,48,49,"一些资源,",55,100,1034,1,步兵,须丝曦:民兵x159,48,48
2469037,7级山贼,7,48,51,"大批资源,有宝箱,",691,1458,,3,弓弩;步兵;骑兵,殳访:铁骑兵x865 | 段颀:弓兵x596 | 晏访妙:轻步兵x1234,48,48
2464804,8级山贼,8,48,52,"大批资源,有宝箱,",921,2337,,4,战车;骑兵,熊飇放:骁骑兵x819 | 匡叡绪:骁骑兵x791 | 弓松耀:重弩车x328 | 嵇莲懿:投石车x1035,48,48
2465176,5级山贼,5,48,53,"很多资源,",296,658,,2,步兵,寇桂:轻步兵x544 | 南宫丰:轻步兵x503,48,48
2464806,7级山贼,7,48,54,"大批资源,有宝箱,",511,1515,,3,步兵;骑兵,莘靖:轻步兵x1180 | 童理羽:轻步兵x1149 | 微生龙宝:铁骑兵x921,45,54
2466333,9级山贼,9,48,55,"大批资源,一些宝物,",1410,3862,1074,4,战车;骑兵,巢凌:骁骑兵x946 | 陈赋:重弩车x476 | 能慕:骁骑兵x939 | 咸祺音:骁骑兵x1031,48,54
2466103,10级山贼,10,49,0,"大批资源,有宝箱,有装备,一些宝物,",2054,5226,17409,5,弓弩;战车;骑兵,倪辑洲:弩车x235 | 古鸣:弩骑兵x1904 | 董辰洁:弩骑兵x2199 | 屈醒:重弩车x735 | 危永豇:骁骑兵x1842,48,0
2464288,6级山贼,6,49,1,"大量资源,一些宝物,",388,973,1059,3,弓弩;步兵;骑兵,郎香北:轻步兵x841 | 车正黛音:铁骑兵x564 | 瞿虹:强弩兵x1291,48,0
2469270,7级山贼,7,49,2,"大批资源,",529,1503,,3,弓弩;骑兵,钱礼:铁骑兵x792 | 屠艺娇:弓兵x530 | 蒋懿祖:铁骑兵x874,48,0
2467391,2级山贼,2,49,3,"许多资源,",94,279,1039,1,步兵,幸依泽:民兵x317,48,0
2464543,2级山贼,2,49,4,"许多资源,",96,266,,1,步兵,艾丹英:民兵x330,48,0
2469109,10级山贼,10,49,5,"大批资源,有宝箱,",1921,4613,,5,战车;骑兵,卢问:弩车x252 | 孔允:骁骑兵x1948 | 黎适:骁骑兵x1946 | 余云禹:骁骑兵x1991 | 桂适雁:骁骑兵x1988,48,0
2465102,4级山贼,4,49,6,"很多资源,一些宝物,",155,445,,2,步兵,籍河:民兵x1289 | 邴小芬:重步兵x537,48,6
2464510,2级山贼,2,49,7,"许多资源,",98,258,,1,步兵,束畅听:民兵x302,48,6
2468513,2级山贼,2,49,9,"许多资源,",94,268,,1,步兵,何璐:民兵x323,48,6
2467198,5级山贼,5,49,11,"很多资源,",276,778,,2,步兵;骑兵,郎容:铁骑兵x337 | 狄醉:轻步兵x548,48,6
2468980,2级山贼,2,49,18,"许多资源,",97,222,,1,步兵,司空鸾鸾:民兵x274,48,18
2463624,10级山贼,10,49,19,"大批资源,一些宝物,",2054,5008,1080;3073,5,战车;骑兵,宓蓉映:重弩车x723 | 钭驽:重弩车x714 | 徐夜馨:弩车x213 | 杨倩:骁骑兵x1650 | 松鸾旎:投石车x2013,48,18
2463256,4级山贼,4,49,21,"很多资源,一些宝物,",173,410,,2,步兵,田醒旻:重步兵x526 | 章浚诩:近卫兵x358,48,18
2469254,9级山贼,9,49,22,"大批资源,一些宝物,",1626,4397,1074,4,战车;骑兵,邵尚我:重弩车x434 | 阎芷:重弩车x463 | 孟洁虹:骁骑兵x1079 | 蒲无桃:投石车x1379,48,18
2463212,2级山贼,2,49,23,"许多资源,",84,210,1039,1,步兵,郭秋单:民兵x294,48,18
2469512,1级山贼,1,49,27,"一些资源,",42,132,1034,1,步兵,阎群扬:民兵x165,48,24
2465484,5级山贼,5,49,28,"很多资源,",282,700,,2,弓弩;骑兵,郏群:铁骑兵x343 | 秋尘:强弩兵x869,48,24
2464902,2级山贼,2,49,30,"许多资源,",83,265,,1,步兵,勾映专:民兵x309,48,30
2467093,6级山贼,6,49,31,"大量资源,",333,831,1059,3,弓弩;骑兵,施桢:铁骑兵x653 | 钮莫峥:弓兵x418 | 松赋益:强弩兵x1179,48,30
2464568,6级山贼,6,49,32,"大量资源,有宝箱,",343,873,1059,3,弓弩;骑兵,经放迈:强弩兵x1212 | 贝珠:铁骑兵x649 | 卫秋:铁骑兵x603,48,30
2466497,8级山贼,8,49,33,"大批资源,有宝箱,",1066,2623,,4,骑兵,鲁瑾:骁骑兵x671 | 郏翠笛:轻骑兵x1133 | 韶惬:轻骑兵x1249 | 车正全:骁骑兵x743,48,30
2467023,7级山贼,7,49,34,"大批资源,有宝箱,",681,1468,14849;1064,3,弓弩;步兵;骑兵,束玥:强弩兵x1679 | 宣专资:铁骑兵x924 | 杭岚:轻步兵x1170,48,30
2468272,3级山贼,3,49,37,"很多资源,",159,381,,1,步兵,王自:民兵x787,48,36
2467519,7级山贼,7,49,39,"大批资源,",560,1481,1064,3,弓弩;步兵;骑兵,荆懿唱:轻步兵x1153 | 谢谊:弓兵x544 | 柴今觅:铁骑兵x767,48,36
2465931,4级山贼,4,49,40,"很多资源,",152,450,,2,步兵,荆驰季:重步兵x485 | 赖柔:近卫兵x394,48,36
2466610,4级山贼,4,49,42,"很多资源,",166,444,,2,步兵,南门云:近卫兵x409 | 程毅复:民兵x1162,48,42
2468234,5级山贼,5,49,43,"很多资源,有装备,",258,750,,2,弓弩,梁丘雪蕊:弓兵x205 | 孙好雯:强弩兵x745,48,42
2465809,7级山贼,7,49,45,"大批资源,有宝箱,",612,1436,14849,3,弓弩;步兵;骑兵,宰忍运:轻步兵x1160 | 栾桂:铁骑兵x917 | 惠游:弓兵x542,48,42
2466130,6级山贼,6,49,46,"大量资源,",338,910,,3,步兵;骑兵,耿全宇:铁骑兵x581 | 全玥溥:铁骑兵x606 | 杜耀:轻步兵x912,48,42
2466013,3级山贼,3,49,49,"许多资源,",159,326,,1,步兵,家凝:民兵x847,48,48
2469281,8级山贼,8,49,52,"大批资源,有宝箱,有装备,",921,2310,1069;1069,4,战车;骑兵,劳书:轻骑兵x1214 | 江濯:投石车x1029 | 庄魁能:轻骑兵x1251 | 吕琴常:重弩车x341,48,48
2469668,1级山贼,1,49,54,"一些资源,",40,150,,1,步兵,钟溪:民兵x163,48,54
2468914,6级山贼,6,49,55,"大量资源,有宝箱,一些宝物,",351,808,,3,弓弩,景季:强弩兵x1225 | 胡母石鸥:弓兵x388 | 邬皓:强弩兵x1071,48,54
2468968,3级山贼,3,50,0,"很多资源,",140,365,,1,步兵,崔萱海:民兵x886,48,0
2464526,8级山贼,8,50,2,"大批资源,有宝箱,",950,2613,1069,4,战车;骑兵,时彤禧:投石车x999 | 鲍郝:轻骑兵x1138 | 卢韦茜:骁骑兵x817 | 阎宜穰:骁骑兵x740,48,0
2464015,7级山贼,7,50,3,"大批资源,",521,1552,,3,步兵;骑兵,巢铃凝:铁骑兵x919 | 濮阳栩婕:铁骑兵x774 | 全骄:轻步兵x1189,48,0
2468244,5级山贼,5,50,4,"很多资源,",252,704,,2,弓弩;骑兵,扈诩靖:铁骑兵x311 | 薛兰:强弩兵x735,48,0
2468889,7级山贼,7,50,6,"大批资源,有宝箱,",668,1641,14849;1064,3,弓弩,阮静:强弩兵x1657 | 宦南:强弩兵x1479 | 韦年:强弩兵x1626,48,6
2463372,2级山贼,2,50,7,"许多资源,",94,234,,1,步兵,蒋芙:民兵x323,48,6
2469184,7级山贼,7,50,18,"大批资源,",600,1453,1064,3,弓弩;步兵;骑兵,双本夫:轻步兵x1217 | 邢德章:强弩兵x1657 | 司徒蔼鹂:铁骑兵x767,48,18
2462948,2级山贼,2,50,19,"许多资源,",80,278,,1,步兵,丁慈:民兵x303,48,18
2467155,9级山贼,9,50,26,"大批资源,有宝箱,有装备,",1475,4173,1074,4,战车;骑兵,闻人曦萱:骁骑兵x993 | 王晗菡:轻骑兵x1436 | 韩桂:投石车x1255 | 仇桂:骁骑兵x1035,48,24
2464372,4级山贼,4,50,36,"很多资源,",173,404,,2,步兵,沙寄墨:民兵x1255 | 甘翼歌:重步兵x509,48,36
2465619,2级山贼,2,50,37,"许多资源,",93,264,,1,步兵,邱君:民兵x280,48,36
2463934,9级山贼,9,50,42,"大批资源,有宝箱,有装备,一些宝物,",1550,3678,1793,4,骑兵,应望坚:骁骑兵x997 | 周翼晴:轻骑兵x1611 | 戚扬逸:轻骑兵x1774 | 钟离莹:骁骑兵x1010,48,42
2465040,7级山贼,7,50,45,"大批资源,有宝箱,",606,1598,13569,3,步兵;骑兵,乐正儒:轻步兵x1294 | 厍邪珍:铁骑兵x931 | 吕玉:铁骑兵x789,48,42
2465653,2级山贼,2,50,48,"许多资源,",92,209,,1,步兵,施虹燕:民兵x301,48,48
2467947,6级山贼,6,50,50,"大量资源,",367,941,1059,3,步兵;骑兵,龚初颀:铁骑兵x596 | 须帅:轻步兵x896 | 弘翰朝:铁骑兵x620,48,48
2469999,10级山贼,10,50,51,"大批资源,有宝箱,一些宝物,",1949,5198,1074;1084,5,战车,台从翊:投石车x1855 | 轩辕琛:投石车x1901 | 屈蓉静:重弩车x783 | 奚雄彬:重弩车x730 | 边言:弩车x226,48,48
2466140,1级山贼,1,50,52,"一些资源,",40,106,1032,1,步兵,华齐:民兵x137,48,48
2468644,8级山贼,8,50,53,"大批资源,有装备,",1054,2253,1069,4,战车;骑兵,莫绍诗:投石车x938 | 夏忆熙:骁骑兵x804 | 令狐尝:轻骑兵x1115 | 能楚吟:骁骑兵x721,48,48
2463562,5级山贼,5,50,54,"很多资源,",259,621,1054,2,骑兵,谷翊:铁骑兵x376 | 诸嗣珠:铁骑兵x379,48,54
2466396,9级山贼,9,51,0,"大批资源,有宝箱,",1782,4309,1072,4,战车;骑兵,苏昕栩:轻骑兵x1509 | 靳谷曼:骁骑兵x1013 | 弘家简:骁骑兵x1052 | 养畴宜:重弩车x526,51,0
2463073,4级山贼,4,51,1,"很多资源,",177,439,,2,步兵,余可:重步兵x477 | 荆珊:近卫兵x373,51,0
2468874,6级山贼,6,51,2,"大量资源,一些宝物,",342,939,,3,步兵;骑兵,梁丘迟:铁骑兵x546 | 柴栋懿:轻步兵x836 | 莫自:轻步兵x828,51,0
2465739,1级山贼,1,51,3,"一些资源,",42,123,,1,步兵,红单:民兵x139,51,0
2466511,8级山贼,8,51,7,"大批资源,",980,2664,,4,战车;骑兵,池藉富:重弩车x346 | 李邦赐:骁骑兵x776 | 刘鹂:骁骑兵x776 | 韩洽:骁骑兵x776,51,6
2468971,1级山贼,1,51,8,"一些资源,",59,130,,1,步兵,仲长碧凌:民兵x148,51,6
2469213,5级山贼,5,51,9,"很多资源,",265,607,,2,弓弩;骑兵,邓芮迎:强弩兵x721 | 东彩深:铁骑兵x378,51,6
2464037,9级山贼,9,51,10,"大批资源,",1760,4208,1072,4,骑兵,单果悦:骁骑兵x911 | 曲旋空:骁骑兵x1042 | 贝醉尘:轻骑兵x1609 | 古访长:轻骑兵x1610,51,6
2469043,1级山贼,1,51,11,"一些资源,",53,110,,1,步兵,窦楚映:民兵x159,51,6
2465181,10级山贼,10,51,12,"大批资源,有宝箱,一些宝物,",2119,5461,1793,5,弓弩;战车;骑兵,闻人闻:骁骑兵x1667 | 危炎:弩车x216 | 段豇懿:弩骑兵x2081 | 农松怜:弩骑兵x1829 | 郜皓蓝:弩骑兵x2162,51,12
2465869,3级山贼,3,51,13,"许多资源,",151,332,,1,步兵,童子竹:民兵x867,51,12
2468434,10级山贼,10,51,14,"大批资源,有宝箱,",2080,4548,1084,5,弓弩;战车;骑兵,宋杉鸥:骁骑兵x1642 | 寇俊:弩骑兵x2183 | 邵旎:骁骑兵x1827 | 彭蕴琦:弩车x241 | 吴年:弩骑兵x2124,51,12
2469437,9级山贼,9,51,17,"大批资源,",1450,3951,,4,战车;骑兵,宣奕烨:骁骑兵x982 | 满葱:骁骑兵x1011 | 祖兰斯:轻骑兵x1794 | 祁冰:投石车x1206,51,12
2468186,1级山贼,1,51,19,"一些资源,",43,108,,1,步兵,应旭映:民兵x158,51,18
2464489,2级山贼,2,51,20,"许多资源,",94,205,,1,步兵,弘童桃:民兵x316,51,18
2468612,2级山贼,2,51,21,"许多资源,",95,253,,1,步兵,萧栋:民兵x319,51,18
2464023,10级山贼,10,51,23,"大批资源,有宝箱,",2106,5120,1074,5,弓弩;战车;骑兵,寿昂:投石车x2081 | 周泽婉:弩骑兵x1874 | 通本:骁骑兵x1907 | 习熏:骁骑兵x1946 | 邓羽:投石车x1826,51,18
2463868,5级山贼,5,51,24,"很多资源,",275,636,,2,步兵;骑兵,贡潍:铁骑兵x316 | 钟畅然:轻步兵x530,51,24
2468168,2级山贼,2,51,26,"许多资源,",99,275,1039,1,步兵,欧阳栩:民兵x308,51,24
2465091,1级山贼,1,51,28,"一些资源,",58,143,,1,步兵,柳禹业:民兵x140,51,24
2463519,4级山贼,4,51,29,"很多资源,",180,409,,2,步兵,江笑:重步兵x530 | 饶辰:近卫兵x363,51,24
2463490,5级山贼,5,51,30,"很多资源,有装备,",291,648,,2,弓弩;骑兵,徐舒阳:强弩兵x811 | 相里迟:铁骑兵x355,51,30
2466171,6级山贼,6,51,32,"大量资源,有宝箱,",376,808,13569;1059,3,弓弩;骑兵,寿析赋:强弩兵x1247 | 刘萍:强弩兵x1256 | 钟悟:铁骑兵x616,51,30
2467568,9级山贼,9,51,38,"大批资源,",1473,4100,1074,4,战车;骑兵,盛迎:投石车x1243 | 冀海珺:重弩车x519 | 宿珺冉:轻骑兵x1749 | 双拓:骁骑兵x1049,51,36
2465873,6级山贼,6,51,39,"大量资源,",382,938,,3,弓弩;步兵,伊邪:强弩兵x1112 | 石恒枫:强弩兵x1180 | 卢璐:轻步兵x866,51,36
2467844,10级山贼,10,51,40,"大批资源,有宝箱,一些宝物,",1850,5419,,5,弓弩;战车,毋博初:弩车x203 | 须超析:投石车x2037 | 仇恺畴:弩骑兵x1927 | 尹邃帅:重弩车x707 | 鲍孟斯:重弩车x787,51,36
2465661,7级山贼,7,51,43,"大批资源,有宝箱,",518,1500,1064,3,弓弩;步兵,余锦淑:轻步兵x1148 | 郦寄宛:强弩兵x1542 | 禄悦向:轻步兵x1264,51,42
2463642,9级山贼,9,51,44,"大批资源,有宝箱,",1775,4378,,4,战车;骑兵,殳云全:轻骑兵x1679 | 都仙:轻骑兵x1676 | 耿学广:重弩车x484 | 韦韦:投石车x1353,51,42
2464472,4级山贼,4,51,46,"很多资源,有装备,",156,448,,2,步兵,晏鸥绍:重步兵x480 | 贲牙天:近卫兵x363,51,42
2466042,1级山贼,1,51,47,"一些资源,",46,124,,1,步兵,酆朝辉:民兵x159,51,42
2463736,2级山贼,2,51,48,"许多资源,",90,298,,1,步兵,张楠:民兵x276,51,48
2465680,8级山贼,8,51,49,"大批资源,",955,2489,1069,4,战车;骑兵,秋简:投石车x992 | 祝童:重弩车x333 | 融默柏:轻骑兵x1178 | 胡露芸:骁骑兵x780,51,48
2466905,7级山贼,7,51,50,"大批资源,有宝箱,",692,1489,,3,弓弩,熊儿:强弩兵x1487 | 东岚含:强弩兵x1541 | 巢慈墨:弓兵x572,51,48
2467195,2级山贼,2,51,51,"许多资源,",88,263,,1,步兵,黄笛侠:民兵x299,51,48
2468689,4级山贼,4,51,52,"很多资源,有装备,",179,419,,2,步兵,詹笑可:重步兵x483 | 昝慨鑫:近卫兵x415,51,48
2468709,8级山贼,8,51,53,"大批资源,有宝箱,",942,2695,1793,4,战车;骑兵,苗简:骁骑兵x786 | 支蕾唱:投石车x1093 | 璩辐:骁骑兵x750 | 许闻宁:投石车x938,51,48
2468430,5级山贼,5,51,54,"大量资源,",294,771,,2,弓弩;骑兵,宋子禄:铁骑兵x366 | 微生澜珠:强弩兵x865,51,54
2465596,9级山贼,9,51,55,"大批资源,一些宝物,",1728,4082,1074,4,骑兵,席溪:轻骑兵x1732 | 耿琴丰:轻骑兵x1451 | 焦芮:轻骑兵x1612 | 井蕊:骁骑兵x910,51,54
2466120,9级山贼,9,52,0,"大批资源,有宝箱,",1464,3762,1074;1065,4,战车;骑兵,台童:骁骑兵x1040 | 习枫:骁骑兵x985 | 刁玥柳:骁骑兵x1097 | 胥薄方:重弩车x522,51,0
2464439,4级山贼,4,52,1,"很多资源,",161,463,,2,步兵,酆邦家:重步兵x497 | 尹友:重步兵x531,51,0
2467350,1级山贼,1,52,2,"一些资源,",59,143,,1,步兵,包海:民兵x160,51,0
2468770,7级山贼,7,52,3,"大批资源,有宝箱,",569,1422,1064;13569,3,弓弩,牧斯:强弩兵x1438 | 宫萍:弓兵x531 | 童悦冬:强弩兵x1624,51,0
2463841,2级山贼,2,52,4,"许多资源,",98,220,,1,步兵,江寒韵:民兵x327,51,0
2466591,10级山贼,10,52,5,"大批资源,有宝箱,一些宝物,",2033,5051,29441;1793;1084,5,弓弩;战车;骑兵,蔚无:弩骑兵x1920 | 武小友:骁骑兵x1603 | 姚初:弩车x256 | 隗蝶:弩骑兵x1934 | 颜伯祈:骁骑兵x1931,51,0
2463919,1级山贼,1,52,9,"一些资源,",49,125,,1,步兵,殷茜蓉:民兵x159,51,6
2467420,7级山贼,7,52,10,"大批资源,",638,1557,,3,弓弩;骑兵,艾慈:铁骑兵x798 | 牛羽:铁骑兵x888 | 邬涤虞:强弩兵x1522,51,6
2466326,7级山贼,7,52,11,"大批资源,有宝箱,",563,1629,1059,3,弓弩;步兵,虞双楠:轻步兵x1242 | 翁洁:强弩兵x1712 | 项嫒:强弩兵x1494,51,6
2465519,9级山贼,9,52,12,"大批资源,有宝箱,",1759,4325,,4,战车;骑兵,滕从:投石车x1384 | 聂大乾:重弩车x491 | 张龙:轻骑兵x1597 | 祖雪容:骁骑兵x1090,51,12
2466795,10级山贼,10,52,13,"大批资源,有宝箱,一些宝物,",2198,4960,29441,5,弓弩;战车;骑兵,经奇:骁骑兵x1629 | 敖鹤:弩骑兵x2122 | 尤鑫恒:骁骑兵x1799 | 高韦桂:投石车x2006 | 厍香:投石车x2085,51,12
2468693,2级山贼,2,52,15,"许多资源,",83,285,,1,步兵,苗晔风:民兵x302,51,12
2468867,3级山贼,3,52,17,"很多资源,",146,350,,1,步兵,司寇游:民兵x893,51,12
2467068,4级山贼,4,52,19,"很多资源,有宝箱,",155,500,13569,2,步兵,籍松:重步兵x488 | 尤贤惜:近卫兵x382,51,18
2468460,8级山贼,8,52,20,"大批资源,有宝箱,有装备,",1071,2576,1069,4,战车;骑兵,侯虹拓:骁骑兵x687 | 堵拔:骁骑兵x758 | 莘翰:骁骑兵x825 | 贝芮:投石车x1066,51,18
2468677,6级山贼,6,52,25,"大量资源,有宝箱,",362,840,,3,弓弩;步兵;骑兵,璩涛精:轻步兵x809 | 马壮谙:弓兵x346 | 伍赡羽:铁骑兵x641,51,24
2466128,3级山贼,3,52,29,"很多资源,",157,389,1041,1,步兵,宓群:民兵x827,51,24
2465028,6级山贼,6,52,30,"大量资源,一些宝物,",304,978,1059,3,弓弩;骑兵,连禧伯:铁骑兵x587 | 韦北枫:强弩兵x1260 | 隗岚葱:铁骑兵x614,51,30
2467616,10级山贼,10,52,33,"大批资源,有宝箱,",2111,5171,1078,5,弓弩;战车;骑兵,龚洁蔚:骁骑兵x1672 | 洪舟娥:弩车x242 | 岑欣:骁骑兵x1986 | 訾竹:重弩车x829 | 相里艾轩:弩骑兵x2094,51,30
2467713,1级山贼,1,52,35,"一些资源,",48,101,1031,1,步兵,怀雪:民兵x161,51,30
2469544,3级山贼,3,52,36,"很多资源,",160,315,1044,1,步兵,焦箴洋:民兵x889,51,36
2468811,4级山贼,4,52,37,"很多资源,",177,465,,2,步兵,酆汉:重步兵x459 | 景斯:重步兵x496,51,36
2464895,8级山贼,8,52,41,"大批资源,有宝箱,",922,2368,1793,4,战车;骑兵,殳单:投石车x913 | 水轩:轻骑兵x1290 | 尉迟斯:轻骑兵x1141 | 卜倩:投石车x1057,51,36
2466418,4级山贼,4,52,43,"很多资源,",170,420,,2,步兵,樊怡熏:重步兵x520 | 宣珠:近卫兵x376,51,42
2467047,5级山贼,5,52,44,"大量资源,",287,789,,2,弓弩,幸芷空:弓兵x218 | 华译:强弩兵x840,51,42
2466542,3级山贼,3,52,45,"很多资源,",155,395,1035,1,步兵,杨兰:民兵x815,51,42
2466056,3级山贼,3,52,47,"很多资源,",149,380,,1,步兵,姬茜槐:民兵x842,51,42
2468332,4级山贼,4,52,49,"很多资源,",160,488,,2,步兵,孟韶友:近卫兵x382 | 郭迈郎:重步兵x471,51,48
2467212,9级山贼,9,52,51,"大批资源,一些宝物,",1470,4248,29441,4,战车;骑兵,齐心雯:投石车x1225 | 邹倩:轻骑兵x1413 | 惠潍通:轻骑兵x1568 | 车君惠:投石车x1329,51,48
2466508,9级山贼,9,52,52,"大批资源,",1485,4077,1074,4,战车;骑兵,房琪:投石车x1355 | 骆纳歌:投石车x1386 | 高半蔚:骁骑兵x902 | 籍音:重弩车x434,51,48
2465786,7级山贼,7,52,53,"大批资源,有宝箱,",658,1444,1064;1060,3,弓弩;骑兵,敖楠:铁骑兵x921 | 印清:弓兵x542 | 喻冬:铁骑兵x812,51,48
2465528,9级山贼,9,52,55,"大批资源,一些宝物,",1799,4101,,4,骑兵,尚湃:骁骑兵x939 | 蔺薇:骁骑兵x965 | 谷漫:轻骑兵x1624 | 逄我苑:轻骑兵x1505,51,54
2466047,1级山贼,1,53,1,"一些资源,",42,137,,1,步兵,蓬锋:民兵x160,51,0
2464295,1级山贼,1,53,2,"一些资源,",53,137,,1,步兵,华蓝:民兵x164,51,0
2467410,9级山贼,9,53,3,"大批资源,",1737,4293,1070,4,战车;骑兵,吴旋亦:骁骑兵x1082 | 简铃翼:投石车x1259 | 桂常尔:投石车x1351 | 牧鹏悟:骁骑兵x1020,51,0
2469032,1级山贼,1,53,6,"一些资源,",53,133,1034,1,步兵,糜彩蔼:民兵x145,51,6
2465278,7级山贼,7,53,7,"大批资源,",520,1452,1064,3,弓弩;步兵;骑兵,韩曦:弓兵x584 | 仲长倩昶:轻步兵x1173 | 庚彩玮:铁骑兵x908,51,6
2464296,4级山贼,4,53,8,"很多资源,一些宝物,",171,452,4097,2,步兵,段闰:近卫兵x411 | 赖闻益:重步兵x538,51,6
2464921,8级山贼,8,53,12,"大批资源,有宝箱,有装备,",1053,2278,16787969,4,战车;骑兵,徐秀滨:投石车x1048 | 尤举锵:投石车x1015 | 韩晓铃:轻骑兵x1139 | 惠茵斯:骁骑兵x786,51,12
2464186,10级山贼,10,53,13,"大批资源,有宝箱,一些宝物,",1965,4810,3074;1084,5,弓弩;战车,冀和心:弩骑兵x1917 | 关熙:重弩车x781 | 羿怜贞:弩车x239 | 高用:重弩车x675 | 崔韦:弩骑兵x1867,51,12
2467615,3级山贼,3,53,15,"许多资源,",148,311,,1,步兵,戴鹤:民兵x799,51,12
2467388,9级山贼,9,53,24,"大批资源,有宝箱,",1474,4150,1074,4,骑兵,古姝虹:轻骑兵x1720 | 那鲲娴:骁骑兵x1024 | 南门楠:骁骑兵x933 | 宋颖空:骁骑兵x1037,51,24
2469511,2级山贼,2,53,25,"许多资源,",93,299,,1,步兵,董河鹂:民兵x300,51,24
2465723,1级山贼,1,53,26,"一些资源,",45,125,,1,步兵,国果:民兵x157,51,24
2469308,8级山贼,8,53,30,"大批资源,",1010,2532,,4,战车;骑兵,夏承常:骁骑兵x804 | 薄艺杉:投石车x1049 | 慎拔尝:轻骑兵x1168 | 刘蔼昊:轻骑兵x1269,51,30
2467494,6级山贼,6,53,31,"大量资源,一些宝物,",335,911,,3,步兵;骑兵,凌千:铁骑兵x573 | 山简:轻步兵x816 | 令狐和香:铁骑兵x558,51,30
2465507,5级山贼,5,53,32,"很多资源,",254,760,1054,2,弓弩,弘洁季:弓兵x199 | 阎杉:强弩兵x824,51,30
2464126,1级山贼,1,53,34,"一些资源,",47,103,,1,步兵,万常:民兵x141,51,30
2463893,4级山贼,4,53,37,"很多资源,",174,494,,2,步兵,都适成:重步兵x525 | 姬勇凡:近卫兵x376,51,36
2466202,6级山贼,6,53,38,"大量资源,",318,845,1059,3,弓弩;骑兵,濮能畅:弓兵x402 | 乐正千从:铁骑兵x606 | 孟凡:强弩兵x1282,51,36
2469845,2级山贼,2,53,39,"许多资源,有装备,",89,268,1039;16784897,1,步兵,祖璐:民兵x324,51,36
2464307,7级山贼,7,53,40,"大批资源,有宝箱,",610,1608,,3,弓弩;步兵,南宫舒:强弩兵x1638 | 乜祈亮:轻步兵x1238 | 石常:轻步兵x1197,51,36
2465284,2级山贼,2,53,44,"许多资源,",93,246,1039,1,步兵,濮阳凡:民兵x275,51,42
2466415,10级山贼,10,53,50,"大批资源,有宝箱,有装备,一些宝物,",1820,5386,,5,弓弩;战车,黄澜:弩车x208 | 凤轩星:弩骑兵x1842 | 习鸥宁:弩骑兵x1875 | 司马瑶:弩骑兵x1931 | 东臣儿:弩骑兵x1885,51,48
2464057,4级山贼,4,53,51,"很多资源,有宝箱,",163,456,13569,2,步兵,晁姮:近卫兵x411 | 俞奕青:民兵x1138,51,48
2465810,8级山贼,8,53,54,"大批资源,有宝箱,",1087,2595,1793;1069,4,战车;骑兵,姜靖:骁骑兵x828 | 雷音鑫:骁骑兵x747 | 靳琛莫:轻骑兵x1208 | 嵇穹邪:重弩车x348,51,54
2467394,3级山贼,3,54,0,"许多资源,",140,354,,1,步兵,奚湛:民兵x833,54,0
2465427,7级山贼,7,54,1,"大批资源,有宝箱,",606,1591,,3,步兵;骑兵,姚锦:铁骑兵x834 | 姬文路:轻步兵x1256 | 狄槐方:轻步兵x1227,54,0
2463300,10级山贼,10,54,2,"大批资源,有宝箱,一些宝物,",2005,5034,1084,5,弓弩;战车;骑兵,夏问:弩骑兵x1966 | 储南璧:骁骑兵x1699 | 宫通阳:骁骑兵x1782 | 钮雯雁:重弩车x679 | 殴忆:弩骑兵x1887,54,0
2466599,10级山贼,10,54,3,"大批资源,有宝箱,",2154,4818,1793;1793;1078,5,战车;骑兵,勾怜:重弩车x753 | 须夜:骁骑兵x1617 | 司和晗:弩车x248 | 龚明卿:重弩车x769 | 微生明:弩车x200,54,0
2467931,6级山贼,6,54,4,"大量资源,一些宝物,",380,865,3073,3,骑兵,傅诚岑:铁骑兵x577 | 充颖绪:铁骑兵x572 | 景竹:铁骑兵x615,54,0
2468116,8级山贼,8,54,5,"大批资源,",1046,2267,1069,4,战车;骑兵,池航:骁骑兵x793 | 尚瑾雪:骁骑兵x826 | 连云:轻骑兵x1172 | 龙顺:投石车x926,54,0
2465784,3级山贼,3,54,6,"很多资源,",150,325,,1,步兵,石芸:民兵x780,54,6
2469090,5级山贼,5,54,7,"很多资源,",294,689,,2,步兵,怀望幻:轻步兵x479 | 乔岚:轻步兵x465,54,6
2464477,3级山贼,3,54,8,"许多资源,",155,324,1044,1,步兵,后勤:民兵x813,54,6
2468079,7级山贼,7,54,9,"大批资源,有宝箱,",641,1684,1064,3,弓弩;步兵,滑喷:强弩兵x1489 | 殷娇:轻步兵x1287 | 柯游:强弩兵x1725,54,6
2464289,9级山贼,9,54,11,"大批资源,有宝箱,",1701,4302,24321,4,战车;骑兵,张笑怀:骁骑兵x1091 | 伏柳智:轻骑兵x1505 | 家兴熙:投石车x1363 | 温卉:投石车x1237,54,6
2466923,1级山贼,1,54,15,"一些资源,",48,114,,1,步兵,马醒荷:民兵x135,54,12
2465068,3级山贼,3,54,16,"许多资源,",140,313,,1,步兵,俞炳志:民兵x795,54,12
2465664,10级山贼,10,54,17,"大批资源,有宝箱,",1984,5051,1074;1084,5,弓弩;战车;骑兵,路析:重弩车x695 | 熊识:骁骑兵x1953 | 弘怡:弩骑兵x2040 | 段雨元:投石车x2110 | 殳彦:弩骑兵x1826,54,12
2462973,6级山贼,6,54,19,"大量资源,有宝箱,一些宝物,",315,811,,3,弓弩;步兵;骑兵,聂书:轻步兵x798 | 苗以丹:铁骑兵x649 | 弘莫:强弩兵x1062,54,18
2467226,4级山贼,4,54,20,"很多资源,",173,497,,2,步兵,郜音:民兵x1111 | 骆珠:重步兵x477,54,18
2469210,2级山贼,2,54,21,"许多资源,",85,290,,1,步兵,淳于之黎:民兵x321,54,18
2465843,10级山贼,10,54,23,"大批资源,有宝箱,一些宝物,",2112,4801,1793,5,弓弩;战车;骑兵,暴鸾鸾:弩骑兵x1950 | 束玮柏:骁骑兵x1793 | 空丹乐:重弩车x778 | 钟离平祺:弩骑兵x1998 | 詹绿:骁骑兵x1765,54,18
2463448,1级山贼,1,54,24,"一些资源,",59,100,,1,步兵,熊天:民兵x163,54,24
2468138,4级山贼,4,54,25,"很多资源,",157,431,,2,步兵,邱斯:重步兵x540 | 应浚双:近卫兵x376,54,24
2464264,3级山贼,3,54,29,"很多资源,",144,390,1044,1,步兵,阎於:民兵x853,54,24
2464925,4级山贼,4,54,30,"很多资源,",158,431,,2,步兵,邢柔凡:重步兵x455 | 仇莹:重步兵x497,54,30
2465595,7级山贼,7,54,31,"大批资源,有宝箱,",634,1575,,3,骑兵,云超:铁骑兵x856 | 龚自涵:铁骑兵x921 | 徐桢娴:铁骑兵x760,54,30
2467686,2级山贼,2,54,32,"许多资源,",100,298,1039,1,步兵,杨柏中:民兵x308,54,30
2467858,1级山贼,1,54,33,"一些资源,有装备,",42,117,,1,步兵,都艺醉:民兵x141,54,30
2468276,7级山贼,7,54,34,"大批资源,有宝箱,有装备,",665,1430,,3,弓弩;步兵,晏沁桂:强弩兵x1445 | 曾夏:轻步兵x1100 | 邵娇双:强弩兵x1467,54,30
2468320,10级山贼,10,54,36,"大批资源,有装备,一些宝物,",2027,5112,,5,弓弩;战车;骑兵,却叡:骁骑兵x1718 | 邹槐:重弩车x758 | 宋彬谙:骁骑兵x1723 | 双郎:弩骑兵x2195 | 松雅:弩车x218,54,36
2465639,1级山贼,1,54,37,"一些资源,",40,125,1033,1,步兵,仲黎专:民兵x165,54,36
2467203,5级山贼,5,54,39,"大量资源,有装备,一些宝物,",255,775,1054;16787713,2,弓弩;骑兵,晁潍书:铁骑兵x335 | 曹荷霜:强弩兵x842,54,36
2463939,8级山贼,8,54,40,"大批资源,一些宝物,",1011,2726,3073,4,战车;骑兵,汲楚荷:投石车x1005 | 幸葱惜:轻骑兵x1106 | 松婉昂:重弩车x374 | 吕旋:重弩车x345,54,36
2464702,1级山贼,1,54,41,"一些资源,",52,140,1034,1,步兵,干忆新:民兵x145,54,36
2467813,6级山贼,6,54,42,"大量资源,有宝箱,",353,855,14849,3,弓弩,贺圣范:强弩兵x1125 | 能鹤:强弩兵x1039 | 丰颖晓:强弩兵x1178,54,42
2464929,5级山贼,5,54,43,"很多资源,",262,629,,2,弓弩;骑兵,晏叡瑾:铁骑兵x364 | 毋致荫:强弩兵x879,54,42
2467328,9级山贼,9,54,44,"大批资源,",1570,3888,,4,战车;骑兵,雍澹:投石车x1317 | 闻恩嗣:重弩车x454 | 韦昶霜:骁骑兵x929 | 苏茵:轻骑兵x1476,54,42
2467219,10级山贼,10,54,45,"大批资源,有宝箱,一些宝物,",2053,4674,3074;1793;29441,5,弓弩;战车;骑兵,荀经友:骁骑兵x1604 | 薄全松:弩骑兵x1856 | 齐平靖:骁骑兵x1981 | 司寇斯:重弩车x766 | 宗栩:骁骑兵x1605,54,42
2464482,2级山贼,2,54,46,"许多资源,",94,231,,1,步兵,傅思妙:民兵x294,54,42
2464031,6级山贼,6,54,47,"大量资源,",392,932,1053,3,骑兵,乜祺薇:铁骑兵x656 | 沈珊奇:铁骑兵x594 | 虞晔强:铁骑兵x612,54,42
2463785,1级山贼,1,54,48,"一些资源,",41,133,,1,步兵,殴旭:民兵x152,54,48
2464767,3级山贼,3,54,49,"许多资源,",153,334,,1,步兵,翁珊泽:民兵x851,54,48
2465713,10级山贼,10,54,50,"大批资源,有宝箱,有装备,一些宝物,",1827,5398,1084,5,弓弩;战车;骑兵,姬曦:骁骑兵x1922 | 耿旻:重弩车x729 | 单承:投石车x2127 | 苏靖海:弩骑兵x1838 | 虞风:骁骑兵x1889,54,48
2467637,10级山贼,10,54,51,"大批资源,有宝箱,",2026,5015,,5,弓弩;战车;骑兵,尚璧:投石车x1823 | 戎韦:弩骑兵x2093 | 吕鸣墨:弩车x242 | 芮与:投石车x1947 | 和洁岚:骁骑兵x1809,54,48
2466280,4级山贼,4,54,53,"很多资源,",150,440,,2,步兵,贾赡典:重步兵x527 | 栾勋温:民兵x1177,54,48
2469408,4级山贼,4,54,54,"很多资源,一些宝物,",157,417,1049,2,步兵,卢晋:近卫兵x358 | 蓬绍:重步兵x544,54,54
2469558,5级山贼,5,54,55,"很多资源,",260,763,,2,弓弩,米化荷:强弩兵x821 | 薛蓄:弓兵x194,54,54
2466430,6级山贼,6,55,0,"大量资源,",306,969,,3,弓弩;步兵,莘芷:强弩兵x1169 | 薛升听:轻步兵x894 | 濮阳洁:强弩兵x1221,54,0
2468803,3级山贼,3,55,1,"许多资源,",145,313,,1,步兵,储岑:民兵x850,54,0
2464251,2级山贼,2,55,2,"许多资源,",96,213,,1,步兵,太叔懋倩:民兵x312,54,0
2466447,2级山贼,2,55,3,"许多资源,",83,248,,1,步兵,时壮:民兵x299,54,0
2465012,8级山贼,8,55,4,"大批资源,",961,2269,1063,4,战车;骑兵,却拓:骁骑兵x747 | 卫驰:轻骑兵x1116 | 史晗:骁骑兵x716 | 支涵盼:投石车x977,54,0
2466382,7级山贼,7,55,6,"大批资源,",675,1625,1064,3,弓弩;骑兵,乐娴:弓兵x515 | 曲元:铁骑兵x907 | 连薇:铁骑兵x843,54,6
2465551,5级山贼,5,55,7,"大量资源,",277,718,,2,弓弩;骑兵,平简:强弩兵x839 | 荣日源:铁骑兵x355,54,6
2465642,9级山贼,9,55,9,"大批资源,",1494,3686,1074,4,战车;骑兵,殷尚辐:投石车x1387 | 麻晔:轻骑兵x1732 | 纪奕敬:轻骑兵x1574 | 谷禹:轻骑兵x1459,54,6
2464663,9级山贼,9,55,11,"大批资源,",1448,4096,,4,战车;骑兵,巢畅悦:骁骑兵x1051 | 闻人丰:骁骑兵x1098 | 公良祈:投石车x1223 | 宗元吉:投石车x1364,54,6
2464397,1级山贼,1,55,12,"一些资源,",50,149,,1,步兵,晏擎:民兵x141,54,12
2463948,7级山贼,7,55,14,"大批资源,有宝箱,",654,1616,1060,3,弓弩;骑兵,仲长顺:强弩兵x1612 | 滑景镘:弓兵x546 | 黄谷绪:铁骑兵x884,54,12
2466095,8级山贼,8,55,17,"大批资源,有宝箱,",943,2308,1069,4,战车;骑兵,应夏:轻骑兵x1289 | 籍初寻:投石车x954 | 闵霜瑶:骁骑兵x698 | 孙黛:骁骑兵x733,54,12
2469397,4级山贼,4,55,19,"很多资源,",178,439,,2,步兵,尉迟恩:民兵x1115 | 贲荣:近卫兵x392,54,18
2469528,1级山贼,1,55,20,"一些资源,",59,111,,1,步兵,毛玥鸾:民兵x153,54,18
2468003,7级山贼,7,55,24,"大批资源,",692,1448,1064;1064,3,弓弩;骑兵,那裕:弓兵x570 | 金宾:铁骑兵x769 | 何擎:铁骑兵x888,54,24
2463592,6级山贼,6,55,25,"大量资源,有装备,",376,905,,3,弓弩;步兵,弘虹:强弩兵x1028 | 终翠翊:轻步兵x908 | 糜沁:强弩兵x1052,54,24
2467085,4级山贼,4,55,27,"很多资源,",159,410,1049,2,步兵,冷怡云:近卫兵x363 | 查梅绪:民兵x1164,54,24
2464460,10级山贼,10,55,28,"大批资源,有宝箱,一些宝物,",2197,5010,,5,弓弩;战车;骑兵,项丝溪:骁骑兵x1810 | 雍曦:骁骑兵x1953 | 傅以:重弩车x780 | 仲望:弩骑兵x2141 | 寇秀:投石车x2004,54,24
2464267,10级山贼,10,55,31,"大批资源,",2037,4883,1084;1084;1082,5,战车;骑兵,常苑:投石车x2095 | 仲长冰:弩车x252 | 庄如:骁骑兵x1788 | 瞿龙佑:投石车x2030 | 岑天皓:骁骑兵x1830,54,30
2463694,4级山贼,4,55,34,"很多资源,",158,449,1049,2,步兵,寇璐黛:重步兵x476 | 司马娇合:近卫兵x413,54,30
2469905,9级山贼,9,55,36,"大批资源,有宝箱,一些宝物,",1774,4096,1074;1074,4,战车;骑兵,孟韫泰:重弩车x521 | 赖兆洲:投石车x1297 | 宋爽鹤:投石车x1216 | 凤菱:骁骑兵x917,54,36
2464599,4级山贼,4,55,39,"很多资源,",180,440,1049,2,步兵,红斌谊:近卫兵x383 | 芮禧萌:近卫兵x378,54,36
2466174,1级山贼,1,55,40,"一些资源,",53,122,1029,1,步兵,冷姮:民兵x164,54,36
2467539,6级山贼,6,55,41,"大量资源,有宝箱,",328,856,,3,弓弩;步兵,宁翊雨:轻步兵x774 | 卜群:弓兵x342 | 伊茵昶:强弩兵x1112,54,36
2469010,5级山贼,5,55,42,"大量资源,",300,796,,2,弓弩;步兵,俞旷:强弩兵x839 | 乜颜:轻步兵x475,54,42
2467116,8级山贼,8,55,43,"大批资源,",1099,2407,1069,2,战车;骑兵,乌儿:投石车x1019 | 宋和冰:轻骑兵x1281,54,42
2468504,4级山贼,4,55,46,"很多资源,",169,405,,2,步兵,沈炎斌:近卫兵x369 | 怀玉:民兵x1140,54,42
2468873,4级山贼,4,55,48,"很多资源,一些宝物,",152,500,,2,步兵,乐正祈:重步兵x550 | 靳瑾:近卫兵x390,54,48
2463700,6级山贼,6,55,49,"大量资源,一些宝物,",327,876,,3,弓弩;骑兵,宋轩吉:铁骑兵x620 | 羊瑞:强弩兵x1003 | 耿幻晔:铁骑兵x576,54,48
2465333,5级山贼,5,55,51,"很多资源,",275,600,,2,骑兵,宿恩青:铁骑兵x325 | 羿健:铁骑兵x342,54,48
2466018,8级山贼,8,55,52,"大批资源,有宝箱,一些宝物,",973,2700,3073;1793,4,战车;骑兵,卞爽:骁骑兵x716 | 阚可艺:重弩车x320 | 蔺旭:骁骑兵x811 | 廉心:重弩车x373,54,48
2467697,5级山贼,5,55,54,"大量资源,",259,766,,2,弓弩;骑兵,彭新:弓兵x212 | 宗原典:铁骑兵x314,54,54
2467629,2级山贼,2,56,0,"许多资源,",99,280,,1,步兵,宦雅:民兵x310,54,0
2464190,1级山贼,1,56,7,"一些资源,",45,123,,1,步兵,邵妙:民兵x139,54,6
2468716,1级山贼,1,56,9,"一些资源,",43,104,,1,步兵,微生纵:民兵x155,54,6
2463770,7级山贼,7,56,12,"大批资源,",588,1633,1064,3,弓弩;骑兵,臧琦泽:强弩兵x1783 | 晏诩:铁骑兵x873 | 包忆:强弩兵x1550,54,12
2466469,8级山贼,8,56,13,"大批资源,有宝箱,有装备,",906,2312,1064,4,战车;骑兵,戈君曲:重弩车x346 | 冉魄奥:骁骑兵x776 | 鲁涵季:投石车x944 | 申屠德原:骁骑兵x814,54,12
2466003,2级山贼,2,56,14,"许多资源,",87,221,1039,1,步兵,屈熏冰:民兵x280,54,12
2466292,6级山贼,6,56,22,"大量资源,",348,853,,3,步兵,靳冰:轻步兵x787 | 成适:轻步兵x893 | 水尚之:轻步兵x780,54,18
2467530,7级山贼,7,56,23,"大批资源,",652,1582,,3,弓弩;步兵,养笛:弓兵x513 | 广香:轻步兵x1238 | 柯紫:强弩兵x1709,54,18
2467889,7级山贼,7,56,30,"大批资源,有宝箱,有装备,",589,1626,,3,弓弩,昝珺程:弓兵x586 | 尹绍:强弩兵x1652 | 时彤:强弩兵x1579,54,30
2464958,7级山贼,7,56,31,"大批资源,",540,1685,1064,3,弓弩;步兵;骑兵,路禹皓:轻步兵x1213 | 关凝:铁骑兵x771 | 薄家:弓兵x600,54,30
2464871,2级山贼,2,56,33,"许多资源,",83,262,1039,1,步兵,董卉诗:民兵x297,54,30
2469560,8级山贼,8,56,37,"大批资源,有宝箱,",993,2296,1069,4,战车;骑兵,詹艾:轻骑兵x1213 | 田金:投石车x1063 | 糜寿墨:骁骑兵x773 | 敖中勤:投石车x1066,54,36
2465042,2级山贼,2,56,39,"许多资源,",87,280,,1,步兵,却洽江:民兵x305,54,36
2464266,9级山贼,9,56,43,"大批资源,一些宝物,",1443,3890,,4,战车,狄松荫:投石车x1317 | 庚空:重弩车x461 | 虞盼:重弩车x464 | 薄珊:重弩车x508,54,42
2466330,8级山贼,8,56,50,"大批资源,有宝箱,",1012,2683,1069,4,战车;骑兵,封岚:投石车x1028 | 冉笛:重弩车x323 | 夔听翮:投石车x936 | 屈沁黛:轻骑兵x1142,54,48
2468912,8级山贼,8,57,1,"大批资源,",913,2581,1059,4,战车;骑兵,荀紫玉:重弩车x370 | 台斯:投石车x910 | 毛涉音:轻骑兵x1177 | 雷含楠:骁骑兵x745,57,0
2468658,4级山贼,4,57,2,"很多资源,",160,410,,2,步兵,漆雕以:重步兵x522 | 彭贤:重步兵x481,57,0
2464081,3级山贼,3,57,4,"许多资源,",145,308,1044,1,步兵,岑豆:民兵x898,57,0
2463255,6级山贼,6,57,7,"大量资源,一些宝物,",389,957,,3,弓弩;步兵;骑兵,家宜洋:铁骑兵x575 | 邴莫晟:强弩兵x1057 | 祝永濯:轻步兵x861,57,6
2467058,4级山贼,4,57,8,"很多资源,",178,431,,2,步兵,咸永骏:近卫兵x409 | 干贤:重步兵x452,57,6
2468151,4级山贼,4,57,9,"很多资源,",153,433,,2,步兵,包容:重步兵x515 | 公羊自彬:民兵x1261,57,6
2467357,3级山贼,3,57,10,"很多资源,",153,398,,1,步兵,甄磊:民兵x832,57,6
2467359,6级山贼,6,57,12,"大量资源,",385,929,1059,3,弓弩,靳同:强弩兵x1108 | 闻慧阳:强弩兵x1017 | 秦望:强弩兵x1164,57,12
2467673,3级山贼,3,57,14,"很多资源,",154,389,,1,步兵,通谷:民兵x804,57,12
2469163,6级山贼,6,57,15,"大量资源,",316,893,1056,3,弓弩;步兵;骑兵,隗望逸:强弩兵x1218 | 倪今慈:铁骑兵x603 | 麻格:轻步兵x836,57,12
2466653,6级山贼,6,57,17,"大量资源,",316,935,,3,弓弩;步兵,闻人彦:强弩兵x1142 | 巫马舒悌:弓兵x344 | 乐芹姮:轻步兵x844,57,12
2466652,7级山贼,7,57,21,"大批资源,一些宝物,",640,1579,3073,3,弓弩;骑兵,邵南耀:铁骑兵x883 | 西门菲:强弩兵x1557 | 裴宛:铁骑兵x904,54,18
2467366,9级山贼,9,57,23,"大批资源,有宝箱,一些宝物,",1543,4267,1074,4,骑兵,束幼:轻骑兵x1465 | 邬擎:轻骑兵x1674 | 宗政敏静:轻骑兵x1472 | 隆无:骁骑兵x1071,57,18
2468790,2级山贼,2,57,25,"许多资源,",81,261,,1,步兵,蒲颜:民兵x293,57,24
2466530,1级山贼,1,57,30,"一些资源,",48,136,,1,步兵,文水羽:民兵x136,57,30
2466596,1级山贼,1,57,31,"一些资源,",54,138,1029,1,步兵,丁雯鸥:民兵x159,57,30
2465079,6级山贼,6,57,35,"大量资源,有装备,",322,991,1059;16779265,3,弓弩;步兵;骑兵,匡涛:铁骑兵x654 | 马童:强弩兵x1017 | 简藉:轻步兵x838,57,30
2468794,8级山贼,8,57,36,"大批资源,",1099,2636,1069,4,战车;骑兵,蔺振:重弩车x349 | 田映:轻骑兵x1105 | 伏燕:轻骑兵x1125 | 皇甫渊:轻骑兵x1215,57,36
2466086,10级山贼,10,57,37,"大批资源,有宝箱,",2135,4648,,5,弓弩;战车;骑兵,束钋名:骁骑兵x1691 | 成醒凌:弩骑兵x2170 | 禄心萍:投石车x1855 | 傅斌:弩骑兵x1971 | 文雅:骁骑兵x1810,57,36
2466191,4级山贼,4,57,39,"很多资源,",163,431,1049,2,步兵,谢懋:民兵x1146 | 皮邪容:重步兵x525,57,36
2469993,10级山贼,10,57,41,"大批资源,有宝箱,一些宝物,",2163,5157,29441;1074,5,弓弩;骑兵,厉薇唱:骁骑兵x1639 | 成昂旋:弩骑兵x2022 | 危潍:骁骑兵x1926 | 范莫:骁骑兵x1658 | 钟珊:骁骑兵x1707,57,36
2464758,2级山贼,2,57,43,"许多资源,",84,213,,1,步兵,怀楚:民兵x313,57,42
2467018,3级山贼,3,57,44,"很多资源,",140,375,,1,步兵,长孙涵:民兵x868,57,42
2466436,10级山贼,10,57,45,"大批资源,有宝箱,有装备,一些宝物,",1954,4690,1793,5,弓弩;骑兵,欧阳慧:弩骑兵x2154 | 干吉振:弩骑兵x2066 | 刘魂辰:弩骑兵x1904 | 储晋精:骁骑兵x1785 | 皮驽:弩骑兵x1991,57,42
2465585,7级山贼,7,57,46,"大批资源,有宝箱,",663,1413,13569;1064,3,弓弩;步兵,齐乾:轻步兵x1121 | 韩倩桢:强弩兵x1418 | 勾州:弓兵x577,57,42
2464867,7级山贼,7,57,47,"大批资源,有宝箱,",559,1420,13569,3,弓弩,丰倩:强弩兵x1482 | 费睿:强弩兵x1785 | 邱曼:弓兵x540,57,42
2468319,4级山贼,4,57,51,"很多资源,有宝箱,一些宝物,",175,495,13569,2,步兵,倪圣初:近卫兵x378 | 牛擎:近卫兵x388,57,48
2464076,4级山贼,4,57,52,"很多资源,",152,439,1042,2,步兵,暴家璞:重步兵x524 | 陶薄敬:重步兵x471,57,48
2466992,10级山贼,10,57,53,"大批资源,有宝箱,有装备,一些宝物,",1966,4807,,5,弓弩;战车;骑兵,胡冰:重弩车x683 | 亓官空:弩车x253 | 湛诚翼:重弩车x680 | 王宛:骁骑兵x1997 | 弘亭:弩骑兵x1864,57,48
2467016,7级山贼,7,57,55,"大批资源,有宝箱,一些宝物,",537,1456,,3,弓弩;步兵;骑兵,别名:轻步兵x1176 | 唐意:强弩兵x1515 | 徐美惠:铁骑兵x876,57,54
2465711,4级山贼,4,58,0,"很多资源,",155,414,,2,步兵,路楠:重步兵x544 | 鞠绍漫:重步兵x538,57,0
2468605,7级山贼,7,58,2,"大批资源,有宝箱,",629,1413,1064,3,弓弩;步兵;骑兵,亓官宛:弓兵x538 | 仲长亘:轻步兵x1283 | 应群荣:铁骑兵x781,57,0
2466412,4级山贼,4,58,3,"很多资源,有宝箱,",158,463,,2,步兵,和旋:近卫兵x385 | 苍周无:民兵x1205,57,0
2466639,5级山贼,5,58,5,"很多资源,",275,799,1054,2,弓弩;骑兵,印果:铁骑兵x341 | 宦桢:强弩兵x821,57,0
2468882,6级山贼,6,58,6,"大量资源,",376,873,,3,步兵;骑兵,公西涵秋:轻步兵x917 | 文若儿:轻步兵x805 | 韶桂:铁骑兵x557,57,6
2469312,10级山贼,10,58,8,"大批资源,有宝箱,一些宝物,",2156,4687,29441,5,弓弩;战车;骑兵,岑尘:弩骑兵x1926 | 堵奕贤:骁骑兵x1967 | 万琪:重弩车x674 | 戚航:弩骑兵x2095 | 季露:投石车x1845,57,6
2465413,1级山贼,1,58,9,"一些资源,",59,115,,1,步兵,羊友:民兵x150,57,6
2469276,9级山贼,9,58,10,"大批资源,有宝箱,",1659,3882,,4,战车;骑兵,伊璧:投石车x1280 | 宣奕:轻骑兵x1538 | 柴雯葱:骁骑兵x950 | 暴然清:投石车x1264,57,6
2466404,4级山贼,4,58,11,"很多资源,",164,424,1049,2,步兵,禄忠:重步兵x550 | 单季:重步兵x507,57,6
2464733,3级山贼,3,58,12,"许多资源,",143,301,1044,1,步兵,毛茂:民兵x900,57,12
2463723,1级山贼,1,58,15,"一些资源,",48,112,,1,步兵,童允:民兵x135,57,12
2466595,6级山贼,6,58,16,"大量资源,有宝箱,一些宝物,",350,963,,3,弓弩;步兵,倪惜:强弩兵x1256 | 国菡晶:轻步兵x810 | 臧锐:强弩兵x1266,57,12
2468528,3级山贼,3,58,17,"很多资源,",150,393,,1,步兵,蔺珺:民兵x836,57,12
2466609,2级山贼,2,58,18,"许多资源,",98,264,,1,步兵,甄冰:民兵x303,57,18
2468306,4级山贼,4,58,20,"很多资源,",173,445,,2,步兵,刘临:近卫兵x359 | 曹捷双:重步兵x506,57,18
2468500,10级山贼,10,58,21,"大批资源,有宝箱,",2166,5349,1083;1793,5,战车;骑兵,訾宁:骁骑兵x1656 | 何从澜:弩车x223 | 古竹昶:骁骑兵x1878 | 山丰方:重弩车x797 | 鲁明:重弩车x817,57,18
2465209,8级山贼,8,58,22,"大批资源,有宝箱,",1085,2745,1069,4,战车;骑兵,席晋:骁骑兵x765 | 长孙韵程:投石车x1002 | 凌亦策:骁骑兵x728 | 逄修孟:重弩车x354,57,18
2463852,5级山贼,5,58,25,"很多资源,",299,781,,2,步兵,骆胤邪:轻步兵x518 | 郭邪石:轻步兵x478,57,24
2469338,8级山贼,8,58,30,"大批资源,有宝箱,",1020,2339,,4,战车;骑兵,红适镘:骁骑兵x737 | 项格:投石车x1043 | 马幼冉:轻骑兵x1146 | 虞薇:投石车x1085,57,30
2467688,5级山贼,5,58,31,"很多资源,",290,607,,2,骑兵,茅珺:铁骑兵x362 | 弓洁:铁骑兵x333,57,30
2468237,1级山贼,1,58,32,"一些资源,",43,127,,1,步兵,陈边:民兵x141,57,30
2465717,5级山贼,5,58,33,"很多资源,",263,660,,2,步兵;骑兵,漆雕诩冉:轻步兵x481 | 曾明无:铁骑兵x340,57,30
2463978,2级山贼,2,58,35,"许多资源,",100,285,,1,步兵,殳男:民兵x319,57,30
2469235,6级山贼,6,58,36,"大量资源,有宝箱,",326,852,1059,3,弓弩;步兵;骑兵,邢希:强弩兵x1119 | 郎露:轻步兵x900 | 乐正时:铁骑兵x563,57,36
2468052,5级山贼,5,58,37,"很多资源,",258,761,1054,2,骑兵,曾可:铁骑兵x345 | 祁年:铁骑兵x317,57,36
2468199,3级山贼,3,58,38,"许多资源,",159,328,,1,步兵,浦辉:民兵x812,57,36
2466416,10级山贼,10,58,39,"大批资源,有宝箱,有装备,一些宝物,",1921,4916,1793,5,弓弩;战车,湛州仁:弩骑兵x2139 | 向升:投石车x1801 | 仇颜倩:重弩车x691 | 翁彦:弩骑兵x1926 | 万馨:弩骑兵x1901,57,36
2468421,4级山贼,4,58,42,"很多资源,",174,477,,2,步兵,司马凝闻:近卫兵x363 | 齐婕夏:重步兵x469,57,42
2468789,2级山贼,2,58,44,"许多资源,",97,214,,1,步兵,幸定音:民兵x294,57,42
2469792,1级山贼,1,58,45,"一些资源,",47,108,,1,步兵,宓诩:民兵x159,57,42
2466181,5级山贼,5,58,47,"大量资源,",300,622,,2,步兵;骑兵,郑澜:铁骑兵x332 | 萧瑾:轻步兵x512,57,42
2469990,9级山贼,9,58,49,"大批资源,一些宝物,",1497,3678,1074;3073,4,战车;骑兵,扈千齐:投石车x1209 | 明谋颖:骁骑兵x1085 | 郏诩鸥:骁骑兵x1024 | 郁晶:轻骑兵x1546,57,48
2465874,4级山贼,4,58,50,"很多资源,",173,424,,2,步兵,宋良:重步兵x509 | 冉嗣虞:重步兵x450,57,48
2468084,2级山贼,2,58,51,"许多资源,",93,265,,1,步兵,钮朋绍:民兵x278,57,48
2466981,9级山贼,9,58,52,"大批资源,有宝箱,",1669,3803,,4,战车;骑兵,宣觅:骁骑兵x996 | 萧土化:轻骑兵x1641 | 刁雅:重弩车x527 | 相全:骁骑兵x982,57,48
2467463,4级山贼,4,58,53,"很多资源,",179,425,,2,步兵,晏峯:近卫兵x383 | 司能军:重步兵x470,57,48
2468853,2级山贼,2,59,0,"许多资源,",87,227,,1,步兵,山信:民兵x330,57,0
2463571,7级山贼,7,59,1,"大批资源,有宝箱,",577,1694,14849,3,弓弩;步兵,尉迟清诩:轻步兵x1185 | 厍烈:轻步兵x1217 | 王家:弓兵x562,57,0
2465532,6级山贼,6,59,2,"大量资源,有宝箱,有装备,",361,851,1059;13569,3,弓弩;步兵,马芙偲:轻步兵x897 | 艾颀灿:强弩兵x1077 | 薄信:强弩兵x1118,57,0
2464110,8级山贼,8,59,3,"大批资源,有宝箱,",1029,2529,1069,4,骑兵,连谊心:骁骑兵x747 | 骆兆珺:骁骑兵x762 | 相里雨晴:骁骑兵x811 | 糜尧邪:轻骑兵x1134,57,0
2468506,4级山贼,4,59,6,"很多资源,",158,460,,2,步兵,巫马竹益:民兵x1168 | 虞谙迟:重步兵x488,57,6
2465564,8级山贼,8,59,8,"大批资源,",941,2711,,4,战车;骑兵,虞菲:重弩车x324 | 郁晨:投石车x951 | 唐士腾:轻骑兵x1232 | 敖通明:骁骑兵x765,57,6
2465866,4级山贼,4,59,13,"很多资源,",175,480,,2,步兵,宗政翮:近卫兵x364 | 穆佑:民兵x1155,57,12
2464592,7级山贼,7,59,14,"大批资源,有宝箱,一些宝物,",697,1523,3073;1064,3,弓弩;骑兵,俞宁:铁骑兵x915 | 胥恩:强弩兵x1675 | 容敬琦:铁骑兵x784,57,12
2466286,4级山贼,4,59,18,"很多资源,",174,460,,2,步兵,许河定:民兵x1154 | 步卿:重步兵x487,57,18
2465933,7级山贼,7,59,19,"大批资源,有宝箱,",660,1470,1055,3,弓弩;步兵,庄茜:强弩兵x1535 | 马岑:轻步兵x1123 | 祖楠:轻步兵x1247,57,18
2464868,4级山贼,4,59,20,"很多资源,",160,496,,2,步兵,钟炎绪:重步兵x508 | 宗灵碧:重步兵x532,57,18
2464634,10级山贼,10,59,26,"大批资源,有宝箱,一些宝物,",2187,5486,,5,弓弩;战车,危怡芷:重弩车x796 | 尤华菲:弩骑兵x2128 | 韩凡:弩骑兵x2147 | 裴雅桃:投石车x1994 | 山渺:重弩车x692,57,24
2468252,5级山贼,5,59,27,"很多资源,",287,663,,2,骑兵,长孙萱:铁骑兵x338 | 鲁常:铁骑兵x344,57,24
2466075,9级山贼,9,59,28,"大批资源,",1421,3683,,4,战车;骑兵,仲宣:重弩车x481 | 冷谊绿:骁骑兵x971 | 容虞:骁骑兵x983 | 陈映祥:骁骑兵x1035,57,24
2467791,9级山贼,9,59,30,"大批资源,有宝箱,",1427,3613,1064,4,战车;骑兵,单京:重弩车x519 | 马渺邪:骁骑兵x927 | 丛颀翊:重弩车x505 | 晏旋:轻骑兵x1578,57,30
2468918,4级山贼,4,59,31,"很多资源,",164,426,,2,步兵,阚辰:近卫兵x340 | 阙玉:重步兵x492,57,30
2467477,4级山贼,4,59,42,"很多资源,有装备,",151,402,16778241,2,步兵,昌倩访:民兵x1183 | 奚听晋:重步兵x513,57,42
2464357,2级山贼,2,59,43,"许多资源,",91,294,,1,步兵,谷凡谷:民兵x328,57,42
2469652,1级山贼,1,59,44,"一些资源,",58,116,,1,步兵,仇典辰:民兵x165,57,42
2463371,10级山贼,10,59,54,"大批资源,有宝箱,一些宝物,",2182,5457,1793;1074,5,弓弩;战车;骑兵,骆语怡:骁骑兵x1764 | 邵莹:弩骑兵x1822 | 乐正舟:弩骑兵x2176 | 古翼图:骁骑兵x1802 | 屈悟悟:重弩车x780,57,54
2469015,6级山贼,6,60,0,"大量资源,一些宝物,",375,822,3073,3,步兵;骑兵,禄颀今:轻步兵x772 | 后英略:铁骑兵x589 | 巫马绍:轻步兵x911,60,0
2466383,6级山贼,6,60,1,"大量资源,",316,979,1059,3,步兵;骑兵,黄琴:铁骑兵x598 | 瞿斌郁:轻步兵x869 | 阚晗诩:铁骑兵x592,60,0
2463084,7级山贼,7,60,2,"大批资源,有宝箱,",543,1571,,3,弓弩;步兵,梁丘鹂骄:强弩兵x1633 | 尚谷歌:强弩兵x1577 | 胥锦:轻步兵x1190,60,0
2466023,5级山贼,5,60,4,"很多资源,",297,641,,2,弓弩;骑兵,韦祖:铁骑兵x329 | 骆云:弓兵x218,60,0
2467923,10级山贼,10,60,5,"大批资源,有宝箱,有装备,",2049,4557,1084;1084,5,弓弩;战车;骑兵,彭虎:重弩车x692 | 沈皓采:弩骑兵x2071 | 段雅秀:弩车x219 | 束怜美:骁骑兵x1766 | 利书实:弩车x203,60,0
2462984,4级山贼,4,60,7,"很多资源,",155,489,,2,步兵,鱼许彩:重步兵x488 | 孔洁:近卫兵x361,60,6
2463805,5级山贼,5,60,9,"很多资源,",289,691,,2,弓弩;步兵,胡母宇升:强弩兵x734 | 仲晋:轻步兵x450,60,6
2466821,5级山贼,5,60,11,"很多资源,有宝箱,",252,646,,2,骑兵,曲颀美:铁骑兵x377 | 钟与:铁骑兵x335,60,6
2465407,4级山贼,4,60,12,"很多资源,有装备,",150,403,16790017,2,步兵,桑海:民兵x1172 | 柳煦静:近卫兵x382,60,12
2468898,4级山贼,4,60,13,"很多资源,",171,487,,2,步兵,茅霜莹:近卫兵x375 | 巩年桃:近卫兵x348,60,12
2466337,1级山贼,1,60,14,"一些资源,",43,122,,1,步兵,暨熙骞:民兵x151,60,12
2467412,8级山贼,8,60,15,"大批资源,",1024,2708,,4,骑兵,包容通:骁骑兵x754 | 钟虞游:轻骑兵x1100 | 毋妙茵:骁骑兵x800 | 弘游春:骁骑兵x813,60,12
2466886,5级山贼,5,60,17,"很多资源,",287,745,,2,弓弩;步兵,虞寄觅:轻步兵x478 | 暴通:强弩兵x795,60,12
2465801,8级山贼,8,60,20,"大批资源,有宝箱,",906,2456,,4,战车;骑兵,戚朝弘:骁骑兵x725 | 梁丘书顺:投石车x938 | 陆锦:轻骑兵x1156 | 须懿:轻骑兵x1107,60,18
2462931,6级山贼,6,60,21,"大量资源,",353,898,,3,步兵,钟华:轻步兵x828 | 梁丘合:轻步兵x932 | 胥乾霖:轻步兵x824,60,18
2467170,10级山贼,10,60,22,"大批资源,有宝箱,",1842,4505,,5,弓弩;战车;骑兵,伊复:弩车x247 | 封尧福:投石车x1847 | 宗政烟菲:弩骑兵x1855 | 唐潍:骁骑兵x1759 | 酆煦:重弩车x760,60,18
2463030,2级山贼,2,60,23,"许多资源,有装备,",99,214,,1,步兵,申屠蔚:民兵x275,60,18
2464334,9级山贼,9,60,24,"大批资源,有宝箱,有装备,",1656,3999,1074,4,骑兵,戚醒瑾:骁骑兵x915 | 司徒霁:骁骑兵x925 | 柴嫒洁:骁骑兵x1096 | 酆音晓:骁骑兵x1062,60,24
2464507,4级山贼,4,60,26,"很多资源,有装备,",155,464,,2,步兵,闻人晓季:近卫兵x368 | 荆玉萌:重步兵x463,60,24
2464672,2级山贼,2,60,28,"许多资源,",86,264,1039,1,步兵,仰芸邪:民兵x309,60,24
2464074,9级山贼,9,60,31,"大批资源,",1601,3968,,4,骑兵,赫连璐:骁骑兵x1094 | 常凌巧:骁骑兵x1006 | 鱼荷:骁骑兵x969 | 蔚祈:骁骑兵x951,60,30
2467396,5级山贼,5,60,33,"很多资源,",258,760,1054,2,步兵,殴咏红:轻步兵x539 | 沈淼:轻步兵x502,60,30
2469371,9级山贼,9,60,38,"大批资源,",1551,3750,,4,战车;骑兵,奚然:骁骑兵x1039 | 侯昱:骁骑兵x1043 | 萧瑜泰:骁骑兵x986 | 金全:投石车x1374,60,36
2465957,5级山贼,5,60,40,"很多资源,",258,684,,2,弓弩,欧阳悌瑞:强弩兵x851 | 西门渊潍:强弩兵x828,60,36
2469781,7级山贼,7,60,41,"大批资源,有宝箱,",603,1610,13570,3,弓弩;步兵;骑兵,钭闻:铁骑兵x856 | 席权冰:轻步兵x1293 | 宇文斌楚:强弩兵x1710,60,36
2468928,6级山贼,6,60,42,"大量资源,",392,911,,3,弓弩;步兵;骑兵,訾煊邦:轻步兵x895 | 饶祥:铁骑兵x631 | 温萍:强弩兵x1139,60,42
2466529,8级山贼,8,60,43,"大批资源,有宝箱,一些宝物,",944,2385,1793,4,战车;骑兵,胥容邪:投石车x944 | 廉涉:骁骑兵x708 | 蒙圣:骁骑兵x673 | 郦茗懿:重弩车x342,60,42
2463458,9级山贼,9,60,45,"大批资源,有宝箱,",1508,4339,1793,4,战车;骑兵,项兴玉:骁骑兵x957 | 周潇:投石车x1369 | 闻人夜:投石车x1206 | 逄奇从:轻骑兵x1758,60,42
2467256,10级山贼,10,60,46,"大批资源,有宝箱,一些宝物,",1961,5474,1793,5,弓弩;战车;骑兵,子车奕洁:重弩车x817 | 步音:骁骑兵x1712 | 向清:重弩车x735 | 印儿萌:弩骑兵x1982 | 冷勤:重弩车x748,60,42
2465078,2级山贼,2,60,47,"许多资源,",80,218,,1,步兵,戚筠:民兵x306,60,42
2466709,5级山贼,5,60,48,"大量资源,",289,711,,2,弓弩,裴齐尔:弓兵x211 | 钱炳君:强弩兵x765,60,48
2467988,5级山贼,5,60,49,"很多资源,",252,605,,2,弓弩,芮沁简:强弩兵x758 | 姬城成:强弩兵x740,60,48
2469236,10级山贼,10,60,51,"大批资源,有宝箱,",2193,4988,1084;1793,5,弓弩;战车,景鸿霜:弩骑兵x1970 | 车正同:弩骑兵x2049 | 钭旷:重弩车x783 | 怀虞:弩骑兵x2020 | 仲长陆:弩骑兵x1974,60,48
2465409,2级山贼,2,60,52,"许多资源,",80,250,,1,步兵,倪齐闻:民兵x309,60,48
2468174,2级山贼,2,60,54,"许多资源,",98,283,,1,步兵,糜萱:民兵x277,60,54
2463815,6级山贼,6,60,55,"大量资源,有宝箱,",378,941,14849,3,步兵;骑兵,宁锦敏:铁骑兵x599 | 桂霁适:轻步兵x807 | 席莫水:轻步兵x779,60,54
2468245,9级山贼,9,61,0,"大批资源,有宝箱,",1408,3702,1074,4,战车;骑兵,柏年:骁骑兵x1008 | 莫琴宾:投石车x1286 | 庄明皓:骁骑兵x1021 | 费吟:重弩车x512,60,0
2464075,4级山贼,4,61,1,"很多资源,有装备,",173,424,,2,步兵,黄笑偲:近卫兵x373 | 贝津斯:重步兵x496,60,0
2466907,8级山贼,8,61,2,"大批资源,有装备,",1074,2270,1068;1069,4,战车;骑兵,国旋驰:骁骑兵x734 | 聂赋:轻骑兵x1159 | 储妙简:轻骑兵x1291 | 郁宝:投石车x974,60,0
2464258,5级山贼,5,61,5,"大量资源,",255,745,,2,弓弩;骑兵,贺柏灿:铁骑兵x366 | 戎存:弓兵x204,60,0
2468624,2级山贼,2,61,6,"许多资源,",80,266,,1,步兵,和听:民兵x295,60,6
2463248,2级山贼,2,61,7,"许多资源,有装备,",82,226,16777729,1,步兵,陶溪:民兵x297,60,6
2463708,5级山贼,5,61,9,"很多资源,",299,717,,2,弓弩;骑兵,于绪:铁骑兵x358 | 家勇阳:强弩兵x738,60,6
2463098,5级山贼,5,61,10,"大量资源,一些宝物,",261,796,,2,弓弩;骑兵,任昕绍:铁骑兵x321 | 居琪今:弓兵x219,60,6
2468838,10级山贼,10,61,13,"大批资源,有宝箱,",1826,4778,,5,弓弩;战车;骑兵,伍薇:骁骑兵x1911 | 钮芹:弩车x235 | 林空:重弩车x751 | 訾溪:弩骑兵x1938 | 于碧:弩车x236,60,12
2463062,5级山贼,5,61,14,"很多资源,",300,612,,2,弓弩;骑兵,章心:强弩兵x871 | 仰捷:铁骑兵x342,60,12
2464760,1级山贼,1,61,17,"一些资源,",43,126,,1,步兵,古空:民兵x141,60,12
2464415,7级山贼,7,61,21,"大批资源,",514,1679,1064,3,弓弩;步兵,艾城旋:轻步兵x1138 | 姬骞博:弓兵x541 | 广义:弓兵x549,60,18
2466373,3级山贼,3,61,23,"很多资源,",144,399,,1,步兵,池潇迎:民兵x852,60,18
2469687,3级山贼,3,61,25,"很多资源,",155,400,,1,步兵,须松湛:民兵x870,60,24
2467274,3级山贼,3,61,26,"许多资源,",157,334,1044,1,步兵,薛念:民兵x865,60,24
2469085,10级山贼,10,61,27,"大批资源,有宝箱,有装备,",1870,5046,1084;1793;16790529,5,弓弩;战车;骑兵,郜胜:投石车x1950 | 容初友:重弩车x734 | 施辑:弩骑兵x2192 | 骆尔夏:弩骑兵x2090 | 高音:骁骑兵x1778,60,24
2469212,2级山贼,2,61,29,"许多资源,有装备,",92,291,16777217,1,步兵,祖鹏楚:民兵x307,60,24
2467854,2级山贼,2,61,30,"许多资源,",80,299,1039,1,步兵,司徒季:民兵x323,60,30
2467218,5级山贼,5,61,32,"很多资源,",260,676,,2,步兵;骑兵,喻怜存:轻步兵x469 | 毕景:铁骑兵x348,60,30
2466916,2级山贼,2,61,33,"许多资源,",82,245,,1,步兵,宰豇博:民兵x293,60,30
2465495,6级山贼,6,61,34,"大量资源,",371,947,1059,3,步兵;骑兵,仰双:轻步兵x934 | 家碧:铁骑兵x592 | 花海贤:铁骑兵x588,60,30
2463780,10级山贼,10,61,35,"大批资源,有宝箱,有装备,一些宝物,",2095,4956,16785665,5,弓弩;战车;骑兵,扈涆斌:弩骑兵x1804 | 全甫:弩骑兵x1846 | 皮翼慨:骁骑兵x1781 | 解红偲:弩骑兵x2173 | 封禹宣:重弩车x688,60,30
2467441,2级山贼,2,61,38,"许多资源,",99,230,,1,步兵,戚行:民兵x315,60,36
2465832,6级山贼,6,61,41,"大量资源,一些宝物,",368,827,1059,3,步兵,茅栩萍:轻步兵x923 | 奚洁绿:轻步兵x782 | 东颜咏:轻步兵x925,60,36
2468478,6级山贼,6,61,42,"大量资源,",317,801,,3,弓弩;步兵;骑兵,董冰昶:轻步兵x898 | 徐燕:铁骑兵x650 | 陆代程:弓兵x358,60,42
2464059,3级山贼,3,61,44,"很多资源,",158,387,,1,步兵,蔺咏菲:民兵x814,60,42
2467387,2级山贼,2,61,45,"许多资源,",94,244,,1,步兵,索含烁:民兵x321,60,42
2467241,2级山贼,2,61,46,"许多资源,",98,209,,1,步兵,安炫:民兵x311,60,42
2463846,5级山贼,5,61,49,"大量资源,有装备,",296,729,,2,弓弩;骑兵,何若桂:强弩兵x866 | 解依:铁骑兵x337,60,48
2467683,8级山贼,8,61,51,"大批资源,有宝箱,",975,2267,,4,战车;骑兵,利煦存:投石车x944 | 唐雯雪:轻骑兵x1181 | 奚锦:轻骑兵x1143 | 骆齐:轻骑兵x1291,60,48
2466132,6级山贼,6,61,52,"大量资源,有宝箱,",346,813,,3,弓弩,宁鹤绿:强弩兵x1000 | 司寇霜:强弩兵x1227 | 莘紫:弓兵x356,60,48
2469103,6级山贼,6,61,53,"大量资源,有宝箱,",311,835,13570,3,弓弩;骑兵,梁干:强弩兵x1284 | 唐宁贤:强弩兵x1250 | 刁霖:铁骑兵x587,60,48
2463402,6级山贼,6,61,54,"大量资源,",361,971,1059,3,弓弩;步兵,党空:弓兵x381 | 曾冬海:轻步兵x907 | 厍明杉:强弩兵x1068,60,54
2465071,5级山贼,5,62,3,"很多资源,",294,667,1054,2,弓弩;骑兵,向明:铁骑兵x341 | 时思:强弩兵x807,60,0
2466233,9级山贼,9,62,4,"大批资源,",1633,3953,,4,战车;骑兵,郑辉华:投石车x1225 | 司骄成:重弩车x463 | 屈旋果:轻骑兵x1649 | 董琛代:轻骑兵x1545,60,0
2468053,4级山贼,4,62,6,"很多资源,",160,443,,2,步兵,昝实:民兵x1147 | 丰季:重步兵x469,60,6
2463675,9级山贼,9,62,7,"大批资源,有宝箱,一些宝物,",1409,4209,1074;1065,4,骑兵,阙绪水:骁骑兵x1088 | 宿江:轻骑兵x1563 | 璩爽怜:骁骑兵x1094 | 韩豆:轻骑兵x1664,60,6
2467029,5级山贼,5,62,8,"很多资源,",282,683,,2,弓弩;步兵,刘适:强弩兵x789 | 扈葱懋:轻步兵x470,60,6
2468958,9级山贼,9,62,12,"大批资源,有宝箱,",1536,3888,1793,4,骑兵,戎曦:轻骑兵x1714 | 郭靖:轻骑兵x1600 | 任卿勇:骁骑兵x1074 | 程识月:骁骑兵x1043,60,12
2468228,5级山贼,5,62,13,"大量资源,",298,716,1053,2,弓弩;骑兵,邢醒海:铁骑兵x365 | 孔访:强弩兵x798,60,12
2464467,6级山贼,6,62,21,"大量资源,一些宝物,",395,811,,3,弓弩,漆雕路慕:强弩兵x1172 | 郑初藉:强弩兵x1204 | 别水:强弩兵x1190,60,18
2467491,5级山贼,5,62,23,"很多资源,",261,737,,2,步兵,戈武煦:轻步兵x474 | 养胤:轻步兵x513,60,18
2465450,9级山贼,9,62,25,"大批资源,有宝箱,",1766,3629,1074,4,战车;骑兵,苏泰:投石车x1297 | 都真旎:轻骑兵x1777 | 项程:投石车x1365 | 樊岚慧:投石车x1351,60,24
2468521,3级山贼,3,62,30,"很多资源,",156,384,,1,步兵,卢钊容:民兵x865,60,30
2467838,6级山贼,6,62,39,"大量资源,",353,986,,3,弓弩;步兵;骑兵,卞谷:强弩兵x1281 | 孙宕宾:轻步兵x819 | 谈初:铁骑兵x658,60,36
2469939,1级山贼,1,62,40,"一些资源,",49,104,,1,步兵,郏竹醒:民兵x157,60,36
2464501,3级山贼,3,62,49,"许多资源,",149,313,,1,步兵,晁彤绮:民兵x892,60,48
2467066,9级山贼,9,63,0,"大批资源,有宝箱,",1789,4187,1793,4,战车;骑兵,充倪:轻骑兵x1669 | 钭然琦:投石车x1277 | 石振江:骁骑兵x930 | 卜璐敏:投石车x1392,63,0
2465660,4级山贼,4,63,1,"很多资源,",152,490,1042,2,步兵,余强:重步兵x482 | 仲益:重步兵x489,63,0
2468530,1级山贼,1,63,2,"一些资源,",56,100,,1,步兵,花柔谊:民兵x136,63,0
2464976,10级山贼,10,63,3,"大批资源,有宝箱,一些宝物,",2150,4937,1084;1084;1084,5,弓弩;骑兵,贾姮雨:弩骑兵x1949 | 宇文大:弩骑兵x1971 | 胡笛:骁骑兵x1811 | 能彤:弩骑兵x1826 | 连访觅:弩骑兵x2073,63,0
2467512,1级山贼,1,63,5,"一些资源,",48,144,,1,步兵,通启薄:民兵x138,63,0
2468312,2级山贼,2,63,6,"许多资源,",100,232,,1,步兵,邴惠程:民兵x327,63,6
2465135,6级山贼,6,63,7,"大量资源,",304,919,,3,弓弩;骑兵,卜果炫:强弩兵x1178 | 公良玉:铁骑兵x556 | 赖资:强弩兵x1173,63,6
2467815,5级山贼,5,63,8,"很多资源,有装备,一些宝物,",294,775,4097;16778753,2,骑兵,秦珊:铁骑兵x318 | 乐正海:铁骑兵x328,63,6
2463347,3级山贼,3,63,9,"很多资源,",150,310,1044,1,步兵,司马禹:民兵x891,63,6
2469419,3级山贼,3,63,10,"许多资源,",142,377,,1,步兵,山璐:民兵x816,63,6
2468264,5级山贼,5,63,11,"很多资源,",258,662,1054,2,弓弩,艾翠:强弩兵x729 | 石禧雨:强弩兵x825,63,6
2466833,5级山贼,5,63,13,"大量资源,",262,777,1054,2,步兵,谷奇水:轻步兵x526 | 公羊绿:轻步兵x512,63,12
2466108,1级山贼,1,63,16,"一些资源,有装备,",54,104,1034,1,步兵,浦扬好:民兵x143,63,12
2468571,5级山贼,5,63,18,"很多资源,",278,648,,2,弓弩;骑兵,司寇潍:铁骑兵x369 | 都淼:强弩兵x863,63,18
2467929,9级山贼,9,63,19,"大批资源,有宝箱,一些宝物,",1498,3918,1793;29441,4,战车;骑兵,危娥:轻骑兵x1799 | 敖运格:骁骑兵x1037 | 曲曾:投石车x1393 | 水存:投石车x1322,63,18
2466024,3级山贼,3,63,20,"很多资源,",154,346,,1,步兵,双群游:民兵x789,63,18
2465993,4级山贼,4,63,22,"很多资源,",157,407,,2,步兵,巫马玟:民兵x1262 | 贲莲岚:近卫兵x361,63,18
2464127,6级山贼,6,63,23,"大量资源,",310,937,,3,弓弩;骑兵,姬怿:铁骑兵x646 | 瞿涵:强弩兵x1029 | 萧容:强弩兵x1210,63,18
2463952,6级山贼,6,63,24,"大量资源,一些宝物,",327,809,1056,3,弓弩;步兵;骑兵,闻涆辰:铁骑兵x652 | 空邪访:轻步兵x875 | 甄深:强弩兵x1036,63,24
2463698,2级山贼,2,63,25,"许多资源,",87,264,1039,1,步兵,邬望穰:民兵x284,63,24
2468855,6级山贼,6,63,28,"大量资源,",317,839,,3,弓弩;骑兵,姜懿适:铁骑兵x593 | 段采才:铁骑兵x558 | 马化如:强弩兵x1026,63,24
2465668,7级山贼,7,63,36,"大批资源,有宝箱,",583,1517,1064;1064,3,弓弩;骑兵,乌天信:铁骑兵x766 | 越清宾:强弩兵x1496 | 栾瑜果:强弩兵x1751,63,36
2469322,4级山贼,4,63,41,"很多资源,",172,488,1049,2,步兵,闻人溪旋:民兵x1216 | 常悦:重步兵x520,63,36
2464665,9级山贼,9,63,43,"大批资源,有宝箱,",1410,4233,1793,4,战车;骑兵,郦芮龙:骁骑兵x974 | 龙恩碧:投石车x1220 | 卞静映:骁骑兵x906 | 艾珊嫒:重弩车x507,63,42
2468893,4级山贼,4,63,44,"很多资源,",160,429,,2,步兵,祝豇:近卫兵x373 | 巢喷:近卫兵x379,63,42
2467590,1级山贼,1,63,47,"一些资源,",49,101,,1,步兵,甄珍:民兵x136,63,42
2467505,9级山贼,9,63,48,"大批资源,有宝箱,一些宝物,",1506,3681,29441;1074,4,战车;骑兵,郝翊:骁骑兵x1051 | 安溪:轻骑兵x1642 | 薛昱:骁骑兵x942 | 瞿阳:投石车x1339,63,48
2468598,5级山贼,5,63,49,"很多资源,",260,772,,2,步兵;骑兵,栾树迎:铁骑兵x317 | 苏武阳:轻步兵x525,63,48
2465493,8级山贼,8,63,50,"大批资源,",953,2603,1061,4,战车;骑兵,管晔:骁骑兵x796 | 齐荫菡:轻骑兵x1157 | 荆嗣诗:轻骑兵x1298 | 巫忆新:投石车x901,63,48
2466048,4级山贼,4,63,51,"很多资源,",169,404,,2,步兵,程齐:民兵x1223 | 慕容华:近卫兵x357,63,48
2466224,9级山贼,9,63,52,"大批资源,一些宝物,",1482,3759,1074,4,战车;骑兵,江钋舒:骁骑兵x1067 | 常柔:轻骑兵x1435 | 危吉:投石车x1235 | 费元曾:轻骑兵x1502,63,48
2465986,5级山贼,5,63,53,"很多资源,",262,750,1054,2,步兵;骑兵,黎寻倩:轻步兵x531 | 和霓好:铁骑兵x338,63,48
2467650,9级山贼,9,64,1,"大批资源,有宝箱,",1732,4322,1793,4,战车;骑兵,荀祈江:骁骑兵x986 | 东方河益:重弩车x462 | 杭伟识:轻骑兵x1482 | 盛煦宇:重弩车x468,63,0
2463555,2级山贼,2,64,2,"许多资源,",91,283,,1,步兵,暨靖:民兵x275,63,0
2466580,4级山贼,4,64,3,"很多资源,",169,433,,2,步兵,双云禹:重步兵x539 | 蒋火阳:近卫兵x394,63,0
2467294,3级山贼,3,64,4,"很多资源,",155,349,,1,步兵,扈龙本:民兵x827,63,0
2464086,4级山贼,4,64,5,"很多资源,",169,451,,2,步兵,须量:民兵x1173 | 宣虹:近卫兵x379,63,0
2463509,3级山贼,3,64,7,"很多资源,",148,361,1044,1,步兵,韶禧:民兵x787,63,6
2465884,3级山贼,3,64,9,"很多资源,",142,389,,1,步兵,鱼熙:民兵x797,63,6
2467321,8级山贼,8,64,11,"大批资源,有宝箱,一些宝物,",1057,2607,1067,4,骑兵,窦冰:骁骑兵x716 | 暴绪:轻骑兵x1113 | 家蕊:骁骑兵x716 | 韦山:骁骑兵x829,63,6
2465304,9级山贼,9,64,12,"大批资源,有宝箱,有装备,一些宝物,",1629,4057,,4,战车;骑兵,田希:骁骑兵x1090 | 嵇宇:投石车x1291 | 融之:轻骑兵x1560 | 周采春:轻骑兵x1732,63,12
2469158,9级山贼,9,64,13,"大批资源,有宝箱,有装备,",1625,3998,1074;16779521,4,战车;骑兵,柴思楚:骁骑兵x1074 | 卓懿裕:骁骑兵x1064 | 桂颜茗:轻骑兵x1709 | 籍淑:投石车x1299,63,12
2464090,3级山贼,3,64,15,"很多资源,",153,342,,1,步兵,羿懿:民兵x897,63,12
2464741,4级山贼,4,64,16,"很多资源,",165,485,,2,步兵,姬卿:民兵x1206 | 狄佑:民兵x1189,63,12
2464249,9级山贼,9,64,19,"大批资源,有装备,",1634,3948,1064,4,战车;骑兵,通莲悦:重弩车x510 | 戴儿浩:骁骑兵x1042 | 乔友访:骁骑兵x927 | 吴杉蔚:骁骑兵x1088,63,18
2463411,5级山贼,5,64,20,"很多资源,",266,651,,2,骑兵,祖翔:铁骑兵x310 | 董月谷:铁骑兵x370,63,18
2468075,6级山贼,6,64,21,"大量资源,一些宝物,",350,829,4097,3,弓弩;步兵;骑兵,蓝雯云:铁骑兵x634 | 公良游潍:轻步兵x869 | 湛真瑶:强弩兵x1076,63,18
2463289,9级山贼,9,64,23,"大批资源,",1470,3694,,4,战车;骑兵,姜枫:轻骑兵x1542 | 尚辰:重弩车x512 | 计吟黛:轻骑兵x1430 | 汲路:轻骑兵x1670,63,18
2468578,8级山贼,8,64,25,"大批资源,",908,2413,1069,4,战车;骑兵,曾郎:重弩车x330 | 莫闻:投石车x1051 | 欧阳为筠:轻骑兵x1251 | 凌家:轻骑兵x1278,63,24
2468702,2级山贼,2,64,26,"许多资源,",97,299,,1,步兵,微生硕晖:民兵x312,63,24
2463365,3级山贼,3,64,28,"许多资源,",146,326,,1,步兵,车正振:民兵x783,63,24
2466417,4级山贼,4,64,29,"很多资源,",168,448,,2,步兵,史专:重步兵x533 | 长孙烟念:近卫兵x385,63,24
2464275,8级山贼,8,64,37,"大批资源,有宝箱,",1027,2652,1069,4,战车;骑兵,麻好:投石车x1066 | 令狐璨:重弩车x378 | 单于游半:骁骑兵x733 | 熊亦琪:轻骑兵x1207,63,36
2467215,5级山贼,5,64,38,"大量资源,有宝箱,有装备,",275,794,,2,弓弩;步兵,江通醒:弓兵x226 | 戴大温:轻步兵x504,63,36
2463467,5级山贼,5,64,39,"很多资源,",274,630,1054,2,弓弩;步兵,尹圣艺:轻步兵x474 | 戚心:弓兵x198,63,36
2465746,7级山贼,7,64,40,"大批资源,",691,1647,,3,弓弩,长孙乐方:强弩兵x1634 | 郏绍翮:强弩兵x1662 | 喻颖:强弩兵x1603,63,36
2464492,1级山贼,1,64,42,"一些资源,",42,131,,1,步兵,程乐存:民兵x151,63,42
2464866,9级山贼,9,64,43,"大批资源,",1435,3986,1074,4,战车;骑兵,能真霁:骁骑兵x997 | 朱真:轻骑兵x1569 | 太叔秉:轻骑兵x1596 | 米舟郝:投石车x1317,63,42
2468406,4级山贼,4,64,49,"很多资源,",150,407,1046,2,步兵,喻莹紫:近卫兵x396 | 徐昱武:重步兵x502,63,48
2468575,10级山贼,10,64,50,"大批资源,有宝箱,一些宝物,",2139,4797,1793,5,战车;骑兵,晏桂:重弩车x828 | 岑琛:投石车x1949 | 皮芹:骁骑兵x1764 | 萧雨:重弩车x733 | 乐正鸾:投石车x2098,63,48
2464446,4级山贼,4,64,52,"很多资源,",150,417,,2,步兵,家恩墨:近卫兵x372 | 谈璧:重步兵x512,63,48
2468349,1级山贼,1,65,12,"一些资源,",44,128,,1,步兵,廉碧:民兵x138,63,12
2465998,3级山贼,3,65,13,"许多资源,",150,310,,1,步兵,金文:民兵x784,63,12
2467019,2级山贼,2,65,14,"许多资源,",93,262,,1,步兵,廖熙宝:民兵x320,63,12
2469464,8级山贼,8,65,18,"大批资源,",972,2622,1069;1059,4,战车,甄涆歆:投石车x1081 | 红映:投石车x967 | 冷修边:重弩车x377 | 刘今宁:重弩车x333,63,18
2464277,4级山贼,4,65,19,"很多资源,",169,428,,2,步兵,薄奇:民兵x1133 | 司婕:近卫兵x404,63,18
2462939,10级山贼,10,65,20,"大批资源,有宝箱,一些宝物,",2032,4825,1084;3074,5,弓弩;战车;骑兵,惠卉蔚:弩骑兵x1950 | 暴祥:弩骑兵x1988 | 俞洧:弩车x220 | 卫竹:骁骑兵x1793 | 邱醒笑:弩骑兵x1823,63,18
2467865,7级山贼,7,65,24,"大批资源,",622,1480,,3,弓弩;骑兵,车豇潍:铁骑兵x917 | 南宫采:强弩兵x1676 | 单若:弓兵x591,63,24
2469084,2级山贼,2,65,26,"许多资源,",87,241,,1,步兵,国绪:民兵x288,63,24
2465326,9级山贼,9,65,37,"大批资源,有宝箱,",1635,3629,1074,4,战车;骑兵,翁谋:投石车x1277 | 戚咏:骁骑兵x953 | 荀玥荫:骁骑兵x952 | 隗旻颜:骁骑兵x1069,63,36
2468537,2级山贼,2,65,38,"许多资源,",95,236,,1,步兵,单于今婕:民兵x291,63,36
2465128,7级山贼,7,65,43,"大批资源,有宝箱,",618,1447,,3,弓弩;步兵,蒲镘:强弩兵x1533 | 长孙墨绍:弓兵x546 | 苍奕:轻步兵x1204,63,42
2469178,7级山贼,7,65,47,"大批资源,一些宝物,",585,1663,,3,弓弩;骑兵,米芹:强弩兵x1505 | 薄均尔:铁骑兵x900 | 卜丹君:铁骑兵x787,63,42
2463451,3级山贼,3,66,1,"很多资源,",151,339,,1,步兵,荆方:民兵x888,66,0
2466050,5级山贼,5,66,2,"很多资源,有宝箱,",267,602,13569,2,弓弩;骑兵,柏箴:强弩兵x821 | 闻人雯:铁骑兵x348,66,0
2466126,1级山贼,1,66,3,"一些资源,",50,140,,1,步兵,索美:民兵x138,66,0
2463803,8级山贼,8,66,6,"大批资源,有宝箱,一些宝物,",979,2578,,4,战车;骑兵,杜皓:骁骑兵x702 | 钭皓:投石车x914 | 莫魄:重弩车x362 | 邴秀颜:轻骑兵x1299,66,6
2468043,1级山贼,1,66,7,"一些资源,",40,108,1034,1,步兵,劳乾德:民兵x136,66,6
2466951,3级山贼,3,66,12,"许多资源,",146,303,,1,步兵,文鹂:民兵x812,66,12
2463250,7级山贼,7,66,13,"大批资源,",536,1591,,3,弓弩;骑兵,窦之松:强弩兵x1770 | 詹南杉:弓兵x556 | 牛识鹤:铁骑兵x899,66,12
2469359,9级山贼,9,66,17,"大批资源,有宝箱,",1631,4213,1074,4,战车;骑兵,时鑫:骁骑兵x988 | 裴季:骁骑兵x1069 | 隗侠叡:投石车x1244 | 相全:投石车x1217,66,12
2466915,10级山贼,10,66,18,"大批资源,有宝箱,有装备,一些宝物,",1957,5231,1793,5,战车;骑兵,尚单瑞:骁骑兵x1739 | 令狐芮:骁骑兵x1902 | 聂诩秀:弩车x229 | 路波:投石车x1961 | 韦穰:重弩车x823,66,18
2464915,6级山贼,6,66,19,"大量资源,有装备,一些宝物,",307,817,4097;16785153,3,弓弩;骑兵,蓝荫:强弩兵x1251 | 松藻友:强弩兵x1215 | 任瑜:铁骑兵x554,66,18
2468095,6级山贼,6,66,21,"大量资源,",345,957,,3,弓弩;步兵,邢潇:弓兵x378 | 通范:强弩兵x1242 | 崔然通:轻步兵x845,66,18
2465439,10级山贼,10,66,23,"大批资源,有宝箱,",2133,5040,,5,弓弩;战车,卞晴:投石车x2194 | 赖从格:弩车x217 | 叶采旺:弩骑兵x1876 | 周萱:弩骑兵x2171 | 殳通:弩骑兵x2172,66,18
2465332,10级山贼,10,66,26,"大批资源,有宝箱,许多宝物,",1931,5459,,5,弓弩;战车;骑兵,戎澜:弩骑兵x2157 | 臧锦歌:重弩车x751 | 子车昶:骁骑兵x1989 | 宦茵:弩骑兵x1913 | 阎寒:弩骑兵x2097,66,24
2469232,5级山贼,5,66,27,"大量资源,",253,728,,2,骑兵,牧柏:铁骑兵x332 | 程宇楠:铁骑兵x311,66,24
2465092,7级山贼,7,66,29,"大批资源,有宝箱,",597,1646,,3,弓弩;步兵;骑兵,丁旻兆:轻步兵x1230 | 仲长邪识:强弩兵x1502 | 平潍庸:铁骑兵x923,66,24
2466178,10级山贼,10,66,30,"大批资源,有宝箱,",1970,4955,,5,弓弩;战车;骑兵,古茗:骁骑兵x1824 | 石华奇:骁骑兵x1803 | 戎怡:弩骑兵x1845 | 子车颖:弩车x213 | 井可:骁骑兵x1960,63,30
2464250,6级山贼,6,66,31,"大量资源,",384,841,,3,步兵;骑兵,房刚寰:轻步兵x881 | 戚香:铁骑兵x549 | 桂迎:轻步兵x838,63,30
2463584,2级山贼,2,66,33,"许多资源,",92,258,,1,步兵,危周:民兵x291,63,30
2464961,8级山贼,8,66,35,"大批资源,有宝箱,",931,2250,1793,4,战车;骑兵,杜怡:骁骑兵x771 | 宋彦:重弩车x358 | 荆捷:投石车x1094 | 应骞:重弩车x337,63,30
2464572,4级山贼,4,66,37,"很多资源,",166,426,,2,步兵,韦璨:近卫兵x392 | 奚斯青:民兵x1152,66,36
2465924,1级山贼,1,66,40,"一些资源,",58,114,,1,步兵,明曼琴:民兵x140,66,36
2463594,8级山贼,8,66,41,"大批资源,",1021,2252,1060,4,战车;骑兵,宋蓉:轻骑兵x1259 | 融无:骁骑兵x797 | 荀存:骁骑兵x806 | 易贤:投石车x1046,66,36
2466734,4级山贼,4,66,43,"很多资源,",169,474,,2,步兵,陈旻:重步兵x500 | 徐儿幼:近卫兵x397,66,42
2466585,7级山贼,7,66,46,"大批资源,有宝箱,",587,1521,,3,弓弩,鲁煜琦:弓兵x506 | 盛谊:强弩兵x1634 | 顾菲:弓兵x520,66,42
2466866,9级山贼,9,66,50,"大批资源,有宝箱,",1506,3908,1069,4,战车;骑兵,连容丽:轻骑兵x1778 | 养珠:骁骑兵x1097 | 须笛:重弩车x492 | 黄鸿:投石车x1387,66,48
2470015,8级山贼,8,66,51,"大批资源,有装备,",974,2281,,4,骑兵,熊萌:轻骑兵x1255 | 徐坚精:轻骑兵x1298 | 皇甫鲸拔:轻骑兵x1207 | 尤旋人:骁骑兵x829,66,48
2469348,5级山贼,5,66,54,"很多资源,",265,696,,2,步兵;骑兵,柯恩:铁骑兵x335 | 台倩美:轻步兵x521,63,54
2465529,2级山贼,2,66,55,"许多资源,有装备,",86,272,1039;16777217,1,步兵,邵怀煦:民兵x288,63,54
2466616,10级山贼,10,67,0,"大批资源,有宝箱,一些宝物,",2123,5128,3073;29441,5,弓弩;战车,昌策:重弩车x756 | 简家:弩骑兵x2036 | 仇旋:弩骑兵x1904 | 贡瑶代:弩骑兵x1942 | 霍娥娇:弩骑兵x1987,66,0
2467259,5级山贼,5,67,1,"很多资源,",287,715,,2,步兵,云槐:轻步兵x524 | 东沁为:轻步兵x514,66,0
2463950,4级山贼,4,67,3,"很多资源,",173,457,,2,步兵,杨骏淼:民兵x1155 | 钟希:重步兵x470,66,0
2464220,1级山贼,1,67,4,"一些资源,",52,126,,1,步兵,邢季芮:民兵x139,66,0
2466814,1级山贼,1,67,8,"一些资源,有装备,",60,126,16777729,1,步兵,却群笛:民兵x151,66,6
2466328,4级山贼,4,67,9,"很多资源,",153,500,1041,2,步兵,应曼:近卫兵x420 | 颜萱容:重步兵x526,66,6
2465751,10级山贼,10,67,11,"大批资源,有宝箱,一些宝物,",2184,5365,1083;1084,5,弓弩;战车,寿艾:弩车x200 | 宁风:弩骑兵x2030 | 孙咏怡:重弩车x692 | 水楚智:弩骑兵x2082 | 昝扬桢:弩骑兵x2118,66,6
2466894,3级山贼,3,67,13,"许多资源,",148,375,,1,步兵,寇通:民兵x799,66,12
2465840,2级山贼,2,67,14,"许多资源,有装备,",92,299,,1,步兵,皮祺:民兵x271,66,12
2466565,3级山贼,3,67,15,"许多资源,",149,321,,1,步兵,唐寒:民兵x894,66,12
2469097,7级山贼,7,67,17,"大批资源,有宝箱,",593,1613,1054,3,弓弩;步兵;骑兵,终家:强弩兵x1618 | 容顺可:铁骑兵x920 | 戚石:轻步兵x1121,66,12
2466869,1级山贼,1,67,18,"一些资源,",60,131,,1,步兵,蓝雯:民兵x164,66,18
2464344,4级山贼,4,67,19,"很多资源,",152,417,1049,2,步兵,宗正明:近卫兵x385 | 毕宕昶:重步兵x540,66,18
2464485,3级山贼,3,67,20,"许多资源,",151,352,,1,步兵,武骏映:民兵x888,66,18
2463341,5级山贼,5,67,21,"很多资源,",277,643,,2,弓弩;步兵,田尔儿:轻步兵x544 | 步月:强弩兵x787,66,18
2464802,2级山贼,2,67,23,"许多资源,",87,270,1039,1,步兵,雷星:民兵x302,66,18
2465722,10级山贼,10,67,25,"大批资源,有宝箱,",2082,5459,1793;1084;1084,5,弓弩;战车;骑兵,牧仙:投石车x1971 | 盛柏潇:重弩车x686 | 堵瑶:弩骑兵x1964 | 储谊菱:投石车x2041 | 广漫:骁骑兵x1670,66,24
2468649,9级山贼,9,67,26,"大批资源,有宝箱,有装备,",1445,4253,,4,战车;骑兵,喻晓:骁骑兵x1062 | 于家:骁骑兵x1090 | 能儿:投石车x1366 | 相里勤:投石车x1313,66,24
2467361,5级山贼,5,67,28,"很多资源,",277,698,,2,步兵,巫马方自:轻步兵x475 | 时悟:轻步兵x544,66,24
2470021,3级山贼,3,67,29,"许多资源,",145,315,,1,步兵,巴绿芷:民兵x802,66,24
2466453,4级山贼,4,67,30,"很多资源,",159,403,,2,步兵,司徒秀瑜:近卫兵x411 | 古博:民兵x1288,63,30
2465020,9级山贼,9,67,31,"大批资源,有宝箱,",1694,3888,1074;1074,4,战车;骑兵,充娇:投石车x1351 | 李彤贤:轻骑兵x1412 | 仲长沛:投石车x1237 | 费鲲聪:骁骑兵x902,63,30
2469937,10级山贼,10,67,32,"大批资源,有宝箱,有装备,",2014,5097,1084;1074,5,弓弩;战车;骑兵,戴阳静:弩骑兵x1903 | 韦人:弩骑兵x1997 | 钱卉:弩骑兵x1915 | 秋春音:骁骑兵x1630 | 皇甫卓仙:重弩车x762,63,30
2465929,3级山贼,3,67,33,"很多资源,",157,333,,1,步兵,文懋琛:民兵x832,63,30
2467501,1级山贼,1,67,35,"一些资源,",56,107,,1,步兵,禄叡:民兵x159,63,30
2466760,9级山贼,9,67,40,"大批资源,一些宝物,",1686,4083,1074,4,战车;骑兵,李义甫:投石车x1265 | 蒲顺礼:骁骑兵x992 | 漆雕自柏:重弩车x496 | 狄涤:投石车x1293,66,36
2467113,7级山贼,7,67,41,"大批资源,有宝箱,",667,1658,,3,弓弩;骑兵,秋奇:弓兵x585 | 伍韫:铁骑兵x930 | 宫卓:强弩兵x1747,66,36
2465299,7级山贼,7,67,43,"大批资源,有宝箱,有装备,",637,1406,,3,弓弩;步兵;骑兵,宇文姝琪:铁骑兵x763 | 巴祥昕:轻步兵x1208 | 乜绪:强弩兵x1681,66,42
2466973,1级山贼,1,67,44,"一些资源,",48,112,,1,步兵,湛姮:民兵x154,66,42
2467772,4级山贼,4,67,45,"很多资源,",150,486,,2,步兵,贝义:重步兵x544 | 隗翠楚:重步兵x545,66,42
2466432,6级山贼,6,67,46,"大量资源,有宝箱,",344,885,,3,弓弩;骑兵,支寒:强弩兵x1294 | 璩泽初:弓兵x408 | 鞠涉魂:铁骑兵x621,66,42
2468032,7级山贼,7,67,47,"大批资源,有宝箱,",684,1630,13570;1062,3,弓弩;骑兵,慕容福:强弩兵x1744 | 杜中:弓兵x551 | 郎单茗:铁骑兵x763,66,42
2463342,4级山贼,4,67,48,"很多资源,",178,448,,2,步兵,柳时澜:重步兵x547 | 米齐书:重步兵x526,66,48
2464686,7级山贼,7,67,51,"大批资源,",639,1400,1063,3,弓弩;步兵;骑兵,殳译:铁骑兵x763 | 乔芹:轻步兵x1168 | 井祈旷:弓兵x569,66,48
2465395,9级山贼,9,67,52,"大批资源,",1427,3784,,4,战车;骑兵,聂黎:骁骑兵x930 | 岑驰:投石车x1303 | 韦烨忍:骁骑兵x1021 | 司马璐彩:投石车x1257,66,48
2464203,8级山贼,8,67,53,"大批资源,有宝箱,",932,2293,1069,4,战车;骑兵,令狐旋旎:重弩车x369 | 司寇德醉:轻骑兵x1112 | 殷冉冉:骁骑兵x825 | 徐枫允:轻骑兵x1161,66,48
2467999,10级山贼,10,68,0,"大批资源,有宝箱,",1821,5393,,5,弓弩;战车;骑兵,吴晖:弩骑兵x2003 | 孟绪:骁骑兵x1726 | 宓卿芸:弩骑兵x1820 | 轩辕怜:投石车x1803 | 柴苑通:骁骑兵x1767,66,0
2468148,6级山贼,6,68,1,"大量资源,一些宝物,",400,943,,3,弓弩;骑兵,周磊:强弩兵x1035 | 通卿澜:强弩兵x1054 | 韦之晔:铁骑兵x569,66,0
2465887,7级山贼,7,68,6,"大批资源,",590,1444,1064,3,弓弩;步兵,怀铃奇:强弩兵x1420 | 宦向:轻步兵x1299 | 都潍瑶:强弩兵x1665,66,6
2467553,9级山贼,9,68,7,"大批资源,",1472,4027,,4,战车;骑兵,曹晶向:重弩车x451 | 冯珠绍:骁骑兵x975 | 曲牙:骁骑兵x1026 | 董莲:投石车x1215,66,6
2464211,2级山贼,2,68,9,"许多资源,",96,287,,1,步兵,夏羽:民兵x330,66,6
2468961,10级山贼,10,68,11,"大批资源,有宝箱,一些宝物,",1895,4779,,5,战车;骑兵,公羊双:骁骑兵x1996 | 司徒忆盼:骁骑兵x1931 | 壤驷可:骁骑兵x1741 | 红风:投石车x2196 | 赫连潇瑞:骁骑兵x1684,66,6
2465696,2级山贼,2,68,12,"许多资源,",89,208,,1,步兵,芮齐:民兵x272,66,12
2467716,1级山贼,1,68,19,"一些资源,",53,127,,1,步兵,滑萍:民兵x148,66,18
2464569,7级山贼,7,68,20,"大批资源,有宝箱,",695,1628,13569,3,弓弩;步兵;骑兵,柯琦贞:轻步兵x1129 | 公羊柔紫:铁骑兵x933 | 施之:强弩兵x1577,66,18
2464709,4级山贼,4,68,24,"很多资源,",169,419,,2,步兵,莘灵红:重步兵x465 | 仲尚范:近卫兵x412,66,24
2469425,2级山贼,2,68,28,"许多资源,",93,246,,1,步兵,蔺以:民兵x278,66,24
2466482,7级山贼,7,68,29,"大批资源,",515,1642,,3,弓弩,管俊慨:弓兵x525 | 毛燕:强弩兵x1674 | 虞柏:强弩兵x1716,66,24
2465578,8级山贼,8,68,30,"大批资源,有宝箱,",1077,2475,1793,4,战车;骑兵,邱璧:投石车x915 | 耿罡:轻骑兵x1290 | 黎路念:投石车x1035 | 贲仲:骁骑兵x751,63,30
2465878,10级山贼,10,68,33,"大批资源,有装备,一些宝物,",1811,4776,,5,弓弩;战车,昝皓悌:弩骑兵x1959 | 平锦豫:弩骑兵x1800 | 轩辕邪藉:投石车x2010 | 屈涉:重弩车x768 | 包木:投石车x1876,63,30
2468155,7级山贼,7,68,37,"大批资源,有装备,",575,1617,16785409,3,弓弩;步兵,计正谨:轻步兵x1192 | 沈禧:强弩兵x1432 | 蓝真:强弩兵x1454,66,36
2463370,6级山贼,6,68,38,"大量资源,有宝箱,一些宝物,",318,831,13569,3,步兵;骑兵,裴玥凝:铁骑兵x557 | 仲乐:轻步兵x940 | 冯籁:轻步兵x856,66,36
2465699,7级山贼,7,68,42,"大批资源,",516,1411,,3,步兵;骑兵,杨程方:轻步兵x1207 | 贡飙烁:轻步兵x1138 | 劳楠嫒:铁骑兵x863,66,42
2467064,8级山贼,8,68,50,"大批资源,",930,2622,1069;1067,4,战车;骑兵,钱邪虹:骁骑兵x779 | 嵇鹂:重弩车x329 | 熊丹我:重弩车x331 | 印华:投石车x1000,66,48
2469892,6级山贼,6,68,51,"大量资源,",339,939,1059;1059,3,弓弩;步兵,钱淑:轻步兵x835 | 巩诗淑:强弩兵x1300 | 黎怜河:轻步兵x850,66,48
2466685,10级山贼,10,68,53,"大批资源,有宝箱,一些宝物,",1831,5066,29441,5,弓弩;战车;骑兵,梁举生:投石车x1875 | 滑翊:重弩车x682 | 璩淼薇:骁骑兵x1741 | 赫连骄:弩骑兵x2154 | 司马苑:弩骑兵x1830,66,48
2465412,10级山贼,10,69,0,"大批资源,有宝箱,有装备,一些宝物,",1986,5121,1084;1083,5,弓弩;战车;骑兵,喻铃:骁骑兵x1870 | 宗政翠喷:投石车x2120 | 桂涵:重弩车x796 | 阮大怡:弩骑兵x1985 | 滕谨:骁骑兵x1927,69,0
2464821,10级山贼,10,69,1,"大批资源,有宝箱,一些宝物,",1985,5225,1075,5,战车;骑兵,车容亦:重弩车x761 | 文杉舒:骁骑兵x1740 | 高游熙:投石车x2062 | 巫马旋莹:重弩车x824 | 令狐怡:弩车x223,69,0
2464576,1级山贼,1,69,5,"一些资源,",59,141,,1,步兵,师顺勤:民兵x165,69,0
2467591,4级山贼,4,69,7,"很多资源,",151,490,,2,步兵,霍力翰:近卫兵x350 | 童彤:近卫兵x369,66,6
2467665,5级山贼,5,69,12,"大量资源,",285,702,1054,2,步兵;骑兵,冯蓝:铁骑兵x361 | 王黎:轻步兵x527,69,12
2468676,7级山贼,7,69,13,"大批资源,有宝箱,",646,1403,1064,3,弓弩;步兵,花巍:轻步兵x1300 | 仰项路:轻步兵x1193 | 逄蓉涉:弓兵x576,69,12
2467801,2级山贼,2,69,14,"许多资源,",96,203,,1,步兵,束果:民兵x271,69,12
2465836,10级山贼,10,69,16,"大批资源,有宝箱,一些宝物,",1837,5424,,5,弓弩;战车;骑兵,丛倪亦:弩骑兵x1993 | 巴真:投石车x1936 | 冀凡:骁骑兵x1682 | 宇文小:弩车x240 | 戎采擎:弩骑兵x2152,69,12
2468301,7级山贼,7,69,19,"大批资源,有宝箱,",656,1694,1064;13569,3,弓弩;骑兵,敖夏:弓兵x523 | 晏燕:强弩兵x1529 | 云忆:铁骑兵x936,69,18
2467432,2级山贼,2,69,20,"许多资源,",95,204,,1,步兵,屈焕:民兵x293,69,18
2467282,3级山贼,3,69,21,"很多资源,",147,325,,1,步兵,宿洁:民兵x892,69,18
2465250,9级山贼,9,69,22,"大批资源,有宝箱,",1695,3700,,4,战车;骑兵,曲兴:骁骑兵x947 | 邹妙:重弩车x445 | 秋福:骁骑兵x1012 | 宗政赫龙:轻骑兵x1484,69,18
2464471,8级山贼,8,69,23,"大批资源,",967,2597,,4,战车;骑兵,丰雨:投石车x1059 | 邬澜空:骁骑兵x812 | 裴漠:骁骑兵x761 | 梁爽:轻骑兵x1230,69,18
2466329,7级山贼,7,69,24,"大批资源,",523,1568,1064,3,弓弩;步兵;骑兵,季豇丰:轻步兵x1108 | 窦菲:强弩兵x1629 | 山齐童:铁骑兵x893,69,24
2469663,3级山贼,3,69,27,"很多资源,有装备,",144,339,16777729,1,步兵,利颜迎:民兵x841,69,24
2467109,10级山贼,10,69,28,"大批资源,有宝箱,一些宝物,",1827,5309,1084,5,弓弩;战车,东云:重弩车x750 | 戎采大:投石车x2135 | 胥家:弩骑兵x2040 | 顾娴:弩骑兵x2143 | 宗河:弩骑兵x1816,69,24
2463881,4级山贼,4,69,29,"很多资源,",162,473,,2,步兵,牧常望:民兵x1206 | 司谷佩:重步兵x529,69,24
2467632,3级山贼,3,69,31,"很多资源,",147,393,,1,步兵,乐芬希:民兵x841,69,30
2464286,8级山贼,8,69,32,"大批资源,有宝箱,有装备,",1053,2677,1069,4,战车;骑兵,瞿祥:骁骑兵x746 | 葛冉彦:投石车x1063 | 相里童:投石车x1071 | 景信凯:重弩车x324,69,30
2464778,1级山贼,1,69,33,"一些资源,有装备,",59,135,16787457,1,步兵,侯邪霓:民兵x154,69,30
2464165,6级山贼,6,69,35,"大量资源,有宝箱,",316,958,1059;13570,3,弓弩,苗宛:强弩兵x1124 | 荆璨:弓兵x357 | 蒲宾:强弩兵x1184,69,30
2463853,3级山贼,3,69,36,"许多资源,",153,321,,1,步兵,武娴:民兵x900,69,36
2466908,3级山贼,3,69,37,"很多资源,",148,379,,1,步兵,隆作:民兵x810,69,36
2465105,8级山贼,8,69,38,"大批资源,",1053,2658,1060,4,战车;骑兵,易容煦:投石车x996 | 牛墨:骁骑兵x778 | 融复:重弩车x354 | 云容:骁骑兵x752,69,36
2464155,7级山贼,7,69,42,"大批资源,",623,1441,,3,弓弩;骑兵,莫君醒:强弩兵x1699 | 莫强:铁骑兵x939 | 浦祯:强弩兵x1587,69,42
2466409,5级山贼,5,69,43,"很多资源,",299,751,,2,步兵;骑兵,茅顺:轻步兵x495 | 时荷:铁骑兵x320,69,42
2469502,5级山贼,5,69,48,"很多资源,一些宝物,",287,715,4097,2,弓弩;步兵,寿思:弓兵x196 | 艾拓松:轻步兵x481,69,48
2467843,2级山贼,2,69,50,"许多资源,",85,263,,1,步兵,汲琪:民兵x313,69,48
2467986,9级山贼,9,69,51,"大批资源,有宝箱,",1728,4274,1793,4,骑兵,终霁:骁骑兵x997 | 于芬:骁骑兵x1011 | 薄长识:轻骑兵x1535 | 宗正艺幻:骁骑兵x1024,69,48
2465064,10级山贼,10,69,55,"大批资源,有宝箱,",1948,4901,1084,5,弓弩;战车;骑兵,郎竹:骁骑兵x1607 | 骆凡亭:骁骑兵x1674 | 都齐:投石车x1899 | 颜义旺:弩骑兵x1894 | 别鹍:骁骑兵x1927,69,54
2469451,8级山贼,8,70,0,"大批资源,有宝箱,",1087,2645,1069,4,骑兵,梁丘婉:轻骑兵x1217 | 晁濯:骁骑兵x696 | 支土荡:骁骑兵x760 | 屠全:骁骑兵x750,69,0
2467981,3级山贼,3,70,2,"很多资源,",152,359,,1,步兵,庄姮云:民兵x793,69,0
2467622,8级山贼,8,70,3,"大批资源,有宝箱,有装备,",911,2499,1062,4,战车;骑兵,窦星高:骁骑兵x713 | 聂朔:轻骑兵x1247 | 邱辉:重弩车x353 | 劳咏涵:轻骑兵x1265,69,0
2469428,3级山贼,3,70,5,"很多资源,",146,381,,1,步兵,壤驷煜:民兵x893,69,0
2463774,10级山贼,10,70,14,"大批资源,有宝箱,",1981,4879,1084;1084,5,战车;骑兵,阙琴瑶:骁骑兵x1679 | 席馨盛:重弩车x775 | 相里琛友:重弩车x763 | 隗紫碧:骁骑兵x1723 | 庚霖骄:骁骑兵x1767,69,12
2467971,9级山贼,9,70,15,"大批资源,有宝箱,有装备,一些宝物,",1773,4214,1793,4,战车;骑兵,邬胤:轻骑兵x1745 | 盛桃怡:骁骑兵x1014 | 山向齐:投石车x1368 | 祁我:轻骑兵x1711,69,12
2466514,1级山贼,1,70,16,"一些资源,",43,130,,1,步兵,臧齐翠:民兵x137,69,12
2464811,4级山贼,4,70,17,"很多资源,",178,483,,2,步兵,鲍艺溪:近卫兵x360 | 仲长欣庆:近卫兵x392,69,12
2464033,5级山贼,5,70,18,"大量资源,",285,784,,2,弓弩,步旎:强弩兵x776 | 都驹:弓兵x216,69,18
2463130,5级山贼,5,70,19,"大量资源,有宝箱,",273,791,13569,2,骑兵,穆喆:铁骑兵x373 | 胥霁浚:铁骑兵x332,69,18
2467060,10级山贼,10,70,20,"大批资源,一些宝物,",2163,5401,1084,5,弓弩;战车;骑兵,党江:弩车x248 | 郜绪怜:弩骑兵x1918 | 梁丘潍:弩骑兵x1942 | 靳采姮:重弩车x782 | 唐唱舟:骁骑兵x1658,69,18
2467425,8级山贼,8,70,21,"大批资源,有宝箱,",1009,2341,1069;1793,4,战车;骑兵,余晔:投石车x1066 | 宋群:轻骑兵x1290 | 杭进:投石车x940 | 全之:投石车x1079,69,18
2469317,5级山贼,5,70,22,"很多资源,有装备,",256,682,,2,弓弩,司颜虹:弓兵x215 | 席寄:强弩兵x844,69,18
2464716,5级山贼,5,70,24,"大量资源,",279,786,,2,骑兵,邬柳:铁骑兵x310 | 宇文豫爽:铁骑兵x360,69,24
2467067,7级山贼,7,70,25,"大批资源,有宝箱,",684,1665,,3,弓弩;骑兵,池宁:铁骑兵x784 | 万怜:铁骑兵x789 | 郦吟拓:强弩兵x1497,69,24
2467351,2级山贼,2,70,27,"许多资源,",82,250,,1,步兵,谢越化:民兵x273,69,24
2464092,2级山贼,2,70,29,"许多资源,",100,242,1039,1,步兵,雍荫:民兵x316,69,24
2465790,9级山贼,9,70,31,"大批资源,有宝箱,有装备,一些宝物,",1412,4295,29441;1074,4,战车;骑兵,宗政谋城:投石车x1251 | 薛澄:重弩车x503 | 厍倩:轻骑兵x1483 | 林懿璐:骁骑兵x1017,69,30
2469396,10级山贼,10,70,32,"大批资源,有宝箱,有装备,一些宝物,",1902,4839,1084;1084;3073,5,弓弩;战车;骑兵,那晶小:弩骑兵x2109 | 宗正倩北:骁骑兵x1920 | 荆玮豇:骁骑兵x1832 | 任冰:弩骑兵x1925 | 柯煦通:弩车x237,69,30
2464728,7级山贼,7,70,33,"大批资源,",600,1410,1064,3,弓弩;步兵,李畅:弓兵x582 | 周醒:轻步兵x1218 | 边天:弓兵x578,69,30
2468360,3级山贼,3,70,35,"很多资源,",156,331,,1,步兵,暨资:民兵x898,69,30
2469585,1级山贼,1,70,39,"一些资源,",49,107,1031,1,步兵,窦土:民兵x149,69,36
2465419,2级山贼,2,70,42,"许多资源,",81,273,,1,步兵,韶颖勤:民兵x294,69,42
2464312,5级山贼,5,70,43,"很多资源,一些宝物,",273,686,,2,弓弩;步兵,祖弼:轻步兵x524 | 骆茵婉:弓兵x227,69,42
2464378,6级山贼,6,70,44,"大量资源,有宝箱,一些宝物,",329,836,4097,3,弓弩;步兵,国盼玮:强弩兵x1224 | 季今瑞:强弩兵x1032 | 乐洁柳:轻步兵x920,69,42
2464156,10级山贼,10,70,45,"大批资源,有宝箱,有装备,一些宝物,",1949,5400,1793;1793;1084,5,弓弩;战车;骑兵,邓蕊:弩车x208 | 轩辕元:弩骑兵x2076 | 殳娴:骁骑兵x1755 | 包昶禧:投石车x1896 | 相锦:投石车x2079,69,42
2464898,1级山贼,1,70,46,"一些资源,",51,121,1034,1,步兵,阚载:民兵x149,69,42
2464588,1级山贼,1,70,51,"一些资源,",60,119,,1,步兵,欧阳之:民兵x145,69,48
2463929,3级山贼,3,70,52,"很多资源,",148,395,1044,1,步兵,毋全莫:民兵x882,69,48
2465256,4级山贼,4,70,53,"很多资源,",157,437,1049,2,步兵,仲珠:民兵x1271 | 幸禧韫:民兵x1253,69,48
2466931,8级山贼,8,71,1,"大批资源,有宝箱,",943,2376,1069,4,战车;骑兵,蓬虞化:投石车x968 | 司空红:重弩车x325 | 申屠邪达:投石车x930 | 印寒栩:轻骑兵x1263,69,0
2464738,4级山贼,4,71,3,"很多资源,",161,463,,2,步兵,滑复华:民兵x1140 | 曾兰:近卫兵x394,69,0
2465403,4级山贼,4,71,13,"很多资源,",179,451,,2,步兵,叶游明:民兵x1236 | 暴旋访:重步兵x531,69,12
2463996,6级山贼,6,71,18,"大量资源,",387,922,1055,3,弓弩;步兵;骑兵,单于半翼:轻步兵x814 | 危雁:强弩兵x1120 | 朱萱宁:铁骑兵x608,69,18
2465938,10级山贼,10,71,24,"大批资源,有宝箱,有装备,一些宝物,",2040,5008,1084;1084,5,弓弩;战车;骑兵,松柳圆:弩骑兵x2018 | 邢适:骁骑兵x1978 | 赵明:弩骑兵x2140 | 余唱绿:弩骑兵x1819 | 瞿辐:投石车x1923,69,24
2467804,10级山贼,10,71,25,"大批资源,有宝箱,一些宝物,",1959,4648,29441;1793;1084,5,战车;骑兵,滕懿:弩车x247 | 尹边曲:骁骑兵x1925 | 钱悦骏:重弩车x781 | 厍绍彤:重弩车x789 | 相枫:骁骑兵x1961,69,24
2465254,7级山贼,7,71,26,"大批资源,有宝箱,",619,1668,1064,3,弓弩,倪工:强弩兵x1557 | 漆雕煜昕:强弩兵x1582 | 胡母觉:强弩兵x1575,69,24
2464049,2级山贼,2,71,30,"许多资源,",83,298,,1,步兵,勾语:民兵x287,69,30
2463648,2级山贼,2,71,32,"许多资源,",87,298,,1,步兵,鞠嗣:民兵x319,69,30
2466588,8级山贼,8,71,36,"大批资源,有装备,",1033,2518,16779265,4,战车;骑兵,敖冠祯:投石车x1078 | 蒙菡:重弩车x324 | 广大:骁骑兵x795 | 祖燕:投石车x988,69,36
2469750,10级山贼,10,71,39,"大批资源,有宝箱,",2179,4959,,5,弓弩;战车,于气谙:弩骑兵x1911 | 和好寒:弩骑兵x1854 | 杨烨:投石车x1879 | 谢我仲:投石车x2135 | 仇访:弩车x252,69,36
2463474,7级山贼,7,71,40,"大批资源,",538,1631,,3,弓弩;步兵;骑兵,莫黎:轻步兵x1191 | 殷君渊:铁骑兵x889 | 勾锵:弓兵x510,69,36
2465772,8级山贼,8,71,44,"大批资源,",960,2724,,4,战车;骑兵,司空彤:重弩车x325 | 卜萱新:骁骑兵x780 | 上官人用:骁骑兵x748 | 奚从绿:骁骑兵x764,69,42
2467570,10级山贼,10,71,47,"大批资源,一些宝物,",2159,4500,,5,弓弩;战车;骑兵,贝鸥:投石车x2084 | 钭懿:投石车x1819 | 龚贞识:骁骑兵x1664 | 万晏心:弩骑兵x1905 | 殳溪默:弩骑兵x1865,69,42
2469851,6级山贼,6,71,49,"大量资源,",361,863,,3,弓弩;骑兵,习月:强弩兵x1171 | 管析珠:强弩兵x1271 | 相烨:铁骑兵x572,69,48
2469406,8级山贼,8,71,50,"大批资源,有宝箱,",951,2645,,4,骑兵,叶藻:骁骑兵x692 | 敖尔:骁骑兵x677 | 麻玟晔:轻骑兵x1154 | 禄鑫沉:轻骑兵x1160,69,48
2469599,2级山贼,2,71,51,"许多资源,",88,247,,1,步兵,邵洁书:民兵x310,69,48
2465685,3级山贼,3,71,55,"许多资源,有装备,",148,354,1044,1,步兵,羿韦:民兵x884,69,54
2466513,6级山贼,6,72,0,"大量资源,",307,929,,3,弓弩;骑兵,湛鑫碧:铁骑兵x576 | 陈向:强弩兵x1275 | 艾可穹:强弩兵x1142,72,0
2468389,3级山贼,3,72,1,"很多资源,",152,368,,1,步兵,宗正颜兰:民兵x787,72,0
2467614,1级山贼,1,72,2,"一些资源,",41,146,,1,步兵,文琴喷:民兵x158,72,0
2463589,4级山贼,4,72,4,"很多资源,",167,472,,2,步兵,韩尔:重步兵x489 | 牛颜:近卫兵x394,72,0
2467941,6级山贼,6,72,5,"大量资源,一些宝物,",331,849,1059,3,步兵,时宾:轻步兵x923 | 长孙黎越:轻步兵x884 | 咸寒昭:轻步兵x895,72,0
2468284,3级山贼,3,72,6,"很多资源,",143,375,1044,1,步兵,谈泰:民兵x884,72,6
2468627,5级山贼,5,72,7,"很多资源,有装备,",281,754,1049;16778497,2,弓弩;骑兵,田畅念:铁骑兵x315 | 纪汉瑾:强弩兵x804,72,6
2464232,10级山贼,10,72,9,"大批资源,有宝箱,",2130,4561,1084;1078,5,弓弩;战车,索晓璐:重弩车x713 | 高沉煦:弩车x202 | 通昶琦:投石车x1936 | 毕然:重弩车x786 | 阚广和:弩骑兵x2195,72,6
2469325,5级山贼,5,72,11,"很多资源,",295,671,,2,步兵,双誉驽:轻步兵x454 | 郝虞:轻步兵x521,72,6
2466540,9级山贼,9,72,12,"大批资源,有宝箱,有装备,",1423,4277,,4,战车;骑兵,嵇明:投石车x1389 | 史蔼:轻骑兵x1737 | 夏煦:骁骑兵x1005 | 通章:轻骑兵x1444,72,12
2464801,5级山贼,5,72,13,"很多资源,",284,679,,2,骑兵,费仲北:铁骑兵x339 | 车昂彦:铁骑兵x350,72,12
2467044,2级山贼,2,72,14,"许多资源,",89,257,,1,步兵,包辰初:民兵x290,72,12
2463244,10级山贼,10,72,15,"大批资源,有宝箱,",1816,5356,1793;1081,5,弓弩;战车;骑兵,宓夜:骁骑兵x1831 | 甄娴:弩骑兵x1954 | 顾怡弘:投石车x2011 | 司徒雅:投石车x1884 | 王珊娴:弩骑兵x1972,72,12
2463331,4级山贼,4,72,16,"很多资源,",176,457,,2,步兵,骆雅:近卫兵x415 | 郑郁:重步兵x543,72,12
2465677,7级山贼,7,72,17,"大批资源,有装备,",550,1514,1064,3,弓弩;骑兵,厍琪宛:弓兵x586 | 艾秀虹:强弩兵x1744 | 柳天:铁骑兵x917,72,12
2464612,1级山贼,1,72,19,"一些资源,",58,125,,1,步兵,终煦谨:民兵x164,72,18
2464248,3级山贼,3,72,20,"很多资源,",148,369,,1,步兵,俞烟:民兵x838,72,18
2463036,7级山贼,7,72,21,"大批资源,有装备,",582,1666,1064,3,弓弩;步兵,甄拯:轻步兵x1151 | 柯潇慨:轻步兵x1103 | 邵婉晔:弓兵x589,72,18
2464279,3级山贼,3,72,22,"许多资源,",142,306,,1,步兵,阎珺敏:民兵x812,72,18
2465923,7级山贼,7,72,23,"大批资源,有宝箱,有装备,一些宝物,",543,1666,1064;1064,3,弓弩,饶桃丰:强弩兵x1596 | 敖芷丽:强弩兵x1408 | 那霖男:强弩兵x1529,72,18
2463888,3级山贼,3,72,26,"很多资源,",145,394,,1,步兵,全博通:民兵x896,72,24
2469222,1级山贼,1,72,28,"一些资源,",40,111,1030,1,步兵,成喷如:民兵x147,72,24
2463735,3级山贼,3,72,29,"许多资源,",149,332,,1,步兵,习昊:民兵x832,72,24
2464044,2级山贼,2,72,31,"许多资源,",96,245,,1,步兵,隗士越:民兵x271,72,30
2467827,3级山贼,3,72,33,"许多资源,",150,323,,1,步兵,关心悦:民兵x856,72,30
2466655,8级山贼,8,72,34,"大批资源,",1046,2743,1064,4,战车;骑兵,汲葱:轻骑兵x1263 | 那洁如:骁骑兵x711 | 宰青冉:轻骑兵x1163 | 公良虹:投石车x1095,72,30
2464174,2级山贼,2,72,35,"许多资源,",87,251,,1,步兵,酆鹏迎:民兵x288,72,30
2467693,2级山贼,2,72,37,"许多资源,",81,223,1039,1,步兵,宗政歌:民兵x313,72,36
2465080,2级山贼,2,72,38,"许多资源,",80,258,,1,步兵,吉晤:民兵x275,72,36
2469609,7级山贼,7,72,39,"大批资源,有宝箱,",556,1686,1064,3,弓弩,霍沁:强弩兵x1527 | 孙夜颖:强弩兵x1799 | 花泽全:强弩兵x1600,72,36
2468759,10级山贼,10,72,41,"大批资源,有宝箱,",1993,5215,,5,弓弩;战车;骑兵,通琴蓉:投石车x1870 | 经曾荫:弩骑兵x1899 | 郦薇芹:弩骑兵x1865 | 濮然玮:骁骑兵x1746 | 郎纳:骁骑兵x1996,72,36
2467362,6级山贼,6,72,42,"大量资源,有宝箱,",320,934,1059,3,步兵;骑兵,黄熙意:轻步兵x828 | 华黎玮:轻步兵x881 | 嵇悦:铁骑兵x601,72,42
2465187,3级山贼,3,72,43,"许多资源,",148,308,,1,步兵,蒲楠歆:民兵x843,72,42
2468551,1级山贼,1,72,44,"一些资源,",59,134,,1,步兵,湛寒:民兵x135,72,42
2467436,10级山贼,10,72,45,"大批资源,有宝箱,有装备,许多宝物,",1911,5140,1083;1081,5,弓弩;战车;骑兵,相里芮泽:弩车x238 | 亓官潇溪:弩骑兵x1909 | 房昱:弩车x221 | 能鸣逸:骁骑兵x1954 | 相里开:弩骑兵x1928,72,42
2467653,4级山贼,4,72,47,"很多资源,",179,448,,2,步兵,柏竹奥:重步兵x475 | 诸晔可:民兵x1206,72,42
2465037,5级山贼,5,72,49,"大量资源,",258,716,,2,步兵;骑兵,雷泓定:铁骑兵x330 | 漆雕桃:轻步兵x545,72,48
2468443,8级山贼,8,72,50,"大批资源,一些宝物,",922,2643,1069,4,骑兵,颜桂鹂:骁骑兵x761 | 马芷捷:轻骑兵x1154 | 文大春:轻骑兵x1253 | 冀我:骁骑兵x793,72,48
2465207,2级山贼,2,72,52,"许多资源,",81,233,,1,步兵,韦凌:民兵x295,72,48
2468979,2级山贼,2,72,53,"许多资源,",94,204,,1,步兵,瞿展歌:民兵x303,72,48
2466465,4级山贼,4,72,54,"很多资源,一些宝物,",166,464,1049,2,步兵,顾今:近卫兵x358 | 柯能邈:近卫兵x387,72,54
2463828,5级山贼,5,72,55,"很多资源,",269,774,,2,弓弩;步兵,红钋:强弩兵x847 | 柴枫:轻步兵x464,72,54
2467429,3级山贼,3,73,0,"许多资源,",154,357,,1,步兵,章贞:民兵x794,72,0
2468512,9级山贼,9,73,1,"大批资源,有宝箱,一些宝物,",1464,3784,1793;1070,4,战车;骑兵,张黛:重弩车x448 | 房雅:骁骑兵x1000 | 鲍梅:轻骑兵x1696 | 逄宾:重弩车x464,72,0
2464466,4级山贼,4,73,2,"很多资源,",160,422,1049,2,步兵,冉谷:近卫兵x364 | 壤驷昂:重步兵x475,72,0
2467808,2级山贼,2,73,4,"许多资源,",84,293,,1,步兵,申屠知量:民兵x307,72,0
2468357,4级山贼,4,73,7,"很多资源,一些宝物,",151,489,,2,步兵,冉明翊:重步兵x476 | 栾小:近卫兵x381,72,6
2464862,8级山贼,8,73,9,"大批资源,",1058,2464,1069;1069,4,战车;骑兵,贺澹:重弩车x360 | 淳于琛彩:投石车x900 | 万千:轻骑兵x1145 | 丰博:骁骑兵x680,72,6
2468068,8级山贼,8,73,11,"大批资源,有宝箱,",950,2332,,4,战车;骑兵,房蕾:轻骑兵x1296 | 扈业晔:轻骑兵x1266 | 姬菲:投石车x982 | 禄芹拓:投石车x1100,72,6
2463634,4级山贼,4,73,12,"很多资源,",156,426,,2,步兵,平音:重步兵x456 | 柴琛义:近卫兵x354,72,12
2466445,10级山贼,10,73,13,"大批资源,有宝箱,有装备,一些宝物,",2108,5474,1077;16785665,5,弓弩;战车;骑兵,通柏凡:骁骑兵x1672 | 喻从煦:弩车x254 | 向莲采:骁骑兵x1769 | 冷帅霖:重弩车x726 | 濮谊:弩骑兵x1930,72,12
2467419,1级山贼,1,73,14,"一些资源,",40,142,,1,步兵,简锦:民兵x151,72,12
2465170,3级山贼,3,73,15,"许多资源,",152,312,,1,步兵,隗业从:民兵x841,72,12
2464859,10级山贼,10,73,16,"大批资源,有宝箱,",1963,5032,,5,弓弩;战车;骑兵,尤叡:骁骑兵x1896 | 陆行:弩车x203 | 厉萌:投石车x2127 | 贡冷:重弩车x770 | 柴禧幼:弩骑兵x1874,72,12
2463188,2级山贼,2,73,17,"许多资源,",82,286,,1,步兵,勾浚夫:民兵x278,72,12
2468953,9级山贼,9,73,19,"大批资源,有宝箱,",1751,3962,,4,战车;骑兵,古龙:骁骑兵x1044 | 沙谊佩:骁骑兵x1069 | 韩梅:投石车x1350 | 麻平:投石车x1287,72,18
2464580,4级山贼,4,73,20,"很多资源,一些宝物,",166,446,4097,2,步兵,水荷泽:重步兵x520 | 鞠蕊咏:重步兵x505,72,18
2463137,5级山贼,5,73,21,"大量资源,",296,751,,2,弓弩;骑兵,台骄曦:强弩兵x724 | 隆瑞容:铁骑兵x361,72,18
2468204,9级山贼,9,73,23,"大批资源,有宝箱,",1540,3972,1074;1074,4,战车;骑兵,沙仙:重弩车x502 | 慎彤:轻骑兵x1608 | 须茂:轻骑兵x1433 | 刁拓帅:重弩车x456,72,18
2465885,3级山贼,3,73,24,"许多资源,",158,322,1044,1,步兵,韦於天:民兵x858,72,24
2463683,3级山贼,3,73,25,"很多资源,",151,336,,1,步兵,单洁:民兵x786,72,24
2466895,8级山贼,8,73,27,"大批资源,有宝箱,一些宝物,",922,2430,,4,战车;骑兵,羿瑾捷:轻骑兵x1236 | 宓适润:投石车x1087 | 能幻:骁骑兵x784 | 胥自文:轻骑兵x1198,72,24
2465351,3级山贼,3,73,28,"很多资源,",146,338,,1,步兵,吕涆:民兵x875,72,24
2464068,7级山贼,7,73,29,"大批资源,",532,1457,,3,弓弩;步兵;骑兵,单铃:铁骑兵x864 | 解茵:强弩兵x1666 | 薄茜:轻步兵x1235,72,24
2469717,1级山贼,1,73,31,"一些资源,",45,101,,1,步兵,印雅璧:民兵x164,72,30
2465050,7级山贼,7,73,32,"大批资源,",670,1655,,3,弓弩;步兵,怀骄迎:强弩兵x1654 | 乐韫闻:轻步兵x1233 | 阮年鸾:轻步兵x1184,72,30
2463504,8级山贼,8,73,33,"大批资源,一些宝物,",1002,2254,,4,骑兵,刘曦:轻骑兵x1203 | 查蝶喷:骁骑兵x740 | 凤舒舟:轻骑兵x1259 | 萧韦:轻骑兵x1282,72,30
2467261,4级山贼,4,73,34,"很多资源,",171,490,,2,步兵,葛兆:近卫兵x393 | 柳沛:重步兵x547,72,30
2469042,3级山贼,3,73,36,"许多资源,有装备,",156,308,1035,1,步兵,栾烟艾:民兵x891,72,36
2469630,4级山贼,4,73,37,"很多资源,",165,488,,2,步兵,宦华豇:民兵x1169 | 毕锋洧:重步兵x524,72,36
2464388,5级山贼,5,73,38,"很多资源,",294,640,,2,弓弩;骑兵,满家沁:强弩兵x858 | 淳于荫:铁骑兵x373,72,36
2468906,3级山贼,3,73,40,"很多资源,有装备,",157,374,1044;16790017,1,步兵,乐正熠润:民兵x796,72,36
2467588,7级山贼,7,73,41,"大批资源,有宝箱,",547,1524,1064;14849,3,步兵;骑兵,赵友听:轻步兵x1222 | 戴彤齐:铁骑兵x940 | 殴舟美:轻步兵x1218,72,36
2464768,5级山贼,5,73,42,"很多资源,",276,631,,2,弓弩;骑兵,阙涵:铁骑兵x314 | 殴可:强弩兵x721,72,42
2468176,4级山贼,4,73,43,"很多资源,",175,489,,2,步兵,巫马悌联:重步兵x512 | 广迎:民兵x1262,72,42
2466247,10级山贼,10,73,46,"大批资源,有宝箱,",2150,4794,1793;1793;1083,5,弓弩;战车;骑兵,通齐:弩骑兵x1875 | 苍依:弩骑兵x1827 | 侯千:弩骑兵x1860 | 危强珠:弩车x224 | 夔勇竹:骁骑兵x1957,72,42
2464079,3级山贼,3,73,47,"很多资源,",153,392,,1,步兵,壤驷果畅:民兵x893,72,42
2465185,5级山贼,5,73,48,"大量资源,",298,778,1054,2,弓弩;步兵,慎慈秋:强弩兵x788 | 丰琛:轻步兵x488,72,48
2468660,1级山贼,1,73,51,"一些资源,",51,139,,1,步兵,满岑州:民兵x138,72,48
2468438,3级山贼,3,73,52,"很多资源,",159,328,,1,步兵,韦雅燕:民兵x801,72,48
2468120,7级山贼,7,73,53,"大批资源,有宝箱,",623,1407,1064,3,弓弩;步兵,曹涤:弓兵x557 | 焦涵:轻步兵x1144 | 颜无:强弩兵x1619,72,48
2466782,10级山贼,10,73,54,"大批资源,有宝箱,一些宝物,",1996,4567,,5,弓弩;战车;骑兵,隆闻烨:弩车x230 | 后冰伟:重弩车x721 | 云浩:骁骑兵x1637 | 莫柏硕:弩骑兵x1861 | 鱼涉:弩骑兵x1949,72,54
2465781,4级山贼,4,74,7,"很多资源,",177,406,,2,步兵,柏怡秋:重步兵x496 | 姚吟菱:重步兵x524,72,6
2464441,4级山贼,4,74,10,"很多资源,",176,468,,2,步兵,水绪羽:重步兵x541 | 黄幼雅:民兵x1203,72,6
2463553,7级山贼,7,74,12,"大批资源,",642,1563,,3,弓弩;步兵;骑兵,韦琛通:弓兵x520 | 贺楠:铁骑兵x774 | 席木桂:轻步兵x1124,72,12
2465046,10级山贼,10,74,14,"大批资源,有宝箱,",2102,5121,1793;1793;1084,5,弓弩;战车,施奥:弩车x244 | 诸竹:重弩车x690 | 时望:弩骑兵x1953 | 杨宁:投石车x1930 | 曾娴:重弩车x686,72,12
2468786,2级山贼,2,74,24,"许多资源,",88,204,,1,步兵,谷谊悌:民兵x319,72,24
2469056,1级山贼,1,74,25,"一些资源,",53,133,,1,步兵,管麟:民兵x141,72,24
2464148,7级山贼,7,74,26,"大批资源,",559,1405,1064;1064,3,弓弩;步兵,任季:弓兵x598 | 梁丘开濯:轻步兵x1260 | 邬儿初:强弩兵x1586,72,24
2464084,10级山贼,10,74,31,"大批资源,有宝箱,一些宝物,",1870,4549,1084;1081,5,战车;骑兵,胡宝:弩车x232 | 尉迟岑:弩车x242 | 亓官枫婕:重弩车x798 | 巢闻之:骁骑兵x1967 | 濮学智:骁骑兵x1669,72,30
2466552,1级山贼,1,74,32,"一些资源,",58,129,,1,步兵,昝祺:民兵x150,72,30
2469476,4级山贼,4,74,33,"很多资源,有装备,",168,461,16787457,2,步兵,萧玥:近卫兵x348 | 宰和鸥:近卫兵x359,72,30
2464006,5级山贼,5,74,35,"很多资源,有装备,",299,636,1053,2,弓弩,冷兆:强弩兵x844 | 荀亘:强弩兵x770,72,30
2465138,2级山贼,2,74,37,"许多资源,",100,294,,1,步兵,令狐惠福:民兵x314,72,36
2469580,2级山贼,2,74,38,"许多资源,有装备,",97,232,,1,步兵,廖楠希:民兵x313,72,36
2469069,10级山贼,10,74,42,"大批资源,有宝箱,有装备,一些宝物,",1869,5072,,5,弓弩;战车,居瑾:弩骑兵x2108 | 申圆:投石车x2173 | 司徒荷:投石车x1813 | 束放延:弩骑兵x2132 | 曹咏杰:弩车x258,72,42
2464916,4级山贼,4,74,43,"很多资源,",152,465,,2,步兵,单熙:近卫兵x410 | 吴洧:近卫兵x361,72,42
2464985,9级山贼,9,74,44,"大批资源,有宝箱,一些宝物,",1759,3670,1793,4,骑兵,贺心:骁骑兵x1013 | 乜天:骁骑兵x942 | 贾宛芙:骁骑兵x1025 | 刁铃静:骁骑兵x1052,72,42
2464494,1级山贼,1,74,49,"一些资源,",51,129,,1,步兵,国邢:民兵x144,72,48
2468202,9级山贼,9,75,1,"大批资源,",1626,4027,,4,战车;骑兵,饶瑞雨:投石车x1308 | 侯诩:骁骑兵x1081 | 师珊:投石车x1253 | 微生荫:骁骑兵x907,75,0
2467850,9级山贼,9,75,3,"大批资源,",1414,4038,1074;1074,4,战车;骑兵,尉迟醒靖:骁骑兵x929 | 庚靖迈:骁骑兵x937 | 金佑铃:投石车x1266 | 怀无果:骁骑兵x950,75,0
2463455,7级山贼,7,75,6,"大批资源,",679,1550,,3,弓弩;步兵,山晗年:轻步兵x1236 | 唐柔:弓兵x512 | 邱雄鹤:轻步兵x1258,69,6
2465203,4级山贼,4,75,7,"很多资源,有装备,",159,436,16790017,2,步兵,皇甫鸿喷:近卫兵x410 | 步湛:重步兵x548,69,6
2463274,8级山贼,8,75,8,"大批资源,有宝箱,",1000,2716,1069,4,战车;骑兵,璩勤:投石车x908 | 屈杰深:轻骑兵x1158 | 贝丰:骁骑兵x826 | 平馨:投石车x989,69,6
2467466,5级山贼,5,75,10,"很多资源,",276,608,1054,2,弓弩,养杉江:强弩兵x812 | 应舟年:强弩兵x731,69,6
2466999,2级山贼,2,75,11,"许多资源,",93,285,,1,步兵,居珍晶:民兵x285,69,6
2468707,9级山贼,9,75,13,"大批资源,有宝箱,",1753,4202,1793,4,战车;骑兵,沈璐晴:重弩车x459 | 经夏笑:轻骑兵x1781 | 咸奕:重弩车x446 | 轩辕能识:骁骑兵x1000,75,12
2464808,1级山贼,1,75,15,"一些资源,",52,139,1034,1,步兵,平意羽:民兵x135,75,12
2464362,5级山贼,5,75,17,"很多资源,",290,797,1054,2,弓弩;步兵,伍茗初:强弩兵x745 | 范蕾:轻步兵x502,75,12
2466699,8级山贼,8,75,19,"大批资源,有宝箱,有装备,",1017,2623,1069,4,骑兵,桂从:轻骑兵x1238 | 步从:骁骑兵x712 | 彭芙:轻骑兵x1215 | 冉霁:轻骑兵x1112,75,18
2468565,2级山贼,2,75,20,"许多资源,",91,208,,1,步兵,丰红年:民兵x325,75,18
2468711,10级山贼,10,75,24,"大批资源,有宝箱,一些宝物,",1839,4656,,5,弓弩;战车,慕慧:弩车x257 | 都颀:弩骑兵x1932 | 丰奕静:投石车x2037 | 农淑大:投石车x1817 | 公羊访:投石车x1947,75,24
2463967,7级山贼,7,75,25,"大批资源,有宝箱,",526,1449,,3,步兵;骑兵,耿香琦:铁骑兵x820 | 孔士:轻步兵x1246 | 空柏:轻步兵x1147,75,24
2468538,5级山贼,5,75,26,"很多资源,",251,632,,2,步兵,贲大铄:轻步兵x485 | 丰越昂:轻步兵x499,75,24
2465780,8级山贼,8,75,27,"大批资源,有宝箱,",966,2365,1068;1069,4,战车;骑兵,古承勇:投石车x1035 | 倪幼夏:重弩车x371 | 家乐:投石车x1004 | 卓云:轻骑兵x1138,75,24
2466380,8级山贼,8,75,29,"大批资源,",1077,2578,1069;1069,4,战车;骑兵,周蓝涉:骁骑兵x817 | 龚颖:重弩车x344 | 毛无:轻骑兵x1239 | 朱云绮:投石车x1076,75,24
2464153,8级山贼,8,75,30,"大批资源,",1038,2641,,4,战车;骑兵,武曦:轻骑兵x1222 | 麻珍:骁骑兵x753 | 卢芬:投石车x1020 | 容火琢:投石车x965,75,30
2469941,2级山贼,2,75,32,"许多资源,",91,253,1030,1,步兵,厍竹爽:民兵x294,75,30
2467431,8级山贼,8,75,33,"大批资源,有宝箱,",1076,2744,,4,战车;骑兵,滕豆:骁骑兵x703 | 虞家宛:重弩车x356 | 贲豫初:骁骑兵x773 | 杨籁冷:投石车x961,75,30
2468351,6级山贼,6,75,34,"大量资源,一些宝物,",384,951,1059,3,弓弩;骑兵,怀臣:铁骑兵x559 | 柯顺:强弩兵x1277 | 尤杰:铁骑兵x601,75,30
2465465,6级山贼,6,75,35,"大量资源,一些宝物,",342,806,1059,3,弓弩;步兵;骑兵,柯涵访:铁骑兵x627 | 庚彦:弓兵x418 | 司寇靖荷:轻步兵x792,75,30
2464374,8级山贼,8,75,36,"大批资源,有宝箱,一些宝物,",953,2407,3073,4,战车;骑兵,鄂湛邪:轻骑兵x1299 | 华峰纵:重弩车x325 | 国仲:骁骑兵x718 | 家洁福:骁骑兵x744,75,36
2464476,8级山贼,8,75,37,"大批资源,",1077,2263,,4,战车;骑兵,贺馨皓:轻骑兵x1113 | 和幻:投石车x1003 | 孙雨冬:重弩车x377 | 屈韦烟:重弩车x337,75,36
2467953,1级山贼,1,75,39,"一些资源,",42,104,,1,步兵,林歌唱:民兵x164,75,36
2464325,6级山贼,6,75,42,"大量资源,",350,969,,3,步兵;骑兵,李於星:铁骑兵x588 | 皮悌:轻步兵x883 | 储同柳:轻步兵x892,75,42
2469155,9级山贼,9,75,43,"大批资源,有宝箱,",1587,3697,,4,战车;骑兵,蒲升彬:投石车x1355 | 杜成蕴:骁骑兵x1011 | 余牙钧:骁骑兵x1069 | 暨可沛:轻骑兵x1483,75,42
2466310,6级山贼,6,75,44,"大量资源,",389,811,,3,弓弩;步兵;骑兵,终方:强弩兵x1119 | 谭煜:轻步兵x873 | 柴译娴:铁骑兵x634,75,42
2464438,4级山贼,4,75,47,"很多资源,",174,446,,2,步兵,杭霁:近卫兵x405 | 曹豇:民兵x1231,75,42
2469849,7级山贼,7,75,48,"大批资源,有宝箱,",614,1422,14849,3,弓弩;骑兵,勾庆:铁骑兵x863 | 荀玮悌:弓兵x542 | 姚蓉:弓兵x510,75,48
2465192,8级山贼,8,75,49,"大批资源,有宝箱,有装备,",1014,2290,,4,战车;骑兵,利巍朝:骁骑兵x830 | 尚萱:投石车x927 | 怀适喆:骁骑兵x774 | 龙盼:重弩车x329,75,48
2464700,1级山贼,1,75,51,"一些资源,",47,101,,1,步兵,步迎鲸:民兵x153,75,48
2467918,8级山贼,8,75,52,"大批资源,有宝箱,",1099,2705,1069,4,战车;骑兵,冯辉:投石车x972 | 籍睿煊:骁骑兵x691 | 储友材:骁骑兵x760 | 梅山懿:轻骑兵x1124,75,48
2468021,7级山贼,7,75,53,"大批资源,有宝箱,",670,1700,1064,3,弓弩;步兵;骑兵,訾娇:轻步兵x1268 | 颜心:强弩兵x1456 | 昌怜菲:铁骑兵x899,75,48
2465910,6级山贼,6,75,55,"大量资源,有宝箱,",377,828,,3,弓弩;骑兵,邓章:强弩兵x1029 | 孔程丹:铁骑兵x601 | 麻权骥:强弩兵x1298,75,54
2463986,10级山贼,10,76,1,"大批资源,有宝箱,一些宝物,",1970,5077,3074,5,弓弩;战车,终楠煦:重弩车x742 | 崔无姝:弩骑兵x2176 | 柳曼:弩骑兵x2068 | 皇甫硕:重弩车x810 | 韦月:投石车x1832,75,0
2467033,5级山贼,5,76,2,"很多资源,",277,739,,2,步兵,杜炎访:轻步兵x487 | 终郁:轻步兵x450,75,0
2464317,2级山贼,2,76,3,"许多资源,",86,277,,1,步兵,乐建:民兵x324,75,0
2463973,8级山贼,8,76,5,"大批资源,有装备,",1087,2749,,4,战车;骑兵,干常轩:投石车x915 | 干洁诗:轻骑兵x1287 | 阚桂:骁骑兵x711 | 齐寒馨:骁骑兵x771,75,0
2468059,4级山贼,4,76,6,"很多资源,有宝箱,",166,465,,2,步兵,穆茂大:重步兵x534 | 熊晗:近卫兵x411,69,6
2465962,3级山贼,3,76,7,"很多资源,",158,371,,1,步兵,卜岚冬:民兵x802,69,6
2467207,7级山贼,7,76,9,"大批资源,",546,1536,,3,弓弩;骑兵,倪宁:强弩兵x1440 | 习玟通:强弩兵x1741 | 扈尚:铁骑兵x932,69,6
2469288,10级山贼,10,76,10,"大批资源,有宝箱,一些宝物,",1971,5480,1793,5,弓弩;战车;骑兵,裴濮:弩骑兵x2078 | 邓路颂:弩骑兵x2177 | 淳于为掣:弩骑兵x2005 | 栾娥:重弩车x707 | 廖敬楠:骁骑兵x1885,69,6
2464483,4级山贼,4,76,11,"很多资源,",159,473,,2,步兵,鞠容露:近卫兵x393 | 戴河:民兵x1161,69,6
2462901,7级山贼,7,76,12,"大批资源,有宝箱,",602,1593,13570,3,步兵;骑兵,俞怡:轻步兵x1113 | 廖乐芷:铁骑兵x786 | 屠逸:铁骑兵x820,75,12
2465936,8级山贼,8,76,13,"大批资源,有宝箱,有装备,",963,2572,,4,战车;骑兵,危乐云:轻骑兵x1279 | 胡母以:轻骑兵x1215 | 柏颀:投石车x1064 | 昌颖兰:投石车x1024,75,12
2465319,7级山贼,7,76,14,"大批资源,有宝箱,",538,1476,,3,弓弩;骑兵,全幼黛:铁骑兵x808 | 井杉:铁骑兵x823 | 皮涵珊:强弩兵x1433,75,12
2466970,2级山贼,2,76,16,"许多资源,",93,293,,1,步兵,农水:民兵x307,75,12
2463260,5级山贼,5,76,17,"很多资源,有宝箱,",289,703,13569,2,弓弩;步兵,巩简诩:强弩兵x772 | 孙祈方:轻步兵x521,75,12
2463136,6级山贼,6,76,18,"大量资源,一些宝物,",385,880,4097,3,骑兵,殳虎:铁骑兵x660 | 终华方:铁骑兵x580 | 浦彭:铁骑兵x650,75,18
2467246,2级山贼,2,76,19,"许多资源,",99,285,1039,1,步兵,祝昀:民兵x294,75,18
2463024,10级山贼,10,76,21,"大批资源,有宝箱,有装备,",2139,5220,24321,5,战车;骑兵,轩辕意:重弩车x794 | 胡母格:投石车x1934 | 宦玉佩:重弩车x679 | 申屠信我:重弩车x823 | 陆铃玥:骁骑兵x1770,75,18
2465292,9级山贼,9,76,23,"大批资源,有宝箱,",1745,3849,1073,4,战车;骑兵,宫雪:骁骑兵x950 | 车芮丰:骁骑兵x958 | 司寇喷:骁骑兵x1070 | 司寇空澜:重弩车x477,75,18
2463886,6级山贼,6,76,25,"大量资源,",316,984,1059,3,弓弩;步兵;骑兵,上官霁:轻步兵x812 | 艾珍映:铁骑兵x546 | 韩映合:强弩兵x1109,75,24
2466311,2级山贼,2,76,27,"许多资源,",93,295,1030,1,步兵,麻元:民兵x319,75,24
2464682,3级山贼,3,76,28,"许多资源,",144,308,,1,步兵,卢楚颀:民兵x797,75,24
2468775,10级山贼,10,76,30,"大批资源,有宝箱,",1975,5356,1079,5,弓弩;战车,曹时:弩骑兵x1845 | 尉迟禹:投石车x1997 | 曹钧乾:弩车x208 | 闵良:弩车x222 | 刘瑜:弩骑兵x1871,75,30
2463381,5级山贼,5,76,31,"很多资源,有装备,一些宝物,",281,789,4097,2,弓弩;骑兵,狄无:铁骑兵x361 | 熊丰奇:强弩兵x721,75,30
2468184,1级山贼,1,76,34,"一些资源,",41,107,,1,步兵,亓官冰珍:民兵x163,75,30
2463475,8级山贼,8,76,35,"大批资源,",992,2257,1068,4,骑兵,连锵:骁骑兵x740 | 鞠育茂:轻骑兵x1177 | 昌圆:骁骑兵x737 | 华奕:骁骑兵x797,75,30
2463982,3级山贼,3,76,36,"很多资源,",142,336,,1,步兵,许边坚:民兵x837,75,36
2464782,4级山贼,4,76,37,"很多资源,",152,474,,2,步兵,乐正化:重步兵x490 | 冉君:近卫兵x357,75,36
2465429,8级山贼,8,76,38,"大批资源,有装备,",1015,2662,,4,战车;骑兵,包鸣:轻骑兵x1131 | 夏畅:投石车x970 | 尤墨:骁骑兵x821 | 陈乐:重弩车x324,75,36
2464329,7级山贼,7,76,39,"大批资源,",696,1543,,3,弓弩,江通:强弩兵x1736 | 巫莫芬:强弩兵x1671 | 祁允深:强弩兵x1798,75,36
2465553,5级山贼,5,76,40,"很多资源,",275,682,1054,2,弓弩;骑兵,朱墨珍:强弩兵x750 | 聂潇谷:铁骑兵x380,75,36
2465633,3级山贼,3,76,41,"很多资源,",154,400,1044,1,步兵,余朝咏:民兵x876,75,36
2467393,10级山贼,10,76,43,"大批资源,有宝箱,有装备,",1962,5399,,5,战车;骑兵,农昊皓:弩车x203 | 萧元楚:重弩车x724 | 华厚叡:骁骑兵x1621 | 养达爽:骁骑兵x1880 | 荆寻惜:投石车x2048,75,42
2467721,5级山贼,5,76,45,"很多资源,一些宝物,",295,613,4097,2,骑兵,相里无气:铁骑兵x322 | 满洁冬:铁骑兵x373,75,42
2468877,7级山贼,7,76,46,"大批资源,有宝箱,",618,1550,14849;1064,3,弓弩;骑兵,巴枫亘:弓兵x539 | 浦逸溪:铁骑兵x767 | 储娴:铁骑兵x899,75,42
2468479,10级山贼,10,76,47,"大批资源,一些宝物,",2066,5276,1084;1084;29441,5,弓弩;战车;骑兵,都人慧:重弩车x827 | 邢家:弩骑兵x2122 | 余格煊:骁骑兵x1980 | 乜巧:骁骑兵x1636 | 阮箴儿:投石车x2200,75,42
2469982,4级山贼,4,76,49,"很多资源,",156,460,1049,2,步兵,鲁年涉:近卫兵x349 | 阎艺娴:重步兵x483,75,48
2468562,1级山贼,1,76,51,"一些资源,",53,129,,1,步兵,弓容:民兵x147,75,48
2467091,4级山贼,4,76,54,"很多资源,",170,423,,2,步兵,骆沁卿:重步兵x467 | 嵇宾:重步兵x493,75,54
2465782,7级山贼,7,77,0,"大批资源,有宝箱,",534,1575,13569,3,弓弩;骑兵,薛柳雪:铁骑兵x819 | 路怡:弓兵x550 | 都敏拓:强弩兵x1691,75,0
2468791,3级山贼,3,77,2,"很多资源,",158,364,,1,步兵,宰寒骄:民兵x824,75,0
2466429,6级山贼,6,77,3,"大量资源,有装备,",302,970,,3,弓弩;骑兵,宗正姮:铁骑兵x547 | 古幼荷:弓兵x412 | 劳舒:强弩兵x1033,75,0
2465970,7级山贼,7,77,5,"大批资源,有宝箱,",556,1532,,3,弓弩;步兵;骑兵,栾通光:铁骑兵x855 | 向亦冉:轻步兵x1240 | 公良雁祺:强弩兵x1404,75,0
2465932,8级山贼,8,77,12,"大批资源,有宝箱,有装备,",974,2428,,4,战车;骑兵,牛路云:轻骑兵x1118 | 蒲举昀:骁骑兵x814 | 钮晨:骁骑兵x770 | 卢从:重弩车x345,75,12
2463243,10级山贼,10,77,13,"大批资源,有宝箱,一些宝物,",1810,4969,1793,5,战车;骑兵,冷君:投石车x2077 | 印玉永:弩车x216 | 宗政洁:骁骑兵x1786 | 颜兆:弩车x240 | 夔靖晤:骁骑兵x1761,75,12
2464246,2级山贼,2,77,14,"许多资源,",85,278,,1,步兵,皮简:民兵x295,75,12
2467210,3级山贼,3,77,18,"许多资源,",155,314,,1,步兵,那羽:民兵x887,75,18
2463582,6级山贼,6,77,21,"大量资源,一些宝物,",347,918,1059;1056,3,步兵;骑兵,明柔:轻步兵x871 | 邢蓉:轻步兵x878 | 凤蔚清:铁骑兵x577,75,18
2468764,3级山贼,3,77,24,"许多资源,有装备,",144,364,1044;16777729,1,步兵,宦蕊:民兵x824,75,24
2466564,5级山贼,5,77,25,"很多资源,一些宝物,",291,693,1054,2,弓弩;步兵,毕鸾识:强弩兵x822 | 戎我真:轻步兵x454,75,24
2468126,4级山贼,4,77,30,"很多资源,",179,492,,2,步兵,梁舟:重步兵x496 | 蔚齐朗:重步兵x455,75,30
2468317,5级山贼,5,77,36,"很多资源,",287,665,,2,步兵;骑兵,羊豫:轻步兵x549 | 蒋容:铁骑兵x330,75,36
2467755,6级山贼,6,77,37,"大量资源,有装备,",351,966,,3,弓弩;步兵,房渊豪:强弩兵x1091 | 吴珺鹤:强弩兵x1107 | 勾洲:轻步兵x899,75,36
2463941,7级山贼,7,77,38,"大批资源,有宝箱,",560,1550,13570,3,弓弩;步兵,仰蔚:轻步兵x1194 | 瞿友:强弩兵x1715 | 凌艾吉:强弩兵x1706,75,36
2469703,9级山贼,9,77,39,"大批资源,有宝箱,一些宝物,",1435,4379,1793,4,骑兵,钟青荫:轻骑兵x1450 | 上官秋:骁骑兵x1023 | 项生:骁骑兵x985 | 项虹烁:轻骑兵x1433,75,36
2467524,5级山贼,5,77,42,"很多资源,有装备,",290,601,,2,弓弩;步兵,经奇:弓兵x202 | 禄洁:轻步兵x542,75,42
2468412,6级山贼,6,77,43,"大量资源,有宝箱,",330,921,,3,步兵,梁丘寻惜:轻步兵x900 | 史深:轻步兵x824 | 单均:轻步兵x778,75,42
2466471,8级山贼,8,77,44,"大批资源,有宝箱,一些宝物,",997,2398,1793,4,战车;骑兵,平谷雁:骁骑兵x724 | 勾图民:投石车x1027 | 蒋楠:重弩车x380 | 羿卿:投石车x963,75,42
2469462,7级山贼,7,77,48,"大批资源,有宝箱,",519,1669,14849;1064,3,步兵;骑兵,相里怀:铁骑兵x821 | 邵宇:轻步兵x1292 | 仲长墨:铁骑兵x790,75,48
2468519,8级山贼,8,77,50,"大批资源,",1027,2554,1069,4,战车;骑兵,葛恩瑶:骁骑兵x698 | 毕天曦:骁骑兵x676 | 戚好朔:投石车x920 | 范寒:骁骑兵x774,75,48
2464468,4级山贼,4,77,51,"很多资源,",169,485,,2,步兵,饶鑫铃:民兵x1113 | 向觅双:重步兵x463,75,48
2464979,6级山贼,6,77,54,"大量资源,",317,855,,3,弓弩;步兵,夔娇:强弩兵x1219 | 花珠:轻步兵x839 | 长孙偲宛:轻步兵x805,75,54
2465752,7级山贼,7,77,55,"大批资源,",663,1554,1064,3,弓弩;步兵;骑兵,卫晗:强弩兵x1406 | 司马童:轻步兵x1281 | 焦从:铁骑兵x810,75,54
2463824,4级山贼,4,78,0,"很多资源,",174,409,,2,步兵,夔晔恩:重步兵x452 | 车津拔:近卫兵x340,78,0
2463976,10级山贼,10,78,3,"大批资源,有宝箱,",2021,4883,1075;1793,5,弓弩;战车;骑兵,史代雁:骁骑兵x1812 | 何祈:骁骑兵x1936 | 颜叡宝:投石车x2030 | 司徒慧含:弩骑兵x2187 | 司马听梅:骁骑兵x1641,78,0
2463464,10级山贼,10,78,4,"大批资源,有宝箱,有装备,",1877,4822,1793,5,弓弩;战车;骑兵,翁洁家:投石车x1871 | 蔚芮:骁骑兵x1920 | 凤喷:重弩车x747 | 慎奇辉:弩骑兵x2117 | 穆腾扬:骁骑兵x1847,78,0
2468089,1级山贼,1,78,5,"一些资源,",45,142,,1,步兵,胥亘:民兵x162,78,0
2464809,1级山贼,1,78,7,"一些资源,",42,135,,1,步兵,弘承:民兵x148,84,6
2466385,3级山贼,3,78,8,"许多资源,",148,318,,1,步兵,蒲泉腾:民兵x819,84,6
2465303,4级山贼,4,78,9,"很多资源,有宝箱,",177,404,,2,步兵,蔺家翠:近卫兵x371 | 欧阳弼:重步兵x485,84,6
2467001,7级山贼,7,78,11,"大批资源,有宝箱,有装备,",583,1431,13569,3,弓弩,谷彬:强弩兵x1478 | 彭彤:强弩兵x1692 | 羿单:弓兵x576,84,6
2465767,2级山贼,2,78,12,"许多资源,",92,269,,1,步兵,敖钋:民兵x283,78,12
2468769,1级山贼,1,78,13,"一些资源,",55,143,,1,步兵,苍巍:民兵x148,78,12
2466998,8级山贼,8,78,15,"大批资源,有宝箱,有装备,一些宝物,",1045,2547,1069;1068,4,战车;骑兵,雷江昱:轻骑兵x1128 | 薄晖章:轻骑兵x1277 | 邵子寿:投石车x1098 | 轩辕祺:重弩车x335,78,12
2469377,3级山贼,3,78,16,"许多资源,",153,354,,1,步兵,夔靖奕:民兵x859,78,12
2467156,1级山贼,1,78,17,"一些资源,",45,134,,1,步兵,孔拓元:民兵x159,78,12
2467915,5级山贼,5,78,19,"很多资源,",251,621,,2,骑兵,融寄:铁骑兵x366 | 赵雅丹:铁骑兵x319,78,18
2465318,3级山贼,3,78,21,"很多资源,",152,347,,1,步兵,蔚炫晤:民兵x812,78,18
2468999,6级山贼,6,78,23,"大量资源,一些宝物,",306,899,4097,3,弓弩;骑兵,滑魂:铁骑兵x577 | 东方语齐:弓兵x374 | 禄合岚:强弩兵x1187,78,18
2465479,7级山贼,7,78,25,"大批资源,",520,1494,1064;1064,3,弓弩;步兵,滕蓝青:弓兵x509 | 宗政楠适:轻步兵x1284 | 巫马觅荷:弓兵x553,78,24
2469469,5级山贼,5,78,28,"很多资源,",298,663,,2,弓弩;步兵,满楚向:轻步兵x471 | 羿常:弓兵x213,78,24
2468860,9级山贼,9,78,32,"大批资源,有宝箱,",1588,3826,,4,骑兵,陆牙林:骁骑兵x950 | 董吉潇:骁骑兵x1024 | 曾永:骁骑兵x1024 | 苍怡:骁骑兵x917,78,30
2466118,5级山贼,5,78,33,"很多资源,有宝箱,",294,602,13569,2,弓弩;步兵,卞虎:轻步兵x452 | 杨澄忠:强弩兵x801,78,30
2466298,5级山贼,5,78,35,"大量资源,有装备,一些宝物,",298,774,,2,步兵,诸锋:轻步兵x546 | 公良艾鹤:轻步兵x532,78,30
2466187,2级山贼,2,78,37,"许多资源,",83,206,,1,步兵,唐牙迈:民兵x309,78,36
2467828,10级山贼,10,78,38,"大批资源,有宝箱,有装备,一些宝物,",1932,4842,1793;1793;29441,5,弓弩;战车;骑兵,喻颀晶:骁骑兵x1837 | 范化栩:弩骑兵x1958 | 封荫:弩骑兵x2137 | 漆雕菡荷:弩骑兵x2051 | 焦寄合:投石车x1878,78,36
2467295,8级山贼,8,78,39,"大批资源,有宝箱,",964,2299,1069,4,战车;骑兵,鞠凡:骁骑兵x775 | 宋柳芮:投石车x937 | 甘冰:骁骑兵x692 | 井巍:骁骑兵x729,78,36
2467146,7级山贼,7,78,40,"大批资源,有宝箱,",537,1682,1064,3,弓弩;骑兵,季菱淑:铁骑兵x906 | 毋炳:弓兵x556 | 谭瑞:铁骑兵x845,78,36
2463512,7级山贼,7,78,41,"大批资源,有宝箱,",621,1553,,3,步兵;骑兵,蔚驰言:轻步兵x1174 | 尹容望:轻步兵x1135 | 单于亮馨:铁骑兵x762,78,36
2468680,9级山贼,9,78,42,"大批资源,有宝箱,",1752,3800,,4,战车;骑兵,许天:骁骑兵x1010 | 索鸣:重弩车x480 | 鲁联:轻骑兵x1758 | 尉迟格笛:重弩车x512,78,42
2469378,4级山贼,4,78,45,"很多资源,",176,497,,2,步兵,束光:近卫兵x402 | 淳于洽涛:近卫兵x352,78,42
2468108,10级山贼,10,78,46,"大批资源,有宝箱,",2023,5265,1080;1793,5,弓弩;战车,谭季致:弩骑兵x1916 | 冉德:弩骑兵x2046 | 相友蕊:弩骑兵x1879 | 公羊致觉:弩车x218 | 台谷韫:弩骑兵x1834,78,42
2468220,1级山贼,1,78,47,"一些资源,有装备,",55,148,16777473,1,步兵,庚熏兰:民兵x151,78,42
2467014,3级山贼,3,78,49,"很多资源,",150,396,,1,步兵,焦洲:民兵x838,78,48
2465346,3级山贼,3,78,50,"很多资源,",150,320,,1,步兵,祖旻雁:民兵x821,78,48
2468793,8级山贼,8,78,51,"大批资源,有宝箱,一些宝物,",1076,2615,1069,4,战车;骑兵,戈析:轻骑兵x1170 | 酆北:投石车x908 | 空元:投石车x1064 | 巢华畅:轻骑兵x1160,78,48
2463638,9级山贼,9,78,52,"大批资源,有装备,",1732,4033,,4,战车;骑兵,壤驷适:投石车x1260 | 弘福:骁骑兵x1064 | 喻军:轻骑兵x1584 | 轩辕绪:骁骑兵x998,78,48
2468628,10级山贼,10,78,53,"大批资源,有装备,一些宝物,",1847,4798,1084;1084;1084,5,战车;骑兵,曲旷:重弩车x743 | 干问:骁骑兵x1908 | 暴柳从:投石车x1987 | 苏庆鸥:重弩车x819 | 宿倩玮:骁骑兵x1806,78,48
2467719,9级山贼,9,78,54,"大批资源,有宝箱,",1623,4277,,4,战车;骑兵,伍童煦:骁骑兵x1041 | 寿醉:重弩车x510 | 酆辐:轻骑兵x1533 | 邹笑若:轻骑兵x1454,78,54
2467774,10级山贼,10,78,55,"大批资源,有宝箱,一些宝物,",2178,5384,1084;1084,5,弓弩;战车;骑兵,薄霜巧:弩车x208 | 訾拔希:弩骑兵x2094 | 寿朋山:弩骑兵x1841 | 陆寒:弩骑兵x2184 | 籍菲人:骁骑兵x1976,78,54
2465238,6级山贼,6,79,0,"大量资源,有宝箱,一些宝物,",389,861,,3,弓弩;步兵;骑兵,颜振默:铁骑兵x648 | 靳语淼:强弩兵x1094 | 石兰:轻步兵x888,78,0
2468442,9级山贼,9,79,1,"大批资源,有宝箱,一些宝物,",1494,4123,1793,4,战车;骑兵,幸析:重弩车x445 | 璩乐:骁骑兵x902 | 路义格:骁骑兵x1074 | 宦裕:骁骑兵x965,78,0
2466114,9级山贼,9,79,2,"大批资源,有宝箱,",1769,4384,,4,战车;骑兵,仰丝歌:投石车x1246 | 幸彤宛:骁骑兵x944 | 廉竹:骁骑兵x985 | 江洁舟:投石车x1234,78,0
2466101,3级山贼,3,79,3,"很多资源,",140,393,,1,步兵,项尔:民兵x886,78,0
2466151,4级山贼,4,79,4,"很多资源,有装备,",151,459,1049,2,步兵,江采:重步兵x462 | 越鹏舒:近卫兵x355,78,0
2469526,3级山贼,3,79,6,"许多资源,",152,306,,1,步兵,郁意:民兵x829,84,6
2465546,3级山贼,3,79,9,"很多资源,",148,342,,1,步兵,鄂凌:民兵x847,84,6
2464332,4级山贼,4,79,12,"很多资源,有宝箱,",152,415,,2,步兵,蓝珠:近卫兵x347 | 路诗溪:重步兵x534,78,12
2463617,5级山贼,5,79,13,"很多资源,",280,723,,2,步兵,杜莹:轻步兵x519 | 瞿泰:轻步兵x479,78,12
2465522,2级山贼,2,79,14,"许多资源,",89,249,1036,1,步兵,窦霓:民兵x285,78,12
2468173,3级山贼,3,79,15,"很多资源,",143,380,,1,步兵,东方莹:民兵x884,78,12
2465237,6级山贼,6,79,16,"大量资源,有宝箱,",327,956,1059,3,弓弩;骑兵,屠彩平:铁骑兵x607 | 仲慈瑾:铁骑兵x623 | 赫连赋:弓兵x385,78,12
2468465,8级山贼,8,79,18,"大批资源,有宝箱,",937,2729,1063,4,战车;骑兵,羊蓉:投石车x952 | 令狐之鹍:骁骑兵x737 | 张澹:投石车x963 | 纪常沛:轻骑兵x1143,78,18
2463202,2级山贼,2,79,19,"许多资源,",83,240,,1,步兵,凤圆勤:民兵x286,78,18
2466209,3级山贼,3,79,21,"许多资源,",148,312,,1,步兵,蒋程彦:民兵x818,78,18
2468778,7级山贼,7,79,24,"大批资源,有宝箱,",542,1514,1064,3,弓弩;骑兵,松露依:强弩兵x1613 | 宿自圆:强弩兵x1525 | 殷烁:铁骑兵x846,78,24
2463784,1级山贼,1,79,25,"一些资源,",59,142,,1,步兵,熊豆:民兵x139,78,24
2464643,3级山贼,3,79,26,"许多资源,",150,323,1044,1,步兵,容孟壮:民兵x860,78,24
2468215,8级山贼,8,79,27,"大批资源,一些宝物,",929,2622,1069,4,战车,索荷荷:投石车x1087 | 骆水:投石车x1029 | 屈敏芹:投石车x946 | 宰颖:投石车x1052,78,24
2468169,4级山贼,4,79,28,"很多资源,",150,451,,2,步兵,逄伟:近卫兵x361 | 昌彦:民兵x1248,78,24
2469968,4级山贼,4,79,29,"很多资源,",179,417,,2,步兵,慕容颀:民兵x1110 | 宿方明:重步兵x468,78,24
2466558,1级山贼,1,79,31,"一些资源,",41,104,,1,步兵,令狐颖雯:民兵x143,78,30
2468610,3级山贼,3,79,33,"许多资源,",155,373,,1,步兵,钮喷鑫:民兵x813,78,30
2466352,3级山贼,3,79,35,"很多资源,",149,327,1039,1,步兵,陈月:民兵x812,78,30
2466474,3级山贼,3,79,36,"很多资源,",157,368,,1,步兵,钟悟:民兵x865,78,36
2463363,9级山贼,9,79,37,"大批资源,有宝箱,有装备,",1667,3726,1074,4,战车;骑兵,萧贞鸾:重弩车x438 | 干墨怜:骁骑兵x1007 | 萧悌谊:骁骑兵x1009 | 葛松捷:骁骑兵x1021,78,36
2464754,10级山贼,10,79,39,"大批资源,有宝箱,一些宝物,",1901,5369,1084;1084,5,弓弩;战车;骑兵,冀虞虎:弩骑兵x1830 | 巴佩:重弩车x778 | 乌瑞奕:弩骑兵x1851 | 曲语香:骁骑兵x1949 | 终鹏适:弩车x205,78,36
2468279,3级山贼,3,79,41,"很多资源,",148,349,,1,步兵,司徒双:民兵x851,78,36
2466790,8级山贼,8,79,44,"大批资源,",913,2324,1069,4,战车;骑兵,秦锦:轻骑兵x1292 | 吴璧自:投石车x949 | 盛今:骁骑兵x673 | 柴士:投石车x1081,78,42
2468986,3级山贼,3,79,45,"许多资源,",140,351,1043,1,步兵,喻雁思:民兵x880,78,42
2467715,2级山贼,2,79,46,"许多资源,",94,234,,1,步兵,包期江:民兵x280,78,42
2466791,10级山贼,10,79,47,"大批资源,有宝箱,一些宝物,",1899,4961,3074,5,弓弩;战车;骑兵,周丹果:弩骑兵x2008 | 陶彤千:弩车x208 | 徐吉:骁骑兵x1767 | 宗双:投石车x2009 | 巢赫群:骁骑兵x1768,78,42
2463452,6级山贼,6,79,48,"大量资源,一些宝物,",397,891,4097,3,弓弩;步兵,晏璞:轻步兵x886 | 淳于宁:强弩兵x1284 | 陈向鸿:轻步兵x889,78,48
2463350,5级山贼,5,79,49,"大量资源,",295,779,,2,弓弩;骑兵,章沛映:弓兵x198 | 利幼凌:铁骑兵x346,78,48
2468233,3级山贼,3,79,51,"很多资源,",160,348,,1,步兵,东方自:民兵x788,78,48
2466038,3级山贼,3,79,55,"很多资源,",143,384,1044,1,步兵,茅夜雨:民兵x838,78,54
2463174,7级山贼,7,80,0,"大批资源,",527,1551,1064,3,弓弩;步兵,劳馨乐:轻步兵x1287 | 屈芬:强弩兵x1477 | 国鸾诩:强弩兵x1537,78,0
2463549,8级山贼,8,80,1,"大批资源,有宝箱,",974,2729,1069;1069,4,战车;骑兵,毋宾杉:骁骑兵x674 | 司丽:重弩车x336 | 轩辕姮澜:重弩车x370 | 阎穰:骁骑兵x720,78,0
2464561,7级山贼,7,80,2,"大批资源,有宝箱,",587,1402,,3,弓弩;步兵,訾晋:强弩兵x1784 | 阙无:强弩兵x1650 | 叶凝娴:轻步兵x1228,78,0
2463196,6级山贼,6,80,18,"大量资源,有宝箱,一些宝物,",322,900,1059,3,弓弩,国家:弓兵x384 | 诸翠:强弩兵x1191 | 阚绪:弓兵x342,78,18
2466875,2级山贼,2,80,19,"许多资源,有装备,",94,212,1039;16777217,1,步兵,凌仙:民兵x323,78,18
2467139,3级山贼,3,80,20,"许多资源,有装备,",144,337,,1,步兵,虞冬:民兵x860,78,18
2468002,4级山贼,4,80,25,"很多资源,",152,447,,2,步兵,宫嗣祈:重步兵x512 | 孟墨晋:近卫兵x381,78,24
2466493,8级山贼,8,80,32,"大批资源,",1051,2352,1069,4,战车;骑兵,习叡墨:骁骑兵x754 | 双和:骁骑兵x686 | 蓬涤:骁骑兵x773 | 雍柏容:投石车x935,78,30
2464154,4级山贼,4,80,34,"很多资源,有宝箱,",164,495,13569,2,步兵,蓬浦彭:重步兵x524 | 嵇楠丰:民兵x1208,78,30
2468327,1级山贼,1,80,36,"一些资源,",43,112,,1,步兵,濮荣:民兵x137,78,36
2466845,7级山贼,7,80,37,"大批资源,有宝箱,",551,1689,1064;1064,3,弓弩;骑兵,贡沛:强弩兵x1576 | 酆霖:强弩兵x1546 | 甘惠彤:铁骑兵x895,78,36
2469083,4级山贼,4,80,43,"很多资源,",174,436,,2,步兵,景潍:民兵x1123 | 齐齐:近卫兵x414,78,42
2469167,10级山贼,10,80,48,"大批资源,有宝箱,一些宝物,",2052,4580,1074;1793,5,弓弩;战车,柴醉逸:投石车x1994 | 徐秀:投石车x2190 | 苗空识:弩骑兵x1902 | 上官好琴:弩车x218 | 岑萍禹:投石车x1858,78,48
2464259,9级山贼,9,80,51,"大批资源,有宝箱,有装备,",1464,4238,,4,骑兵,宗正贤:骁骑兵x970 | 孙怀:轻骑兵x1615 | 仲朝飇:轻骑兵x1440 | 尤佩:骁骑兵x1035,78,48
2464834,5级山贼,5,80,54,"大量资源,",265,794,,2,步兵;骑兵,邱深灿:轻步兵x475 | 宗以:铁骑兵x365,78,54
2464141,5级山贼,5,81,0,"很多资源,有宝箱,",271,619,13569,2,弓弩,黎瑞宾:强弩兵x774 | 郗精:强弩兵x839,81,0
2463306,3级山贼,3,81,2,"许多资源,",150,308,,1,步兵,樊识珊:民兵x851,81,0
2463628,5级山贼,5,81,4,"很多资源,",256,605,,2,步兵,庚笑熏:轻步兵x536 | 计惜蕊:轻步兵x525,81,0
2467845,7级山贼,7,81,5,"大批资源,",663,1689,,3,弓弩;骑兵,乔祺元:铁骑兵x901 | 秦韫晋:弓兵x521 | 倪经幻:强弩兵x1735,81,0
2467022,6级山贼,6,81,9,"大量资源,有宝箱,",314,887,1059;14849,3,弓弩;步兵,宗政龙单:强弩兵x1260 | 訾姮:轻步兵x932 | 任洁:轻步兵x828,81,6
2465482,5级山贼,5,81,11,"很多资源,",254,602,,2,弓弩;骑兵,步贤:铁骑兵x332 | 印益爽:强弩兵x777,81,6
2468809,1级山贼,1,81,13,"一些资源,有装备,",52,103,16777217,1,步兵,能颖:民兵x159,81,12
2469192,5级山贼,5,81,14,"很多资源,",262,664,,2,骑兵,倪莲:铁骑兵x342 | 芮江:铁骑兵x317,81,12
2464519,7级山贼,7,81,15,"大批资源,有宝箱,",520,1669,14849,3,弓弩;步兵,房桢:弓兵x535 | 高晶畅:轻步兵x1203 | 郁荷夏:轻步兵x1107,81,12
2464101,4级山贼,4,81,16,"很多资源,",153,425,,2,步兵,慎魂:近卫兵x361 | 时佩璧:近卫兵x379,81,12
2468516,1级山贼,1,81,17,"一些资源,",46,122,,1,步兵,乐天:民兵x162,81,12
2463643,4级山贼,4,81,18,"很多资源,有宝箱,",177,401,13569,2,步兵,茅溪:近卫兵x415 | 薄腾:近卫兵x410,81,18
2465576,3级山贼,3,81,19,"很多资源,",150,390,,1,步兵,苗醉华:民兵x868,81,18
2466515,3级山贼,3,81,21,"很多资源,",147,367,,1,步兵,郭青靖:民兵x850,81,18
2463807,6级山贼,6,81,22,"大量资源,",380,967,,3,弓弩;步兵;骑兵,阚雅艺:铁骑兵x645 | 秦嫒:轻步兵x828 | 龙吟:强弩兵x1196,81,18
2465436,9级山贼,9,81,23,"大批资源,有宝箱,一些宝物,",1556,4235,1074;29441,4,战车;骑兵,宫沁宁:骁骑兵x907 | 宋大:投石车x1211 | 柏无永:轻骑兵x1725 | 钟离爽:投石车x1347,81,18
2469243,3级山贼,3,81,27,"很多资源,",152,343,,1,步兵,甄峥穹:民兵x897,81,24
2464849,7级山贼,7,81,28,"大批资源,",607,1534,1064,3,弓弩;步兵;骑兵,公良彬朝:铁骑兵x904 | 明好芹:强弩兵x1717 | 陈迟靖:轻步兵x1183,81,24
2468280,1级山贼,1,81,29,"一些资源,",41,113,,1,步兵,宗基:民兵x141,81,24
2465172,7级山贼,7,81,30,"大批资源,有宝箱,",579,1636,1064,3,弓弩;骑兵,厍熙:铁骑兵x840 | 令狐启悌:强弩兵x1735 | 俞宁如:强弩兵x1734,81,30
2466070,4级山贼,4,81,31,"很多资源,",150,467,,2,步兵,池晔景:近卫兵x363 | 窦桃嫒:民兵x1239,81,30
2468269,6级山贼,6,81,33,"大量资源,",381,940,1059,3,弓弩;步兵,韩边忠:轻步兵x793 | 隗禧:轻步兵x863 | 卫采:强弩兵x1236,81,30
2465142,8级山贼,8,81,34,"大批资源,有宝箱,",1065,2361,,4,战车;骑兵,寿慈:骁骑兵x671 | 狄桂:重弩车x326 | 茅昊毅:轻骑兵x1274 | 逄长忍:轻骑兵x1132,81,30
2467644,9级山贼,9,81,35,"大批资源,有宝箱,有装备,",1463,3815,,4,骑兵,曹童:骁骑兵x922 | 钭诚名:骁骑兵x988 | 柳实:骁骑兵x916 | 丁禧茵:骁骑兵x936,81,30
2465582,3级山贼,3,81,36,"许多资源,",153,316,,1,步兵,鲁藻木:民兵x898,81,36
2469827,3级山贼,3,81,38,"很多资源,",146,384,,1,步兵,屈君:民兵x846,81,36
2467942,2级山贼,2,81,39,"许多资源,",88,275,,1,步兵,管骥:民兵x278,81,36
2469804,7级山贼,7,81,40,"大批资源,有宝箱,",663,1622,14849,3,弓弩,宇文闻闻:弓兵x567 | 微生笛天:弓兵x540 | 匡峯蔼:强弩兵x1800,81,36
2465380,8级山贼,8,81,44,"大批资源,有宝箱,",976,2495,1062,4,战车;骑兵,訾玮:重弩车x346 | 钱驽:轻骑兵x1274 | 傅邦陆:骁骑兵x781 | 莘鲸伟:重弩车x337,81,42
2467966,7级山贼,7,81,48,"大批资源,有宝箱,",549,1477,13569,3,弓弩;骑兵,薛绍宝:弓兵x532 | 宇文凌祈:弓兵x591 | 梅人旻:铁骑兵x885,81,48
2469876,3级山贼,3,81,49,"很多资源,有装备,",146,361,1044;16777985,1,步兵,双沉:民兵x853,81,48
2464297,6级山贼,6,81,50,"大量资源,有宝箱,",301,877,1059,3,弓弩;步兵,须人北:轻步兵x795 | 沈斯海:轻步兵x797 | 景峰:强弩兵x1105,81,48
2464593,4级山贼,4,81,51,"很多资源,",173,447,,2,步兵,扈盼晶:民兵x1171 | 董茜:重步兵x506,81,48
2467863,1级山贼,1,81,53,"一些资源,",45,109,,1,步兵,山自凝:民兵x152,81,48
2463541,2级山贼,2,81,54,"许多资源,",83,255,,1,步兵,长孙颖:民兵x312,81,54
2466270,6级山贼,6,81,55,"大量资源,",363,853,1059,3,弓弩;步兵,皇甫今:轻步兵x823 | 单之河:强弩兵x1262 | 龚璐:强弩兵x1003,81,54
2463150,4级山贼,4,82,0,"很多资源,",165,483,,2,步兵,龙通蝶:近卫兵x345 | 戴鑫萍:重步兵x461,81,0
2465916,2级山贼,2,82,2,"许多资源,",90,204,,1,步兵,郭绮:民兵x324,81,0
2465613,10级山贼,10,82,5,"大批资源,有宝箱,一些宝物,",2092,4501,1084;1793;1079,5,弓弩;骑兵,仇唱富:骁骑兵x1882 | 昌昶思:骁骑兵x1891 | 利沁:骁骑兵x1893 | 杨专:弩骑兵x2005 | 惠燕:骁骑兵x1719,81,0
2466428,1级山贼,1,82,6,"一些资源,",47,139,,1,步兵,乔齐禧:民兵x145,81,6
2467739,9级山贼,9,82,11,"大批资源,一些宝物,",1678,4308,1074,4,战车;骑兵,文芬鸾:轻骑兵x1739 | 居钊恒:骁骑兵x1060 | 索笛常:骁骑兵x1026 | 乐韦学:投石车x1281,81,6
2465847,8级山贼,8,82,13,"大批资源,有宝箱,一些宝物,",976,2482,1069,4,战车;骑兵,孙兰:投石车x1017 | 萧昭:骁骑兵x734 | 上官尚:轻骑兵x1277 | 殳图城:骁骑兵x715,81,12
2463848,6级山贼,6,82,14,"大量资源,",381,975,,3,弓弩;骑兵,史南:铁骑兵x582 | 危焱作:铁骑兵x623 | 仇旎:弓兵x349,81,12
2467958,3级山贼,3,82,15,"许多资源,",159,343,,1,步兵,麻心云:民兵x864,81,12
2468969,1级山贼,1,82,17,"一些资源,",59,146,,1,步兵,侯略:民兵x155,81,12
2466850,4级山贼,4,82,19,"很多资源,",172,489,,2,步兵,劳译:重步兵x467 | 荀黎:近卫兵x393,81,18
2469459,9级山贼,9,82,20,"大批资源,一些宝物,",1474,3764,,4,战车;骑兵,司马佑:投石车x1218 | 冀旷福:重弩车x495 | 訾春:投石车x1370 | 焦朝:轻骑兵x1406,81,18
2465067,9级山贼,9,82,21,"大批资源,有宝箱,",1781,4120,1793,4,战车;骑兵,越涉叡:投石车x1385 | 秋雪小:骁骑兵x1009 | 黄男简:重弩车x498 | 尹羽:重弩车x513,81,18
2466069,6级山贼,6,82,24,"大量资源,",372,869,,3,弓弩;步兵;骑兵,赖适:铁骑兵x631 | 闻人辉仁:强弩兵x1083 | 郦绪:轻步兵x851,81,24
2467807,7级山贼,7,82,25,"大批资源,有宝箱,",671,1629,1064,3,弓弩;步兵,华鸿贤:强弩兵x1789 | 骆偲:轻步兵x1132 | 戚彦年:强弩兵x1689,81,24
2467668,5级山贼,5,82,26,"很多资源,",275,623,,2,弓弩,师衍:强弩兵x805 | 毋以珊:强弩兵x748,81,24
2464560,6级山贼,6,82,27,"大量资源,",365,925,,3,弓弩;步兵,封友:强弩兵x1190 | 卜民:轻步兵x812 | 艾蕾柔:强弩兵x1135,81,24
2463786,8级山贼,8,82,28,"大批资源,有宝箱,",980,2317,,4,骑兵,家桃初:骁骑兵x714 | 钮然:骁骑兵x732 | 索鸾君:骁骑兵x755 | 邢桂莹:骁骑兵x704,81,24
2469274,3级山贼,3,82,30,"很多资源,",157,400,,1,步兵,终笛:民兵x807,81,30
2465432,9级山贼,9,82,31,"大批资源,有宝箱,",1790,3845,,4,骑兵,吴鹂拓:骁骑兵x981 | 瞿臣祺:轻骑兵x1507 | 苗锵:骁骑兵x1023 | 南门然兆:骁骑兵x1006,81,30
2468830,3级山贼,3,82,32,"很多资源,",159,358,1044,1,步兵,岑远实:民兵x786,81,30
2466444,3级山贼,3,82,33,"很多资源,",159,387,,1,步兵,解成:民兵x828,81,30
2467233,6级山贼,6,82,34,"大量资源,有宝箱,",361,872,14849,3,弓弩;步兵,马贤:强弩兵x1246 | 华禹:弓兵x402 | 孔振:轻步兵x871,81,30
2468092,9级山贼,9,82,35,"大批资源,有宝箱,",1551,4306,15105;15105,4,战车;骑兵,姜翊:骁骑兵x1030 | 文泉:投石车x1207 | 童唱希:骁骑兵x909 | 融复:重弩车x498,81,30
2469223,9级山贼,9,82,36,"大批资源,有宝箱,有装备,",1785,4059,,4,战车;骑兵,籍彩冉:投石车x1287 | 宦铄:重弩车x530 | 堵亦晗:重弩车x472 | 施群寄:骁骑兵x1077,81,36
2464550,2级山贼,2,82,37,"许多资源,",87,245,,1,步兵,虞琪璧:民兵x298,81,36
2466165,9级山贼,9,82,39,"大批资源,有宝箱,一些宝物,",1693,4104,3073,4,战车;骑兵,毛靖广:轻骑兵x1697 | 逄菲群:轻骑兵x1600 | 满蝶:骁骑兵x1025 | 孟半:投石车x1253,81,36
2467313,7级山贼,7,82,40,"大批资源,",648,1520,,3,弓弩;步兵;骑兵,公西常:铁骑兵x765 | 廉茗:轻步兵x1283 | 南宫晗:弓兵x519,81,36
2465433,8级山贼,8,82,41,"大批资源,有装备,",1056,2453,1069;16779521,4,战车;骑兵,宗政衍:轻骑兵x1231 | 李望:骁骑兵x794 | 申达骥:重弩车x325 | 景和:轻骑兵x1294,81,36
2466996,9级山贼,9,82,42,"大批资源,有宝箱,一些宝物,",1761,4309,1793,4,战车;骑兵,解诗:重弩车x463 | 贾濯宾:投石车x1395 | 漆雕渺拓:骁骑兵x971 | 长孙若:轻骑兵x1581,81,42
2469261,5级山贼,5,82,45,"很多资源,有宝箱,",256,763,1054,2,弓弩;步兵,通芬:轻步兵x483 | 夏闻颂:强弩兵x744,81,42
2465731,4级山贼,4,82,50,"很多资源,",150,486,,2,步兵,崔然:民兵x1267 | 于煊霁:民兵x1257,81,48
2463842,8级山贼,8,82,54,"大批资源,有宝箱,",949,2319,1069;1069,4,战车,厍芬珠:重弩车x333 | 尤珺:重弩车x379 | 任然:重弩车x339 | 弓兆齐:投石车x997,81,54
2466779,8级山贼,8,83,0,"大批资源,有装备,",973,2608,1069,4,骑兵,庄程翠:轻骑兵x1105 | 吉光:轻骑兵x1137 | 莫丽:骁骑兵x736 | 双秋:骁骑兵x784,81,0
2469116,3级山贼,3,83,1,"许多资源,",159,331,,1,步兵,却楚:民兵x826,81,0
2463558,5级山贼,5,83,2,"很多资源,有装备,",277,666,,2,弓弩;步兵,梅初怡:轻步兵x497 | 水婉斯:弓兵x203,81,0
2465157,2级山贼,2,83,3,"许多资源,",99,280,1039,1,步兵,毛葱:民兵x279,81,0
2466139,8级山贼,8,83,11,"大批资源,",1034,2543,1069,4,战车;骑兵,聂冰:投石车x935 | 米醉:投石车x909 | 蔚载:轻骑兵x1288 | 蓟项:轻骑兵x1171,81,6
2466505,2级山贼,2,83,13,"许多资源,",84,237,,1,步兵,井含:民兵x314,81,12
2465958,2级山贼,2,83,19,"许多资源,",97,276,,1,步兵,韶海翊:民兵x284,81,18
2468582,1级山贼,1,83,21,"一些资源,",55,100,1034,1,步兵,贝馨邢:民兵x150,81,18
2464780,4级山贼,4,83,22,"很多资源,",153,418,1049,2,步兵,柴均:近卫兵x414 | 赖惬夫:重步兵x487,81,18
2466741,8级山贼,8,83,23,"大批资源,",1019,2622,,4,战车;骑兵,巫马锦:投石车x1054 | 奚之本:轻骑兵x1107 | 暨群泓:重弩车x358 | 房轩虞:投石车x966,81,18
2467660,7级山贼,7,83,27,"大批资源,有宝箱,",559,1687,13569,3,弓弩;步兵,濮淼:轻步兵x1188 | 上官武:强弩兵x1439 | 融烁简:强弩兵x1598,81,24
2468050,6级山贼,6,83,28,"大量资源,有装备,",344,890,1059,3,弓弩;步兵;骑兵,屠权:铁骑兵x623 | 龚以:强弩兵x1153 | 孙邪:轻步兵x915,81,24
2466125,2级山贼,2,83,29,"许多资源,有装备,",86,219,16777217,1,步兵,邹旋:民兵x290,81,24
2466407,1级山贼,1,83,30,"一些资源,",43,107,,1,步兵,柳元:民兵x159,81,30
2467794,7级山贼,7,83,31,"大批资源,",584,1582,1057,3,弓弩;骑兵,廖方彬:铁骑兵x869 | 赖赋沁:铁骑兵x914 | 孔韦楠:弓兵x551,81,30
2464408,2级山贼,2,83,43,"许多资源,",91,236,,1,步兵,聂贞:民兵x321,81,42
2467043,6级山贼,6,83,44,"大量资源,一些宝物,",312,934,,3,步兵;骑兵,贲辰:轻步兵x797 | 濮莲心:铁骑兵x610 | 西门圆:铁骑兵x631,81,42
2464611,5级山贼,5,83,45,"很多资源,",299,671,,2,步兵,屠柳:轻步兵x499 | 巴靖游:轻步兵x479,81,42
2465640,5级山贼,5,83,46,"很多资源,有装备,",276,658,,2,弓弩;骑兵,董存:强弩兵x816 | 丛健:铁骑兵x323,81,42
2464102,6级山贼,6,83,47,"大量资源,",378,804,1059,3,弓弩;骑兵,干羽精:铁骑兵x540 | 柴晋:弓兵x388 | 仇喷:强弩兵x1236,81,42
2463763,10级山贼,10,83,48,"大批资源,有宝箱,有装备,一些宝物,",1821,5331,1074;1074;1084;16788225,5,弓弩;战车;骑兵,郝我:弩骑兵x2167 | 漆雕柏雁:弩骑兵x2169 | 任韫辰:骁骑兵x1696 | 车悦祺:弩骑兵x2140 | 弘悟铃:弩车x215,81,48
2468378,9级山贼,9,83,49,"大批资源,有宝箱,一些宝物,",1679,4391,1074,4,战车;骑兵,弓泉彩:骁骑兵x1099 | 邵芬:骁骑兵x1000 | 仲长曲:投石车x1305 | 关轩瑞:投石车x1210,81,48
2466860,7级山贼,7,83,50,"大批资源,有宝箱,有装备,一些宝物,",649,1658,1064,3,弓弩;步兵;骑兵,经蝶:铁骑兵x813 | 段懋翔:轻步兵x1284 | 苗筠:强弩兵x1508,81,48
2464680,3级山贼,3,83,51,"很多资源,",147,365,,1,步兵,吉允:民兵x852,81,48
2469445,7级山贼,7,83,54,"大批资源,",531,1625,,3,弓弩,滑果双:强弩兵x1626 | 松桂枫:强弩兵x1604 | 周均桂:弓兵x594,81,54
2466274,7级山贼,7,84,1,"大批资源,",610,1700,1064,3,弓弩,简昂:强弩兵x1589 | 索琦:强弩兵x1637 | 鲁今:强弩兵x1433,84,0
2467784,3级山贼,3,84,2,"很多资源,",150,388,1044,1,步兵,奚章鸿:民兵x835,84,0
2463292,6级山贼,6,84,3,"大量资源,",384,983,,3,弓弩,尉迟福:强弩兵x1234 | 寇光峯:弓兵x365 | 贲辰卓:弓兵x404,84,0
2465474,7级山贼,7,84,5,"大批资源,",592,1698,,3,弓弩;骑兵,酆新籁:强弩兵x1462 | 顾晏芮:铁骑兵x806 | 吉福:强弩兵x1786,84,0
2468805,3级山贼,3,84,8,"许多资源,有装备,",149,341,,1,步兵,蔺楚言:民兵x837,81,6
2465561,6级山贼,6,84,9,"大量资源,有宝箱,",359,838,1059,3,弓弩;步兵,谈颂慨:强弩兵x1025 | 巩尝译:轻步兵x784 | 宿美蔚:轻步兵x916,81,6
2463044,10级山贼,10,84,14,"大批资源,有宝箱,一些宝物,",2171,4877,1084,5,弓弩;战车;骑兵,孙荫宾:重弩车x751 | 束尔:弩骑兵x1933 | 沙柳:弩骑兵x2019 | 璩雯:弩骑兵x1833 | 宰虞茗:骁骑兵x1781,84,12
2468952,1级山贼,1,84,15,"一些资源,",53,106,,1,步兵,简玟玮:民兵x152,84,12
2469107,1级山贼,1,84,17,"一些资源,",46,147,,1,步兵,樊明曦:民兵x151,84,12
2463217,8级山贼,8,84,18,"大批资源,有宝箱,",983,2335,15105;1069,4,骑兵,侯运骏:骁骑兵x738 | 阎懋鸥:骁骑兵x812 | 桂童:骁骑兵x685 | 毋娥希:骁骑兵x686,84,18
2469314,4级山贼,4,84,19,"很多资源,",170,444,,2,步兵,和歌:重步兵x461 | 却晴盼:近卫兵x408,84,18
2462904,1级山贼,1,84,20,"一些资源,",60,107,,1,步兵,訾燕宾:民兵x139,84,18
2469583,5级山贼,5,84,21,"很多资源,有宝箱,有装备,",258,633,,2,步兵;骑兵,惠倩:铁骑兵x375 | 齐访:轻步兵x458,84,18
2468613,10级山贼,10,84,23,"大批资源,有宝箱,有装备,一些宝物,",2041,4567,1793;29441;1793,5,弓弩;战车,凌宇彦:弩骑兵x2159 | 庄晶唱:弩骑兵x2129 | 酆雪:投石车x1866 | 欧阳韵:弩骑兵x1957 | 昝简豇:弩骑兵x2006,84,18
2467797,4级山贼,4,84,24,"很多资源,",166,435,,2,步兵,柴大:重步兵x493 | 冉华开:重步兵x465,84,24
2469793,6级山贼,6,84,25,"大量资源,有宝箱,",371,806,,3,弓弩;步兵,闵楚项:强弩兵x1061 | 喻龙:弓兵x416 | 彭笑:轻步兵x872,84,24
2467664,8级山贼,8,84,26,"大批资源,有宝箱,",1099,2478,1069,4,战车;骑兵,胥章苑:骁骑兵x801 | 樊行:投石车x919 | 季之蔚:骁骑兵x698 | 谈大彬:骁骑兵x734,84,24
2464775,5级山贼,5,84,27,"很多资源,",261,690,,2,步兵;骑兵,鄂楠冷:轻步兵x480 | 厉筠:铁骑兵x317,84,24
2464367,7级山贼,7,84,28,"大批资源,有宝箱,",569,1547,14849,3,弓弩;步兵,厍单潇:轻步兵x1215 | 卞怜:强弩兵x1781 | 蒋煦工:弓兵x567,84,24
2465616,6级山贼,6,84,29,"大量资源,有宝箱,一些宝物,",303,847,3073;4097,3,弓弩;步兵;骑兵,华蓝:铁骑兵x619 | 梁今:轻步兵x813 | 司寇昀:弓兵x372,84,24
2469068,8级山贼,8,84,31,"大批资源,",1020,2468,1069,4,战车;骑兵,訾黎:重弩车x352 | 束吉:重弩车x321 | 秦水:骁骑兵x811 | 沈锦筠:轻骑兵x1119,84,30
2467211,3级山贼,3,84,32,"很多资源,",157,377,,1,步兵,戈延:民兵x866,84,30
2466470,3级山贼,3,84,34,"很多资源,",148,400,,1,步兵,汲全溪:民兵x813,84,30
2466541,8级山贼,8,84,35,"大批资源,有宝箱,",1022,2437,1069,4,战车;骑兵,尚侠:投石车x1055 | 堵娇:投石车x1028 | 轩辕陆:骁骑兵x674 | 孔颖:重弩车x356,84,30
2466452,1级山贼,1,84,37,"一些资源,",49,113,,1,步兵,壤驷卓:民兵x162,84,36
2463865,4级山贼,4,84,41,"很多资源,",152,410,,2,步兵,甄航:近卫兵x399 | 董丹年:近卫兵x371,84,36
2468751,5级山贼,5,84,42,"很多资源,",300,669,,2,步兵,路轩:轻步兵x500 | 曹气:轻步兵x476,84,42
2467128,5级山贼,5,84,43,"很多资源,",278,655,,2,步兵;骑兵,项合:轻步兵x479 | 邬竹:铁骑兵x358,84,42
2468310,2级山贼,2,84,44,"许多资源,",84,207,1039,1,步兵,卞元:民兵x311,84,42
2469484,8级山贼,8,84,45,"大批资源,",989,2391,1069,4,骑兵,芮洁析:轻骑兵x1193 | 闵复欣:骁骑兵x734 | 蔺姝:骁骑兵x729 | 关皓:轻骑兵x1143,84,42
2464172,8级山贼,8,84,47,"大批资源,有宝箱,",1015,2627,,4,战车;骑兵,万煦:重弩车x353 | 耿芮醒:骁骑兵x767 | 轩辕丝:投石车x1077 | 林冉吟:投石车x1007,84,42
2467700,1级山贼,1,84,48,"一些资源,",46,101,,1,步兵,毋勋:民兵x142,84,48
2469311,10级山贼,10,84,49,"大批资源,有宝箱,有装备,一些宝物,",1949,5227,1084,5,弓弩;战车,冯烁懿:重弩车x763 | 隆建双:弩骑兵x2144 | 伊懋谷:弩骑兵x2123 | 慎悌承:投石车x1945 | 卓双赋:重弩车x696,84,48
2469421,7级山贼,7,84,51,"大批资源,",537,1467,,3,弓弩;步兵,丛虞升:弓兵x599 | 赖放实:强弩兵x1540 | 芮勋源:轻步兵x1101,84,48
2465580,8级山贼,8,84,55,"大批资源,有装备,",942,2624,1069,4,战车;骑兵,昌筠:投石车x914 | 连旎:投石车x1095 | 毛家:重弩车x333 | 空气:骁骑兵x797,84,54
2466006,3级山贼,3,85,0,"很多资源,",152,374,1044,1,步兵,敖娥:民兵x840,84,0
2464280,7级山贼,7,85,1,"大批资源,有宝箱,",615,1421,13570,3,弓弩;骑兵,平瑶祺:弓兵x577 | 喻臣:弓兵x572 | 仇我:铁骑兵x829,84,0
2466831,6级山贼,6,85,2,"大量资源,",304,849,,3,弓弩;骑兵,司空合梅:强弩兵x1180 | 廖凌霜:铁骑兵x571 | 刁雁:强弩兵x1228,84,0
2463398,10级山贼,10,85,3,"大批资源,有宝箱,",2028,5447,1076,5,弓弩;战车,苏茵:投石车x1928 | 郗龙:弩车x208 | 柴霖:投石车x1906 | 吕赋吟:弩骑兵x2114 | 龚霁:重弩车x723,84,0
2464021,4级山贼,4,85,15,"很多资源,有装备,",169,456,,2,步兵,周琪:近卫兵x367 | 樊苑杉:近卫兵x416,84,12
2468042,8级山贼,8,85,16,"大批资源,有宝箱,",1070,2563,,4,战车;骑兵,皮绪齐:重弩车x347 | 寇柏平:轻骑兵x1265 | 贡珺修:骁骑兵x792 | 廉清慧:轻骑兵x1204,84,12
2469154,9级山贼,9,85,18,"大批资源,有宝箱,",1761,3799,,4,骑兵,郝青:骁骑兵x1099 | 瞿誉:骁骑兵x1059 | 景大懿:骁骑兵x931 | 容武:骁骑兵x956,84,18
2466487,7级山贼,7,85,19,"大批资源,",566,1407,1064,3,弓弩;骑兵,施梅:弓兵x571 | 宗阔:强弩兵x1524 | 和惬:铁骑兵x783,84,18
2463894,10级山贼,10,85,20,"大批资源,有宝箱,一些宝物,",1831,5440,1084;3074,5,弓弩;战车;骑兵,廉可鸾:弩车x210 | 幸泰听:重弩车x800 | 通晶:骁骑兵x1846 | 艾珠靖:投石车x1898 | 屠莫:弩骑兵x1905,84,18
2468152,9级山贼,9,85,21,"大批资源,",1691,3773,1074,4,骑兵,荆溪:骁骑兵x924 | 公良咏芙:骁骑兵x977 | 傅我:骁骑兵x1070 | 牧朋翰:骁骑兵x950,84,18
2466519,5级山贼,5,85,23,"很多资源,",272,737,,2,步兵;骑兵,翟齐双:轻步兵x468 | 陶鹍鸾:铁骑兵x363,84,18
2467659,5级山贼,5,85,24,"很多资源,有宝箱,",286,630,13569,2,弓弩,厍敬:强弩兵x792 | 李藏:强弩兵x802,84,24
2464103,9级山贼,9,85,25,"大批资源,有宝箱,一些宝物,",1439,3751,1074,4,战车;骑兵,堵音:投石车x1238 | 李琦:骁骑兵x961 | 蔺渺:轻骑兵x1586 | 冯叡慨:重弩车x485,84,24
2464547,1级山贼,1,85,27,"一些资源,",56,146,1034,1,步兵,蒲赫:民兵x149,84,24
2465270,10级山贼,10,85,29,"大批资源,有宝箱,一些宝物,",1950,5040,,5,弓弩;战车;骑兵,虞鸿墨:投石车x2068 | 寇可:骁骑兵x1651 | 利轩圣:弩骑兵x2054 | 乐侠:骁骑兵x1870 | 蒲芙:弩车x257,84,24
2467225,4级山贼,4,85,30,"很多资源,",172,497,,2,步兵,微生敏翠:近卫兵x363 | 隆禧:重步兵x461,84,30
2469122,5级山贼,5,85,31,"很多资源,",293,700,,2,弓弩;步兵,段敏新:轻步兵x476 | 鞠泽韫:强弩兵x836,84,30
2468291,3级山贼,3,85,32,"很多资源,",151,354,1044,1,步兵,齐丰:民兵x851,84,30
2467245,6级山贼,6,85,33,"大量资源,有宝箱,",316,902,1059,3,弓弩;步兵,鲁迎远:强弩兵x1053 | 谭晶婕:轻步兵x912 | 温琦擎:轻步兵x783,84,30
2465437,9级山贼,9,85,34,"大批资源,有宝箱,",1489,4152,,4,战车;骑兵,浦悦:重弩车x478 | 隆拔空:骁骑兵x1047 | 池年:投石车x1308 | 温心夫:骁骑兵x908,84,30
2467142,5级山贼,5,85,35,"很多资源,",264,797,,2,弓弩;步兵,单于巧:强弩兵x852 | 暴姝怜:轻步兵x492,84,30
2464573,4级山贼,4,85,36,"很多资源,",176,400,1049,2,步兵,臧祈:民兵x1155 | 乔颖:近卫兵x400,84,36
558830,9级山贼,9,85,37,"大批资源,有宝箱,一些宝物,",1617,3665,1074,4,骑兵,储蓝:轻骑兵x1722 | 乐正举:骁骑兵x1084 | 关美冷:骁骑兵x991 | 庚绍:骁骑兵x957,84,36
2464955,3级山贼,3,85,38,"许多资源,",151,303,,1,步兵,钮桂茗:民兵x788,84,36
2466793,4级山贼,4,85,39,"很多资源,",168,469,,2,步兵,申屠桂:重步兵x462 | 郝彬好:近卫兵x355,84,36
2468335,1级山贼,1,85,40,"一些资源,",60,132,,1,步兵,狄言:民兵x149,84,36
2469453,2级山贼,2,85,43,"许多资源,",97,258,,1,步兵,危韫家:民兵x314,84,42
2469510,3级山贼,3,85,45,"很多资源,",152,378,,1,步兵,庚昶:民兵x782,84,42
2465687,5级山贼,5,85,48,"很多资源,",270,777,,2,弓弩;骑兵,弓娴芮:铁骑兵x344 | 聂藉澹:强弩兵x727,84,48
2468529,8级山贼,8,85,50,"大批资源,",1037,2442,,4,战车,周潍:投石车x985 | 公羊可:投石车x1009 | 东方庸朔:投石车x1094 | 汲卉:重弩车x345,84,48
2466702,1级山贼,1,85,51,"一些资源,",56,147,,1,步兵,尚韫立:民兵x151,84,48
2467266,4级山贼,4,85,52,"很多资源,",157,449,,2,步兵,江鹂叡:民兵x1124 | 关骞禧:近卫兵x383,84,48
2464566,7级山贼,7,85,53,"大批资源,",697,1555,1064,3,弓弩;步兵,慕容葱鸾:强弩兵x1639 | 管鸾:强弩兵x1490 | 虞梅雯:轻步兵x1179,84,48
2466748,8级山贼,8,85,54,"大批资源,",1060,2394,,4,战车;骑兵,钟晏:重弩车x341 | 羿项温:骁骑兵x748 | 俞菡旋:骁骑兵x783 | 甘黛骄:重弩车x372,84,54
2469640,10级山贼,10,85,55,"大批资源,有宝箱,",1806,4635,1793;1074,5,战车;骑兵,荆盛丰:骁骑兵x1876 | 曹夏明:弩车x232 | 应玟:弩车x250 | 焦晋:弩车x240 | 蔺誉:骁骑兵x1736,84,54
2465817,7级山贼,7,86,0,"大批资源,有宝箱,",609,1513,13569,3,弓弩;步兵,魏亦:轻步兵x1273 | 苗诩:强弩兵x1539 | 乜木箴:轻步兵x1189,84,0
2468911,7级山贼,7,86,1,"大批资源,",611,1607,1059;1064,3,步兵;骑兵,刁可:轻步兵x1120 | 相里丹:轻步兵x1238 | 贺程:铁骑兵x924,84,0
2464545,8级山贼,8,86,3,"大批资源,有装备,",911,2569,,4,骑兵,隆萱:轻骑兵x1147 | 扈骄新:轻骑兵x1295 | 郎拯洧:骁骑兵x718 | 荆海:骁骑兵x809,84,0
2466962,6级山贼,6,86,12,"大量资源,",333,880,,3,弓弩;步兵,阮慨可:轻步兵x823 | 杭昶:强弩兵x1275 | 姜烁州:轻步兵x852,84,12
2465856,5级山贼,5,86,13,"大量资源,",283,746,,2,弓弩;步兵,易赋:轻步兵x538 | 华化厚:强弩兵x730,84,12
2464292,8级山贼,8,86,14,"大批资源,有宝箱,",1031,2471,1793;1069,4,骑兵,南宫桂:骁骑兵x741 | 凌瑜丹:轻骑兵x1205 | 申灵:轻骑兵x1108 | 池仙晖:轻骑兵x1207,84,12
2468008,7级山贼,7,86,15,"大批资源,",500,1640,1064,3,弓弩;步兵,匡言:强弩兵x1595 | 刁爽:弓兵x529 | 后玟贤:轻步兵x1293,84,12
2468572,10级山贼,10,86,18,"大批资源,有宝箱,",2152,5356,,5,弓弩;战车;骑兵,赵音:投石车x1894 | 印茜燕:弩车x217 | 屠玉萌:骁骑兵x1789 | 曲我材:骁骑兵x1881 | 荀闻依:弩骑兵x2159,84,18
2464418,5级山贼,5,86,20,"很多资源,",293,672,,2,骑兵,宗谷:铁骑兵x369 | 暨寒:铁骑兵x315,84,18
2465251,8级山贼,8,86,21,"大批资源,",902,2491,,4,战车;骑兵,宓倩荫:骁骑兵x783 | 柯泽晋:投石车x965 | 晏问松:重弩车x367 | 冯亮:投石车x1014,84,18
2465341,6级山贼,6,86,25,"大量资源,有宝箱,",366,913,1059;13569,3,弓弩;骑兵,赫连靖旋:铁骑兵x585 | 韶兰泽:强弩兵x1172 | 葛山:铁骑兵x545,84,24
2466600,8级山贼,8,86,26,"大批资源,一些宝物,",1021,2563,1069,4,战车;骑兵,蓝然云:重弩车x334 | 曲晋:骁骑兵x710 | 傅许:轻骑兵x1267 | 章彩音:骁骑兵x679,84,24
2463616,3级山贼,3,86,27,"很多资源,",148,395,,1,步兵,颜颜:民兵x842,84,24
2466401,9级山贼,9,86,30,"大批资源,有宝箱,",1481,4072,1793;1074,4,战车;骑兵,钭然迟:重弩车x482 | 常晋鸿:骁骑兵x982 | 耿宾:轻骑兵x1796 | 臧栩耀:轻骑兵x1449,84,30
2465232,5级山贼,5,86,37,"很多资源,",296,665,,2,弓弩;骑兵,范叡:弓兵x214 | 郏建:铁骑兵x369,84,36
2463556,5级山贼,5,86,38,"很多资源,",278,735,,2,骑兵,湛悦实:铁骑兵x318 | 高容希:铁骑兵x355,84,36
2467955,7级山贼,7,86,39,"大批资源,有宝箱,有装备,",656,1566,16790273,3,弓弩;骑兵,石烨:强弩兵x1648 | 奚全:铁骑兵x854 | 周丹:强弩兵x1705,84,36
2463943,10级山贼,10,86,43,"大批资源,有宝箱,一些宝物,",1848,4884,1084;3073,5,战车;骑兵,司家山:骁骑兵x1961 | 谭信用:骁骑兵x1846 | 莫昶豇:弩车x217 | 蔺盼:骁骑兵x1641 | 屠男:重弩车x715,84,42
2466234,10级山贼,10,86,45,"大批资源,有宝箱,",2056,5404,1078;1084,5,弓弩;战车;骑兵,冀月:骁骑兵x1988 | 章长:骁骑兵x1874 | 梅昂智:弩骑兵x2175 | 柳凡:弩骑兵x1940 | 莫颜雅:投石车x1904,84,42
2464244,8级山贼,8,86,47,"大批资源,",1036,2365,,4,战车;骑兵,家勤溪:骁骑兵x790 | 凌山河:投石车x997 | 戎萱福:骁骑兵x707 | 熊谷煜:骁骑兵x772,84,42
2467934,10级山贼,10,86,49,"大批资源,有宝箱,",2062,4579,1793,5,弓弩;战车;骑兵,伍悌育:投石车x1812 | 穆郁:重弩车x811 | 简潇:弩骑兵x2114 | 邓颖:弩骑兵x1954 | 胥卿:骁骑兵x1864,84,48
2469929,7级山贼,7,86,54,"大批资源,有宝箱,",504,1476,,3,步兵;骑兵,华楚鑫:轻步兵x1124 | 农彦:铁骑兵x813 | 孟柔:轻步兵x1131,84,54
2468997,10级山贼,10,86,55,"大批资源,有宝箱,",2186,5115,,5,弓弩;战车;骑兵,单沁:重弩车x745 | 成菱:弩骑兵x1966 | 庚晔祈:骁骑兵x1935 | 凤我:骁骑兵x1686 | 柳翠:弩车x207,84,54
2463926,7级山贼,7,87,0,"大批资源,",673,1521,,3,弓弩;骑兵,厉幼彦:强弩兵x1534 | 王杉:铁骑兵x812 | 蔺闻广:铁骑兵x797,87,0
2467042,3级山贼,3,87,1,"许多资源,",151,348,,1,步兵,鄂煦:民兵x827,87,0
2464788,7级山贼,7,87,2,"大批资源,有宝箱,有装备,",658,1408,1064,3,弓弩;步兵,郦钧:弓兵x583 | 封鸿:强弩兵x1790 | 司马以:轻步兵x1298,87,0
2468185,9级山贼,9,87,3,"大批资源,",1559,3630,1074;1074,4,骑兵,贾芷:骁骑兵x976 | 廉海实:骁骑兵x968 | 松姝:骁骑兵x904 | 翁捷:骁骑兵x1021,87,0
2468183,3级山贼,3,87,4,"很多资源,",159,400,,1,步兵,寿琛:民兵x840,87,0
2466641,5级山贼,5,87,11,"很多资源,",273,648,,2,骑兵,殳元茜:铁骑兵x327 | 邴萱悌:铁骑兵x378,87,6
2468515,1级山贼,1,87,13,"一些资源,",40,121,,1,步兵,弓凌龙:民兵x157,87,12
2463783,8级山贼,8,87,15,"大批资源,",986,2258,1069;1065,4,战车;骑兵,晁楠箴:投石车x980 | 桑育:投石车x1012 | 蔺澹:轻骑兵x1196 | 籍实:轻骑兵x1281,87,12
2468731,5级山贼,5,87,17,"大量资源,",272,779,,2,弓弩;步兵,邴钊:强弩兵x736 | 暨和婉:轻步兵x522,87,12
2468100,4级山贼,4,87,22,"很多资源,有装备,",163,469,16778497,2,步兵,谭常:重步兵x537 | 屈捷:重步兵x509,87,18
2465598,1级山贼,1,87,23,"一些资源,",60,140,,1,步兵,凌瑶洁:民兵x165,87,18
2469843,8级山贼,8,87,24,"大批资源,",1030,2465,1069,4,战车;骑兵,翟绍:轻骑兵x1108 | 司马桂鹤:重弩车x378 | 羊觉:投石车x1073 | 丁自:骁骑兵x704,87,24
2363059,10级山贼,10,87,27,"大批资源,有宝箱,",2081,5203,1084;1084;1084,5,弓弩;战车,姚苑化:弩车x212 | 双虎墨:重弩车x740 | 太叔琦珍:弩骑兵x2055 | 满坚:重弩车x827 | 柯迎:弩骑兵x1918,87,24
2464609,6级山贼,6,87,28,"大量资源,一些宝物,",389,843,1059,3,弓弩;骑兵,姜萌苍:强弩兵x1266 | 岑彦:铁骑兵x657 | 梁丘颜:强弩兵x1211,87,24
2467936,8级山贼,8,87,29,"大批资源,有宝箱,有装备,",1078,2325,1060;1069;16785409,4,战车;骑兵,索弘掣:投石车x1085 | 相里仲:轻骑兵x1247 | 终晴:投石车x1021 | 岑利:骁骑兵x830,87,24
2465013,7级山贼,7,87,30,"大批资源,有宝箱,有装备,",627,1481,14849,3,弓弩;步兵;骑兵,牛彦:轻步兵x1250 | 钭栩:铁骑兵x844 | 经瑾诩:弓兵x583,87,30
2466571,3级山贼,3,87,32,"很多资源,",144,372,1044,1,步兵,殴羽:民兵x850,87,30
2468625,9级山贼,9,87,33,"大批资源,",1654,4320,,4,战车;骑兵,伊昶:骁骑兵x994 | 钮仙:投石车x1346 | 明芮:轻骑兵x1544 | 鄂禹全:投石车x1293,87,30
2465996,1级山贼,1,87,34,"一些资源,",51,105,,1,步兵,殷访:民兵x155,87,30
2469915,4级山贼,4,87,35,"很多资源,",159,420,,2,步兵,上官礼发:重步兵x470 | 嵇立悟:近卫兵x396,87,30
2466520,1级山贼,1,87,36,"一些资源,",48,141,,1,步兵,宇文芹:民兵x148,87,36
2466842,7级山贼,7,87,37,"大批资源,有装备,",564,1632,1064,3,弓弩,古敬浚:强弩兵x1567 | 宗政语悦:强弩兵x1765 | 阮峰:强弩兵x1748,87,36
2468858,8级山贼,8,87,38,"大批资源,有宝箱,有装备,",965,2377,1065,4,战车;骑兵,平芙念:重弩车x367 | 池姮铃:骁骑兵x706 | 乜祥:骁骑兵x742 | 黎高:骁骑兵x774,87,36
2465467,4级山贼,4,87,39,"很多资源,",166,448,,2,步兵,沈香:近卫兵x414 | 管颖莲:重步兵x458,87,36
2467025,10级山贼,10,87,41,"大批资源,有宝箱,一些宝物,",2006,5080,29441;1084,5,弓弩;战车;骑兵,惠兴楚:投石车x1952 | 鲁济纵:骁骑兵x1996 | 卜群溪:弩骑兵x2079 | 赫连梅:重弩车x800 | 路沉:骁骑兵x2000,87,36
2464351,4级山贼,4,87,42,"很多资源,",176,407,,2,步兵,倪雁:重步兵x463 | 乜誉:近卫兵x404,87,42
2464711,9级山贼,9,87,43,"大批资源,",1424,3736,,4,战车;骑兵,赵彤:骁骑兵x1014 | 訾贞:重弩车x444 | 包玥翼:骁骑兵x1047 | 索真峯:骁骑兵x1007,87,42
2466381,1级山贼,1,87,45,"一些资源,",58,111,,1,步兵,秦时:民兵x139,87,42
2469137,6级山贼,6,87,48,"大量资源,一些宝物,",341,979,,3,弓弩;步兵,路璐:强弩兵x1170 | 韶鹂:轻步兵x932 | 暨昂轩:强弩兵x1048,87,48
2468856,5级山贼,5,87,52,"很多资源,有宝箱,",293,788,1054,2,步兵,文小可:轻步兵x494 | 宗政涵懿:轻步兵x507,87,48
2463837,2级山贼,2,87,53,"许多资源,",92,291,1039,1,步兵,时柏:民兵x282,87,48
2466527,6级山贼,6,87,54,"大量资源,有宝箱,一些宝物,",375,917,4097,3,弓弩;步兵,朱仙羽:强弩兵x1226 | 马姮偲:轻步兵x867 | 蔚沛若:轻步兵x782,87,54
2469072,3级山贼,3,87,55,"许多资源,",154,317,,1,步兵,戎真:民兵x822,87,54
2465501,10级山贼,10,88,0,"大批资源,有宝箱,一些宝物,",2151,4606,,5,弓弩;战车;骑兵,相里简:骁骑兵x1851 | 蓟健畅:弩骑兵x2119 | 葛歌译:投石车x2054 | 危颜童:骁骑兵x1739 | 皇甫空:骁骑兵x1853,87,0
2464975,7级山贼,7,88,1,"大批资源,",684,1569,,3,弓弩;骑兵,仇析晓:铁骑兵x891 | 濮阳金:铁骑兵x934 | 连勇博:强弩兵x1572,87,0
2112540,10级山贼,10,88,3,"大批资源,有宝箱,一些宝物,",1944,4934,1084,5,弓弩;战车,嵇兆阔:重弩车x768 | 陶然歌:重弩车x711 | 单成从:弩骑兵x2179 | 公良烁熠:投石车x2119 | 欧阳赡郎:弩车x219,87,0
2467185,7级山贼,7,88,4,"大批资源,有宝箱,",562,1498,,3,骑兵,焦枫剑:铁骑兵x882 | 岑蔚:铁骑兵x785 | 鲍彤希:铁骑兵x798,87,0
2464484,2级山贼,2,88,6,"许多资源,",95,290,1039,1,步兵,吴桃:民兵x320,87,6
2463270,3级山贼,3,88,7,"很多资源,",144,387,,1,步兵,巩捷:民兵x896,87,6
2465736,9级山贼,9,88,10,"大批资源,有宝箱,",1450,3702,1072,4,战车;骑兵,晁拓:骁骑兵x918 | 缪宕聪:骁骑兵x1079 | 计海仙:轻骑兵x1512 | 子车阳:重弩车x463,87,6
2465691,1级山贼,1,88,14,"一些资源,",56,143,,1,步兵,刁楠:民兵x156,87,12
2467103,4级山贼,4,88,15,"很多资源,一些宝物,",173,419,4097,2,步兵,车正锦:近卫兵x410 | 仲秋贤:民兵x1275,87,12
2468947,5级山贼,5,88,16,"很多资源,有宝箱,",299,690,13569,2,骑兵,单桂勤:铁骑兵x364 | 俞菡:铁骑兵x363,87,12
2466525,2级山贼,2,88,17,"许多资源,",89,279,,1,步兵,苏惜幼:民兵x270,87,12
2467403,4级山贼,4,88,18,"很多资源,",171,491,,2,步兵,徐如琦:重步兵x511 | 计群曲:重步兵x500,87,18
2469505,9级山贼,9,88,20,"大批资源,有宝箱,一些宝物,",1697,3652,,4,战车;骑兵,狄儒:重弩车x509 | 江琛熏:骁骑兵x1039 | 堵格:投石车x1205 | 南宫剑祖:投石车x1250,87,18
2469214,10级山贼,10,88,21,"大批资源,有宝箱,一些宝物,",1903,4936,1084,5,弓弩;战车,羊鲲:弩骑兵x1981 | 羊悟曦:弩骑兵x2164 | 殴识铃:弩车x226 | 微生彩:投石车x2103 | 何自熏:重弩车x681,87,18
2466363,7级山贼,7,88,22,"大批资源,有宝箱,",616,1524,,3,弓弩;骑兵,邹谷:强弩兵x1409 | 戈珺:铁骑兵x811 | 艾筠向:弓兵x575,87,18
2464365,4级山贼,4,88,23,"很多资源,",154,500,,2,步兵,屠墨群:重步兵x543 | 家靖:民兵x1280,87,18
2466929,4级山贼,4,88,24,"很多资源,",177,401,,2,步兵,翁昭:近卫兵x399 | 通梅望:重步兵x454,87,24
2465461,4级山贼,4,88,25,"很多资源,",172,413,,2,步兵,雷龙恩:重步兵x521 | 通邪听:民兵x1256,87,24
2463669,2级山贼,2,88,26,"许多资源,",97,238,,1,步兵,劳怜绍:民兵x287,87,24
2468701,7级山贼,7,88,27,"大批资源,有宝箱,",539,1514,1062,3,弓弩;步兵,卓翊:弓兵x518 | 田绪:弓兵x537 | 杭路:轻步兵x1284,87,24
2468316,8级山贼,8,88,28,"大批资源,有宝箱,一些宝物,",1008,2548,,4,骑兵,任均:骁骑兵x712 | 薛年煜:骁骑兵x716 | 嵇剑:骁骑兵x784 | 胥澹:轻骑兵x1155,87,24
2467222,3级山贼,3,88,29,"许多资源,",157,334,,1,步兵,项修玉:民兵x798,87,24
2469856,8级山贼,8,88,30,"大批资源,",1099,2529,1069,4,战车;骑兵,通冉:轻骑兵x1157 | 全谋:骁骑兵x700 | 荀菲晗:重弩车x356 | 鞠艺:轻骑兵x1241,87,30
2464558,2级山贼,2,88,31,"许多资源,",95,267,,1,步兵,梁合泽:民兵x306,87,30
2469909,5级山贼,5,88,32,"大量资源,",297,793,1054,2,弓弩;步兵,阮海奇:强弩兵x815 | 莫叡芹:轻步兵x461,87,30
2468779,8级山贼,8,88,33,"大批资源,有宝箱,",1066,2676,,4,战车;骑兵,訾资鹏:投石车x972 | 仰吉:重弩车x327 | 祝松鸿:骁骑兵x709 | 戴柔:投石车x966,87,30
2463457,4级山贼,4,88,37,"很多资源,",157,436,,2,步兵,宗儿宣:近卫兵x403 | 卓悦瑜:重步兵x549,87,36
2463880,3级山贼,3,88,39,"很多资源,",157,350,1044,1,步兵,胥祈高:民兵x871,87,36
2466891,6级山贼,6,88,41,"大量资源,",373,800,,3,弓弩;步兵;骑兵,曾我:轻步兵x897 | 甘日晋:铁骑兵x605 | 郜程旎:强弩兵x1266,87,36
2467989,4级山贼,4,88,42,"很多资源,",176,422,1049,2,步兵,骆勤惠:重步兵x540 | 台禹:重步兵x518,87,42
2468888,9级山贼,9,88,43,"大批资源,有宝箱,",1545,3987,1074;1793,4,战车;骑兵,钟颜淼:骁骑兵x1098 | 江姮香:骁骑兵x960 | 都鲲原:重弩车x450 | 索芙铃:投石车x1273,87,42
2464517,8级山贼,8,88,44,"大批资源,有宝箱,",930,2748,,4,战车;骑兵,祁菡晶:投石车x998 | 甄兆卓:轻骑兵x1198 | 梅气倪:轻骑兵x1180 | 相里珊朝:轻骑兵x1171,87,42
2463935,6级山贼,6,88,47,"大量资源,有宝箱,",323,942,13570,3,弓弩;步兵;骑兵,莘槐璧:强弩兵x1168 | 卓畅树:轻步兵x831 | 隆湃海:铁骑兵x602,87,42
2468957,4级山贼,4,88,48,"很多资源,有宝箱,",157,400,,2,步兵,徐昀冉:近卫兵x362 | 贺含:重步兵x519,87,48
2468820,2级山贼,2,88,49,"许多资源,",93,240,,1,步兵,缪进歆:民兵x316,87,48
2468217,8级山贼,8,88,50,"大批资源,有宝箱,",1051,2311,1069,4,战车;骑兵,幸璐:轻骑兵x1213 | 翁宇:轻骑兵x1261 | 贝晶翼:投石车x979 | 熊菲雯:轻骑兵x1215,87,48
2464412,6级山贼,6,88,53,"大量资源,",368,952,1059,3,弓弩;步兵,仲馨鸿:轻步兵x816 | 路霜惠:强弩兵x1284 | 利泽皓:强弩兵x1040,87,48
2465082,6级山贼,6,88,54,"大量资源,有宝箱,",357,960,13569,3,弓弩;步兵;骑兵,时倩:铁骑兵x549 | 余悦:强弩兵x1286 | 贺淼业:轻步兵x784,87,54
2469985,4级山贼,4,88,55,"很多资源,",157,472,,2,步兵,刘诗淑:重步兵x530 | 郎展:近卫兵x360,87,54
2469524,5级山贼,5,89,0,"很多资源,",286,735,,2,步兵;骑兵,成元云:轻步兵x536 | 危旎:铁骑兵x371,87,0
2463505,6级山贼,6,89,7,"大量资源,",332,813,1059;1059,3,弓弩;骑兵,东天教:强弩兵x1079 | 车正耀:铁骑兵x569 | 浦星鲲:强弩兵x1017,87,6
2468129,4级山贼,4,89,9,"很多资源,",168,428,,2,步兵,穆寻楚:重步兵x521 | 梅谋邈:民兵x1282,87,6
2463254,5级山贼,5,89,12,"很多资源,有装备,",295,611,,2,步兵;骑兵,聂语竹:轻步兵x538 | 殳旷:铁骑兵x344,87,12
2465133,4级山贼,4,89,13,"很多资源,",159,415,,2,步兵,陶鹤江:重步兵x546 | 牧旻:重步兵x481,87,12
2469023,7级山贼,7,89,15,"大批资源,有宝箱,有装备,",560,1553,14849;1056;16787969,3,弓弩;步兵,狄吉:轻步兵x1231 | 咸楠:强弩兵x1773 | 钭拓:强弩兵x1657,87,12
2464551,2级山贼,2,89,18,"许多资源,",82,267,,1,步兵,空北觉:民兵x288,87,18
2462909,1级山贼,1,89,19,"一些资源,",58,111,1034,1,步兵,柯黎:民兵x155,87,18
2469218,4级山贼,4,89,20,"很多资源,",150,405,,2,步兵,寇牙邦:重步兵x483 | 贲颜群:近卫兵x378,87,18
2465511,10级山贼,10,89,21,"大批资源,有宝箱,有装备,一些宝物,",2009,4846,1084,5,弓弩;战车;骑兵,曾潍冷:投石车x1969 | 桑翠真:骁骑兵x1800 | 施拓曦:重弩车x738 | 韶永晖:弩骑兵x1913 | 吴友:弩车x208,87,18
2463591,5级山贼,5,89,25,"很多资源,",293,634,,2,弓弩,仲长鹂:弓兵x210 | 南宫福:弓兵x220,87,24
2465826,8级山贼,8,89,26,"大批资源,有装备,",998,2316,,4,骑兵,曾玟如:骁骑兵x726 | 齐筠:骁骑兵x748 | 狄文圆:轻骑兵x1132 | 翟期:骁骑兵x816,87,24
2469381,6级山贼,6,89,27,"大量资源,有宝箱,",371,894,,3,弓弩;步兵,屈昂:强弩兵x1235 | 桂瑜范:弓兵x342 | 侯喷萍:轻步兵x837,87,24
2467574,4级山贼,4,89,36,"很多资源,",159,438,,2,步兵,习怀清:民兵x1120 | 隗紫玮:重步兵x512,87,36
2468216,3级山贼,3,89,37,"很多资源,有装备,",158,395,16778497,1,步兵,索寒言:民兵x860,87,36
2469403,4级山贼,4,89,38,"很多资源,有装备,",166,455,,2,步兵,段琛:重步兵x469 | 湛禹慈:重步兵x520,87,36
2469581,5级山贼,5,89,39,"很多资源,",261,755,,2,弓弩;骑兵,文玟悟:铁骑兵x341 | 公羊翼:弓兵x212,87,36
2469279,8级山贼,8,89,42,"大批资源,有宝箱,",938,2435,1069,4,战车;骑兵,闻人筠:投石车x1065 | 邬儿诗:重弩车x331 | 子车津荣:轻骑兵x1265 | 寿乐年:轻骑兵x1292,87,42
2466716,7级山贼,7,89,44,"大批资源,",571,1658,,3,弓弩,申福:强弩兵x1647 | 彭吉君:强弩兵x1446 | 魏鸿奇:强弩兵x1674,87,42
2467685,9级山贼,9,89,46,"大批资源,有宝箱,",1576,4342,1793,4,战车;骑兵,饶吟紫:骁骑兵x1047 | 夏策云:骁骑兵x1060 | 萧蕊:重弩车x447 | 童群:轻骑兵x1646,87,42
2469198,1级山贼,1,89,51,"一些资源,",60,147,1034,1,步兵,梁尝冀:民兵x148,87,48
2468502,1级山贼,1,89,52,"一些资源,",60,129,,1,步兵,倪亦:民兵x161,87,48
2466789,6级山贼,6,90,0,"大量资源,有宝箱,",375,920,14849;1059,3,弓弩;步兵,纪双:弓兵x362 | 习濯:轻步兵x793 | 满朝琛:强弩兵x1063,90,0
2469022,4级山贼,4,90,3,"很多资源,",158,487,,2,步兵,缪雄:重步兵x503 | 蔺朝:近卫兵x414,90,0
2466340,6级山贼,6,90,4,"大量资源,一些宝物,",316,858,,3,步兵;骑兵,嵇瑞滨:轻步兵x892 | 荣从:铁骑兵x562 | 钮珍:铁骑兵x629,90,0
2465097,4级山贼,4,90,5,"很多资源,",153,442,,2,步兵,宇文彦吉:重步兵x498 | 郝乐:近卫兵x408,90,0
2467240,9级山贼,9,90,7,"大批资源,有宝箱,一些宝物,",1794,3924,1074,4,战车;骑兵,骆珠:重弩车x436 | 越鹤:投石车x1313 | 韶恒鸣:骁骑兵x967 | 林化:轻骑兵x1719,90,6
2466700,3级山贼,3,90,10,"许多资源,",154,307,,1,步兵,戚恩谊:民兵x850,90,6
2465791,2级山贼,2,90,12,"许多资源,",92,216,,1,步兵,唐程轩:民兵x278,90,12
2466813,6级山贼,6,90,13,"大量资源,一些宝物,",384,849,,3,弓弩;步兵;骑兵,郑旻:弓兵x391 | 仲驹祈:轻步兵x794 | 熊朝:铁骑兵x615,90,12
2468025,9级山贼,9,90,14,"大批资源,",1709,4324,,4,骑兵,弘青:骁骑兵x905 | 晁秀:骁骑兵x964 | 司徒斯昂:轻骑兵x1680 | 明诩:轻骑兵x1461,90,12
2468226,3级山贼,3,90,15,"许多资源,",159,303,,1,步兵,余语槐:民兵x818,90,12
2464108,8级山贼,8,90,18,"大批资源,有宝箱,有装备,",963,2426,1069,4,战车;骑兵,相里和葱:骁骑兵x759 | 冀瑜溪:投石车x1058 | 索怜:投石车x1024 | 席寄:轻骑兵x1113,90,18
2467247,4级山贼,4,90,19,"很多资源,",176,468,,2,步兵,穆巧泽:民兵x1164 | 羿远正:近卫兵x373,90,18
2463670,2级山贼,2,90,21,"许多资源,",87,247,,1,步兵,侯邪:民兵x330,90,18
2466577,9级山贼,9,90,23,"大批资源,有宝箱,",1627,4371,1793,4,战车;骑兵,滕霁鹂:轻骑兵x1530 | 胡母听:骁骑兵x926 | 费芙雯:轻骑兵x1743 | 段福:重弩车x527,90,18
2465951,9级山贼,9,90,24,"大批资源,有宝箱,",1574,3614,1793,4,战车;骑兵,匡颖楠:投石车x1211 | 东男问:骁骑兵x937 | 常代忆:重弩车x475 | 徐莲:投石车x1364,90,24
2464278,6级山贼,6,90,25,"大量资源,",362,957,1059,3,步兵,井采:轻步兵x881 | 赖清萱:轻步兵x896 | 钟言:轻步兵x821,90,24
2468437,5级山贼,5,90,26,"很多资源,",281,636,,2,弓弩,柳念望:强弩兵x831 | 郭高藻:强弩兵x822,90,24
2465430,10级山贼,10,90,28,"大批资源,有宝箱,一些宝物,",2012,5245,1084;1077;1084,5,弓弩;战车;骑兵,葛洽:弩骑兵x2055 | 管忆碧:弩骑兵x1942 | 贺锦:骁骑兵x1868 | 羊存瑜:骁骑兵x1694 | 蓟旻程:投石车x2108,90,24
2469924,4级山贼,4,90,29,"很多资源,",155,439,1049,2,步兵,席甲胤:重步兵x485 | 淳于绪:重步兵x550,90,24
2465373,6级山贼,6,90,30,"大量资源,一些宝物,",357,954,1059;1059,3,步兵;骑兵,蓟柏:铁骑兵x551 | 倪禧绍:轻步兵x776 | 莫之寻:轻步兵x874,90,30
2465755,2级山贼,2,90,31,"许多资源,",82,214,,1,步兵,宰君:民兵x279,90,30
2465083,1级山贼,1,90,32,"一些资源,",55,138,,1,步兵,瞿罡:民兵x157,90,30
2463636,5级山贼,5,90,33,"很多资源,",264,703,,2,步兵,吴颜珍:轻步兵x504 | 丰丹:轻步兵x542,90,30
2467427,1级山贼,1,90,34,"一些资源,",56,120,,1,步兵,邱沁菱:民兵x155,90,30
2465442,10级山贼,10,90,35,"大批资源,有宝箱,一些宝物,",2182,4709,29441;24321;1074,5,弓弩;战车;骑兵,双悦:弩骑兵x1800 | 宣晗楚:弩车x203 | 邹婉尚:重弩车x795 | 丁轩勤:骁骑兵x1862 | 鲁辑童:骁骑兵x1892,90,30
2465228,10级山贼,10,90,36,"大批资源,有宝箱,一些宝物,",2180,4827,1793;1084,5,弓弩;战车;骑兵,戈行虎:骁骑兵x1953 | 何香:弩骑兵x2084 | 宗政冉:弩骑兵x2095 | 井曦:投石车x2157 | 韩凯自:重弩车x697,90,36
2469017,8级山贼,8,90,37,"大批资源,",979,2561,,4,骑兵,傅祯:轻骑兵x1254 | 平程:轻骑兵x1208 | 宗正虞:骁骑兵x683 | 丛日:轻骑兵x1255,90,36
2465927,4级山贼,4,90,38,"很多资源,",175,418,,2,步兵,席仁鹏:重步兵x451 | 史山:重步兵x507,90,36
2466346,4级山贼,4,90,39,"很多资源,",156,401,,2,步兵,贲丽单:近卫兵x390 | 龚铃幻:近卫兵x343,90,36
2463444,9级山贼,9,90,40,"大批资源,有宝箱,",1511,3989,1074,4,战车;骑兵,别嗣宛:骁骑兵x962 | 明冉冬:骁骑兵x1074 | 郜迎鸥:投石车x1353 | 温采:骁骑兵x992,90,36
2468055,2级山贼,2,90,41,"许多资源,",91,287,,1,步兵,公羊南芷:民兵x307,90,36
2465313,4级山贼,4,90,42,"很多资源,",177,485,,2,步兵,柴范:近卫兵x381 | 凤茵绍:近卫兵x397,90,42
2465009,7级山贼,7,90,43,"大批资源,",595,1609,,3,弓弩;步兵,边彬畅:强弩兵x1550 | 查丝:轻步兵x1269 | 宿雁:强弩兵x1794,90,42
2464874,4级山贼,4,90,44,"很多资源,有宝箱,",179,407,,2,步兵,王晤:近卫兵x371 | 梁丘思兰:民兵x1189,90,42
2465155,3级山贼,3,90,45,"很多资源,有装备,",144,398,,1,步兵,丰炎:民兵x892,90,42
2468097,4级山贼,4,90,47,"很多资源,",178,469,,2,步兵,安箴:重步兵x500 | 家喆:近卫兵x369,90,42
2465093,1级山贼,1,90,51,"一些资源,",53,103,,1,步兵,訾桂:民兵x146,90,48
2463759,9级山贼,9,90,52,"大批资源,有宝箱,一些宝物,",1438,3628,1793,4,战车;骑兵,鲁楠敬:骁骑兵x1033 | 贝艾:轻骑兵x1737 | 毕莫惜:投石车x1246 | 濮惜雪:投石车x1399,90,48
2466941,10级山贼,10,90,54,"大批资源,有宝箱,有装备,一些宝物,",2019,5413,1793;3073,5,弓弩;战车;骑兵,连绪:骁骑兵x1836 | 明水旋:弩骑兵x2138 | 谢仙:骁骑兵x1647 | 扈紫:弩骑兵x2165 | 桑濮:投石车x2158,90,54
2466294,10级山贼,10,90,55,"大批资源,有宝箱,",1825,5435,,5,弓弩;战车;骑兵,倪淼:重弩车x773 | 张希北:弩骑兵x1809 | 松常:骁骑兵x1786 | 令狐濮伯:投石车x1935 | 成懏栋:骁骑兵x1634,90,54
2467560,1级山贼,1,91,2,"一些资源,",47,134,1033,1,步兵,穆宇:民兵x145,90,0
2466749,8级山贼,8,91,3,"大批资源,一些宝物,",1018,2627,1068,4,战车;骑兵,壤驷怡祈:骁骑兵x801 | 赖夏:投石车x946 | 单籁静:投石车x912 | 温蓉祺:重弩车x336,90,0
2467846,6级山贼,6,91,4,"大量资源,",319,961,1059;1059,3,弓弩,闵毅:强弩兵x1195 | 毕新:强弩兵x1108 | 钭松:强弩兵x1022,90,0
2466177,3级山贼,3,91,5,"许多资源,",159,325,1037,1,步兵,雷艾:民兵x873,90,0
2464914,9级山贼,9,91,7,"大批资源,一些宝物,",1566,3818,,4,战车;骑兵,车正海丹:骁骑兵x986 | 郦菱宛:骁骑兵x984 | 容绍向:骁骑兵x985 | 微生希峰:投石车x1286,90,6
2468054,4级山贼,4,91,8,"很多资源,",169,431,,2,步兵,席禄临:民兵x1148 | 龙雯:重步兵x474,90,6
2468082,2级山贼,2,91,9,"许多资源,",96,221,,1,步兵,裴玥:民兵x320,90,6
2464757,2级山贼,2,91,11,"许多资源,",90,271,1039,1,步兵,蒙宁语:民兵x277,90,6
2465667,6级山贼,6,91,12,"大量资源,有宝箱,",396,938,,3,弓弩;步兵,那友瑜:轻步兵x897 | 萧慕昶:轻步兵x807 | 储析火:强弩兵x1087,90,12
2468006,7级山贼,7,91,13,"大批资源,",507,1446,1064,3,弓弩;步兵,蔺灵潍:强弩兵x1616 | 淳于瑾:轻步兵x1131 | 养冰:弓兵x592,90,12
2467655,5级山贼,5,91,14,"很多资源,一些宝物,",292,714,4097,2,弓弩;骑兵,慕容晶:铁骑兵x360 | 养季:弓兵x214,90,12
2463026,9级山贼,9,91,17,"大批资源,有宝箱,一些宝物,",1749,4005,,4,战车;骑兵,郜灵:轻骑兵x1650 | 仰醉夏:重弩车x430 | 庚楠:重弩车x513 | 和婕和:骁骑兵x970,90,12
2462929,5级山贼,5,91,18,"大量资源,",270,663,,2,弓弩;骑兵,万虞复:铁骑兵x334 | 巫马怿锖:弓兵x212,90,18
2469031,1级山贼,1,91,19,"一些资源,",53,143,,1,步兵,李虞访:民兵x140,90,18
2466902,8级山贼,8,91,20,"大批资源,有宝箱,",1095,2359,1069,4,战车;骑兵,黄听旻:投石车x971 | 温适:轻骑兵x1148 | 盛彦邪:轻骑兵x1293 | 颜露松:重弩车x357,90,18
2464608,8级山贼,8,91,21,"大批资源,有宝箱,",914,2591,1793,4,战车;骑兵,支天和:骁骑兵x700 | 祁翠:投石车x912 | 史驹谨:轻骑兵x1154 | 宇文彬峻:骁骑兵x738,90,18
2468156,9级山贼,9,91,22,"大批资源,有宝箱,",1586,3921,,4,战车,曹联舟:重弩车x464 | 胡梅籁:投石车x1334 | 司寇和:投石车x1222 | 水灿:投石车x1385,90,18
2468539,2级山贼,2,91,23,"许多资源,",97,293,,1,步兵,慎颀:民兵x298,90,18
2469268,6级山贼,6,91,24,"大量资源,有宝箱,一些宝物,",334,904,1059,3,弓弩;步兵,于许双:轻步兵x921 | 花路圣:弓兵x347 | 相泽:强弩兵x1174,90,24
2467928,7级山贼,7,91,27,"大批资源,有宝箱,",666,1462,,3,弓弩;步兵,毛寿奕:轻步兵x1266 | 滕豆:弓兵x553 | 项璞皓:轻步兵x1165,90,24
2469636,4级山贼,4,91,28,"很多资源,",153,416,,2,步兵,朱祺诗:重步兵x466 | 喻语望:近卫兵x397,90,24
2465800,3级山贼,3,91,29,"很多资源,",159,381,,1,步兵,微生楠:民兵x830,90,24
2469029,1级山贼,1,91,30,"一些资源,",43,114,,1,步兵,皮瑶:民兵x149,90,30
2469954,4级山贼,4,91,32,"很多资源,",165,441,,2,步兵,凌茜莲:重步兵x451 | 麻旻:近卫兵x353,90,30
2467305,6级山贼,6,91,33,"大量资源,一些宝物,",365,980,,3,弓弩;步兵;骑兵,伏凌梅:强弩兵x1068 | 石纳季:铁骑兵x643 | 阙禹:轻步兵x911,90,30
2463523,4级山贼,4,91,36,"很多资源,",166,460,,2,步兵,王煦:民兵x1109 | 扈蝶:重步兵x511,90,36
2466176,5级山贼,5,91,37,"很多资源,有装备,一些宝物,",271,690,4097;16785153,2,弓弩;骑兵,甄瑞驰:强弩兵x772 | 蓟醉:铁骑兵x363,90,36
2465894,8级山贼,8,91,39,"大批资源,",1099,2470,,4,战车;骑兵,梁尔:轻骑兵x1258 | 熊皓:轻骑兵x1119 | 毛吉:投石车x933 | 蒙路奥:重弩车x345,90,36
2464817,3级山贼,3,91,40,"很多资源,",160,390,,1,步兵,隗璐:民兵x794,90,36
2469418,5级山贼,5,91,41,"很多资源,",253,742,,2,弓弩;步兵,终专:轻步兵x462 | 滕靖鹂:强弩兵x826,90,36
2468133,6级山贼,6,91,43,"大量资源,",364,909,1059;1059,3,步兵;骑兵,蔺辉悌:铁骑兵x553 | 祁云用:轻步兵x932 | 昌从:轻步兵x937,90,42
2466539,9级山贼,9,91,46,"大批资源,有宝箱,",1472,4070,1072;1074,4,骑兵,陈谷聪:骁骑兵x1041 | 井远游:骁骑兵x1033 | 喻同:骁骑兵x999 | 邹意辰:轻骑兵x1727,90,42
2466592,4级山贼,4,91,47,"很多资源,",174,454,1049,2,步兵,纪珊闻:近卫兵x364 | 米乾业:近卫兵x394,90,42
2464390,8级山贼,8,91,49,"大批资源,有宝箱,",1007,2306,,4,战车;骑兵,卫荫思:轻骑兵x1218 | 仲禧听:骁骑兵x751 | 芮谙仙:投石车x989 | 邓绪:投石车x1079,90,48
2469383,7级山贼,7,91,50,"大批资源,有宝箱,",598,1518,,3,弓弩;步兵,彭旎春:强弩兵x1757 | 夔听君:轻步兵x1277 | 丛泽:轻步兵x1201,90,48
2466994,9级山贼,9,91,51,"大批资源,一些宝物,",1618,3604,,4,战车;骑兵,尤怀:投石车x1398 | 戴音:骁骑兵x972 | 司徒春:骁骑兵x1044 | 惠霜:重弩车x516,90,48
2464972,3级山贼,3,91,52,"许多资源,",159,351,1044,1,步兵,晏珠半:民兵x843,90,48
2467763,2级山贼,2,91,53,"许多资源,",80,229,1039,1,步兵,淳于飙飙:民兵x287,90,48
2469733,3级山贼,3,91,54,"很多资源,",156,334,1044,1,步兵,奚益吉:民兵x795,90,54
2469479,2级山贼,2,92,1,"许多资源,",86,298,1039,1,步兵,黄捷:民兵x326,90,0
2467543,5级山贼,5,92,7,"很多资源,",276,694,,2,步兵;骑兵,宗祺发:轻步兵x530 | 邓问:铁骑兵x338,90,6
2467433,5级山贼,5,92,9,"很多资源,有装备,",281,773,,2,步兵,乐正熏晓:轻步兵x481 | 淳于辑:轻步兵x541,90,6
2465356,7级山贼,7,92,13,"大批资源,有装备,",615,1593,1064,3,弓弩;步兵;骑兵,靳楠苑:轻步兵x1253 | 杜联:铁骑兵x808 | 王望:强弩兵x1566,90,12
2465098,8级山贼,8,92,15,"大批资源,有宝箱,有装备,",955,2457,,4,战车;骑兵,欧阳兴磊:重弩车x326 | 支紫:骁骑兵x733 | 邓舟:骁骑兵x800 | 叶礼友:骁骑兵x763,90,12
2468162,7级山贼,7,92,16,"大批资源,有宝箱,",694,1446,13569,3,步兵,司舟广:轻步兵x1221 | 胥熏悌:轻步兵x1160 | 黄旋虞:轻步兵x1104,90,12
2467816,6级山贼,6,92,19,"大量资源,",351,855,1059,3,弓弩;骑兵,台柳:铁骑兵x660 | 空奇:铁骑兵x657 | 晁益访:强弩兵x1003,90,18
2465839,9级山贼,9,92,21,"大批资源,有宝箱,",1500,4354,1793,4,战车;骑兵,长孙慨庸:骁骑兵x978 | 滑驰:轻骑兵x1557 | 董沁:骁骑兵x1087 | 经云倩:投石车x1214,90,18
2465445,2级山贼,2,92,24,"许多资源,",92,270,,1,步兵,朱和霓:民兵x330,90,24
2463775,8级山贼,8,92,25,"大批资源,有宝箱,有装备,",1048,2350,1069;1069,4,战车;骑兵,劳松:重弩车x325 | 谈恩尚:投石车x1023 | 长孙骥秀:投石车x918 | 凌惠:轻骑兵x1208,90,24
2468236,7级山贼,7,92,26,"大批资源,",696,1425,,3,弓弩;骑兵,丰黛:铁骑兵x913 | 贡儿:弓兵x521 | 谈柏:弓兵x522,90,24
2463564,5级山贼,5,92,27,"大量资源,有装备,一些宝物,",293,735,,2,步兵;骑兵,薛鑫昂:铁骑兵x327 | 詹拓:轻步兵x494,90,24
2467819,3级山贼,3,92,30,"许多资源,",154,355,,1,步兵,印兆语:民兵x870,90,30
2469204,10级山贼,10,92,36,"大批资源,有宝箱,有装备,",2163,5364,1080,5,弓弩;战车;骑兵,雍玮:骁骑兵x1691 | 施拔发:弩骑兵x2034 | 危仁:投石车x1943 | 韩听谷:弩骑兵x2092 | 申羽:投石车x1912,90,36
2464125,9级山贼,9,92,42,"大批资源,",1508,3620,,4,战车;骑兵,章懋合:骁骑兵x1040 | 葛彤:骁骑兵x981 | 瞿吉怜:重弩车x528 | 乐正南云:投石车x1294,90,42
2465449,4级山贼,4,92,44,"很多资源,",179,403,,2,步兵,淳于杉季:民兵x1166 | 暴发:近卫兵x379,90,42
2468555,6级山贼,6,92,45,"大量资源,有装备,一些宝物,",314,871,1059,3,弓弩;骑兵,勾清:铁骑兵x654 | 蓝彩凡:强弩兵x1164 | 乐颀菱:铁骑兵x640,90,42
2463346,5级山贼,5,92,48,"大量资源,",272,645,,2,弓弩;步兵,伍晓如:轻步兵x452 | 鱼凝阳:强弩兵x807,90,48
2469379,1级山贼,1,93,1,"一些资源,",48,134,1032,1,步兵,陈黛自:民兵x138,93,0
2463236,10级山贼,10,93,2,"大批资源,有宝箱,有装备,一些宝物,",1843,5100,29441;1084,5,弓弩;战车;骑兵,耿丽:骁骑兵x1716 | 璩丰:弩骑兵x1923 | 花亦祈:骁骑兵x1649 | 荆人:弩车x203 | 苗洁:重弩车x723,93,0
2466727,1级山贼,1,93,3,"一些资源,",54,109,,1,步兵,乐正悦谊:民兵x151,93,0
2465478,1级山贼,1,93,4,"一些资源,",59,116,,1,步兵,米开:民兵x160,93,0
2468872,7级山贼,7,93,5,"大批资源,",666,1432,1064;1064,3,弓弩;步兵,曲烟:强弩兵x1770 | 吕旻:弓兵x590 | 桑桢:轻步兵x1104,93,0
2463068,6级山贼,6,93,6,"大量资源,有宝箱,一些宝物,",341,816,1059,3,弓弩;步兵,瞿江:弓兵x377 | 宗玥锵:强弩兵x1068 | 席柔诗:轻步兵x811,93,6
2463340,4级山贼,4,93,11,"很多资源,",179,410,1049,2,步兵,连彤:重步兵x517 | 巫马斯:近卫兵x386,93,6
2463100,7级山贼,7,93,14,"大批资源,有宝箱,",616,1666,1064,3,弓弩;步兵,逄忠:轻步兵x1174 | 尹霁:弓兵x597 | 胥熙:强弩兵x1406,93,12
2466498,7级山贼,7,93,15,"大批资源,",517,1445,1058,3,弓弩;步兵,曾绍:轻步兵x1180 | 麻妙:强弩兵x1491 | 毕旻:轻步兵x1214,93,12
2464120,10级山贼,10,93,18,"大批资源,有宝箱,一些宝物,",2135,4965,,5,弓弩;战车,壤驷福:弩骑兵x1992 | 戚晔果:弩骑兵x1829 | 沙虞音:投石车x2035 | 艾谊晨:弩骑兵x2116 | 陈鸥河:弩骑兵x1829,93,18
2466617,9级山贼,9,93,19,"大批资源,",1426,4371,1074,4,战车;骑兵,戎光:骁骑兵x991 | 漆雕童:轻骑兵x1682 | 乐空萱:重弩车x502 | 贾凌旋:轻骑兵x1449,93,18
2468271,3级山贼,3,93,20,"很多资源,",143,384,,1,步兵,越幻:民兵x862,93,18
2465895,6级山贼,6,93,21,"大量资源,一些宝物,",397,884,,3,步兵;骑兵,崔祖幻:铁骑兵x585 | 和唱:铁骑兵x581 | 卢玮适:轻步兵x802,93,18
2463489,4级山贼,4,93,22,"很多资源,",150,440,1049,2,步兵,秦松双:重步兵x476 | 勾颜:近卫兵x392,93,18
2469297,5级山贼,5,93,23,"大量资源,",271,717,1054,2,步兵,郑凯厚:轻步兵x486 | 卫昱斌:轻步兵x481,93,18
2467839,3级山贼,3,93,30,"许多资源,",152,378,1044,1,步兵,穆昂童:民兵x842,93,30
2467504,5级山贼,5,93,31,"很多资源,",268,668,1054,2,骑兵,姚妙:铁骑兵x367 | 台放:铁骑兵x357,93,30
2464106,7级山贼,7,93,33,"大批资源,",684,1572,,3,弓弩;步兵;骑兵,壤驷材:轻步兵x1273 | 却颜:弓兵x516 | 钱舟芮:铁骑兵x764,93,30
2467039,10级山贼,10,93,35,"大批资源,有宝箱,一些宝物,",1920,4684,,3,弓弩;战车,相绍河:投石车x2092 | 莘举歆:弩骑兵x1861 | 葛友:弩骑兵x2100,93,30
2467413,4级山贼,4,93,36,"很多资源,",173,497,,2,步兵,贝麟鹤:重步兵x475 | 纪奇:民兵x1189,93,36
2469942,8级山贼,8,93,37,"大批资源,",1021,2593,1069,4,战车;骑兵,韦燕:投石车x1025 | 李柔:轻骑兵x1198 | 葛舒:骁骑兵x724 | 慕云双:投石车x1064,93,36
2466438,6级山贼,6,93,38,"大量资源,一些宝物,",318,995,,3,弓弩;步兵,弘伯:强弩兵x1235 | 苍裕:轻步兵x855 | 钟离柔:强弩兵x1241,93,36
2467309,10级山贼,10,93,39,"大批资源,有宝箱,",2042,5317,,5,弓弩;战车;骑兵,寇自:弩骑兵x1896 | 尹荫:弩骑兵x2128 | 索君:骁骑兵x1970 | 童霓蓝:骁骑兵x1650 | 姜艺:弩车x234,93,36
2469869,9级山贼,9,93,40,"大批资源,有宝箱,",1615,4028,1793,4,骑兵,孙旋喷:骁骑兵x1065 | 单于典武:骁骑兵x918 | 邱莹:骁骑兵x997 | 武悦:轻骑兵x1503,93,36
2463412,2级山贼,2,93,41,"许多资源,",96,238,,1,步兵,苍今宕:民兵x321,93,36
2464129,1级山贼,1,93,42,"一些资源,",51,127,,1,步兵,东方颂萌:民兵x157,93,42
2463855,10级山贼,10,93,43,"大批资源,有宝箱,",1844,5419,,5,弓弩;战车;骑兵,凤莲:骁骑兵x1871 | 艾代静:投石车x2072 | 冉虞叡:弩骑兵x1936 | 戎醉桂:弩骑兵x2147 | 荀逸柏:骁骑兵x1640,93,42
2468733,2级山贼,2,93,44,"许多资源,",94,246,,1,步兵,卢芸:民兵x279,93,42
2464705,9级山贼,9,93,47,"大批资源,",1598,4111,1074;1074,4,战车;骑兵,尤艾:骁骑兵x974 | 李娴元:骁骑兵x992 | 支玟:投石车x1280 | 贾初紫:轻骑兵x1744,93,42
2466601,10级山贼,10,93,49,"大批资源,有宝箱,一些宝物,",1938,5221,1084;1079,5,弓弩;骑兵,范卿凌:骁骑兵x1715 | 刘荫:骁骑兵x1969 | 狄桃:骁骑兵x1891 | 汲翊斯:弩骑兵x2076 | 容鹂:弩骑兵x2140,93,48
2467950,8级山贼,8,93,51,"大批资源,有装备,",1025,2435,1069,4,战车;骑兵,莘迎邪:投石车x1017 | 牧露:投石车x1030 | 彭欣:骁骑兵x766 | 窦问冬:轻骑兵x1287,93,48
2464737,6级山贼,6,93,53,"大量资源,",381,826,,3,弓弩;骑兵,韶辰烁:强弩兵x1163 | 卞尘昱:弓兵x408 | 龚雨:铁骑兵x578,93,48
2468891,6级山贼,6,93,54,"大量资源,一些宝物,",346,946,4097,3,弓弩;步兵;骑兵,窦郎福:轻步兵x881 | 尉迟煜晟:强弩兵x1212 | 祝敬卿:铁骑兵x557,93,54
2466245,2级山贼,2,94,0,"许多资源,",96,256,,1,步兵,费尝:民兵x285,93,0
2464038,7级山贼,7,94,1,"大批资源,有宝箱,",502,1699,,3,弓弩;骑兵,解宇翼:铁骑兵x880 | 经逸飙:弓兵x513 | 平兆:强弩兵x1585,93,0
2463542,3级山贼,3,94,3,"许多资源,",154,330,,1,步兵,马朝:民兵x836,93,0
2467749,4级山贼,4,94,8,"很多资源,",167,500,,2,步兵,安斌:近卫兵x393 | 雷含:近卫兵x403,93,6
2464818,10级山贼,10,94,9,"大批资源,有宝箱,有装备,一些宝物,",2097,5227,,5,弓弩;战车;骑兵,阎茜友:重弩车x825 | 庄曦:骁骑兵x1969 | 空菲:弩骑兵x1974 | 扈永骥:骁骑兵x1850 | 陶镘:弩车x222,93,6
2466223,10级山贼,10,94,11,"大批资源,有宝箱,一些宝物,",1860,4779,1081,5,弓弩;战车;骑兵,糜斌风:骁骑兵x1706 | 车赋:弩骑兵x2098 | 訾群淼:投石车x2166 | 梅望:重弩车x799 | 席蓝静:骁骑兵x1781,93,6
2467320,2级山贼,2,94,12,"许多资源,",91,265,,1,步兵,蔚拯洁:民兵x323,93,12
2464216,5级山贼,5,94,13,"很多资源,",258,730,,2,弓弩;步兵,宰藉骄:轻步兵x497 | 宦颖:弓兵x215,93,12
2465514,9级山贼,9,94,14,"大批资源,一些宝物,",1486,3995,,4,战车;骑兵,戚之玉:投石车x1289 | 郭真:骁骑兵x1062 | 松双鸿:重弩车x439 | 索黛琛:骁骑兵x922,93,12
2467882,5级山贼,5,94,15,"很多资源,一些宝物,",268,716,4097,2,弓弩;骑兵,巫玮晓:弓兵x214 | 弓誉:铁骑兵x370,93,12
2465165,7级山贼,7,94,17,"大批资源,有宝箱,一些宝物,",504,1432,3073,3,弓弩;骑兵,宿骥:强弩兵x1585 | 钱悦:铁骑兵x829 | 弘芷熙:弓兵x584,93,12
2467194,6级山贼,6,94,18,"大量资源,一些宝物,",320,925,1059;4097,3,弓弩;骑兵,戴敏:铁骑兵x557 | 乌彤芬:铁骑兵x621 | 卢叡:弓兵x409,93,18
2468193,6级山贼,6,94,19,"大量资源,",336,958,,3,弓弩;步兵,冷卓:轻步兵x865 | 岑闻均:强弩兵x1187 | 封锖:弓兵x375,93,18
2469111,8级山贼,8,94,21,"大批资源,有宝箱,一些宝物,",943,2282,1069,4,战车;骑兵,蔚楚季:骁骑兵x754 | 侯家实:轻骑兵x1131 | 詹卿:重弩车x329 | 隆昀悟:轻骑兵x1244,93,18
2465188,2级山贼,2,94,22,"许多资源,",90,241,1039,1,步兵,籍薇歌:民兵x327,93,18
2467949,9级山贼,9,94,31,"大批资源,有宝箱,一些宝物,",1568,3966,,4,战车;骑兵,乜桢亦:骁骑兵x938 | 伊半刚:投石车x1383 | 单于雅嫒:骁骑兵x900 | 简爽:骁骑兵x1095,93,30
2463832,5级山贼,5,94,32,"很多资源,一些宝物,",261,627,,2,弓弩;步兵,闻人以鸾:轻步兵x470 | 邵濮晤:强弩兵x792,93,30
2468137,9级山贼,9,94,35,"大批资源,有宝箱,",1680,4337,1793,4,战车;骑兵,司寇洁堂:重弩车x444 | 刁迎:轻骑兵x1727 | 贾倩璐:轻骑兵x1621 | 傅涛:投石车x1347,93,30
2467977,4级山贼,4,94,36,"很多资源,",173,427,1049,2,步兵,都岑:近卫兵x352 | 蒙琛进:近卫兵x396,93,36
2469485,4级山贼,4,94,37,"很多资源,",172,462,,2,步兵,怀家:近卫兵x398 | 郭初晔:近卫兵x356,93,36
2464434,4级山贼,4,94,38,"很多资源,有装备,",161,427,,2,步兵,寇盼:近卫兵x367 | 束慧洁:重步兵x505,93,36
2467354,8级山贼,8,94,42,"大批资源,",989,2441,1069;1069,4,骑兵,丛洁豆:骁骑兵x767 | 桂听无:骁骑兵x802 | 厍源峰:轻骑兵x1136 | 应洁:骁骑兵x796,93,42
2469923,3级山贼,3,94,43,"许多资源,",142,347,,1,步兵,索栩:民兵x783,93,42
2464685,3级山贼,3,94,44,"很多资源,",145,397,,1,步兵,贺绿:民兵x824,93,42
2464029,8级山贼,8,94,45,"大批资源,",1055,2334,,4,战车;骑兵,凌畴楚:骁骑兵x690 | 刘舟:重弩车x323 | 屈君:骁骑兵x784 | 勾超实:骁骑兵x767,93,42
2465779,7级山贼,7,94,47,"大批资源,有宝箱,",600,1655,1063,3,弓弩;骑兵,赵雪:强弩兵x1635 | 陆萍虞:铁骑兵x811 | 刘今温:弓兵x531,93,42
2465907,2级山贼,2,94,49,"许多资源,",92,238,,1,步兵,莫静:民兵x290,93,48
2466728,2级山贼,2,94,51,"许多资源,",90,225,,1,步兵,储姮芹:民兵x309,93,48
2467251,3级山贼,3,94,53,"许多资源,",153,346,,1,步兵,戴望谊:民兵x851,93,48
2464091,4级山贼,4,94,54,"很多资源,有装备,",178,484,,2,步兵,冷吉:重步兵x452 | 匡诩茜:重步兵x488,93,54
2468243,9级山贼,9,95,0,"大批资源,有宝箱,",1780,3784,1068,4,战车;骑兵,刁咏清:投石车x1235 | 熊骞甫:投石车x1339 | 习空:骁骑兵x900 | 沈聪:骁骑兵x1028,93,0
2468808,7级山贼,7,95,2,"大批资源,",665,1540,,3,弓弩;骑兵,贲霖:弓兵x524 | 乌碧:铁骑兵x869 | 湛益:强弩兵x1606,93,0
2469226,5级山贼,5,95,3,"很多资源,",281,623,1054,2,弓弩,满图:强弩兵x770 | 巴慧向:弓兵x218,93,0
2468936,7级山贼,7,95,6,"大批资源,有宝箱,",679,1440,,3,弓弩;步兵;骑兵,万蕾双:强弩兵x1596 | 乜和哲:轻步兵x1270 | 简蓄禧:铁骑兵x795,93,6
2463311,7级山贼,7,95,8,"大批资源,有宝箱,",565,1636,13569,3,骑兵,范筠:铁骑兵x889 | 唐凝珠:铁骑兵x838 | 公良漠成:铁骑兵x808,93,6
2463915,7级山贼,7,95,10,"大批资源,有宝箱,有装备,",561,1646,1064,3,步兵;骑兵,凤亮:铁骑兵x820 | 梁丘子颖:铁骑兵x900 | 厍瑶萍:轻步兵x1125,93,6
2467975,5级山贼,5,95,13,"很多资源,",288,757,1053,2,弓弩;步兵,冯仙亦:轻步兵x489 | 慕昭:强弩兵x829,93,12
2465141,8级山贼,8,95,14,"大批资源,有宝箱,",1072,2313,,4,战车;骑兵,林宾:骁骑兵x803 | 储穰:轻骑兵x1184 | 谈艾:投石车x991 | 贝依:重弩车x322,93,12
2465554,5级山贼,5,95,15,"很多资源,",276,719,,2,骑兵,轩辕驹绪:铁骑兵x371 | 微生彩禧:铁骑兵x340,93,12
2469456,3级山贼,3,95,16,"很多资源,有装备,",146,322,16777729,1,步兵,祝赋:民兵x817,93,12
2464923,2级山贼,2,95,18,"许多资源,",87,248,1039,1,步兵,房昂:民兵x327,93,18
2462908,7级山贼,7,95,20,"大批资源,",685,1662,1064,3,弓弩;骑兵,殷贞:强弩兵x1527 | 巩儿:铁骑兵x847 | 艾惜怡:弓兵x594,93,18
2469525,4级山贼,4,95,21,"很多资源,",163,456,,2,步兵,梁溪:近卫兵x396 | 温忆菲:重步兵x531,93,18
2466794,2级山贼,2,95,31,"许多资源,",82,263,,1,步兵,冉杉玉:民兵x300,93,30
2466783,7级山贼,7,95,32,"大批资源,一些宝物,",628,1462,1064,3,弓弩;骑兵,阙敏娴:强弩兵x1775 | 邴蝶问:强弩兵x1797 | 司云怡:铁骑兵x806,93,30
2465695,8级山贼,8,95,33,"大批资源,",1069,2447,1069,4,战车;骑兵,柯巧山:轻骑兵x1282 | 孙邪云:轻骑兵x1131 | 司寇桢邢:投石车x1081 | 尚春华:轻骑兵x1102,93,30
2465476,3级山贼,3,95,37,"许多资源,",150,366,,1,步兵,丛蝶念:民兵x798,93,36
2467900,1级山贼,1,95,42,"一些资源,",56,111,1034,1,步兵,干郝:民兵x154,93,42
2466938,3级山贼,3,95,43,"很多资源,",155,347,1039,1,步兵,魏昭:民兵x791,93,42
2469139,9级山贼,9,95,49,"大批资源,有宝箱,",1567,3668,1074,4,战车;骑兵,昌丽:轻骑兵x1491 | 滕析筠:重弩车x509 | 西门柏:重弩车x482 | 吴晗:轻骑兵x1671,93,48
2469066,1级山贼,1,96,1,"一些资源,",52,121,,1,步兵,麻美吉:民兵x142,96,0
2463933,10级山贼,10,96,2,"大批资源,有宝箱,有装备,",1861,4668,1075,5,弓弩;战车;骑兵,荀昌:弩车x260 | 岑喆:弩骑兵x1906 | 凤从:弩骑兵x1884 | 亓官芷:重弩车x783 | 幸问:骁骑兵x1736,96,0
2464213,5级山贼,5,96,3,"很多资源,",279,602,,2,弓弩;骑兵,宣生:铁骑兵x362 | 党韦佑:强弩兵x831,96,0
2463395,1级山贼,1,96,4,"一些资源,",54,110,,1,步兵,任芮:民兵x136,96,0
2464099,8级山贼,8,96,7,"大批资源,",1025,2421,1069;1069,4,战车;骑兵,逄禹:骁骑兵x826 | 终悟:投石车x1071 | 纪兰玮:轻骑兵x1105 | 荀荷:投石车x923,96,6
2464749,3级山贼,3,96,10,"许多资源,",150,369,,1,步兵,廉含玉:民兵x803,96,6
2466288,2级山贼,2,96,11,"许多资源,",90,267,1039,1,步兵,靳骄:民兵x328,96,6
2469516,7级山贼,7,96,13,"大批资源,有宝箱,",663,1561,,3,弓弩;骑兵,危航蓄:铁骑兵x834 | 景穰:强弩兵x1578 | 凤光叡:强弩兵x1569,96,12
2467168,5级山贼,5,96,15,"大量资源,",299,665,,2,步兵;骑兵,干皓冷:轻步兵x455 | 尹祈:铁骑兵x313,96,12
2465310,10级山贼,10,96,17,"大批资源,有宝箱,有装备,一些宝物,",2040,4561,1084;1793;1793,5,弓弩,陆盼:弩骑兵x1811 | 慎福:弩骑兵x1913 | 蓝梅:弩骑兵x2190 | 党昂:弩骑兵x1862 | 鲁烁:弩骑兵x2200,96,12
2467000,1级山贼,1,96,19,"一些资源,",58,130,,1,步兵,单于大从:民兵x137,96,18
2467237,9级山贼,9,96,20,"大批资源,有宝箱,",1468,4268,1074,4,骑兵,秋薄:轻骑兵x1642 | 毕醉於:轻骑兵x1729 | 经畅鲸:轻骑兵x1760 | 柯筠:骁骑兵x1077,96,18
2463096,3级山贼,3,96,21,"许多资源,",153,305,,1,步兵,段卫:民兵x780,96,18
2466881,10级山贼,10,96,22,"大批资源,有宝箱,",1931,5358,1793;1079,5,弓弩;战车;骑兵,令狐杉潍:弩车x208 | 丰槐:骁骑兵x1670 | 暴烟烁:弩骑兵x2019 | 闵甫:弩骑兵x1983 | 国容淑:弩车x244,96,18
2465645,2级山贼,2,96,23,"许多资源,",100,286,,1,步兵,杨宾双:民兵x299,96,18
2464919,5级山贼,5,96,25,"大量资源,",298,798,,2,步兵;骑兵,宋辑益:铁骑兵x352 | 江能:轻步兵x544,93,24
2466413,1级山贼,1,96,26,"一些资源,",60,130,,1,步兵,阎璐宝:民兵x135,93,24
2466524,2级山贼,2,96,27,"许多资源,",87,228,,1,步兵,山林润:民兵x283,93,24
2465808,4级山贼,4,96,28,"很多资源,",176,466,,2,步兵,胡母歌:近卫兵x406 | 鲍甫星:重步兵x529,93,24
2467620,10级山贼,10,96,29,"大批资源,有宝箱,",2102,5102,1084;1793;1793,5,弓弩;战车;骑兵,焦存:弩骑兵x2127 | 夔益:弩骑兵x1881 | 西门忍:投石车x1962 | 毋韫:骁骑兵x1721 | 敖专魂:投石车x1899,93,24
2467851,4级山贼,4,96,30,"很多资源,",180,442,,2,步兵,步项宾:近卫兵x370 | 钟离旺:近卫兵x400,96,30
2464703,9级山贼,9,96,32,"大批资源,有宝箱,",1564,4222,1793,4,战车;骑兵,长孙州从:重弩车x494 | 许拓彦:骁骑兵x1035 | 靳逸:重弩车x477 | 昌祖采:轻骑兵x1585,96,30
2469653,7级山贼,7,96,33,"大批资源,",673,1585,,3,弓弩;步兵;骑兵,羊元:轻步兵x1284 | 冉典绪:强弩兵x1421 | 单涵:铁骑兵x872,96,30
2466424,1级山贼,1,96,34,"一些资源,",49,134,1034,1,步兵,南门辉时:民兵x147,96,30
2466348,7级山贼,7,96,36,"大批资源,有宝箱,",550,1403,13569;1064,3,弓弩;骑兵,屠昶禧:弓兵x561 | 隆悦:铁骑兵x867 | 费城钋:强弩兵x1496,96,36
2469075,7级山贼,7,96,37,"大批资源,",585,1513,1064,3,弓弩;步兵,廉璧:轻步兵x1143 | 田竹:强弩兵x1492 | 龚鑫:强弩兵x1505,96,36
2467409,4级山贼,4,96,40,"很多资源,有装备,",164,442,,2,步兵,祝楚灿:重步兵x510 | 支赐:近卫兵x363,96,36
2465505,6级山贼,6,96,41,"大量资源,",304,935,1059,3,步兵;骑兵,宓枫梅:轻步兵x801 | 蓟琦:铁骑兵x551 | 韶焕潍:铁骑兵x641,96,36
2467476,7级山贼,7,96,48,"大批资源,",505,1653,,3,弓弩;骑兵,万修汉:铁骑兵x880 | 穆策:强弩兵x1762 | 卓童:铁骑兵x794,96,48
2467030,6级山贼,6,96,50,"大量资源,",320,846,,3,弓弩;骑兵,莫姝:铁骑兵x561 | 韦斌:强弩兵x1053 | 淳于淼顺:铁骑兵x600,96,48
2463813,7级山贼,7,96,51,"大批资源,有宝箱,",529,1552,,3,骑兵,郑唱凡:铁骑兵x861 | 终锐:铁骑兵x889 | 王涉:铁骑兵x841,96,48
2465312,4级山贼,4,96,52,"很多资源,有宝箱,",167,403,,2,步兵,董珊晴:民兵x1201 | 萧虞艺:近卫兵x391,96,48
2468114,5级山贼,5,97,0,"大量资源,",291,800,1054,2,弓弩;骑兵,葛乐:强弩兵x840 | 杜贞:铁骑兵x318,96,0
2467695,8级山贼,8,97,1,"大批资源,有装备,",995,2667,,4,战车,别芬程:投石车x1072 | 阙敏:投石车x1088 | 阎原大:重弩车x350 | 訾晋实:投石车x908,96,0
2467311,9级山贼,9,97,3,"大批资源,有宝箱,",1429,3933,,4,战车;骑兵,公羊军博:骁骑兵x982 | 蓬悟觅:投石车x1278 | 戚薇荫:轻骑兵x1755 | 靳江郁:重弩车x501,96,0
2465200,8级山贼,8,97,5,"大批资源,有宝箱,",904,2658,,4,战车;骑兵,项晋寿:骁骑兵x690 | 吉定:骁骑兵x737 | 台闻远:投石车x1099 | 邢希:骁骑兵x757,96,0
2463738,1级山贼,1,97,6,"一些资源,",53,109,,1,步兵,令狐舟:民兵x142,96,6
2464745,9级山贼,9,97,7,"大批资源,有宝箱,一些宝物,",1642,4070,29441;1074,4,骑兵,王儿:骁骑兵x987 | 单于谊:骁骑兵x909 | 金阔远:骁骑兵x1001 | 宰钧为:轻骑兵x1479,96,6
2467228,2级山贼,2,97,9,"许多资源,",88,255,,1,步兵,越含:民兵x321,96,6
2466809,9级山贼,9,97,10,"大批资源,有宝箱,",1473,4238,,4,战车;骑兵,秋今问:骁骑兵x1075 | 车正群:骁骑兵x1009 | 饶闻:重弩车x527 | 简洁:骁骑兵x1008,96,6
2463503,7级山贼,7,97,11,"大批资源,有宝箱,",511,1574,1064,3,弓弩;步兵,郭丽:轻步兵x1155 | 邹旋:弓兵x577 | 杨简:弓兵x567,96,6
2468268,1级山贼,1,97,12,"一些资源,",40,101,,1,步兵,须希:民兵x149,96,12
2467380,10级山贼,10,97,13,"大批资源,有宝箱,一些宝物,",1999,4685,3073;1793;3073,5,弓弩;战车;骑兵,弓金温:弩骑兵x1826 | 郗冷:弩骑兵x2081 | 宇文土:骁骑兵x1625 | 仰季惜:重弩车x825 | 宇文莫喆:弩车x234,96,12
2467497,6级山贼,6,97,14,"大量资源,",375,872,,3,弓弩;步兵;骑兵,于鸥竹:轻步兵x809 | 亓官宁绮:强弩兵x1070 | 曲鹤:铁骑兵x579,96,12
2464010,4级山贼,4,97,15,"很多资源,有宝箱,",152,427,13569,2,步兵,卜邃格:近卫兵x395 | 曾江妙:近卫兵x368,96,12
2469237,7级山贼,7,97,18,"大批资源,有宝箱,",618,1688,13569,3,弓弩;骑兵,司寇双:弓兵x586 | 申屠祖鹍:强弩兵x1454 | 米冬海:铁骑兵x939,96,18
2468049,9级山贼,9,97,21,"大批资源,有宝箱,",1669,4265,1074,4,战车;骑兵,车益惠:轻骑兵x1493 | 居璐放:投石车x1314 | 弓嫒沛:投石车x1291 | 常美:重弩车x491,96,18
2468603,8级山贼,8,97,23,"大批资源,有宝箱,",918,2289,1064,4,骑兵,耿适河:轻骑兵x1299 | 宰旋:骁骑兵x751 | 勾幼杉:骁骑兵x764 | 巢兆:骁骑兵x793,96,18
2467902,10级山贼,10,97,24,"大批资源,有宝箱,",2165,4752,1793;1079,5,弓弩;战车;骑兵,厉晴宛:弩骑兵x2106 | 武涉:骁骑兵x1784 | 荆平:投石车x1865 | 缪程:骁骑兵x1982 | 廖周洲:骁骑兵x1734,93,24
2466499,4级山贼,4,97,25,"很多资源,",174,485,,2,步兵,浦大:重步兵x518 | 昝自:民兵x1208,93,24
2468600,6级山贼,6,97,26,"大量资源,",317,923,,3,弓弩,芮元:强弩兵x1093 | 谢芸芮:强弩兵x1019 | 熊靖:强弩兵x1231,93,24
2465053,6级山贼,6,97,27,"大量资源,有宝箱,",384,908,,3,弓弩;步兵;骑兵,纪贤韫:铁骑兵x628 | 酆涵倩:轻步兵x900 | 欧阳美旎:强弩兵x1197,93,24
2468847,4级山贼,4,97,31,"很多资源,有装备,",151,476,,2,步兵,苏永尘:民兵x1254 | 孟冉静:近卫兵x371,96,30
2468336,9级山贼,9,97,32,"大批资源,",1722,4011,,4,战车;骑兵,昌平:投石车x1288 | 靳莹珊:骁骑兵x1041 | 米贤鹤:投石车x1316 | 宁咏:重弩车x511,96,30
2464692,6级山贼,6,97,33,"大量资源,",301,873,1059,3,弓弩;步兵,空燕:弓兵x356 | 訾璧桃:弓兵x367 | 张火飇:轻步兵x872,96,30
2463422,7级山贼,7,97,35,"大批资源,有宝箱,",676,1511,1064,3,弓弩;步兵;骑兵,谢夜悟:轻步兵x1166 | 羿盼颀:铁骑兵x867 | 柴咏:强弩兵x1685,96,30
2465086,10级山贼,10,97,37,"大批资源,有宝箱,",1804,5405,1080;1078,5,弓弩;战车;骑兵,干恺:骁骑兵x1630 | 蔚冰大:重弩车x743 | 糜颂:重弩车x705 | 钮鸣:弩骑兵x2145 | 邬书蝶:重弩车x741,96,36
2465197,8级山贼,8,97,39,"大批资源,有宝箱,",927,2355,1793,4,战车;骑兵,贝初:骁骑兵x740 | 郗恩:投石车x1083 | 通雨:骁骑兵x716 | 黄洁:重弩车x343,96,36
2463827,2级山贼,2,97,49,"许多资源,",86,203,,1,步兵,朱路耀:民兵x278,96,48
2469666,9级山贼,9,97,50,"大批资源,有宝箱,有装备,",1515,3814,,4,战车;骑兵,宗正掣:骁骑兵x942 | 卓鹏烈:轻骑兵x1524 | 戎鹤:重弩车x517 | 晁淼:轻骑兵x1538,96,48
2467160,4级山贼,4,97,53,"很多资源,",159,416,1049,2,步兵,闵掣宝:民兵x1171 | 鲁芸:近卫兵x404,96,48
2465468,2级山贼,2,97,54,"许多资源,",89,222,,1,步兵,鱼成:民兵x317,96,54
2465259,1级山贼,1,97,55,"一些资源,",51,110,,1,步兵,鲍宁:民兵x161,96,54
2469350,10级山贼,10,98,1,"大批资源,有宝箱,有装备,一些宝物,",1931,4611,1793;1084;1084;16785665,5,弓弩;战车,贾笛诗:投石车x2114 | 利昂:弩车x206 | 薛真:重弩车x821 | 凌大贤:弩骑兵x1929 | 戚图:重弩车x673,96,0
2463314,2级山贼,2,98,2,"许多资源,",95,205,,1,步兵,樊瑾柳:民兵x300,96,0
2469234,8级山贼,8,98,3,"大批资源,有装备,",993,2495,1069,4,战车;骑兵,冯家悦:投石车x962 | 裴逸芸:轻骑兵x1275 | 程专:骁骑兵x713 | 薛瑜:骁骑兵x807,96,0
2464499,10级山贼,10,98,5,"大批资源,有宝箱,",2162,5038,1084,5,弓弩;战车;骑兵,后咏:弩骑兵x1880 | 太叔沁升:弩骑兵x1839 | 阮望沛:弩骑兵x2125 | 宿鸥:重弩车x771 | 宣浩:骁骑兵x1891,96,0
2468940,4级山贼,4,98,12,"很多资源,",171,464,,2,步兵,曲年义:重步兵x460 | 匡然丹:近卫兵x415,96,12
2463224,1级山贼,1,98,13,"一些资源,",47,135,1033,1,步兵,连旋紫:民兵x149,96,12
2464812,4级山贼,4,98,14,"很多资源,",151,475,,2,步兵,卢琦:重步兵x496 | 胡知:近卫兵x360,96,12
2468007,10级山贼,10,98,15,"大批资源,有宝箱,一些宝物,",2033,5134,1793,5,弓弩;战车;骑兵,余禧溪:骁骑兵x1801 | 邓悦馨:重弩车x744 | 通旋惜:重弩车x819 | 饶魂:弩骑兵x2039 | 宇文华:弩骑兵x1810,96,12
2468666,9级山贼,9,98,18,"大批资源,有宝箱,",1737,3661,1074,4,战车;骑兵,屈吉:骁骑兵x1062 | 红洁:骁骑兵x970 | 居山武:轻骑兵x1531 | 窦通:重弩车x435,96,18
2462950,8级山贼,8,98,19,"大批资源,一些宝物,",1032,2388,,4,战车;骑兵,车正华天:重弩车x350 | 钭熠魁:骁骑兵x713 | 濮涉:轻骑兵x1166 | 勾霜冰:投石车x926,96,18
2465960,7级山贼,7,98,20,"大批资源,",594,1526,1064,3,步兵;骑兵,彭桂:铁骑兵x816 | 齐翼:铁骑兵x813 | 司徒露:轻步兵x1287,96,18
2465673,3级山贼,3,98,25,"许多资源,",151,394,,1,步兵,单骄逸:民兵x878,93,24
2466607,10级山贼,10,98,27,"大批资源,有宝箱,一些宝物,",2048,5059,1084,5,弓弩;战车,劳溪:弩骑兵x2047 | 翟厚识:投石车x2100 | 单精:弩骑兵x1921 | 霍鹤刚:重弩车x814 | 莫陆:重弩车x686,93,24
2464942,4级山贼,4,98,28,"很多资源,有装备,",163,403,16790017,2,步兵,祁菲真:民兵x1281 | 宗斌亭:近卫兵x405,93,24
2463502,6级山贼,6,98,29,"大量资源,",300,817,,3,步兵;骑兵,贝静晶:轻步兵x803 | 尉迟鸥翠:铁骑兵x642 | 皮鹤沁:轻步兵x870,93,24
2470012,8级山贼,8,98,30,"大批资源,",960,2360,,4,战车;骑兵,连程虞:骁骑兵x768 | 颜禧季:投石车x1022 | 别元:轻骑兵x1131 | 鲍拔运:投石车x929,96,30
2469034,4级山贼,4,98,31,"很多资源,",172,434,1039,2,步兵,步荫懋:重步兵x455 | 凤懏:民兵x1125,96,30
2464145,6级山贼,6,98,33,"大量资源,有宝箱,一些宝物,",383,882,4097,3,弓弩;骑兵,尉迟游:铁骑兵x561 | 莘雨:弓兵x353 | 季松旋:弓兵x360,96,30
2464348,6级山贼,6,98,36,"大量资源,有宝箱,一些宝物,",375,877,,3,弓弩;步兵;骑兵,萧莹:轻步兵x844 | 赖鲸:铁骑兵x652 | 桂濮:强弩兵x1253,96,36
2469903,3级山贼,3,98,39,"许多资源,",146,329,,1,步兵,吉靖:民兵x807,96,36
2465849,2级山贼,2,98,40,"许多资源,",95,207,,1,步兵,朱希忠:民兵x324,96,36
2467479,8级山贼,8,98,41,"大批资源,有宝箱,",956,2554,1069,4,骑兵,长孙元邪:轻骑兵x1291 | 毋寒:轻骑兵x1223 | 封皓吟:轻骑兵x1145 | 唐烁方:骁骑兵x695,96,36
2468218,3级山贼,3,98,49,"很多资源,",146,387,,1,步兵,浦蓉单:民兵x876,96,48
2469595,8级山贼,8,98,50,"大批资源,有宝箱,",1042,2706,1063,4,骑兵,钟良:轻骑兵x1191 | 皮斯南:轻骑兵x1228 | 滕孟:骁骑兵x681 | 喻绪:骁骑兵x712,96,48
2465131,3级山贼,3,98,51,"很多资源,",157,338,,1,步兵,窦睿智:民兵x834,96,48
2468527,2级山贼,2,99,1,"许多资源,",82,206,,1,步兵,湛怿麟:民兵x284,99,0
2465425,8级山贼,8,99,2,"大批资源,有装备,一些宝物,",1071,2338,,4,骑兵,酆诩:骁骑兵x697 | 常颖义:骁骑兵x747 | 简人:骁骑兵x783 | 微生泽:轻骑兵x1246,99,0
2466934,6级山贼,6,99,3,"大量资源,有宝箱,有装备,一些宝物,",319,848,14849,3,弓弩;步兵,陆兆宇:轻步兵x866 | 步楚静:强弩兵x1207 | 令狐辰彩:轻步兵x887,99,0
2468238,3级山贼,3,99,4,"很多资源,",155,315,,1,步兵,牛文豇:民兵x881,99,0
2469162,5级山贼,5,99,5,"很多资源,",290,664,,2,步兵;骑兵,谷琢明:铁骑兵x358 | 阙煜昶:轻步兵x542,99,0
2464717,6级山贼,6,99,8,"大量资源,",361,884,,3,弓弩;步兵,滑期:轻步兵x822 | 漆雕霜:弓兵x397 | 曾初初:弓兵x411,99,6
2467525,1级山贼,1,99,9,"一些资源,",55,136,1029,1,步兵,黄空佑:民兵x156,99,6
2467286,7级山贼,7,99,10,"大批资源,",649,1642,,3,弓弩;步兵;骑兵,仰涉玥:强弩兵x1490 | 巩泉:轻步兵x1138 | 莫和:铁骑兵x883,99,6
2469191,5级山贼,5,99,12,"大量资源,",282,691,,2,步兵,时赐专:轻步兵x516 | 田泽:轻步兵x450,99,12
2468161,9级山贼,9,99,14,"大批资源,",1795,4320,,4,战车;骑兵,牛晴:投石车x1200 | 全萌:投石车x1348 | 甘歌华:轻骑兵x1409 | 贺绍听:投石车x1291,99,12
2465829,4级山贼,4,99,15,"很多资源,",165,491,,2,步兵,山永:重步兵x550 | 宗菡:民兵x1216,99,12
2466538,4级山贼,4,99,16,"很多资源,",160,492,,2,步兵,桑灵:近卫兵x353 | 傅倩龙:民兵x1113,99,12
2464641,3级山贼,3,99,17,"许多资源,",149,308,,1,步兵,庄通:民兵x786,99,12
2466972,8级山贼,8,99,18,"大批资源,有宝箱,",978,2624,1793;15105,4,战车;骑兵,郏虞娴:投石车x961 | 时艺:投石车x1095 | 甘慈婉:轻骑兵x1132 | 徐子意:轻骑兵x1214,99,18
2466613,2级山贼,2,99,19,"许多资源,",86,277,,1,步兵,高彩槐:民兵x283,99,18
2467992,9级山贼,9,99,20,"大批资源,",1707,4101,,4,战车;骑兵,顾惠蕊:骁骑兵x1026 | 司马沁悟:投石车x1382 | 卫龙浚:轻骑兵x1601 | 和苍:骁骑兵x974,99,18
2466620,4级山贼,4,99,24,"很多资源,有装备,",178,484,16778241,2,步兵,靳蓉勤:近卫兵x379 | 羊绮忆:重步兵x510,99,24
2468852,1级山贼,1,99,25,"一些资源,",45,101,,1,步兵,姬诩荫:民兵x137,99,24
2465229,10级山贼,10,99,26,"大批资源,有宝箱,许多宝物,",1883,4949,29441;1084,5,弓弩;战车;骑兵,却夏:弩骑兵x1811 | 卞雁梅:骁骑兵x1788 | 屈海:弩骑兵x1953 | 丰薄:投石车x2160 | 周涛路:弩骑兵x1963,99,24
2466625,7级山贼,7,99,27,"大批资源,有宝箱,",647,1574,1064,3,步兵;骑兵,阙楠:轻步兵x1250 | 唐溪:铁骑兵x816 | 瞿葱琪:轻步兵x1290,99,24
2463678,8级山贼,8,99,28,"大批资源,",996,2501,1069,4,战车;骑兵,相郝:骁骑兵x814 | 廉童:重弩车x343 | 骆化:轻骑兵x1205 | 钟熏玉:轻骑兵x1132,99,24
2464377,8级山贼,8,99,29,"大批资源,有宝箱,有装备,",1002,2697,,4,战车;骑兵,李季:骁骑兵x801 | 艾颜竹:重弩车x331 | 广书潍:骁骑兵x811 | 子车柔:骁骑兵x712,99,24
2464199,8级山贼,8,99,31,"大批资源,有宝箱,一些宝物,",1072,2288,1069,4,战车;骑兵,柯卿:骁骑兵x745 | 石深岑:轻骑兵x1103 | 终彦霁:重弩车x320 | 喻菡:轻骑兵x1134,99,30
2464498,4级山贼,4,99,32,"很多资源,",180,404,,2,步兵,广恒:近卫兵x386 | 上官涆:民兵x1287,99,30
2468601,6级山贼,6,99,33,"大量资源,",349,851,,3,弓弩;步兵,柏单豆:轻步兵x918 | 山空简:轻步兵x790 | 蒲君:强弩兵x1224,99,30
2468981,10级山贼,10,99,34,"大批资源,一些宝物,",1920,4877,1084,5,弓弩;战车,倪浩英:重弩车x771 | 闵颜月:弩车x242 | 简映:弩骑兵x1927 | 籍韶:投石车x2011 | 梁勤:投石车x2100,99,30
2465089,2级山贼,2,99,35,"许多资源,",92,227,,1,步兵,司徒溪兆:民兵x327,99,30
2467879,10级山贼,10,99,36,"大批资源,有宝箱,有装备,",2002,4513,,5,弓弩;骑兵,向秋悌:弩骑兵x2115 | 倪娥代:骁骑兵x1903 | 公羊斯茗:弩骑兵x1950 | 祝旻:弩骑兵x2149 | 范雯:骁骑兵x1855,99,36
2466618,1级山贼,1,99,37,"一些资源,",60,149,1034,1,步兵,栾名:民兵x164,99,36
2463755,8级山贼,8,99,38,"大批资源,",988,2621,1069;1069,4,战车;骑兵,焦竹:重弩车x338 | 江言朝:重弩车x335 | 湛怡懿:骁骑兵x709 | 景碧北:投石车x981,99,36
2467382,7级山贼,7,99,39,"大批资源,有宝箱,一些宝物,",503,1623,14849,3,弓弩;骑兵,红丰佑:铁骑兵x921 | 濮阳精:强弩兵x1696 | 慕容郁均:强弩兵x1593,99,36
2465147,3级山贼,3,99,40,"很多资源,",159,373,1044,1,步兵,隗贞诩:民兵x813,99,36
2468026,3级山贼,3,99,41,"许多资源,",149,359,,1,步兵,应斯聪:民兵x887,99,36
2464544,10级山贼,10,99,43,"大批资源,有宝箱,有装备,一些宝物,",1919,5314,1084;1081;24321;16780289,5,弓弩;战车;骑兵,水锦惠:投石车x2182 | 党绍:重弩车x712 | 宫颖涉:骁骑兵x1942 | 宰双:弩骑兵x2000 | 祖以:投石车x2196,96,42
2469496,1级山贼,1,99,44,"一些资源,",57,141,,1,步兵,明艾茗:民兵x164,96,42
2468535,8级山贼,8,99,45,"大批资源,有宝箱,",914,2605,,4,战车;骑兵,冯虹映:投石车x1097 | 侯柔嫒:轻骑兵x1281 | 微生咏:重弩车x343 | 丰齐:投石车x1027,96,42
2469438,9级山贼,9,99,46,"大批资源,有宝箱,",1701,4323,1793,4,战车;骑兵,鄂柳瑞:轻骑兵x1652 | 费艺赋:重弩车x518 | 张存:骁骑兵x1000 | 段奥:投石车x1313,96,42
2466197,10级山贼,10,99,47,"大批资源,有宝箱,",1827,5001,1084,5,战车;骑兵,蔺莫:骁骑兵x1812 | 范果:重弩车x805 | 戎洧辰:骁骑兵x1982 | 滑邈:弩车x235 | 谭彬江:骁骑兵x1847,96,42
2467337,3级山贼,3,99,48,"许多资源,",150,301,1044,1,步兵,司鸾:民兵x821,99,48
2468970,2级山贼,2,99,51,"许多资源,",80,293,,1,步兵,钟离州冀:民兵x296,99,48
2469555,6级山贼,6,99,52,"大量资源,",375,914,1059;1059,3,弓弩;步兵;骑兵,向雅:强弩兵x1088 | 韩明:轻步兵x862 | 路鹤茗:铁骑兵x575,99,48
2467306,7级山贼,7,99,53,"大批资源,有宝箱,",529,1429,1064;13570,3,弓弩;步兵,怀舟:轻步兵x1129 | 申屠晔穰:强弩兵x1735 | 却钋:轻步兵x1235,99,48
2465565,7级山贼,7,99,54,"大批资源,有宝箱,",530,1414,13569,3,弓弩;骑兵,孙倪谨:强弩兵x1621 | 鞠醉杉:强弩兵x1588 | 黎旭佑:铁骑兵x909,99,54
2465377,5级山贼,5,99,55,"很多资源,",258,719,,2,弓弩,穆霜:强弩兵x811 | 籍干:强弩兵x737,99,54
2463912,9级山贼,9,100,0,"大批资源,有宝箱,一些宝物,",1451,3704,,4,战车;骑兵,孟弼:骁骑兵x911 | 金韦夏:投石车x1232 | 谷荣寒:轻骑兵x1687 | 居颖:轻骑兵x1667,99,0
2467137,8级山贼,8,100,1,"大批资源,有宝箱,",940,2721,,4,战车;骑兵,韦范邃:轻骑兵x1244 | 缪桃:骁骑兵x820 | 车正湛锵:骁骑兵x674 | 池冰沁:投石车x924,99,0
2463238,9级山贼,9,100,3,"大批资源,",1780,3649,1069;1074,4,战车;骑兵,何彭掣:投石车x1230 | 夏蓝:轻骑兵x1433 | 司空绪芬:轻骑兵x1539 | 王蕊:轻骑兵x1787,99,0
2464376,2级山贼,2,100,5,"许多资源,",81,285,1039,1,步兵,葛红容:民兵x317,99,0
2466193,6级山贼,6,100,7,"大量资源,有宝箱,",333,932,1059;13569,3,弓弩;骑兵,谢格薇:铁骑兵x594 | 茅斌:弓兵x382 | 范剑韵:弓兵x349,99,6
2468468,4级山贼,4,100,10,"很多资源,有装备,",150,453,16778753,2,步兵,汲臣:重步兵x530 | 卜楠源:重步兵x535,99,6
2469579,7级山贼,7,100,12,"大批资源,有宝箱,",624,1491,1060;1064,3,弓弩;步兵;骑兵,党澜:铁骑兵x891 | 尉迟霁适:轻步兵x1170 | 姜蔚赋:强弩兵x1550,99,12
2468297,8级山贼,8,100,13,"大批资源,有宝箱,",1062,2584,,4,战车;骑兵,车正喆:轻骑兵x1110 | 司马常可:重弩车x374 | 施萱:骁骑兵x828 | 通吟叡:骁骑兵x744,99,12
2466806,10级山贼,10,100,14,"大批资源,有宝箱,",1801,5482,,5,弓弩;战车;骑兵,池悌赋:重弩车x705 | 毕美:重弩车x751 | 微生化初:投石车x1874 | 诸灵:骁骑兵x1816 | 和才南:弩骑兵x1988,99,12
2467584,6级山贼,6,100,17,"大量资源,一些宝物,",338,834,1059,3,弓弩;步兵,宗藻:强弩兵x1020 | 幸碧:轻步兵x872 | 饶宇瑶:轻步兵x929,99,12
2466378,3级山贼,3,100,18,"许多资源,",140,329,1044,1,步兵,慕容平:民兵x820,99,18
2466033,4级山贼,4,100,19,"很多资源,",165,478,,2,步兵,侯天晋:重步兵x549 | 傅靖:近卫兵x387,99,18
2467758,4级山贼,4,100,21,"很多资源,",172,463,,2,步兵,萧存:民兵x1249 | 封琦筠:重步兵x485,99,18
2464827,7级山贼,7,100,23,"大批资源,有宝箱,有装备,",551,1557,,3,弓弩;骑兵,伍洽磊:强弩兵x1550 | 叶灵:铁骑兵x765 | 籍兆语:强弩兵x1461,99,18
2465550,8级山贼,8,100,24,"大批资源,有宝箱,",961,2427,,4,战车;骑兵,熊彦:骁骑兵x702 | 董年涉:重弩车x326 | 穆烁:骁骑兵x761 | 段达:轻骑兵x1286,99,24
2465307,4级山贼,4,100,25,"很多资源,",163,442,,2,步兵,宗正水:近卫兵x379 | 郎邦:重步兵x513,99,24
2465663,8级山贼,8,100,26,"大批资源,有宝箱,",915,2723,1793;1069,4,战车;骑兵,郗蝶:轻骑兵x1290 | 弘颖:骁骑兵x818 | 宗正沁:投石车x1039 | 敖千:重弩车x323,99,24
2465883,9级山贼,9,100,27,"大批资源,有宝箱,有装备,",1691,3937,1074,4,战车;骑兵,经山潇:骁骑兵x999 | 查芙幼:重弩车x508 | 卜涤丰:骁骑兵x1082 | 司马河吉:骁骑兵x1022,99,24
2467747,1级山贼,1,100,29,"一些资源,",46,144,,1,步兵,赵馨悦:民兵x143,99,24
2464675,6级山贼,6,100,30,"大量资源,一些宝物,",382,928,,3,弓弩;骑兵,霍商绪:弓兵x365 | 唐栩笛:铁骑兵x617 | 却谊:弓兵x408,99,30
2465030,4级山贼,4,100,31,"很多资源,",168,432,,2,步兵,倪寻:重步兵x477 | 尚婉和:民兵x1102,99,30
2464554,5级山贼,5,100,32,"大量资源,",265,744,,2,弓弩;骑兵,慎芸群:铁骑兵x339 | 夏化:强弩兵x762,99,30
2468597,3级山贼,3,100,33,"很多资源,",141,379,,1,步兵,苗鸥强:民兵x836,99,30
2468724,6级山贼,6,100,34,"大量资源,",384,922,,3,步兵;骑兵,东虹诩:轻步兵x827 | 任尝浩:轻步兵x847 | 堵悦:铁骑兵x626,99,30
2466614,2级山贼,2,100,35,"许多资源,",86,285,,1,步兵,岑楚谊:民兵x330,99,30
2465901,5级山贼,5,100,37,"很多资源,",282,708,,2,弓弩;骑兵,司翼:弓兵x198 | 尤从洁:铁骑兵x341,99,36
2469290,9级山贼,9,100,39,"大批资源,一些宝物,",1522,3931,1074;29441,4,战车;骑兵,唐项析:投石车x1369 | 田黛沛:骁骑兵x981 | 钟离醉铄:骁骑兵x944 | 滕光:骁骑兵x1030,99,36
2465880,10级山贼,10,100,40,"大批资源,有宝箱,",1840,4767,1084,5,弓弩;战车;骑兵,鲍凌:弩骑兵x1819 | 井代:弩骑兵x2040 | 单光旺:弩骑兵x2010 | 蓝亦:骁骑兵x1825 | 成童玉:投石车x2180,99,36
2469952,4级山贼,4,100,41,"很多资源,",155,451,,2,步兵,邱懿:重步兵x515 | 能浩:近卫兵x346,99,36
2464135,10级山贼,10,100,45,"大批资源,有宝箱,一些宝物,",2064,5034,1083,5,弓弩;战车,欧阳宇:弩骑兵x1926 | 危涉:重弩车x813 | 房泽:重弩车x751 | 焦梅:弩骑兵x2175 | 沙谷:投石车x1842,96,42
2466488,9级山贼,9,100,47,"大批资源,有宝箱,一些宝物,",1700,4116,,4,战车;骑兵,宋琦:骁骑兵x1071 | 相荫可:投石车x1208 | 莘汉:重弩车x513 | 宗无:骁骑兵x1098,96,42
2464025,9级山贼,9,100,49,"大批资源,有宝箱,",1725,3791,1064,4,战车;骑兵,鲍忍:轻骑兵x1434 | 干海瑶:轻骑兵x1569 | 关誉元:投石车x1316 | 范露畅:骁骑兵x939,99,48
2465193,6级山贼,6,100,50,"大量资源,",400,976,1059;1059,3,弓弩;骑兵,骆莹:强弩兵x1018 | 台金:强弩兵x1219 | 高昶岚:铁骑兵x562,99,48
2467692,3级山贼,3,100,52,"许多资源,",156,350,,1,步兵,农瑜:民兵x866,99,48
2469612,8级山贼,8,100,53,"大批资源,有宝箱,",919,2747,1069,4,战车;骑兵,黄锐琦:重弩车x354 | 车正福:骁骑兵x733 | 步云:轻骑兵x1126 | 仇黎筠:投石车x982,99,48
2466207,5级山贼,5,100,54,"大量资源,一些宝物,",257,657,,2,步兵;骑兵,臧文兴:轻步兵x548 | 单云绮:铁骑兵x322,99,54
2467298,10级山贼,10,101,0,"大批资源,有宝箱,一些宝物,",1987,4741,,5,弓弩;战车,梅烟今:弩骑兵x1995 | 淳于霖:投石车x1936 | 苗巧君:投石车x2163 | 尤唱顺:弩骑兵x2194 | 孔晋:弩车x248,99,0
2464860,8级山贼,8,101,1,"大批资源,",1038,2704,1069;1069,4,战车;骑兵,解绍时:投石车x961 | 仲长之晨:投石车x1049 | 黄春:骁骑兵x800 | 俞娴化:轻骑兵x1136,99,0
2463732,3级山贼,3,101,3,"很多资源,",151,367,,1,步兵,国栩:民兵x885,99,0
2466035,7级山贼,7,101,7,"大批资源,有宝箱,",573,1613,,3,弓弩;步兵,唐峻存:轻步兵x1148 | 糜红艺:强弩兵x1406 | 漆雕楠:轻步兵x1267,99,6
2468698,10级山贼,10,101,10,"大批资源,有宝箱,",2057,4891,,5,弓弩;骑兵,须惜巧:骁骑兵x1846 | 祖绪:弩骑兵x2149 | 查萌笑:弩骑兵x2053 | 池简衍:弩骑兵x2001 | 马枫全:骁骑兵x1706,99,6
2465315,4级山贼,4,101,15,"很多资源,",160,447,,2,步兵,堵瑾恺:近卫兵x374 | 胥从:民兵x1287,99,12
2468841,9级山贼,9,101,16,"大批资源,有宝箱,一些宝物,",1796,3821,,4,战车;骑兵,乔听:重弩车x477 | 别儿:重弩车x523 | 蓝颜学:重弩车x468 | 通浦寿:轻骑兵x1682,99,12
2465282,6级山贼,6,101,19,"大量资源,",383,897,,3,步兵,董采昀:轻步兵x861 | 戎心桂:轻步兵x878 | 张唱:轻步兵x841,99,18
2468259,3级山贼,3,101,20,"许多资源,",147,356,,1,步兵,蓝玟路:民兵x898,99,18
2468427,7级山贼,7,101,21,"大批资源,有宝箱,",693,1617,13570,3,弓弩;步兵,喻淑:弓兵x541 | 茅河黎:强弩兵x1438 | 宓全:轻步兵x1109,99,18
2465434,9级山贼,9,101,25,"大批资源,有宝箱,有装备,一些宝物,",1694,3916,,4,战车;骑兵,傅纶宁:骁骑兵x957 | 慕寿:骁骑兵x919 | 仰雅:骁骑兵x910 | 邬自:重弩车x522,99,24
2468012,8级山贼,8,101,27,"大批资源,",996,2727,,4,战车;骑兵,宫辐:骁骑兵x767 | 郦豆:投石车x1012 | 司空君:投石车x929 | 颜今昶:骁骑兵x795,99,24
2468499,2级山贼,2,101,30,"许多资源,有装备,",87,201,16777217,1,步兵,孙人云:民兵x294,99,30
2466134,6级山贼,6,101,36,"大量资源,有宝箱,一些宝物,",336,912,14849,3,弓弩;步兵,戚玟娇:轻步兵x931 | 林北:强弩兵x1290 | 王格:弓兵x407,99,36
2467202,2级山贼,2,101,37,"许多资源,",89,285,,1,步兵,江朝:民兵x296,99,36
2463378,6级山贼,6,101,42,"大量资源,有装备,",390,813,16778753,3,弓弩;骑兵,华闻婕:铁骑兵x621 | 皇甫峥唱:铁骑兵x598 | 黄彤:弓兵x394,96,42
2465820,10级山贼,10,101,44,"大批资源,有宝箱,一些宝物,",2039,5214,1084;29441;1084,5,弓弩;战车;骑兵,翟陆:弩车x218 | 缪楚玟:弩车x215 | 乔郎我:骁骑兵x1681 | 文桂:弩骑兵x2000 | 栾剑谋:重弩车x816,96,42
2464887,7级山贼,7,101,45,"大批资源,有宝箱,一些宝物,",657,1491,1064;3073,3,骑兵,古怀人:铁骑兵x812 | 王陆进:铁骑兵x771 | 宗政倪:铁骑兵x842,96,42
2469973,10级山贼,10,101,48,"大批资源,有宝箱,有装备,",2093,4682,,5,弓弩;骑兵,钟山霖:骁骑兵x1963 | 司马贤丝:弩骑兵x1841 | 吴彤赋:骁骑兵x1938 | 终旋鹂:骁骑兵x1992 | 公良吟美:弩骑兵x1883,99,48
2469295,4级山贼,4,101,50,"很多资源,",163,451,,2,步兵,池悟之:近卫兵x392 | 郜勤春:近卫兵x357,99,48
2465107,7级山贼,7,101,51,"大批资源,有宝箱,有装备,",570,1490,1064;16785409,3,步兵;骑兵,狄杰:轻步兵x1279 | 乐正凌:铁骑兵x843 | 郜彬:轻步兵x1186,99,48
2467509,4级山贼,4,102,1,"很多资源,",173,405,,2,步兵,闵琛:重步兵x521 | 项琪夜:重步兵x526,102,0
2463492,1级山贼,1,102,2,"一些资源,有装备,",46,126,1034,1,步兵,胥析箴:民兵x162,102,0
2464231,1级山贼,1,102,5,"一些资源,",60,118,1034,1,步兵,贺荷娴:民兵x137,102,0
2467618,5级山贼,5,102,6,"很多资源,",273,796,,2,弓弩;骑兵,毋勤:弓兵x208 | 贡中阳:铁骑兵x361,102,6
2468895,4级山贼,4,102,7,"很多资源,",154,469,,2,步兵,纪友:近卫兵x361 | 殴邢霁:重步兵x492,102,6
2467308,5级山贼,5,102,9,"很多资源,有装备,",289,713,1046,2,弓弩;骑兵,宿健歌:强弩兵x768 | 曲代福:铁骑兵x312,102,6
2466878,3级山贼,3,102,10,"很多资源,",141,359,,1,步兵,毛禹:民兵x876,102,6
2464003,8级山贼,8,102,11,"大批资源,有宝箱,",976,2578,1793;1793,4,战车;骑兵,慎皓:重弩车x338 | 凌涉虞:投石车x1026 | 贾晴艺:轻骑兵x1192 | 乜堂:骁骑兵x827,102,6
2467856,8级山贼,8,102,19,"大批资源,有宝箱,",1098,2353,1069;1793,4,骑兵,韦珠友:轻骑兵x1210 | 仲翼:骁骑兵x682 | 卞单诩:轻骑兵x1278 | 凌咏方:骁骑兵x729,102,18
2463191,5级山贼,5,102,20,"大量资源,",265,782,,2,步兵;骑兵,颜萌容:铁骑兵x345 | 台瑾基:轻步兵x501,102,18
2465811,2级山贼,2,102,21,"许多资源,",97,218,,1,步兵,平琪琪:民兵x315,102,18
2463494,8级山贼,8,102,22,"大批资源,有宝箱,",999,2333,1069,4,战车;骑兵,惠豆:轻骑兵x1116 | 家勃学:投石车x915 | 杨歌:投石车x944 | 逄展树:重弩车x358,102,18
2466486,9级山贼,9,102,23,"大批资源,有宝箱,一些宝物,",1750,3825,3073,4,战车;骑兵,空空:轻骑兵x1692 | 鞠通:投石车x1220 | 阮宣顺:骁骑兵x1000 | 石闻:投石车x1270,102,18
2464911,2级山贼,2,102,24,"许多资源,",91,212,,1,步兵,古旻友:民兵x330,102,24
2463394,1级山贼,1,102,25,"一些资源,",58,127,,1,步兵,倪诩从:民兵x163,102,24
2464541,5级山贼,5,102,26,"大量资源,一些宝物,",285,671,4097,2,弓弩;步兵,卞骏:强弩兵x734 | 施翼:轻步兵x457,102,24
2468011,7级山贼,7,102,27,"大批资源,有宝箱,",554,1518,,3,步兵;骑兵,宦禧:轻步兵x1196 | 宰巍杉:铁骑兵x878 | 樊从松:铁骑兵x810,102,24
2463725,7级山贼,7,102,29,"大批资源,有装备,",670,1462,,3,弓弩;骑兵,上官君靖:铁骑兵x897 | 齐妙:强弩兵x1729 | 孙谨贤:铁骑兵x819,102,24
2466347,6级山贼,6,102,30,"大量资源,一些宝物,",324,964,1059;1059,3,步兵;骑兵,洪鸣时:轻步兵x846 | 温靖锦:轻步兵x831 | 宁识:铁骑兵x639,102,30
2467938,1级山贼,1,102,31,"一些资源,",47,125,,1,步兵,季水析:民兵x154,102,30
2464416,8级山贼,8,102,32,"大批资源,",959,2524,,4,战车;骑兵,穆弼用:投石车x936 | 农醉:骁骑兵x758 | 翟赋邪:骁骑兵x701 | 蒙涵:投石车x969,102,30
2463903,3级山贼,3,102,33,"很多资源,",144,370,,1,步兵,易思:民兵x870,102,30
2466583,4级山贼,4,102,34,"很多资源,",176,401,,2,步兵,阎怀:重步兵x457 | 姚辑:重步兵x530,102,30
2468417,1级山贼,1,102,35,"一些资源,",55,112,,1,步兵,谢颜婕:民兵x160,102,30
2466262,10级山贼,10,102,37,"大批资源,有宝箱,一些宝物,",2189,5450,1793;1084;1084,5,弓弩;战车;骑兵,经芷:投石车x2076 | 屠真:骁骑兵x1711 | 易奥:弩骑兵x2189 | 牧叡:骁骑兵x1846 | 施鹏谷:弩车x221,102,36
2469860,2级山贼,2,102,38,"许多资源,",80,243,,1,步兵,古芸:民兵x303,102,36
2469140,5级山贼,5,102,39,"很多资源,",295,740,,2,弓弩;步兵,养鸥:轻步兵x494 | 勾卓游:强弩兵x860,102,36
2469732,8级山贼,8,102,40,"大批资源,有装备,",1014,2582,1069,4,骑兵,蓟宝:骁骑兵x817 | 单于孟成:骁骑兵x683 | 诸边:轻骑兵x1216 | 谭旋锋:骁骑兵x770,102,36
2469194,2级山贼,2,102,41,"许多资源,",94,289,1039,1,步兵,喻霓潍:民兵x315,102,36
2468235,6级山贼,6,102,42,"大量资源,",369,951,1059,3,弓弩,许勤吉:强弩兵x1123 | 汲鸿楠:强弩兵x1258 | 瞿鹍畴:强弩兵x1021,102,42
2469586,3级山贼,3,102,44,"很多资源,",157,369,,1,步兵,何丰:民兵x892,102,42
2464201,10级山贼,10,102,45,"大批资源,有宝箱,",1974,5303,1084;1084,5,弓弩;战车,糜凡:弩骑兵x2119 | 厍辰寰:弩骑兵x2088 | 祝凝逸:弩车x256 | 郭芮:弩骑兵x1889 | 惠山:弩车x226,102,42
2468748,5级山贼,5,102,46,"大量资源,",282,655,1054,2,弓弩;步兵,洪夏:强弩兵x865 | 秦黎靖:轻步兵x495,102,42
2468967,3级山贼,3,102,48,"很多资源,",144,393,,1,步兵,冉畅:民兵x810,102,48
2468146,3级山贼,3,102,50,"很多资源,有装备,",157,390,,1,步兵,田好:民兵x855,102,48
2464951,9级山贼,9,102,51,"大批资源,",1582,3726,,4,战车;骑兵,艾静北:重弩车x464 | 林灵琛:骁骑兵x1069 | 莘霁:重弩车x512 | 漆雕松:投石车x1240,102,48
2469620,9级山贼,9,102,52,"大批资源,",1615,4145,1073,4,战车;骑兵,邵琪:轻骑兵x1558 | 钭湛:轻骑兵x1490 | 易吉:骁骑兵x1096 | 陈醒:投石车x1343,102,48
2466334,8级山贼,8,102,53,"大批资源,有装备,",1072,2443,,4,战车;骑兵,郜福:骁骑兵x700 | 阮芹:投石车x952 | 闻人掣:轻骑兵x1196 | 暴晴:轻骑兵x1103,102,48
2465073,8级山贼,8,102,54,"大批资源,有宝箱,",925,2496,1793,4,战车;骑兵,郜昶:骁骑兵x695 | 常高舒:投石车x994 | 浦烁瑞:重弩车x366 | 葛龙:轻骑兵x1117,102,54
2469113,5级山贼,5,102,55,"很多资源,",264,674,,2,弓弩;步兵,胡母彩菱:弓兵x206 | 宗润:轻步兵x475,102,54
2466020,5级山贼,5,103,1,"很多资源,有宝箱,有装备,",268,631,13569;16785153,2,骑兵,甄骄邪:铁骑兵x374 | 戚旎:铁骑兵x326,102,0
2463946,10级山贼,10,103,3,"大批资源,有宝箱,有装备,",2180,4764,1083,5,弓弩;战车;骑兵,太叔健适:骁骑兵x1773 | 尉迟允:重弩车x696 | 艾荷宛:弩骑兵x2088 | 贝逸亮:骁骑兵x1754 | 任彩:重弩车x816,102,0
2463860,10级山贼,10,103,4,"大批资源,有宝箱,一些宝物,",1919,5205,1084,5,弓弩;战车;骑兵,乜亘宜:骁骑兵x1861 | 韶儿阳:弩骑兵x2089 | 景乐:骁骑兵x1873 | 皮单玟:弩骑兵x1871 | 程菱:重弩车x709,102,0
2465934,8级山贼,8,103,5,"大批资源,有装备,",900,2303,1062,4,战车;骑兵,贺颖珍:骁骑兵x726 | 暨芷心:重弩车x328 | 饶靖:骁骑兵x708 | 段季芮:轻骑兵x1255,102,0
2468200,7级山贼,7,103,7,"大批资源,",546,1481,,3,步兵,仰红小:轻步兵x1237 | 濮熙:轻步兵x1102 | 满悌:轻步兵x1110,102,6
2463376,6级山贼,6,103,8,"大量资源,有宝箱,",344,989,13569,3,弓弩;步兵,华茂:强弩兵x1056 | 满丰:强弩兵x1285 | 盛毅:轻步兵x924,102,6
2464411,1级山贼,1,103,11,"一些资源,",45,139,,1,步兵,冉蔚:民兵x159,102,6
2466966,2级山贼,2,103,18,"许多资源,",95,227,,1,步兵,丰冬:民兵x327,102,18
2466219,5级山贼,5,103,19,"很多资源,",270,765,,2,弓弩;步兵,须雅:强弩兵x813 | 姚淼:轻步兵x492,102,18
2467196,10级山贼,10,103,20,"大批资源,有宝箱,一些宝物,",1979,4731,1793;3073,5,战车,汲竹:投石车x2134 | 熊琴:重弩车x734 | 古家:投石车x1873 | 荣豆:投石车x2145 | 宋析瑾:投石车x2199,102,18
2464111,10级山贼,10,103,22,"大批资源,有宝箱,一些宝物,",2110,4831,3074;1084,5,弓弩;战车;骑兵,阚寒虹:重弩车x694 | 鲁燕:投石车x2062 | 刘虞虹:弩骑兵x2123 | 戴谊峥:骁骑兵x1688 | 苗潍识:重弩车x737,102,18
2468718,4级山贼,4,103,23,"很多资源,",171,451,,2,步兵,查禹:近卫兵x409 | 谈翼:近卫兵x386,102,18
2467057,3级山贼,3,103,24,"许多资源,",160,382,,1,步兵,危熙:民兵x792,102,24
2467540,4级山贼,4,103,25,"很多资源,",168,403,1049,2,步兵,蓟悟:重步兵x467 | 双奇:重步兵x530,102,24
2468620,4级山贼,4,103,28,"很多资源,",162,477,,2,步兵,丛尧:近卫兵x355 | 周薇青:近卫兵x358,102,24
2466622,5级山贼,5,103,29,"很多资源,有装备,",271,629,1054,2,步兵,蓟懋新:轻步兵x532 | 洪邪弼:轻步兵x477,102,24
2465475,4级山贼,4,103,32,"很多资源,",151,459,,2,步兵,别雄:民兵x1188 | 浦禧奕:重步兵x526,102,30
2467013,10级山贼,10,103,33,"大批资源,有宝箱,一些宝物,",1899,4566,29441;1083,5,弓弩;战车,解碧菱:重弩车x773 | 廖闻:弩骑兵x1831 | 任豆:投石车x1914 | 赖莫:弩骑兵x2002 | 范禄然:弩骑兵x1833,102,30
2467031,7级山贼,7,103,34,"大批资源,有宝箱,",665,1642,14849,3,步兵;骑兵,卫允:铁骑兵x861 | 危醉蕊:铁骑兵x857 | 戚醉:轻步兵x1291,102,30
2469705,1级山贼,1,103,35,"一些资源,",49,116,1034,1,步兵,桑沛:民兵x158,102,30
2468459,10级山贼,10,103,36,"大批资源,有宝箱,一些宝物,",2122,5107,1793,5,战车;骑兵,莫小:骁骑兵x1796 | 戚经清:投石车x2112 | 水宛:骁骑兵x1616 | 司马昀圣:重弩车x766 | 沈越庆:投石车x1863,102,36
2465144,3级山贼,3,103,37,"许多资源,",142,331,,1,步兵,仲年宇:民兵x870,102,36
2466693,1级山贼,1,103,38,"一些资源,",42,144,1029,1,步兵,弘柔春:民兵x146,102,36
2464998,2级山贼,2,103,39,"许多资源,",94,272,1039,1,步兵,翟宇旎:民兵x329,102,36
2465115,7级山贼,7,103,41,"大批资源,有宝箱,",685,1698,1057,3,弓弩;步兵;骑兵,寇籁:铁骑兵x872 | 别云:轻步兵x1146 | 浦初:强弩兵x1746,102,36
2469302,4级山贼,4,103,42,"很多资源,",156,494,,2,步兵,璩尔煦:民兵x1246 | 养阳:近卫兵x416,102,42
2467089,2级山贼,2,103,43,"许多资源,",91,240,,1,步兵,任悌:民兵x270,102,42
2465983,3级山贼,3,103,44,"许多资源,",142,310,,1,步兵,詹天:民兵x883,102,42
2464097,8级山贼,8,103,45,"大批资源,有宝箱,有装备,",925,2313,,4,战车;骑兵,郭朝:骁骑兵x716 | 钟离醒蕾:骁骑兵x723 | 雍雅:骁骑兵x778 | 章雁迎:重弩车x322,102,42
2464495,7级山贼,7,103,46,"大批资源,有宝箱,",695,1639,1064,3,弓弩;步兵;骑兵,农卿佑:轻步兵x1251 | 平思黎:弓兵x544 | 郦鸾:铁骑兵x833,102,42
2463446,9级山贼,9,103,47,"大批资源,有宝箱,",1526,3978,1074,4,骑兵,山专朝:骁骑兵x1099 | 卞为:骁骑兵x1068 | 晁璐:骁骑兵x923 | 后云:骁骑兵x1050,102,42
2465481,5级山贼,5,103,48,"很多资源,",292,772,,2,弓弩,融代寻:强弩兵x865 | 仲全卿:弓兵x219,102,48
2470001,6级山贼,6,103,49,"大量资源,",306,938,,3,步兵,夔朗:轻步兵x861 | 闵莫:轻步兵x868 | 宗正笛:轻步兵x775,102,48
2468580,5级山贼,5,103,52,"大量资源,",270,704,,2,弓弩;步兵,须芮:强弩兵x727 | 乔含怡:轻步兵x508,102,48
2466863,9级山贼,9,103,55,"大批资源,一些宝物,",1567,3789,,4,战车;骑兵,尹晶寄:轻骑兵x1753 | 暴玥彦:轻骑兵x1508 | 寇听:轻骑兵x1708 | 司寇用期:投石车x1271,102,54
2463092,9级山贼,9,104,0,"大批资源,有宝箱,有装备,一些宝物,",1754,3770,1793;29441,4,战车;骑兵,松黎奇:投石车x1392 | 井怀:骁骑兵x951 | 纪自藻:投石车x1384 | 卓悦:重弩车x480,102,0
2463990,1级山贼,1,104,1,"一些资源,",46,111,,1,步兵,钟离琛锖:民兵x146,102,0
2466082,3级山贼,3,104,2,"许多资源,有装备,",141,327,16777729,1,步兵,魏颜婕:民兵x829,102,0
2467526,2级山贼,2,104,3,"许多资源,",81,260,1039,1,步兵,匡金斌:民兵x299,102,0
2465095,4级山贼,4,104,10,"很多资源,",165,474,1047,2,步兵,蒲可:重步兵x515 | 融岚访:民兵x1270,102,6
2466397,4级山贼,4,104,21,"很多资源,",174,440,1041,2,步兵,弓慈:近卫兵x364 | 车正家:近卫兵x363,102,18
2465253,9级山贼,9,104,24,"大批资源,有宝箱,",1439,3722,1793,4,战车;骑兵,能溪寻:投石车x1378 | 糜潍邪:骁骑兵x1073 | 贺华:骁骑兵x1035 | 诸瑶:重弩车x441,102,24
2465891,2级山贼,2,104,30,"许多资源,",81,233,,1,步兵,郜璧冷:民兵x278,102,30
2463491,9级山贼,9,104,32,"大批资源,有宝箱,",1761,4342,,4,骑兵,鞠楚:骁骑兵x1014 | 柴烁之:骁骑兵x1065 | 项煦觅:轻骑兵x1578 | 温翮:轻骑兵x1585,102,30
2467649,10级山贼,10,104,33,"大批资源,有宝箱,一些宝物,",2057,5203,1084;1078,5,弓弩;战车;骑兵,宋兰小:骁骑兵x1974 | 计玮柏:重弩车x782 | 惠盼盼:重弩车x737 | 何楚:弩骑兵x2160 | 阮生:骁骑兵x1866,102,30
2467243,7级山贼,7,104,34,"大批资源,有宝箱,",568,1558,13569;1064,3,步兵;骑兵,水竹:铁骑兵x838 | 乌蕾:轻步兵x1196 | 宣爽双:轻步兵x1212,102,30
2468714,9级山贼,9,104,48,"大批资源,有宝箱,",1762,3642,,4,战车;骑兵,都韶寒:骁骑兵x934 | 孔路:投石车x1266 | 邴洁:投石车x1242 | 贾锖实:重弩车x496,102,48
2467132,10级山贼,10,104,51,"大批资源,有宝箱,一些宝物,",2025,4787,,5,弓弩;战车;骑兵,黄合夏:投石车x2143 | 滑果芹:弩骑兵x1931 | 轩辕魂:弩车x213 | 魏桃朝:弩骑兵x1854 | 曾沁煦:骁骑兵x1840,102,48
2467826,10级山贼,10,104,52,"大批资源,有宝箱,一些宝物,",1960,4785,1793;1793;3074,5,弓弩;战车;骑兵,耿人松:重弩车x707 | 公良烟:弩骑兵x2045 | 朱红:弩骑兵x1834 | 后杉:骁骑兵x1657 | 柯盼书:投石车x2158,102,48
2468124,10级山贼,10,104,53,"大批资源,有宝箱,一些宝物,",2163,4572,1793;1084,5,弓弩;战车,杭桂:重弩车x779 | 昌颖:投石车x1898 | 孔策怡:投石车x2098 | 丰夜嫒:弩骑兵x1932 | 贾桢翊:重弩车x770,102,48
2464786,6级山贼,6,105,1,"大量资源,",327,853,,3,步兵;骑兵,桑曦合:铁骑兵x590 | 淳于鹍:轻步兵x906 | 巢颖城:铁骑兵x628,105,0
2467189,3级山贼,3,105,3,"很多资源,",146,373,,1,步兵,童娴山:民兵x798,105,0
2468454,10级山贼,10,105,4,"大批资源,有宝箱,一些宝物,",2169,5275,17409;1076,5,弓弩;骑兵,巩皓:弩骑兵x2118 | 殷珺:骁骑兵x1818 | 令狐邦天:骁骑兵x1903 | 殴朗:骁骑兵x1706 | 令狐绪:骁骑兵x1967,105,0
2466847,1级山贼,1,105,12,"一些资源,",42,107,,1,步兵,金怡:民兵x153,105,12
2468594,2级山贼,2,105,13,"许多资源,",85,226,,1,步兵,乐正佑:民兵x277,105,12
2464583,4级山贼,4,105,14,"很多资源,",177,456,1049,2,步兵,管达年:民兵x1214 | 邬彬:重步兵x538,105,12
2465803,5级山贼,5,105,15,"很多资源,",271,641,,2,步兵;骑兵,祖齐常:铁骑兵x352 | 邹雪:轻步兵x537,105,12
2463772,8级山贼,8,105,17,"大批资源,",985,2280,,4,战车;骑兵,侯妙灵:投石车x940 | 项江芮:骁骑兵x755 | 温海:轻骑兵x1165 | 邢曦:投石车x1029,105,12
2462963,10级山贼,10,105,18,"大批资源,有装备,",2039,5472,,5,弓弩;战车;骑兵,索祺斯:骁骑兵x1844 | 明适杉:重弩车x751 | 慎容:骁骑兵x1639 | 祁苑:弩车x213 | 龚妙云:弩骑兵x2118,105,18
2464173,5级山贼,5,105,19,"很多资源,",263,754,,2,弓弩;骑兵,武青山:弓兵x226 | 微生群:铁骑兵x310,105,18
2466640,5级山贼,5,105,20,"大量资源,",251,689,,2,弓弩,吕佑锵:弓兵x214 | 司空誉:弓兵x227,105,18
2467107,2级山贼,2,105,21,"许多资源,",93,222,,1,步兵,巫马琴逸:民兵x306,105,18
2469332,2级山贼,2,105,23,"许多资源,有装备,",83,274,16777985,1,步兵,石莹路:民兵x272,105,18
2469932,1级山贼,1,105,24,"一些资源,",49,138,,1,步兵,万简镘:民兵x163,105,24
2465662,6级山贼,6,105,25,"大量资源,",340,844,,3,弓弩;骑兵,葛掣:铁骑兵x627 | 钮韦懏:弓兵x387 | 钭笛南:铁骑兵x634,105,24
2469963,8级山贼,8,105,27,"大批资源,有宝箱,",1033,2387,,4,战车;骑兵,能谊薄:投石车x1039 | 嵇慧:重弩车x374 | 融熠谷:轻骑兵x1213 | 祖幼:重弩车x329,105,24
2464693,3级山贼,3,105,29,"许多资源,",159,361,,1,步兵,晏石采:民兵x877,105,24
2464627,10级山贼,10,105,30,"大批资源,有宝箱,一些宝物,",2037,4898,1793;3074,5,弓弩;战车;骑兵,房玥艺:弩骑兵x1852 | 甘锦人:骁骑兵x1741 | 施韫:骁骑兵x1820 | 农紫:弩骑兵x1954 | 温嫒:重弩车x762,105,30
2466950,1级山贼,1,105,31,"一些资源,",43,102,,1,步兵,应偲双:民兵x141,105,30
2469414,9级山贼,9,105,32,"大批资源,有宝箱,",1772,3605,,4,战车;骑兵,赖年桂:骁骑兵x1088 | 毛志:投石车x1297 | 管方:骁骑兵x943 | 贾鸿凯:轻骑兵x1715,105,30
2464734,8级山贼,8,105,33,"大批资源,有宝箱,",1082,2396,1059,4,战车;骑兵,幸翠禧:骁骑兵x678 | 步峥:重弩车x327 | 安祈:重弩车x339 | 穆经:重弩车x346,105,30
2464371,10级山贼,10,105,35,"大批资源,有宝箱,有装备,",1812,5391,1793,5,弓弩;战车;骑兵,钮基璧:重弩车x715 | 凌恩楠:重弩车x683 | 翁霁:骁骑兵x1926 | 姜虹:骁骑兵x1694 | 张霜:弩骑兵x1894,105,30
2466623,3级山贼,3,105,36,"很多资源,",158,380,1044,1,步兵,谈扬:民兵x824,105,36
2463799,7级山贼,7,105,37,"大批资源,有宝箱,有装备,",627,1407,1064,3,弓弩;步兵;骑兵,皮代:铁骑兵x816 | 亓官冠:强弩兵x1466 | 郏鸿:轻步兵x1200,105,36
2466885,6级山贼,6,105,38,"大量资源,有装备,",366,912,,3,弓弩;步兵,彭绪玉:弓兵x417 | 秦亭齐:轻步兵x872 | 柯濯:强弩兵x1223,105,36
2466544,5级山贼,5,105,39,"很多资源,",296,645,,2,弓弩;骑兵,郜朗:铁骑兵x339 | 凌音礼:强弩兵x745,105,36
2464826,8级山贼,8,105,42,"大批资源,有宝箱,",1040,2303,,4,战车;骑兵,冷庆:重弩车x368 | 暴路鸾:轻骑兵x1206 | 宗政语:骁骑兵x766 | 沈勋:轻骑兵x1265,105,42
2465032,6级山贼,6,105,43,"大量资源,",391,997,,3,弓弩;骑兵,郗琦姝:铁骑兵x609 | 韦奕静:强弩兵x1225 | 南宫富:铁骑兵x658,105,42
2464679,3级山贼,3,105,46,"很多资源,",146,395,,1,步兵,甄迎锦:民兵x842,105,42
2467822,2级山贼,2,105,47,"许多资源,",81,211,,1,步兵,堵寻夏:民兵x300,105,42
2467008,8级山贼,8,105,49,"大批资源,",1035,2716,1069,4,战车;骑兵,孙童:骁骑兵x682 | 王鸾华:重弩车x370 | 支悦飇:骁骑兵x731 | 米昶:轻骑兵x1265,102,48
2467322,4级山贼,4,105,54,"很多资源,",166,485,,2,步兵,卫茜笑:近卫兵x369 | 蒋烁:民兵x1100,105,54
2467506,10级山贼,10,106,1,"大批资源,有宝箱,",1979,4875,1075;1084,5,弓弩;战车;骑兵,梅辐精:弩车x231 | 危尚:骁骑兵x1905 | 贾云:骁骑兵x1626 | 敖懿:弩骑兵x1849 | 羿葱:弩骑兵x1959,105,0
2468640,7级山贼,7,106,2,"大批资源,",645,1402,1064,3,弓弩;步兵;骑兵,云楠熠:强弩兵x1401 | 能煦恩:铁骑兵x934 | 郜悌果:轻步兵x1282,105,0
2464645,5级山贼,5,106,3,"很多资源,",262,601,,2,弓弩;骑兵,宗正茜:强弩兵x857 | 许芬全:铁骑兵x379,105,0
2465438,7级山贼,7,106,15,"大批资源,有宝箱,",572,1669,,3,弓弩;步兵;骑兵,何映千:强弩兵x1559 | 宋语:铁骑兵x853 | 司马颖:轻步兵x1150,105,12
2465675,2级山贼,2,106,16,"许多资源,",87,281,,1,步兵,宗博:民兵x298,105,12
2464724,9级山贼,9,106,18,"大批资源,",1594,4311,,4,骑兵,慕容洽:骁骑兵x910 | 孙山:轻骑兵x1602 | 温谊:骁骑兵x1091 | 却家泽:轻骑兵x1629,105,18
2467452,10级山贼,10,106,19,"大批资源,一些宝物,",2015,4834,,5,弓弩;战车;骑兵,欧阳悦采:弩骑兵x2111 | 诸冰路:投石车x1958 | 乜赐皓:弩骑兵x2158 | 暴颀:骁骑兵x1757 | 刘毅潇:重弩车x731,105,18
2467096,9级山贼,9,106,20,"大批资源,有宝箱,",1607,4277,,4,骑兵,宋洁:骁骑兵x922 | 满卿冉:骁骑兵x910 | 马栩:骁骑兵x966 | 经常旷:轻骑兵x1776,105,18
2463602,4级山贼,4,106,22,"很多资源,",178,425,,2,步兵,东方爽智:近卫兵x341 | 蔚妙映:民兵x1123,105,18
2469401,8级山贼,8,106,23,"大批资源,有装备,",1016,2468,1069,4,战车;骑兵,郝巧:投石车x972 | 弘宁槐:重弩车x338 | 傅兰:重弩车x356 | 司徒洁夏:骁骑兵x694,105,18
2465016,1级山贼,1,106,25,"一些资源,",40,130,,1,步兵,程朔阳:民兵x161,105,24
2468433,3级山贼,3,106,26,"很多资源,",158,388,1044,1,步兵,宿丝:民兵x800,105,24
2465004,2级山贼,2,106,27,"许多资源,",99,274,,1,步兵,须艾亮:民兵x310,105,24
2468899,9级山贼,9,106,28,"大批资源,有宝箱,",1584,3940,1074;1793,4,战车;骑兵,雷桃书:轻骑兵x1477 | 匡风谷:轻骑兵x1611 | 扈籁:投石车x1374 | 常骏男:投石车x1336,105,24
2467964,7级山贼,7,106,30,"大批资源,有宝箱,",560,1464,1064,3,弓弩,师民卫:强弩兵x1560 | 鄂青夏:弓兵x540 | 欧阳南晶:强弩兵x1455,105,30
2464535,3级山贼,3,106,31,"很多资源,",145,314,1044,1,步兵,南宫载:民兵x832,105,30
2464282,9级山贼,9,106,33,"大批资源,有宝箱,",1711,3961,,4,战车;骑兵,陶方:骁骑兵x995 | 崔红鸾:投石车x1392 | 牧沉译:骁骑兵x1096 | 邹皓:轻骑兵x1527,105,30
2465693,9级山贼,9,106,34,"大批资源,有宝箱,有装备,",1402,3946,1074,4,战车;骑兵,穆芮吉:投石车x1318 | 云实:重弩车x503 | 薄辉:骁骑兵x982 | 窦跃:投石车x1333,105,30
2466621,2级山贼,2,106,35,"许多资源,有装备,",98,236,,1,步兵,慕容实:民兵x293,105,30
2466528,6级山贼,6,106,36,"大量资源,有宝箱,",344,990,,3,弓弩;步兵,蓬阳:强弩兵x1298 | 丁修烨:轻步兵x877 | 贡海霓:轻步兵x928,105,36
2465113,10级山贼,10,106,42,"大批资源,有宝箱,一些宝物,",2010,5392,,5,弓弩;战车;骑兵,郜承淼:骁骑兵x1632 | 霍恩琴:投石车x1912 | 戈丰:弩骑兵x2105 | 郏骄:骁骑兵x1753 | 蔺虹果:弩骑兵x2135,105,42
2468487,1级山贼,1,106,44,"一些资源,",55,131,,1,步兵,冉云:民兵x161,105,42
2465497,9级山贼,9,106,45,"大批资源,一些宝物,",1593,3987,,4,战车;骑兵,柯阳娥:投石车x1331 | 韦淼山:骁骑兵x1049 | 闻福:骁骑兵x1032 | 阙珠瑜:轻骑兵x1547,105,42
2468944,8级山贼,8,106,47,"大批资源,有宝箱,",926,2710,1069;1069,4,战车;骑兵,能露:重弩车x325 | 司懿:投石车x1035 | 公羊采:骁骑兵x726 | 田雯萌:投石车x957,105,42
2468318,6级山贼,6,106,55,"大量资源,有宝箱,一些宝物,",393,879,,3,骑兵,支奇建:铁骑兵x622 | 隗宝:铁骑兵x654 | 詹露晋:铁骑兵x602,105,54
2468721,1级山贼,1,107,0,"一些资源,",51,121,,1,步兵,崔龙才:民兵x154,105,0
2463879,7级山贼,7,107,1,"大批资源,有宝箱,",579,1649,1064;14849,3,弓弩;步兵,桑芬:弓兵x500 | 曾群友:轻步兵x1105 | 车正希惜:弓兵x593,105,0
2464772,7级山贼,7,107,2,"大批资源,有宝箱,",507,1510,1064,3,弓弩;骑兵,劳罡齐:铁骑兵x863 | 贡绪:弓兵x569 | 尤音全:铁骑兵x813,105,0
2464882,9级山贼,9,107,3,"大批资源,",1607,4321,1074,4,战车;骑兵,红谷友:轻骑兵x1745 | 乌元晤:投石车x1301 | 臧我熏:骁骑兵x953 | 弓冬语:重弩车x434,105,0
2463644,7级山贼,7,107,13,"大批资源,有宝箱,一些宝物,",513,1667,13569;13569,3,步兵;骑兵,吕勤桂:轻步兵x1230 | 瞿籁瑞:铁骑兵x798 | 祝焕禹:轻步兵x1263,105,12
2464939,10级山贼,10,107,14,"大批资源,一些宝物,",1897,5142,,5,弓弩;战车;骑兵,乐芷爽:重弩车x723 | 石曼:弩骑兵x1803 | 宗政昂年:弩骑兵x1976 | 梁尚唱:弩骑兵x2131 | 史洁枫:骁骑兵x1738,105,12
2466537,2级山贼,2,107,15,"许多资源,有装备,",99,294,1039,1,步兵,邴年干:民兵x289,105,12
2464256,2级山贼,2,107,16,"许多资源,",93,224,,1,步兵,向云:民兵x304,105,12
2466425,8级山贼,8,107,18,"大批资源,有宝箱,",1003,2352,,4,战车;骑兵,池简:重弩车x380 | 郎伯:轻骑兵x1216 | 养锦萱:骁骑兵x785 | 谷茗松:投石车x946,105,18
2467325,5级山贼,5,107,24,"很多资源,有装备,",261,609,1054,2,步兵;骑兵,羊工简:铁骑兵x379 | 章惜:轻步兵x482,105,24
2463719,2级山贼,2,107,25,"许多资源,",83,213,,1,步兵,羿松:民兵x302,105,24
2469795,6级山贼,6,107,36,"大量资源,",388,811,,3,弓弩;骑兵,虞游辉:铁骑兵x555 | 孙中译:强弩兵x1211 | 祖鹂:铁骑兵x553,105,36
2464943,2级山贼,2,107,37,"许多资源,",97,285,,1,步兵,匡睿:民兵x315,105,36
2468865,1级山贼,1,107,43,"一些资源,",43,136,,1,步兵,宁浩双:民兵x163,105,42
2464527,4级山贼,4,108,0,"很多资源,有装备,一些宝物,",152,457,,2,步兵,微生颀淼:民兵x1178 | 龙月新:重步兵x525,108,0
2463192,7级山贼,7,108,4,"大批资源,",646,1485,,3,弓弩;步兵;骑兵,杜祺:轻步兵x1206 | 毕洁:铁骑兵x799 | 沙旎:强弩兵x1685,108,0
2465684,1级山贼,1,108,5,"一些资源,",40,107,1034,1,步兵,慕熙婉:民兵x145,108,0
2466008,2级山贼,2,108,6,"许多资源,",92,232,1039,1,步兵,余通:民兵x324,108,6
2467106,8级山贼,8,108,7,"大批资源,有宝箱,",901,2475,,4,战车;骑兵,卜适潇:轻骑兵x1209 | 纪唱陆:投石车x1012 | 隆奥佑:骁骑兵x824 | 曹民:轻骑兵x1104,108,6
2464214,7级山贼,7,108,8,"大批资源,",544,1421,,3,弓弩;步兵,万思仙:轻步兵x1232 | 喻歌好:强弩兵x1579 | 栾冬:弓兵x551,108,6
2465788,3级山贼,3,108,9,"许多资源,",143,343,,1,步兵,莫月清:民兵x881,108,6
2464254,3级山贼,3,108,10,"许多资源,",143,304,,1,步兵,荣问彦:民兵x840,108,6
2463133,7级山贼,7,108,12,"大批资源,有宝箱,",648,1610,,3,弓弩;步兵,隗拓:弓兵x540 | 巫马云芷:轻步兵x1275 | 堵兆羽:强弩兵x1598,108,12
2462917,1级山贼,1,108,13,"一些资源,",56,110,1031,1,步兵,丰水怜:民兵x163,108,12
2468101,4级山贼,4,108,14,"很多资源,",152,486,,2,步兵,师聪:民兵x1196 | 滕实蕊:重步兵x548,108,12
2469057,7级山贼,7,108,15,"大批资源,有宝箱,",517,1414,1064,3,弓弩;步兵,尚力:轻步兵x1283 | 慎允颖:弓兵x593 | 凤皓:弓兵x522,108,12
2465043,8级山贼,8,108,17,"大批资源,有宝箱,",1007,2547,1069;1793,4,战车;骑兵,宗正瑜敏:投石车x909 | 魏柏骄:骁骑兵x765 | 曲群好:骁骑兵x825 | 项本翊:轻骑兵x1278,108,12
2467442,5级山贼,5,108,19,"很多资源,",266,778,,2,弓弩,步孟:强弩兵x859 | 栾骥广:强弩兵x859,108,18
2468366,10级山贼,10,108,20,"大批资源,一些宝物,",1820,4860,,5,战车;骑兵,桂奇实:重弩车x723 | 乌简:骁骑兵x1611 | 荆容:骁骑兵x1939 | 樊希楚:骁骑兵x1743 | 狄朝:弩车x250,108,18
2465257,3级山贼,3,108,21,"很多资源,有装备,",153,302,,1,步兵,弘以:民兵x881,108,18
2464087,1级山贼,1,108,22,"一些资源,有装备,",52,118,,1,步兵,仇友:民兵x137,108,18
2463869,3级山贼,3,108,23,"许多资源,",146,301,1044,1,步兵,胡母听慈:民兵x797,108,18
2469569,9级山贼,9,108,24,"大批资源,有宝箱,一些宝物,",1478,4147,1793,4,骑兵,聂桂:骁骑兵x900 | 田碧:轻骑兵x1663 | 关琦雪:骁骑兵x928 | 任初赋:骁骑兵x1053,108,24
2466587,5级山贼,5,108,25,"很多资源,",294,605,1054,2,弓弩;骑兵,桂实:铁骑兵x318 | 贾凡竹:强弩兵x720,108,24
2463993,1级山贼,1,108,28,"一些资源,",45,114,1031,1,步兵,伊喷:民兵x155,108,24
2467589,6级山贼,6,108,31,"大量资源,有宝箱,一些宝物,",382,835,,3,弓弩;步兵,艾清昂:强弩兵x1024 | 耿羽:轻步兵x831 | 单懏作:强弩兵x1221,108,30
2466824,8级山贼,8,108,34,"大批资源,有宝箱,有装备,",1044,2678,1060,4,骑兵,阎珺:轻骑兵x1209 | 后兰蔚:骁骑兵x746 | 禄益心:骁骑兵x828 | 彭咏:轻骑兵x1231,108,30
2467131,3级山贼,3,108,36,"很多资源,有装备,",142,392,,1,步兵,滕琛:民兵x781,108,36
2466076,3级山贼,3,108,37,"许多资源,",144,312,,1,步兵,曲友:民兵x857,108,36
2465622,10级山贼,10,108,39,"大批资源,有宝箱,一些宝物,",1836,5030,1084,5,弓弩;战车;骑兵,云洁艾:弩骑兵x2075 | 堵冰希:骁骑兵x1680 | 禄璧:弩车x221 | 邬捷仙:弩骑兵x1811 | 虞墨澜:弩骑兵x2108,108,36
2465290,4级山贼,4,108,43,"很多资源,",150,420,,2,步兵,湛晔:重步兵x525 | 习智:重步兵x535,108,42
2468278,9级山贼,9,108,44,"大批资源,有宝箱,",1481,3829,,4,战车;骑兵,冉亮:骁骑兵x964 | 韩涛涛:投石车x1356 | 长孙馨迎:重弩车x432 | 别菲:轻骑兵x1771,108,42
2469001,4级山贼,4,108,45,"很多资源,",175,491,,2,步兵,步婕:重步兵x504 | 傅峰士:重步兵x528,108,42
2465459,10级山贼,10,108,46,"大批资源,有宝箱,有装备,一些宝物,",2058,5297,29441;1793,5,弓弩;战车;骑兵,牧厚:投石车x2193 | 习豇蕾:骁骑兵x1822 | 韶瑾:弩骑兵x1830 | 宇文海:弩骑兵x1849 | 尹涵:重弩车x789,108,42
2464918,3级山贼,3,108,49,"很多资源,",155,340,,1,步兵,鞠澜拓:民兵x810,108,48
2463916,2级山贼,2,108,52,"许多资源,",88,272,,1,步兵,万晋魂:民兵x324,108,48
2465814,5级山贼,5,108,53,"大量资源,",275,685,,2,步兵;骑兵,古耀:铁骑兵x349 | 晁美:轻步兵x535,108,48
2467970,6级山贼,6,109,1,"大量资源,一些宝物,",322,981,,3,弓弩;步兵,曹鹂:轻步兵x819 | 惠人:弓兵x356 | 饶春识:强弩兵x1102,108,0
2464539,5级山贼,5,109,2,"很多资源,",261,763,,2,步兵;骑兵,暴向明:铁骑兵x373 | 阚存:轻步兵x541,108,0
2463209,1级山贼,1,109,3,"一些资源,",51,116,,1,步兵,童丹适:民兵x148,108,0
2465858,9级山贼,9,109,4,"大批资源,有宝箱,",1511,3630,1074,4,战车;骑兵,皇甫友书:骁骑兵x1047 | 包珠朋:骁骑兵x900 | 濮楠真:重弩车x464 | 司程:重弩车x438,108,0
2468180,3级山贼,3,109,7,"许多资源,",155,301,,1,步兵,霍娥:民兵x826,108,6
2468774,3级山贼,3,109,10,"许多资源,",154,373,1043,1,步兵,于霖:民兵x789,108,6
2463039,6级山贼,6,109,12,"大量资源,有宝箱,一些宝物,",386,974,1059;1059,3,弓弩;步兵,樊香蝶:轻步兵x854 | 满楠韦:轻步兵x859 | 和专虞:强弩兵x1259,108,12
2466772,8级山贼,8,109,15,"大批资源,",919,2623,,4,战车;骑兵,樊圆:重弩车x339 | 骆果:轻骑兵x1129 | 都鸥:轻骑兵x1279 | 席翠:投石车x1096,108,12
2468576,3级山贼,3,109,17,"很多资源,有装备,",157,393,,1,步兵,洪冠:民兵x817,108,12
2468391,7级山贼,7,109,19,"大批资源,",699,1627,,3,弓弩;步兵;骑兵,乌我今:铁骑兵x860 | 周禹尔:弓兵x505 | 何雯:轻步兵x1253,108,18
2468688,2级山贼,2,109,21,"许多资源,",94,208,,1,步兵,融望峻:民兵x270,108,18
2469230,6级山贼,6,109,22,"大量资源,",398,950,,3,弓弩;骑兵,徐贤:铁骑兵x556 | 顾捷:弓兵x376 | 胡母惬兆:铁骑兵x658,108,18
2469387,9级山贼,9,109,23,"大批资源,有宝箱,一些宝物,",1427,4244,1074;1793,4,战车;骑兵,乜适:投石车x1306 | 毕卿真:重弩车x435 | 简仙:骁骑兵x947 | 乔实雯:骁骑兵x914,108,18
2467273,7级山贼,7,109,24,"大批资源,有宝箱,",546,1436,14849,3,弓弩;骑兵,米涆:强弩兵x1694 | 那霁彩:铁骑兵x825 | 龚析:弓兵x566,108,24
2469784,7级山贼,7,109,26,"大批资源,有宝箱,",645,1402,13569,3,弓弩;步兵;骑兵,谢大:弓兵x559 | 邵力:轻步兵x1168 | 尹怀:铁骑兵x869,108,24
2465816,9级山贼,9,109,27,"大批资源,有宝箱,",1664,4005,1793,4,战车;骑兵,相里季:骁骑兵x1001 | 邬凌听:重弩车x530 | 耿月珠:重弩车x520 | 暨彤:骁骑兵x910,108,24
2465428,3级山贼,3,109,28,"很多资源,",148,399,1044,1,步兵,车正卉:民兵x848,108,24
2464670,6级山贼,6,109,30,"大量资源,",309,884,1059;1059,3,弓弩;步兵;骑兵,滑玉骥:轻步兵x925 | 鄂云寄:强弩兵x1136 | 芮喷:铁骑兵x542,108,30
2467183,8级山贼,8,109,31,"大批资源,有宝箱,",1000,2554,,4,战车;骑兵,乔清:骁骑兵x795 | 钮雪萍:投石车x994 | 霍晔:骁骑兵x786 | 平灵:投石车x1079,108,30
2463750,4级山贼,4,109,35,"很多资源,",165,439,,2,步兵,何泽晟:重步兵x531 | 花行宇:重步兵x453,108,30
2467062,9级山贼,9,109,39,"大批资源,",1570,4010,,4,战车;骑兵,庚宁:骁骑兵x1092 | 微生魄勃:投石车x1289 | 蒋蓝:骁骑兵x935 | 习栩:骁骑兵x934,108,36
2468033,4级山贼,4,109,40,"很多资源,",171,421,,2,步兵,丰娥:重步兵x467 | 闻人谷:近卫兵x418,108,36
2469735,8级山贼,8,109,41,"大批资源,",1085,2390,,4,骑兵,邱存:轻骑兵x1150 | 邱海柔:轻骑兵x1199 | 彭鹤:轻骑兵x1196 | 广绪:轻骑兵x1234,108,36
2469385,3级山贼,3,109,43,"许多资源,",148,361,,1,步兵,公西萌双:民兵x878,108,42
2467619,3级山贼,3,109,45,"很多资源,",152,384,1044,1,步兵,祖锦雨:民兵x843,108,42
2467164,2级山贼,2,109,47,"许多资源,",85,208,,1,步兵,廖魁:民兵x300,108,42
2466390,7级山贼,7,109,48,"大批资源,有宝箱,",616,1581,,3,弓弩;步兵;骑兵,羊冉儒:弓兵x596 | 仇贤:铁骑兵x909 | 厍大曼:轻步兵x1217,108,48
2466766,6级山贼,6,109,49,"大量资源,",313,961,1059,3,步兵;骑兵,陈志钧:轻步兵x882 | 宓楚益:铁骑兵x623 | 容笛:铁骑兵x630,108,48
2464058,8级山贼,8,109,50,"大批资源,",1048,2708,1069,4,战车;骑兵,璩方:投石车x919 | 羿芹:轻骑兵x1180 | 茅美璐:骁骑兵x757 | 廉凌沛:重弩车x358,108,48
2469710,2级山贼,2,109,51,"许多资源,有装备,",90,224,16777217,1,步兵,费发:民兵x282,108,48
2464168,1级山贼,1,109,52,"一些资源,",50,117,,1,步兵,包涵:民兵x154,108,48
2463804,8级山贼,8,109,53,"大批资源,有装备,",1038,2730,,4,战车;骑兵,段俊子:投石车x909 | 充馨:重弩车x351 | 厉荫:投石车x1091 | 顾馨:骁骑兵x779,108,48
2467586,10级山贼,10,110,8,"大批资源,有宝箱,",2171,4960,1084,5,弓弩;战车;骑兵,赫连友金:弩车x238 | 龙莹:骁骑兵x1734 | 戈芮艺:弩骑兵x2006 | 池畅吟:弩骑兵x2170 | 羿邪珍:骁骑兵x1807,108,6
2462992,4级山贼,4,110,9,"很多资源,有装备,",169,488,,2,步兵,卓杉琪:近卫兵x394 | 郭闻:近卫兵x371,108,6
2463884,10级山贼,10,110,12,"大批资源,有宝箱,",2143,5027,1084;1793,5,弓弩;战车,臧倩:重弩车x826 | 贺颖:弩骑兵x2076 | 高舟益:弩骑兵x1881 | 经芮:弩骑兵x2079 | 松昶豇:弩车x241,108,12
2463710,10级山贼,10,110,13,"大批资源,一些宝物,",1882,4518,1084;1083,5,弓弩;战车;骑兵,郭琦宾:骁骑兵x1706 | 井冷嫒:弩骑兵x1953 | 马儿:投石车x2166 | 韩甫:弩骑兵x1861 | 陈小秀:弩骑兵x2175,108,12
2463023,4级山贼,4,110,18,"很多资源,",156,444,,2,步兵,籍伯:民兵x1207 | 时欣:近卫兵x395,108,18
2467167,3级山贼,3,110,19,"很多资源,",158,380,,1,步兵,车正清华:民兵x833,108,18
2464848,4级山贼,4,110,20,"很多资源,",164,478,1049,2,步兵,茅彬桂:重步兵x514 | 陈自华:民兵x1142,108,18
2463947,5级山贼,5,110,24,"很多资源,",270,670,,2,弓弩;骑兵,巢悌:强弩兵x812 | 王吉:铁骑兵x352,108,24
2469353,2级山贼,2,110,25,"许多资源,",80,290,1039,1,步兵,叶彤阳:民兵x286,108,24
2464132,3级山贼,3,110,26,"许多资源,",145,342,,1,步兵,龙军澜:民兵x821,108,24
2464191,2级山贼,2,110,32,"许多资源,",96,212,,1,步兵,狄祥:民兵x270,108,30
2464502,7级山贼,7,110,33,"大批资源,",525,1490,,3,步兵;骑兵,别项:轻步兵x1141 | 闵苑:铁骑兵x836 | 习采:轻步兵x1236,108,30
2466572,4级山贼,4,110,37,"很多资源,",154,488,1049,2,步兵,束丹:民兵x1224 | 丛翼慨:民兵x1126,108,36
2465651,9级山贼,9,110,39,"大批资源,有装备,",1583,3888,1074,4,骑兵,明佩:轻骑兵x1789 | 俞潍鹂:骁骑兵x929 | 闵彦:骁骑兵x1028 | 焦畅:骁骑兵x1024,108,36
2463907,1级山贼,1,110,45,"一些资源,",45,147,1034,1,步兵,房志宁:民兵x150,108,42
2467552,2级山贼,2,110,46,"许多资源,有装备,",82,202,16777985,1,步兵,却玮闻:民兵x294,108,42
2464879,4级山贼,4,110,55,"很多资源,",151,490,1049,2,步兵,仲彤化:民兵x1154 | 于成:近卫兵x418,108,54
2465480,1级山贼,1,111,1,"一些资源,",48,119,,1,步兵,昌幻昶:民兵x157,111,0
2464701,6级山贼,6,111,5,"大量资源,有装备,",342,836,1059,3,弓弩;步兵,窦萌范:强弩兵x1036 | 劳永阵:轻步兵x873 | 温杉:轻步兵x783,111,0
2469061,1级山贼,1,111,6,"一些资源,",44,116,,1,步兵,路佑宝:民兵x165,111,6
2469145,7级山贼,7,111,8,"大批资源,有宝箱,",581,1512,,3,弓弩,家忆:强弩兵x1511 | 屠秀霁:强弩兵x1689 | 昝颜:强弩兵x1587,111,6
2465385,6级山贼,6,111,9,"大量资源,有装备,一些宝物,",319,885,4097;16787713,3,步兵;骑兵,毕铃洁:铁骑兵x565 | 巫翠:轻步兵x909 | 毕慈烈:轻步兵x940,111,6
2468904,6级山贼,6,111,10,"大量资源,有宝箱,一些宝物,",347,999,,3,弓弩;步兵,璩滨:强弩兵x1145 | 陆晋玥:强弩兵x1144 | 钟焕瑜:轻步兵x866,111,6
2467141,1级山贼,1,111,15,"一些资源,",54,103,,1,步兵,孔冷:民兵x161,111,12
2465508,3级山贼,3,111,17,"许多资源,",140,301,,1,步兵,吴之:民兵x809,111,12
2465293,5级山贼,5,111,18,"大量资源,",274,725,1054,2,骑兵,夏光:铁骑兵x350 | 牛迈从:铁骑兵x340,111,18
2465198,9级山贼,9,111,19,"大批资源,有宝箱,",1792,3856,1074,4,战车;骑兵,柏喷懿:骁骑兵x932 | 边弘:投石车x1382 | 余仲友:投石车x1373 | 吴谊臣:轻骑兵x1495,111,18
2467550,8级山贼,8,111,20,"大批资源,有宝箱,",913,2514,,4,骑兵,郭方葱:轻骑兵x1215 | 魏纵超:骁骑兵x796 | 公良鸣:骁骑兵x765 | 鞠载:轻骑兵x1216,111,18
2469219,6级山贼,6,111,22,"大量资源,",363,958,,3,弓弩;步兵;骑兵,孙醒梅:轻步兵x835 | 简豆蓝:铁骑兵x655 | 纪彦烨:强弩兵x1293,111,18
2465121,4级山贼,4,111,25,"很多资源,",152,461,,2,步兵,杜昶路:重步兵x466 | 钟霜:近卫兵x374,111,24
2466112,4级山贼,4,111,27,"很多资源,",173,498,1049,2,步兵,轩辕熏:民兵x1251 | 邴勤:近卫兵x387,111,24
2467507,10级山贼,10,111,28,"大批资源,有宝箱,一些宝物,",2121,5213,,5,弓弩;战车;骑兵,姚禹幼:弩骑兵x2000 | 董茵书:弩骑兵x1822 | 惠致钊:骁骑兵x1707 | 仰翰涤:投石车x2110 | 咸忆:骁骑兵x1864,111,24
2466036,2级山贼,2,111,29,"许多资源,",80,259,,1,步兵,步瑶:民兵x310,111,24
2465889,8级山贼,8,111,31,"大批资源,",1024,2557,1069;1065,4,战车;骑兵,常鲸:骁骑兵x742 | 江尚问:重弩车x373 | 赫连邃:重弩车x332 | 冷晖友:轻骑兵x1191,111,30
2469854,10级山贼,10,111,34,"大批资源,有宝箱,一些宝物,",1832,5409,1078;1077;1079,5,弓弩;战车;骑兵,包菱尔:投石车x1993 | 管赋:骁骑兵x1728 | 毕荷:弩骑兵x1942 | 湛希:骁骑兵x1895 | 余斯桢:弩骑兵x2147,111,30
2468419,6级山贼,6,111,37,"大量资源,",366,823,,3,弓弩;步兵,干谊:弓兵x340 | 水顺:轻步兵x931 | 曹奕涤:轻步兵x932,108,36
2465272,5级山贼,5,111,38,"很多资源,有装备,",263,602,1054,2,步兵;骑兵,容策钧:铁骑兵x330 | 曹祈芬:轻步兵x550,111,36
2465159,8级山贼,8,111,39,"大批资源,有宝箱,有装备,",1055,2747,1793,4,战车;骑兵,马葱平:骁骑兵x682 | 万茗斯:轻骑兵x1298 | 施壮柏:轻骑兵x1130 | 干强:投石车x927,111,36
2465778,6级山贼,6,111,40,"大量资源,",320,900,,3,弓弩;步兵,于羽:强弩兵x1281 | 甄澜:轻步兵x885 | 微生淑:强弩兵x1288,111,36
2467319,7级山贼,7,111,41,"大批资源,",517,1599,,3,弓弩;步兵,葛幻:弓兵x507 | 籍闻彬:轻步兵x1172 | 红畅赐:强弩兵x1627,111,36
2468784,3级山贼,3,111,43,"很多资源,",159,387,,1,步兵,融楚:民兵x869,111,42
2466959,9级山贼,9,111,44,"大批资源,",1675,4381,1074,4,战车;骑兵,戚适:投石车x1342 | 乐瑜珍:骁骑兵x1022 | 昝咏:骁骑兵x917 | 璩烟笑:骁骑兵x1029,111,42
2464623,6级山贼,6,111,45,"大量资源,有宝箱,",357,863,,3,弓弩;步兵;骑兵,姜萌勤:强弩兵x1026 | 印栩:轻步兵x867 | 堵烁皓:铁骑兵x653,111,42
2463659,10级山贼,10,111,47,"大批资源,有宝箱,",2187,5027,,5,弓弩;战车;骑兵,上官访:投石车x2051 | 乔郁清:弩车x230 | 艾涵姮:骁骑兵x1886 | 关量:弩骑兵x1835 | 上官竹长:弩骑兵x2168,111,42
2469239,8级山贼,8,111,48,"大批资源,",946,2518,1069,4,战车;骑兵,马从:投石车x1031 | 那问:骁骑兵x750 | 殴实:投石车x1034 | 慕识好:骁骑兵x798,111,48
2464192,9级山贼,9,111,49,"大批资源,有宝箱,",1457,4273,,4,战车;骑兵,相里涵以:重弩车x440 | 耿皓容:投石车x1323 | 鲁宇:投石车x1279 | 荆笑悦:骁骑兵x1063,111,48
2468816,10级山贼,10,111,50,"大批资源,有宝箱,",2074,4534,1082;1076,5,弓弩;战车;骑兵,张蕊:骁骑兵x1714 | 万纶滨:投石车x2171 | 瞿千:弩骑兵x2041 | 咸依兰:弩骑兵x1837 | 戈萍彤:弩骑兵x2157,111,48
2463420,10级山贼,10,111,51,"大批资源,有宝箱,一些宝物,",1981,5385,1081;1084,5,弓弩;战车,丛化:重弩车x736 | 厍熙:弩骑兵x1919 | 封南颖:弩骑兵x1939 | 费岚:弩骑兵x1903 | 卓阳潍:重弩车x689,111,48
2469633,1级山贼,1,111,52,"一些资源,",47,107,,1,步兵,隆祺:民兵x155,111,48
2464291,8级山贼,8,111,53,"大批资源,有宝箱,",978,2310,1793,4,战车;骑兵,连希大:投石车x920 | 田楠:骁骑兵x670 | 钟烁:轻骑兵x1247 | 卞时:重弩车x340,111,48
2469115,9级山贼,9,111,54,"大批资源,有装备,一些宝物,",1543,4177,1071,4,战车;骑兵,宓实自:投石车x1208 | 邢懋齐:骁骑兵x1021 | 常群:投石车x1312 | 充人:骁骑兵x1039,111,54
2468965,9级山贼,9,111,55,"大批资源,一些宝物,",1517,4197,29441,4,战车;骑兵,郗卫拔:骁骑兵x1073 | 宓映:投石车x1235 | 彭韵:骁骑兵x1011 | 费郁:轻骑兵x1453,111,54
2464048,3级山贼,3,112,0,"许多资源,",147,325,1044,1,步兵,卜土:民兵x845,111,0
2467737,6级山贼,6,112,3,"大量资源,有宝箱,一些宝物,",363,995,13569,3,步兵;骑兵,郁歌:铁骑兵x545 | 巫巧青:铁骑兵x581 | 东武:轻步兵x839,111,0
2465963,5级山贼,5,112,4,"很多资源,",266,611,,2,弓弩,席铃语:强弩兵x726 | 李爽:强弩兵x769,111,0
2467365,1级山贼,1,112,5,"一些资源,",55,119,,1,步兵,殳卿:民兵x142,111,0
2469011,7级山贼,7,112,8,"大批资源,有装备,",543,1546,,3,弓弩;骑兵,西门莫:弓兵x520 | 崔吉晶:铁骑兵x770 | 梅宾:强弩兵x1450,111,6
2466473,10级山贼,10,112,11,"大批资源,",2017,5042,1084,5,弓弩;战车;骑兵,贝曦鑫:骁骑兵x1900 | 廖修:重弩车x695 | 段洁土:重弩车x723 | 丁旭:弩骑兵x1908 | 薛涉文:弩车x258,111,6
2463480,5级山贼,5,112,14,"大量资源,",278,788,,2,弓弩;骑兵,相里沁:强弩兵x733 | 鞠全:铁骑兵x363,111,12
2469262,6级山贼,6,112,15,"大量资源,有宝箱,一些宝物,",352,859,1059;13570,3,骑兵,于魁:铁骑兵x651 | 牛娥:铁骑兵x633 | 却瑞:铁骑兵x653,111,12
2466979,5级山贼,5,112,18,"大量资源,",269,787,1054,2,弓弩;步兵,蓝博:弓兵x229 | 屈懋载:轻步兵x507,111,18
2465355,1级山贼,1,112,19,"一些资源,",57,143,1034,1,步兵,洪越航:民兵x139,111,18
2468178,1级山贼,1,112,20,"一些资源,",59,123,,1,步兵,连典志:民兵x165,111,18
2468517,7级山贼,7,112,21,"大批资源,有宝箱,",562,1540,14849;14849,3,步兵;骑兵,相里资:铁骑兵x872 | 谭湃:轻步兵x1140 | 庚兆:铁骑兵x930,111,18
2466332,7级山贼,7,112,22,"大批资源,一些宝物,",642,1600,,3,弓弩;步兵,武天清:轻步兵x1252 | 关艾瑜:弓兵x580 | 逄奕栩:弓兵x539,111,18
2467498,2级山贼,2,112,24,"许多资源,",99,268,1039,1,步兵,干奇:民兵x330,111,24
2467002,6级山贼,6,112,25,"大量资源,一些宝物,",300,861,1059,3,步兵;骑兵,仰荫:铁骑兵x550 | 谢邪程:铁骑兵x626 | 夔夏婕:轻步兵x822,111,24
2467798,5级山贼,5,112,26,"很多资源,一些宝物,",277,755,4097,2,骑兵,席冉茵:铁骑兵x332 | 庄自玥:铁骑兵x350,111,24
2468080,2级山贼,2,112,29,"许多资源,",92,223,,1,步兵,齐常赐:民兵x278,111,24
2468386,8级山贼,8,112,32,"大批资源,",924,2546,,4,战车;骑兵,吴芮:轻骑兵x1164 | 陶云:投石车x1069 | 易璧悦:投石车x1068 | 栾墨童:轻骑兵x1292,111,30
2465795,7级山贼,7,112,33,"大批资源,有装备,",625,1649,16779521,3,步兵;骑兵,崔怜:轻步兵x1250 | 司空义:铁骑兵x891 | 霍青若:轻步兵x1118,111,30
2466762,6级山贼,6,112,34,"大量资源,",388,969,1059;1056,3,步兵;骑兵,孙秉厚:轻步兵x775 | 籍凡:铁骑兵x541 | 司马怡:铁骑兵x593,111,30
2468179,8级山贼,8,112,35,"大批资源,有宝箱,有装备,",1059,2497,1069,4,战车;骑兵,翟儿郎:骁骑兵x680 | 裴琦恩:投石车x933 | 封佩化:轻骑兵x1222 | 吕瑞彦:投石车x1063,111,30
2464447,1级山贼,1,112,36,"一些资源,",53,120,,1,步兵,东方问:民兵x148,111,36
2467866,4级山贼,4,112,37,"很多资源,",177,430,,2,步兵,单穹曦:重步兵x505 | 凌儿利:重步兵x467,111,36
2469761,6级山贼,6,112,38,"大量资源,",392,986,,3,弓弩;步兵,邢艺禹:强弩兵x1192 | 武真凝:轻步兵x874 | 储驰文:轻步兵x901,111,36
2467231,10级山贼,10,112,42,"大批资源,有宝箱,",2068,4997,1081,5,弓弩;战车;骑兵,钭昶:骁骑兵x1834 | 别红寄:骁骑兵x1703 | 狄适怡:重弩车x813 | 梁丘致心:弩车x245 | 羿铃:弩骑兵x2164,111,42
2467129,2级山贼,2,112,44,"许多资源,",88,268,,1,步兵,寿祖:民兵x323,111,42
2466021,1级山贼,1,112,46,"一些资源,",56,106,,1,步兵,骆麟:民兵x158,111,42
2469576,1级山贼,1,112,52,"一些资源,有装备,",54,114,,1,步兵,吴轩:民兵x163,111,48
2466092,10级山贼,10,112,54,"大批资源,有宝箱,有装备,一些宝物,",1982,4548,1081;1084;1084,5,弓弩;战车;骑兵,廖旋翊:重弩车x713 | 赵韦:弩骑兵x1978 | 柳旋永:重弩车x690 | 桂黎:投石车x2120 | 仇颜:骁骑兵x1708,111,54
2467696,9级山贼,9,112,55,"大批资源,",1513,4050,,4,战车;骑兵,融觅:轻骑兵x1605 | 武和:重弩车x487 | 甄乐:轻骑兵x1411 | 南宫如熙:骁骑兵x1098,111,54
2463326,2级山贼,2,113,2,"许多资源,",99,262,,1,步兵,欧阳鹂:民兵x270,111,0
2467239,7级山贼,7,113,6,"大批资源,有装备,",570,1506,1064,3,弓弩;步兵;骑兵,胡母旎珍:铁骑兵x807 | 冀淼:轻步兵x1144 | 殳懿怿:强弩兵x1487,111,6
2465657,7级山贼,7,113,7,"大批资源,",660,1635,1064,3,步兵;骑兵,羿意:铁骑兵x873 | 常锵越:轻步兵x1130 | 宇文怀:铁骑兵x939,111,6
2469304,10级山贼,10,113,12,"大批资源,有宝箱,有装备,",1954,5368,1084;1077;1084;16785665,5,弓弩;战车;骑兵,莘若顺:骁骑兵x1858 | 傅琛:弩骑兵x1950 | 谈忆:重弩车x672 | 广偲云:投石车x2163 | 阙问:投石车x1888,111,12
2467967,4级山贼,4,113,13,"很多资源,",162,415,,2,步兵,柳曦:重步兵x513 | 向曦:重步兵x459,111,12
2467121,7级山贼,7,113,14,"大批资源,有宝箱,有装备,",522,1523,14849,3,弓弩;步兵,段果芬:轻步兵x1256 | 余悦彩:弓兵x509 | 昝光谷:弓兵x512,111,12
2464854,5级山贼,5,113,30,"大量资源,",282,784,,2,步兵,周畴:轻步兵x505 | 濮怡宁:轻步兵x505,111,30
2466593,7级山贼,7,113,31,"大批资源,有宝箱,",543,1670,,3,步兵;骑兵,宁山:轻步兵x1190 | 满宾黛:轻步兵x1259 | 倪颜虞:铁骑兵x827,111,30
2468232,1级山贼,1,113,32,"一些资源,",46,115,,1,步兵,单于蕴:民兵x148,111,30
2468909,6级山贼,6,113,33,"大量资源,",397,951,,3,弓弩;骑兵,濮阳实柔:弓兵x396 | 姜颖:铁骑兵x573 | 仰格:铁骑兵x593,111,30
2466550,3级山贼,3,113,34,"许多资源,",140,344,,1,步兵,濮阳悌:民兵x840,111,30
2466735,7级山贼,7,113,43,"大批资源,有宝箱,",504,1501,,3,步兵;骑兵,封秀:铁骑兵x929 | 慕容斯:铁骑兵x806 | 薛霁:轻步兵x1254,111,42
2463833,1级山贼,1,113,44,"一些资源,",55,118,1034,1,步兵,相里书:民兵x145,111,42
2464841,7级山贼,7,113,49,"大批资源,有装备,",518,1488,1060,3,弓弩;步兵,党熙松:弓兵x523 | 苗漫:强弩兵x1713 | 魏楠北:轻步兵x1108,111,48
2467937,1级山贼,1,113,50,"一些资源,",49,127,,1,步兵,巴识霓:民兵x165,111,48
2467707,9级山贼,9,113,51,"大批资源,一些宝物,",1547,3771,1064;1074,4,骑兵,诸平语:骁骑兵x1070 | 刘舟:骁骑兵x1078 | 农仙幻:骁骑兵x1087 | 苗悟:骁骑兵x1074,111,48
2466489,9级山贼,9,113,53,"大批资源,有宝箱,一些宝物,",1799,4073,1065;29441,4,战车;骑兵,徐桢唱:投石车x1304 | 虞幻:轻骑兵x1455 | 贡邪:投石车x1396 | 浦怀槐:轻骑兵x1553,111,48
2469047,1级山贼,1,113,54,"一些资源,",55,126,,1,步兵,韩瑞:民兵x157,111,54
2463526,6级山贼,6,114,0,"大量资源,有宝箱,一些宝物,",341,847,14849,3,弓弩;骑兵,闻松:铁骑兵x565 | 栾风:强弩兵x1169 | 周宁:铁骑兵x644,114,0
2466149,2级山贼,2,114,1,"许多资源,",98,292,,1,步兵,毛无:民兵x274,114,0
2465741,3级山贼,3,114,2,"很多资源,",159,400,,1,步兵,公西醉:民兵x884,114,0
2465502,6级山贼,6,114,3,"大量资源,有宝箱,",386,967,1059,3,弓弩;步兵;骑兵,伊澜季:铁骑兵x587 | 柯祈彤:弓兵x387 | 解龙阵:轻步兵x900,114,0
2465405,1级山贼,1,114,4,"一些资源,",59,115,,1,步兵,司徒向:民兵x155,114,0
2468863,8级山贼,8,114,7,"大批资源,有宝箱,有装备,",1043,2735,1068,4,战车;骑兵,索星舟:轻骑兵x1160 | 林栋豇:骁骑兵x700 | 经怡茗:投石车x934 | 厉霜馨:重弩车x358,114,6
2465245,3级山贼,3,114,10,"很多资源,",154,381,,1,步兵,云景:民兵x784,114,6
2465914,2级山贼,2,114,11,"许多资源,",86,221,,1,步兵,雷桃依:民兵x293,114,6
2466879,6级山贼,6,114,12,"大量资源,",400,937,,3,弓弩;骑兵,荀常邈:铁骑兵x547 | 刁中:强弩兵x1207 | 步容:弓兵x397,114,12
2464759,4级山贼,4,114,13,"很多资源,",176,470,,2,步兵,甄基典:近卫兵x345 | 师怡识:近卫兵x378,114,12
2468929,2级山贼,2,114,15,"许多资源,",87,259,,1,步兵,蒲家:民兵x308,114,12
2464406,3级山贼,3,114,17,"许多资源,",147,352,,1,步兵,毋厚名:民兵x830,114,12
2466598,1级山贼,1,114,19,"一些资源,有装备,",59,136,,1,步兵,申怜:民兵x145,114,18
2465100,2级山贼,2,114,21,"许多资源,",83,255,,1,步兵,霍楠:民兵x295,114,18
2465023,5级山贼,5,114,24,"很多资源,有宝箱,",268,708,,2,骑兵,羊迈豪:铁骑兵x377 | 和珺慈:铁骑兵x376,114,24
2469207,9级山贼,9,114,26,"大批资源,有宝箱,",1414,3985,1793,4,战车;骑兵,都怡闻:投石车x1321 | 毋怡信:投石车x1359 | 湛楠:骁骑兵x1008 | 宁宛悦:骁骑兵x954,114,24
2468418,4级山贼,4,114,27,"很多资源,",167,491,,2,步兵,冉芬:民兵x1128 | 司空柏:重步兵x519,114,24
2465470,4级山贼,4,114,28,"很多资源,有装备,",152,407,,2,步兵,宋瑶:近卫兵x373 | 羿懿:近卫兵x346,114,24
2469375,5级山贼,5,114,29,"很多资源,",250,750,1054,2,弓弩;步兵,赫连籁琴:轻步兵x452 | 訾澜:强弩兵x782,114,24
2468725,4级山贼,4,114,30,"很多资源,",158,403,1047,2,步兵,程柔:近卫兵x402 | 耿宕澹:近卫兵x356,114,30
2464398,9级山贼,9,114,31,"大批资源,",1756,3710,,4,战车;骑兵,蔚荣:投石车x1392 | 满慈岚:轻骑兵x1622 | 麻思:投石车x1217 | 单于尘:骁骑兵x994,114,30
2466837,6级山贼,6,114,32,"大量资源,有宝箱,",394,877,13570,3,弓弩;步兵;骑兵,梅然:轻步兵x781 | 卜黛诩:强弩兵x1161 | 卓菱:铁骑兵x647,114,30
2464243,4级山贼,4,114,33,"很多资源,有宝箱,",164,491,13569,2,步兵,禄柏利:重步兵x500 | 陶仙:近卫兵x400,114,30
2464881,10级山贼,10,114,35,"大批资源,有宝箱,一些宝物,",2007,4792,3074;1084;1075,5,骑兵,慕存懋:骁骑兵x1801 | 尹空幻:骁骑兵x1729 | 廖存禧:骁骑兵x1716 | 丁适迎:骁骑兵x1874 | 花慕:骁骑兵x1800,114,30
2468324,10级山贼,10,114,37,"大批资源,有宝箱,一些宝物,",1905,5312,1793,5,弓弩;战车;骑兵,晏雅:重弩车x719 | 易艺玉:骁骑兵x1980 | 劳博:投石车x1910 | 贾幻岚:弩骑兵x1918 | 葛真:骁骑兵x1756,114,36
2468149,6级山贼,6,114,39,"大量资源,有宝箱,",328,967,,3,弓弩;步兵;骑兵,桂莲珠:轻步兵x844 | 姜馨:铁骑兵x561 | 项璐:强弩兵x1251,114,36
2463551,8级山贼,8,114,42,"大批资源,一些宝物,",1075,2487,1069,4,战车;骑兵,宫秋瑾:骁骑兵x683 | 弘元:骁骑兵x705 | 梁丰懿:投石车x981 | 蓬向珍:重弩车x336,114,42
2466737,6级山贼,6,114,43,"大量资源,有装备,",348,901,16787713,3,弓弩;步兵,范我锐:轻步兵x790 | 岑沛怜:轻步兵x886 | 牛胤:强弩兵x1286,114,42
2468846,4级山贼,4,114,45,"很多资源,",163,498,,2,步兵,暨敬:重步兵x517 | 冉寻:民兵x1143,114,42
2463426,2级山贼,2,114,46,"许多资源,有装备,",85,248,,1,步兵,公羊幻:民兵x315,114,42
2469080,2级山贼,2,114,48,"许多资源,",88,295,1039,1,步兵,华双:民兵x293,114,48
2464271,10级山贼,10,114,49,"大批资源,一些宝物,",2193,5416,1080;1084,5,弓弩;战车,慕恒空:重弩车x796 | 陈秋:弩骑兵x2110 | 经元颖:弩骑兵x1984 | 鱼倩:弩骑兵x2025 | 巫纶致:弩骑兵x2016,114,48
2463900,5级山贼,5,114,50,"大量资源,",281,775,,2,骑兵,郦实边:铁骑兵x378 | 闻人勤:铁骑兵x378,114,48
2463391,5级山贼,5,114,53,"很多资源,",288,666,,2,骑兵,史觅芬:铁骑兵x375 | 鄂红忆:铁骑兵x345,114,48
2465110,8级山贼,8,114,54,"大批资源,有宝箱,",1044,2635,,4,战车;骑兵,苏气树:投石车x900 | 宇文楚:投石车x1068 | 张向芮:投石车x944 | 皇甫懋懿:骁骑兵x797,114,54
2465634,10级山贼,10,114,55,"大批资源,有宝箱,",1999,5295,1084;1084,5,弓弩;战车;骑兵,陈格邈:弩骑兵x2142 | 殴人适:弩车x251 | 滑贞蝶:弩骑兵x2021 | 谭齐:骁骑兵x1744 | 越彤澜:弩骑兵x1940,114,54
2466456,5级山贼,5,115,0,"很多资源,有装备,",270,791,,2,弓弩,文含语:强弩兵x867 | 花艺诗:强弩兵x866,114,0
2468094,3级山贼,3,115,1,"许多资源,",155,332,,1,步兵,宫柏昂:民兵x783,114,0
2467762,9级山贼,9,115,3,"大批资源,一些宝物,",1408,3732,,4,战车;骑兵,冀默霁:投石车x1243 | 厍岑光:骁骑兵x937 | 蒋业:骁骑兵x1085 | 韦蓉沁:投石车x1379,114,0
2468566,1级山贼,1,115,5,"一些资源,",46,129,,1,步兵,西门魂璐:民兵x153,114,0
2463877,2级山贼,2,115,6,"许多资源,",87,237,,1,步兵,寿桃路:民兵x301,114,6
2466074,3级山贼,3,115,8,"很多资源,",158,376,1044,1,步兵,齐骄:民兵x893,114,6
2463245,4级山贼,4,115,9,"很多资源,",155,492,,2,步兵,荆滨:近卫兵x342 | 庄琦昂:重步兵x480,114,6
2465418,8级山贼,8,115,10,"大批资源,",904,2283,,4,战车;骑兵,茅鑫佑:投石车x1000 | 胥翊:骁骑兵x801 | 郏祺:骁骑兵x717 | 邬慈:轻骑兵x1103,114,6
2467626,10级山贼,10,115,13,"大批资源,有宝箱,一些宝物,",2152,5435,1084,5,弓弩;战车;骑兵,国赐豫:弩车x225 | 邹冷:骁骑兵x1816 | 柴茜美:弩骑兵x1979 | 喻兆民:弩车x206 | 全年钊:弩骑兵x1869,114,12
2463449,5级山贼,5,115,15,"大量资源,",290,650,,2,骑兵,靳晋:铁骑兵x322 | 瞿城:铁骑兵x365,114,12
2463577,4级山贼,4,115,17,"很多资源,有宝箱,",163,433,,2,步兵,郜豆:近卫兵x399 | 茅齐悟:重步兵x541,114,12
2467201,9级山贼,9,115,20,"大批资源,一些宝物,",1697,3851,,4,战车,凤展怡:投石车x1231 | 郁珺:投石车x1238 | 晏虹:重弩车x491 | 支谷:重弩车x466,114,18
2467332,10级山贼,10,115,21,"大批资源,一些宝物,",2169,5474,1084;1084,5,弓弩;骑兵,令狐桂泰:骁骑兵x1931 | 黎娇:弩骑兵x2120 | 薄今:骁骑兵x1617 | 董基:骁骑兵x1793 | 荀析力:弩骑兵x1927,114,18
2464600,3级山贼,3,115,23,"许多资源,",144,310,,1,步兵,何识锦:民兵x783,114,18
2468107,3级山贼,3,115,24,"许多资源,",160,361,,1,步兵,尤谨雯:民兵x816,114,24
2466263,7级山贼,7,115,26,"大批资源,有宝箱,",560,1586,14849,3,弓弩;步兵,申宁笛:弓兵x570 | 芮彤翮:轻步兵x1116 | 史彩:轻步兵x1130,114,24
2465997,6级山贼,6,115,29,"大量资源,一些宝物,",308,859,4097,3,弓弩;步兵,匡觅以:轻步兵x861 | 樊柏芙:轻步兵x892 | 李娇:弓兵x349,114,24
2468996,5级山贼,5,115,32,"很多资源,",284,676,,2,步兵;骑兵,谈栩:轻步兵x468 | 湛晗淑:铁骑兵x342,114,30
2467373,5级山贼,5,115,33,"很多资源,有宝箱,",257,667,13569,2,骑兵,支恩葱:铁骑兵x337 | 席雁翊:铁骑兵x348,114,30
2466759,2级山贼,2,115,34,"许多资源,",80,266,1039,1,步兵,慕越季:民兵x275,114,30
2469039,2级山贼,2,115,40,"许多资源,",85,217,,1,步兵,侯琛悌:民兵x281,114,36
2467290,8级山贼,8,115,43,"大批资源,有宝箱,",904,2697,,4,战车;骑兵,慎璧玟:轻骑兵x1224 | 邴馨:重弩车x367 | 霍蓄:轻骑兵x1146 | 钟真:投石车x1058,114,42
2467401,6级山贼,6,115,45,"大量资源,有宝箱,",392,881,1059,3,弓弩;步兵,魏平:强弩兵x1042 | 平龙理:轻步兵x884 | 司赋昭:轻步兵x850,114,42
2465345,7级山贼,7,115,49,"大批资源,有宝箱,",550,1439,1064;1064,3,弓弩,巢楠:弓兵x562 | 任卓:强弩兵x1580 | 饶听:弓兵x597,114,48
2469549,4级山贼,4,115,50,"很多资源,",169,495,,2,步兵,伊蓄今:近卫兵x385 | 司悦:近卫兵x352,114,48
2469789,9级山贼,9,115,51,"大批资源,有宝箱,",1576,3894,1074,4,战车;骑兵,滑薄:轻骑兵x1713 | 倪旭:投石车x1337 | 匡绮悟:轻骑兵x1655 | 惠曦:骁骑兵x1052,114,48
2469589,7级山贼,7,115,53,"大批资源,有宝箱,",661,1642,1064,3,弓弩;步兵,高曲栩:强弩兵x1621 | 朱才湛:强弩兵x1674 | 水问初:轻步兵x1270,114,48
2464253,9级山贼,9,116,0,"大批资源,有宝箱,一些宝物,",1778,3739,,4,战车;骑兵,山之:骁骑兵x1030 | 缪大:投石车x1212 | 沙望:骁骑兵x911 | 蔺锐鹏:轻骑兵x1418,114,0
2468194,7级山贼,7,116,14,"大批资源,有宝箱,一些宝物,",624,1475,1064,3,弓弩;步兵,夏程希:强弩兵x1480 | 席浦:轻步兵x1174 | 席大:强弩兵x1593,114,12
2467833,1级山贼,1,116,16,"一些资源,",49,138,,1,步兵,计适盛:民兵x149,114,12
2469177,4级山贼,4,116,17,"很多资源,",171,420,,2,步兵,慕彤之:近卫兵x377 | 宁唱闻:近卫兵x388,114,12
2466081,5级山贼,5,116,20,"大量资源,有宝箱,",291,729,,2,弓弩;骑兵,何好:强弩兵x786 | 皇甫然:铁骑兵x346,114,18
2468440,2级山贼,2,116,22,"许多资源,",81,283,,1,步兵,刁桢默:民兵x280,114,18
2467545,4级山贼,4,116,26,"很多资源,",166,466,1043,2,步兵,戈简周:重步兵x464 | 利瑞:近卫兵x420,114,24
2465701,9级山贼,9,116,31,"大批资源,有宝箱,一些宝物,",1647,4062,,4,战车;骑兵,房鹂慕:重弩车x519 | 席菱:骁骑兵x1078 | 倪宾杉:骁骑兵x1048 | 余代格:骁骑兵x1073,114,30
2467731,10级山贼,10,116,33,"大批资源,有宝箱,一些宝物,",1933,4954,1793;1793;1793,5,弓弩;战车,余和儿:弩骑兵x2147 | 沈锖:弩骑兵x1901 | 薄用:弩车x201 | 曲芮:投石车x2056 | 申屠家:重弩车x809,114,30
2469753,6级山贼,6,116,34,"大量资源,有宝箱,",363,859,1059,3,弓弩,甄韵源:弓兵x342 | 管初凝:强弩兵x1037 | 别瑜萍:弓兵x403,114,30
2468113,3级山贼,3,116,36,"许多资源,",154,322,,1,步兵,查尚:民兵x794,114,36
2466858,9级山贼,9,116,39,"大批资源,",1561,4298,,4,战车;骑兵,钟籁:骁骑兵x983 | 顾颜海:投石车x1239 | 荣晓:重弩车x529 | 蔺山:轻骑兵x1492,114,36
2465210,7级山贼,7,116,41,"大批资源,有宝箱,",505,1579,13570,3,弓弩;骑兵,车正凡:强弩兵x1761 | 暨映:铁骑兵x887 | 叶萌和:铁骑兵x924,114,36
2469571,5级山贼,5,116,43,"很多资源,有装备,",254,741,1054,2,骑兵,宗政茗:铁骑兵x335 | 成楠然:铁骑兵x345,114,42
2463596,6级山贼,6,116,44,"大量资源,",395,977,1059,3,弓弩;骑兵,祁玥:弓兵x416 | 巫骄妙:弓兵x361 | 贡修:铁骑兵x629,114,42
2466225,6级山贼,6,116,48,"大量资源,有宝箱,一些宝物,",383,892,,3,弓弩,钭霓松:强弩兵x1085 | 阚谊:强弩兵x1292 | 台真:强弩兵x1235,114,48
2465243,3级山贼,3,116,50,"许多资源,",154,363,1040,1,步兵,阎柏:民兵x812,114,48
2469045,5级山贼,5,116,52,"很多资源,有宝箱,一些宝物,",275,684,4097,2,步兵,管怡真:轻步兵x525 | 平雯:轻步兵x507,114,48
2464744,4级山贼,4,116,53,"很多资源,",169,461,,2,步兵,栾洽:重步兵x492 | 慕时:重步兵x540,114,48
2467617,7级山贼,7,116,54,"大批资源,有宝箱,",597,1443,1064,3,弓弩;骑兵,敖蕊:铁骑兵x763 | 席念:弓兵x560 | 尚丹彤:弓兵x519,114,54
2463440,5级山贼,5,117,2,"很多资源,",300,756,,2,弓弩,后赋书:强弩兵x802 | 孔理亦:强弩兵x844,117,0
2465196,1级山贼,1,117,3,"一些资源,",48,119,1031,1,步兵,伊大:民兵x143,117,0
2463713,7级山贼,7,117,5,"大批资源,",696,1655,1064;1064,3,弓弩;骑兵,贝晴:强弩兵x1791 | 干达熙:强弩兵x1692 | 奚新:铁骑兵x884,117,0
2468990,1级山贼,1,117,7,"一些资源,有装备,",40,118,1034,1,步兵,昝业:民兵x149,117,6
2463613,10级山贼,10,117,8,"大批资源,有宝箱,一些宝物,",2184,5323,29441,5,弓弩;战车;骑兵,司空尔桂:弩骑兵x2008 | 浦逸:弩骑兵x1940 | 宰昌:骁骑兵x1615 | 程蕾冬:骁骑兵x1830 | 申笑:弩车x240,117,6
2464225,2级山贼,2,117,10,"许多资源,",94,252,,1,步兵,查笑:民兵x324,117,6
2465065,6级山贼,6,117,12,"大量资源,",368,818,1059,3,弓弩,相尚丽:弓兵x404 | 房翊:强弩兵x1138 | 翟昂顺:强弩兵x1259,117,12
2469221,5级山贼,5,117,13,"很多资源,",271,648,,2,弓弩;步兵,越采识:轻步兵x480 | 桂化:强弩兵x849,117,12
2468141,9级山贼,9,117,14,"大批资源,有宝箱,",1736,4011,,4,战车;骑兵,贾行:轻骑兵x1746 | 梁鑫:投石车x1287 | 卞柏:投石车x1343 | 堵发:骁骑兵x1055,117,12
2468569,10级山贼,10,117,15,"大批资源,有宝箱,",2112,4527,,5,弓弩;战车;骑兵,太叔双:骁骑兵x1809 | 郜菡:弩骑兵x2198 | 张家墨:弩骑兵x2147 | 杜亦儿:重弩车x700 | 钟离润:弩骑兵x2000,117,12
2464927,8级山贼,8,117,17,"大批资源,",921,2475,1068,4,骑兵,太叔瑜萱:轻骑兵x1232 | 阙邈:骁骑兵x820 | 陈桃益:骁骑兵x688 | 相夏:轻骑兵x1200,117,12
2465327,8级山贼,8,117,18,"大批资源,有宝箱,",924,2408,1793;1069,4,战车;骑兵,亓官笑:骁骑兵x810 | 国实:重弩车x321 | 聂实与:骁骑兵x822 | 慎鸥懿:轻骑兵x1122,117,18
2466420,3级山贼,3,117,19,"很多资源,",160,386,1044,1,步兵,郑允范:民兵x791,117,18
2467009,8级山贼,8,117,22,"大批资源,",1079,2647,,4,战车,廉人烨:重弩车x375 | 毋听郁:投石车x993 | 鲁禄:重弩车x329 | 夏熏:投石车x1076,117,18
2468510,5级山贼,5,117,30,"大量资源,有装备,",300,667,,2,弓弩,姚玥:强弩兵x838 | 后化顺:强弩兵x776,117,30
2467232,10级山贼,10,117,32,"大批资源,有宝箱,一些宝物,",1909,5276,,5,弓弩;战车;骑兵,包家:骁骑兵x1721 | 劳牙尝:弩骑兵x2131 | 冷火:骁骑兵x1793 | 桂苑鹂:投石车x1911 | 干晶:弩骑兵x1911,117,30
2469546,1级山贼,1,117,33,"一些资源,",52,120,1034,1,步兵,林悌:民兵x148,117,30
2464909,9级山贼,9,117,35,"大批资源,有宝箱,一些宝物,",1731,3803,,4,骑兵,萧专军:骁骑兵x1028 | 郗君项:骁骑兵x911 | 公良靖:骁骑兵x926 | 湛拓:轻骑兵x1772,117,30
2469977,5级山贼,5,117,36,"大量资源,有装备,一些宝物,",295,771,4097,2,弓弩,湛南:强弩兵x860 | 微生辰利:强弩兵x777,117,36
2464222,3级山贼,3,117,37,"许多资源,",151,328,,1,步兵,晏鑫庸:民兵x789,117,36
2464202,1级山贼,1,117,38,"一些资源,",41,104,,1,步兵,乐尝放:民兵x163,117,36
2466410,4级山贼,4,117,39,"很多资源,有宝箱,一些宝物,",168,442,4097,2,步兵,喻瑜杉:重步兵x546 | 韶念嫒:近卫兵x349,117,36
2465949,1级山贼,1,117,40,"一些资源,有装备,",56,140,,1,步兵,霍渺毅:民兵x140,117,36
2465076,2级山贼,2,117,42,"许多资源,",97,300,,1,步兵,祖醉:民兵x296,117,42
2469324,7级山贼,7,117,43,"大批资源,有宝箱,",691,1674,,3,弓弩;骑兵,党初:铁骑兵x786 | 马雪桃:强弩兵x1784 | 单于醉:铁骑兵x927,117,42
2465939,10级山贼,10,117,44,"大批资源,有宝箱,",2125,5447,,5,弓弩;战车;骑兵,倪姮彤:重弩车x671 | 巴尔禧:投石车x1979 | 都旎幻:弩骑兵x2173 | 东佩槐:骁骑兵x1913 | 都祺:重弩车x791,117,42
2466815,5级山贼,5,117,48,"大量资源,",290,760,1054,2,步兵;骑兵,山澜:铁骑兵x355 | 巫玟彩:轻步兵x481,117,48
2469256,3级山贼,3,117,51,"很多资源,",155,367,,1,步兵,房月卿:民兵x879,117,48
2464617,4级山贼,4,117,52,"很多资源,",163,483,,2,步兵,尤单旋:民兵x1173 | 殴蔚:民兵x1120,117,48
2466372,9级山贼,9,117,53,"大批资源,有宝箱,",1555,4319,,4,战车;骑兵,后澹惬:轻骑兵x1516 | 简熏慧:骁骑兵x944 | 钭华慧:投石车x1393 | 池贤:骁骑兵x1096,117,48
2469842,4级山贼,4,117,54,"很多资源,",155,469,,2,步兵,曹江听:重步兵x522 | 蒲畅:重步兵x473,117,54
2463006,3级山贼,3,118,0,"许多资源,",155,351,,1,步兵,简益音:民兵x867,117,0
2463436,10级山贼,10,118,1,"大批资源,有宝箱,",1928,4588,,5,战车;骑兵,闻人工:重弩车x829 | 包彩斯:投石车x1910 | 弓邪:骁骑兵x1828 | 车烈坚:骁骑兵x1643 | 郎能玥:投石车x2135,117,0
2465166,6级山贼,6,118,2,"大量资源,一些宝物,",365,958,1059,3,弓弩;步兵,满祺奇:强弩兵x1285 | 项烟:强弩兵x1237 | 单友:轻步兵x899,117,0
2463892,7级山贼,7,118,3,"大批资源,有宝箱,",580,1636,1064,3,步兵;骑兵,长孙旺火:铁骑兵x923 | 窦峰深:轻步兵x1251 | 邴香慧:铁骑兵x860,117,0
2462941,4级山贼,4,118,4,"很多资源,",177,450,,2,步兵,鱼丰泓:重步兵x545 | 樊代:近卫兵x359,117,0
2464487,7级山贼,7,118,6,"大批资源,一些宝物,",554,1584,3073,3,弓弩;步兵;骑兵,温方音:铁骑兵x845 | 虞意:轻步兵x1277 | 巢宕:强弩兵x1702,117,6
2468431,5级山贼,5,118,9,"很多资源,",266,734,,2,弓弩,房本存:强弩兵x779 | 皮夏:强弩兵x775,117,6
2468266,9级山贼,9,118,10,"大批资源,有宝箱,",1615,4220,,4,战车;骑兵,隆锦:轻骑兵x1679 | 聂彩:骁骑兵x1022 | 融艾之:投石车x1208 | 凌珺:骁骑兵x1022,117,6
2464644,5级山贼,5,118,11,"很多资源,有装备,",285,642,,2,弓弩;骑兵,凌含溪:铁骑兵x337 | 景夜彤:强弩兵x766,117,6
2466553,5级山贼,5,118,12,"很多资源,",258,614,,2,弓弩,厉访儿:强弩兵x814 | 诸盼:强弩兵x778,117,12
2464069,7级山贼,7,118,15,"大批资源,有宝箱,",693,1540,1064,3,弓弩;步兵,魏力轩:强弩兵x1490 | 申屠莹舟:轻步兵x1171 | 刘韵:强弩兵x1718,117,12
2463049,8级山贼,8,118,17,"大批资源,",1021,2703,,4,战车;骑兵,顾舟鸾:投石车x956 | 朱全晋:轻骑兵x1225 | 隆曾能:骁骑兵x709 | 明爽程:投石车x1000,117,12
2466986,10级山贼,10,118,19,"大批资源,一些宝物,",2112,4975,29441;1084,5,战车;骑兵,窦学:骁骑兵x1966 | 欧阳平灵:骁骑兵x1798 | 韦雪游:骁骑兵x1846 | 通彬:骁骑兵x1701 | 雷河:弩车x246,117,18
2467349,3级山贼,3,118,20,"很多资源,",149,374,,1,步兵,巫浦果:民兵x784,117,18
2467943,4级山贼,4,118,21,"很多资源,",150,479,1049,2,步兵,訾气:重步兵x457 | 高诩茗:重步兵x508,117,18
2463748,3级山贼,3,118,22,"很多资源,",149,388,,1,步兵,那锦绪:民兵x797,117,18
2467573,2级山贼,2,118,23,"许多资源,",93,272,1039,1,步兵,巫马钋荡:民兵x280,117,18
2467221,3级山贼,3,118,30,"很多资源,",150,364,,1,步兵,壤驷喆黎:民兵x792,117,30
2466433,9级山贼,9,118,32,"大批资源,有宝箱,",1461,3640,1793,4,战车;骑兵,王彬:重弩车x446 | 后鹏:轻骑兵x1504 | 章豆:轻骑兵x1596 | 云思:骁骑兵x984,117,30
2465625,10级山贼,10,118,33,"大批资源,有宝箱,一些宝物,",1896,4940,,5,弓弩;战车;骑兵,羊云:骁骑兵x1827 | 裴洁迈:重弩车x774 | 臧合:骁骑兵x1984 | 龙齐北:弩骑兵x2049 | 翟童昱:重弩车x682,117,30
2463657,2级山贼,2,118,35,"许多资源,",86,228,,1,步兵,颜月乐:民兵x275,117,30
2466898,6级山贼,6,118,36,"大量资源,一些宝物,",355,851,1059,3,弓弩;骑兵,王茗:弓兵x373 | 华佑:强弩兵x1081 | 闻元:铁骑兵x576,117,36
2463991,2级山贼,2,118,39,"许多资源,有装备,",87,300,,1,步兵,步化:民兵x278,117,36
2466135,3级山贼,3,118,40,"很多资源,",145,342,,1,步兵,奚潇:民兵x816,117,36
2469829,4级山贼,4,118,41,"很多资源,",180,472,,2,步兵,沈若河:重步兵x529 | 毕畅:重步兵x508,117,36
2466573,5级山贼,5,118,43,"很多资源,",262,731,,2,弓弩;骑兵,郁适:铁骑兵x368 | 焦倩莫:强弩兵x797,117,42
2466631,5级山贼,5,118,44,"很多资源,",266,601,,2,步兵,隗冬:轻步兵x451 | 邴格:轻步兵x504,117,42
2464582,3级山贼,3,118,45,"很多资源,",160,388,,1,步兵,费洽沁:民兵x881,117,42
2469604,3级山贼,3,118,46,"许多资源,",157,325,,1,步兵,荣筠:民兵x871,117,42
2466166,9级山贼,9,118,48,"大批资源,有宝箱,",1473,3971,1074,4,战车;骑兵,梁拓:轻骑兵x1475 | 皇甫真露:投石车x1330 | 印瑶翠:轻骑兵x1767 | 晏秀青:投石车x1294,117,48
2469564,9级山贼,9,118,49,"大批资源,",1740,4056,,4,战车;骑兵,姜冉:投石车x1230 | 陶醒:骁骑兵x968 | 邵吉:投石车x1345 | 武旎旎:轻骑兵x1598,117,48
2465593,3级山贼,3,118,50,"很多资源,有装备,",146,390,,1,步兵,薄楚:民兵x856,117,48
2464500,5级山贼,5,118,51,"很多资源,",289,678,,2,弓弩,邹之:强弩兵x744 | 束翼宕:弓兵x197,117,48
2469391,10级山贼,10,118,52,"大批资源,有宝箱,一些宝物,",1968,4623,29441,5,战车;骑兵,史延:重弩车x766 | 詹叡:重弩车x745 | 温星诩:骁骑兵x1661 | 汲佑:骁骑兵x1773 | 翁武:弩车x224,117,48
2469548,7级山贼,7,118,53,"大批资源,有宝箱,",536,1414,,3,弓弩,敖熏锦:强弩兵x1769 | 吴亦玥:强弩兵x1620 | 慕心:弓兵x521,117,48
2468338,4级山贼,4,119,1,"很多资源,",151,443,,2,步兵,子车君:重步兵x478 | 卓枫:近卫兵x412,117,0
2467092,9级山贼,9,119,11,"大批资源,有宝箱,有装备,",1578,4056,1793,4,战车;骑兵,红璧:骁骑兵x925 | 诸家骄:骁骑兵x930 | 黄冰赋:重弩车x467 | 蒙蔚嫒:重弩车x462,117,6
2469392,10级山贼,10,119,12,"大批资源,有宝箱,有装备,",1843,5386,1084;1084;1077;16790529,5,弓弩;战车;骑兵,杜慧:骁骑兵x1669 | 尤乾:骁骑兵x1894 | 申颀书:投石车x2022 | 谈锦:弩骑兵x2108 | 曲寻筠:弩骑兵x2005,117,12
2469179,7级山贼,7,119,13,"大批资源,有宝箱,",571,1593,1064,3,弓弩;步兵,利静:弓兵x563 | 水卉:轻步兵x1263 | 充虹:强弩兵x1479,117,12
2465968,10级山贼,10,119,15,"大批资源,一些宝物,",2138,5478,1084,5,弓弩;战车,蒙芮彦:弩骑兵x1997 | 岑艺:投石车x1996 | 蒲许:重弩车x791 | 空盼通:弩骑兵x2131 | 宰冰芮:投石车x2020,117,12
2463473,4级山贼,4,119,18,"很多资源,",168,456,,2,步兵,谭广黎:重步兵x462 | 巩朋勇:重步兵x476,117,18
2466269,5级山贼,5,119,30,"大量资源,",271,676,1054,2,步兵,胡水:轻步兵x509 | 文谋鲲:轻步兵x529,117,30
2464904,8级山贼,8,119,33,"大批资源,",1081,2583,1069,4,战车;骑兵,羿知民:骁骑兵x735 | 金潇:骁骑兵x694 | 乐若清:骁骑兵x787 | 余旻书:投石车x989,117,30
2466937,5级山贼,5,119,37,"很多资源,",294,716,,2,步兵,司空荫图:轻步兵x528 | 长孙露谷:轻步兵x461,117,36
2466157,1级山贼,1,119,39,"一些资源,",41,148,,1,步兵,冷妙:民兵x141,117,36
2469474,6级山贼,6,119,42,"大量资源,一些宝物,",365,933,,3,弓弩;步兵,王玮:强弩兵x1200 | 巴泓:弓兵x386 | 司空勤兆:轻步兵x808,117,42
2468739,1级山贼,1,119,49,"一些资源,",48,133,,1,步兵,苏绍智:民兵x149,117,48
2465489,5级山贼,5,120,1,"很多资源,",270,754,1054,2,弓弩;骑兵,钟离然:铁骑兵x352 | 丛枫:强弩兵x844,120,0
2468654,9级山贼,9,120,2,"大批资源,有宝箱,",1483,3739,,4,战车;骑兵,苍洋:骁骑兵x1074 | 陆幼:轻骑兵x1438 | 梁穰:重弩车x497 | 赫连琦天:轻骑兵x1569,120,0
2467549,4级山贼,4,120,3,"很多资源,",159,415,,2,步兵,苍丰:重步兵x451 | 柴厚朝:近卫兵x408,120,0
2469016,5级山贼,5,120,5,"很多资源,",253,778,,2,弓弩,狄齐:强弩兵x790 | 陈萱:强弩兵x745,120,0
2462903,6级山贼,6,120,6,"大量资源,有宝箱,",332,961,14849,3,弓弩,邴程:强弩兵x1288 | 上官婉晓:弓兵x402 | 暨我潍:强弩兵x1009,120,6
2467140,7级山贼,7,120,8,"大批资源,一些宝物,",626,1511,1064,3,步兵;骑兵,鲍中英:铁骑兵x850 | 倪群:铁骑兵x784 | 诸甫:轻步兵x1136,120,6
2467448,9级山贼,9,120,9,"大批资源,有宝箱,",1746,3984,,4,战车;骑兵,劳教:骁骑兵x910 | 湛茵:投石车x1388 | 谈佑水:骁骑兵x1087 | 滕壮:投石车x1218,120,6
2463459,2级山贼,2,120,11,"许多资源,",96,206,,1,步兵,俞常:民兵x309,120,6
2467898,8级山贼,8,120,13,"大批资源,",1043,2443,,4,战车;骑兵,孟译彦:轻骑兵x1279 | 姬楠佩:轻骑兵x1147 | 宰珺:骁骑兵x812 | 通翮男:投石车x978,120,12
2463788,1级山贼,1,120,14,"一些资源,",51,115,1034,1,步兵,鱼寻拓:民兵x153,120,12
2463012,7级山贼,7,120,15,"大批资源,",538,1590,1064,3,弓弩;步兵,金昕适:轻步兵x1258 | 莫颖:弓兵x578 | 乐菲旋:轻步兵x1168,120,12
2465386,4级山贼,4,120,16,"很多资源,",162,459,,2,步兵,公羊阳:近卫兵x419 | 农诩远:近卫兵x377,120,12
2467262,9级山贼,9,120,18,"大批资源,有宝箱,",1593,4129,1069;1074,4,战车;骑兵,钱家:骁骑兵x1068 | 施鑫:骁骑兵x1056 | 印蕊:骁骑兵x979 | 荆致峰:投石车x1400,120,18
2467213,10级山贼,10,120,19,"大批资源,有宝箱,有装备,一些宝物,",2022,5350,,5,战车;骑兵,焦翊:重弩车x795 | 齐旻:投石车x1956 | 仰基蔼:骁骑兵x1814 | 杜舟:弩车x227 | 鲁露茗:骁骑兵x1614,120,18
2465937,2级山贼,2,120,20,"许多资源,",100,218,,1,步兵,丁醉:民兵x290,120,18
2467462,9级山贼,9,120,23,"大批资源,有宝箱,",1758,3936,,4,战车;骑兵,隆倪:轻骑兵x1532 | 贲妙:轻骑兵x1590 | 空赡:投石车x1394 | 刘雁柔:骁骑兵x946,120,18
2466472,6级山贼,6,120,25,"大量资源,有宝箱,",376,810,13569,3,弓弩;步兵,何泽:轻步兵x780 | 司徒坚儿:强弩兵x1061 | 卞玮翠:强弩兵x1003,120,24
2469667,6级山贼,6,120,27,"大量资源,一些宝物,",389,989,,3,弓弩;步兵,董高行:强弩兵x1089 | 阙魂:轻步兵x788 | 巴明闻:弓兵x417,120,24
2465444,6级山贼,6,120,31,"大量资源,",342,822,1059,3,弓弩;骑兵,水绿瑾:强弩兵x1097 | 沙醉鹤:强弩兵x1143 | 丁亦通:铁骑兵x619,120,30
2469646,10级山贼,10,120,33,"大批资源,有宝箱,有装备,一些宝物,",1938,4608,,5,弓弩;战车;骑兵,公羊翰焕:弩骑兵x1985 | 谷菱:重弩车x830 | 温晔阳:骁骑兵x1887 | 李识:重弩车x736 | 彭从:弩骑兵x2163,120,30
2466127,8级山贼,8,120,34,"大批资源,一些宝物,",985,2556,1069,4,骑兵,须武:骁骑兵x775 | 程夫:骁骑兵x696 | 尉迟乐:骁骑兵x776 | 贝紫析:骁骑兵x683,120,30
2465956,6级山贼,6,120,37,"大量资源,有宝箱,",389,857,,3,弓弩;步兵,鱼逸萍:强弩兵x1190 | 孔莲:强弩兵x1148 | 司徒醉:轻步兵x784,120,36
2467976,7级山贼,7,120,38,"大批资源,有宝箱,",596,1582,13570,3,弓弩;步兵,浦夫璐:强弩兵x1748 | 巴宇:强弩兵x1460 | 郎彩:轻步兵x1231,120,36
2465913,5级山贼,5,120,39,"很多资源,",262,697,,2,弓弩;骑兵,孟皓羽:弓兵x228 | 长孙仙萱:铁骑兵x314,120,36
2468966,6级山贼,6,120,40,"大量资源,",347,939,1059,3,弓弩;步兵,平刚畅:强弩兵x1176 | 公羊翔:弓兵x356 | 酆迟靖:轻步兵x786,120,36
2466031,10级山贼,10,120,41,"大批资源,有宝箱,一些宝物,",2070,5277,1793;29441;1084,5,弓弩;战车;骑兵,湛岚莲:投石车x1821 | 贲拓宇:弩骑兵x1837 | 翟明:弩车x246 | 杜烁莹:骁骑兵x1888 | 凌静:投石车x1898,120,36
2466034,4级山贼,4,120,42,"很多资源,",156,472,1049,2,步兵,能展祈:近卫兵x416 | 颜冉适:近卫兵x406,120,42
2467159,7级山贼,7,120,44,"大批资源,有装备,",561,1601,1064,3,弓弩;骑兵,单适洁:强弩兵x1783 | 苍谊:弓兵x557 | 赖柳翠:铁骑兵x828,120,42
2468270,6级山贼,6,120,45,"大量资源,有宝箱,",312,841,,3,弓弩;步兵;骑兵,幸艾:轻步兵x791 | 项略年:强弩兵x1017 | 乌波:铁骑兵x613,120,42
2465671,3级山贼,3,120,46,"很多资源,",154,331,,1,步兵,徐琴:民兵x868,120,42
2467414,6级山贼,6,120,48,"大量资源,有宝箱,一些宝物,",363,857,13569,3,步兵;骑兵,贲载於:轻步兵x841 | 闻人虞:铁骑兵x626 | 于灵:铁骑兵x642,120,48
2467472,5级山贼,5,120,49,"很多资源,",274,688,,2,弓弩;步兵,茅颀:轻步兵x545 | 上官珺:强弩兵x763,120,48
2468112,10级山贼,10,120,50,"大批资源,有宝箱,",1930,4915,1084,5,弓弩;战车;骑兵,浦露:弩骑兵x1996 | 长孙爽:骁骑兵x1629 | 蒲我:弩车x231 | 芮烁逸:投石车x1807 | 邬琦:弩骑兵x2105,120,48
2463850,8级山贼,8,120,52,"大批资源,",939,2416,,4,战车;骑兵,弘贤:投石车x1081 | 高宁温:轻骑兵x1234 | 阮益远:骁骑兵x793 | 谭颖轩:骁骑兵x788,120,48
2468024,4级山贼,4,120,53,"很多资源,",154,487,,2,步兵,庄大元:民兵x1170 | 禄昂:重步兵x493,120,48
2463633,4级山贼,4,121,3,"很多资源,",156,450,1044,2,步兵,璩晶彦:近卫兵x386 | 乐正扬:重步兵x495,120,0
2468738,2级山贼,2,121,5,"许多资源,",95,282,1039,1,步兵,单悦瑶:民兵x286,120,0
2463038,9级山贼,9,121,10,"大批资源,有宝箱,",1797,4031,,4,战车;骑兵,嵇畴:投石车x1367 | 钱嗣利:投石车x1227 | 麻茜:轻骑兵x1718 | 池偲贞:重弩车x504,120,6
2465846,9级山贼,9,121,14,"大批资源,",1669,4076,,4,战车;骑兵,公良晶绿:投石车x1375 | 陈燕:骁骑兵x946 | 田虞:投石车x1268 | 陈凡:轻骑兵x1766,120,12
2464900,4级山贼,4,121,17,"很多资源,",156,481,1049,2,步兵,阙怜:重步兵x464 | 钟尘良:近卫兵x358,120,12
2463116,9级山贼,9,121,19,"大批资源,一些宝物,",1696,4104,,4,战车;骑兵,蓝江:投石车x1284 | 巩望容:轻骑兵x1635 | 司虎北:骁骑兵x1037 | 张涵:骁骑兵x1023,120,18
2463369,1级山贼,1,121,21,"一些资源,有装备,",52,132,1030;16777985,1,步兵,李菱:民兵x156,120,18
2466763,8级山贼,8,121,22,"大批资源,有宝箱,",961,2699,,4,战车;骑兵,冀寒:投石车x904 | 劳希禹:投石车x902 | 项枫兆:骁骑兵x828 | 陈向:轻骑兵x1283,120,18
2467446,5级山贼,5,121,23,"很多资源,",295,610,,2,步兵;骑兵,后豇量:铁骑兵x349 | 甄靖:轻步兵x535,120,18
2464054,7级山贼,7,121,26,"大批资源,",579,1547,,3,弓弩;骑兵,须旻:弓兵x555 | 仲长晗:弓兵x541 | 雍泽叡:铁骑兵x841,120,24
2468093,1级山贼,1,121,28,"一些资源,有装备,",46,136,,1,步兵,简黎:民兵x141,120,24
2469471,7级山贼,7,121,29,"大批资源,有宝箱,",535,1494,14849;13569,3,弓弩;骑兵,范宇同:弓兵x558 | 黎娴:强弩兵x1554 | 奚好:铁骑兵x840,120,24
2467557,4级山贼,4,121,30,"很多资源,",160,498,,2,步兵,钟离海宕:重步兵x521 | 缪焱汉:重步兵x452,120,30
2466147,3级山贼,3,121,31,"许多资源,",159,329,,1,步兵,成萌:民兵x817,120,30
2468549,10级山贼,10,121,32,"大批资源,有宝箱,一些宝物,",1941,4728,1793;3074;1793,5,弓弩;战车;骑兵,乐正清:弩车x211 | 乔侠:弩车x206 | 蓝娥家:弩骑兵x1812 | 惠怿:投石车x1869 | 咸豇寄:骁骑兵x1874,120,30
2465570,8级山贼,8,121,34,"大批资源,有宝箱,有装备,",997,2733,1069;1069,4,战车;骑兵,龙谷昶:骁骑兵x676 | 江元:投石车x1023 | 宋妙彤:投石车x1098 | 咸捷偲:重弩车x329,120,30
2466827,9级山贼,9,121,36,"大批资源,有宝箱,有装备,",1678,4378,,4,骑兵,滕韦敏:骁骑兵x1047 | 何江:骁骑兵x1040 | 匡翠:轻骑兵x1715 | 桂拓冷:骁骑兵x912,120,36
2463720,3级山贼,3,121,37,"很多资源,",156,353,,1,步兵,奚歌铃:民兵x783,120,36
2468548,4级山贼,4,121,38,"很多资源,",151,426,,2,步兵,邹竹:近卫兵x419 | 胡蓉爽:近卫兵x394,120,36
2467384,10级山贼,10,121,39,"大批资源,有装备,一些宝物,",1918,4919,1079,5,弓弩;战车;骑兵,訾煊:弩骑兵x1908 | 廉绮:骁骑兵x1879 | 容空:骁骑兵x1745 | 贾程畅:弩骑兵x2030 | 车如鸾:弩车x259,120,36
2467972,3级山贼,3,121,40,"许多资源,",147,319,1044,1,步兵,邬超鲲:民兵x821,120,36
2465815,3级山贼,3,121,43,"很多资源,",153,376,,1,步兵,吕夏:民兵x785,120,42
2466218,4级山贼,4,121,44,"很多资源,",179,420,,2,步兵,孟海:民兵x1112 | 阮悦:重步兵x535,120,42
2464637,6级山贼,6,121,47,"大量资源,",374,851,1059,3,步兵,田骄翊:轻步兵x778 | 扈希:轻步兵x853 | 杜祯霖:轻步兵x826,120,42
2468064,8级山贼,8,121,52,"大批资源,有宝箱,",954,2511,,4,战车;骑兵,范芙:骁骑兵x706 | 阚昱:投石车x953 | 隗儒:骁骑兵x745 | 车晓彤:投石车x1054,120,48
2463802,1级山贼,1,121,53,"一些资源,",50,136,,1,步兵,惠骞:民兵x165,120,48
2468730,5级山贼,5,122,6,"很多资源,有装备,",270,640,1054,2,骑兵,鱼郁泽:铁骑兵x333 | 解彤:铁骑兵x348,120,6
2463656,2级山贼,2,122,7,"许多资源,",100,281,1039,1,步兵,须鹂:民兵x325,120,6
2465120,4级山贼,4,122,8,"很多资源,",173,486,,2,步兵,程姮菡:重步兵x507 | 路捷弘:近卫兵x369,120,6
2469454,9级山贼,9,122,9,"大批资源,",1639,3647,,4,战车;骑兵,东悦:重弩车x469 | 欧阳含舟:骁骑兵x1016 | 钟蕴经:骁骑兵x1088 | 通南捷:重弩车x457,120,6
2469399,2级山贼,2,122,10,"许多资源,",83,282,,1,步兵,谭富冉:民兵x311,120,6
2465161,9级山贼,9,122,12,"大批资源,有宝箱,",1702,3673,1074,4,战车;骑兵,蓝迎洽:骁骑兵x976 | 胡母睿豇:骁骑兵x997 | 胡母项:重弩车x512 | 容楠广:投石车x1252,120,12
2468293,4级山贼,4,122,14,"很多资源,",156,462,,2,步兵,巢艺:重步兵x544 | 雷怡:重步兵x510,120,12
2464571,10级山贼,10,122,15,"大批资源,有宝箱,有装备,一些宝物,",2089,5230,,5,弓弩;战车;骑兵,黎萌:弩骑兵x2150 | 吕幼:骁骑兵x1917 | 尉迟怿:弩骑兵x2112 | 瞿单:弩骑兵x1900 | 淳于南:投石车x2037,120,12
2465823,4级山贼,4,122,16,"很多资源,",161,483,,2,步兵,羊柳商:重步兵x495 | 巫马澜:近卫兵x350,120,12
2466890,9级山贼,9,122,19,"大批资源,有宝箱,一些宝物,",1760,3663,29441;1071,4,战车;骑兵,司寇静朝:骁骑兵x994 | 韦鸾允:骁骑兵x1002 | 湛茗涉:重弩车x490 | 耿然:重弩车x508,120,18
2469360,4级山贼,4,122,20,"很多资源,",151,436,,2,步兵,席霁可:重步兵x511 | 窦理允:重步兵x460,120,18
2467293,3级山贼,3,122,25,"许多资源,",147,324,,1,步兵,浦儒瑞:民兵x863,120,24
2469189,7级山贼,7,122,26,"大批资源,有宝箱,",602,1532,1064,3,弓弩;步兵;骑兵,尹简:轻步兵x1107 | 双颀:铁骑兵x937 | 束海巧:强弩兵x1589,120,24
2468401,10级山贼,10,122,27,"大批资源,有宝箱,",2069,4602,1793,5,弓弩;战车;骑兵,广采润:弩车x247 | 凌毅:骁骑兵x1804 | 长孙盼:弩骑兵x1944 | 司河雨:弩骑兵x2107 | 熊强:弩车x217,120,24
2464863,4级山贼,4,122,28,"很多资源,",164,469,,2,步兵,祁偲澜:重步兵x529 | 花爽卉:重步兵x548,120,24
2466775,7级山贼,7,122,30,"大批资源,有宝箱,",636,1551,1060,3,弓弩;骑兵,须桂望:强弩兵x1528 | 牧宛奕:铁骑兵x885 | 戴空:弓兵x522,120,30
2468353,1级山贼,1,122,31,"一些资源,",60,129,,1,步兵,钟颜:民兵x163,120,30
2466500,5级山贼,5,122,32,"大量资源,有宝箱,",264,716,,2,步兵;骑兵,吕幼实:轻步兵x498 | 杭无:铁骑兵x331,120,30
2468921,5级山贼,5,122,35,"很多资源,有装备,",289,618,16785153,2,弓弩;步兵,苏鹂:轻步兵x472 | 通禹岑:强弩兵x784,120,30
2465455,7级山贼,7,122,36,"大批资源,有宝箱,",531,1628,1056,3,步兵;骑兵,诸阳汉:铁骑兵x933 | 仲长丽蕾:轻步兵x1279 | 苏斯:轻步兵x1240,120,36
2467048,7级山贼,7,122,37,"大批资源,有宝箱,",560,1635,1064;14849,3,弓弩;步兵;骑兵,葛群轩:轻步兵x1239 | 房怜:强弩兵x1687 | 刘齐:铁骑兵x815,120,36
2467887,6级山贼,6,122,43,"大量资源,",361,847,1059,3,弓弩,田时忍:强弩兵x1089 | 桂童拓:弓兵x384 | 习楚:强弩兵x1178,120,42
2465589,3级山贼,3,122,44,"很多资源,",153,379,,1,步兵,仰晶:民兵x898,120,42
2465275,4级山贼,4,122,45,"很多资源,有装备,",160,464,1049,2,步兵,那双恒:近卫兵x391 | 曲坚:近卫兵x368,120,42
2469160,4级山贼,4,122,48,"很多资源,",162,425,1047,2,步兵,颜季:近卫兵x358 | 宗正沁雪:重步兵x540,120,48
2468340,8级山贼,8,122,49,"大批资源,有宝箱,",1062,2337,,4,战车;骑兵,莘怿晔:投石车x1066 | 于豆:骁骑兵x680 | 山悟:投石车x1000 | 邹琛:投石车x989,120,48
2463890,4级山贼,4,122,51,"很多资源,有宝箱,",175,462,13569,2,步兵,吕玟凌:民兵x1261 | 尉迟泽:近卫兵x411,120,48
2464342,2级山贼,2,123,0,"许多资源,",80,295,,1,步兵,廉旎:民兵x288,123,0
2467906,7级山贼,7,123,1,"大批资源,有宝箱,有装备,一些宝物,",524,1531,,3,弓弩;步兵;骑兵,冯喷:强弩兵x1490 | 单于朝:铁骑兵x859 | 董熙:轻步兵x1276,123,0
2469286,7级山贼,7,123,3,"大批资源,",660,1663,1064;1064,3,弓弩;骑兵,逄珺:铁骑兵x898 | 井竹怀:强弩兵x1639 | 凤析:强弩兵x1626,123,0
2468746,1级山贼,1,123,7,"一些资源,",44,116,,1,步兵,宗正群汉:民兵x145,123,6
2466648,4级山贼,4,123,9,"很多资源,有装备,",172,455,,2,步兵,席云长:重步兵x476 | 慕图翮:近卫兵x347,123,6
2466052,4级山贼,4,123,10,"很多资源,有装备,",158,422,16778497,2,步兵,湛春:重步兵x487 | 武怀青:近卫兵x396,123,6
2464590,8级山贼,8,123,11,"大批资源,有宝箱,",1076,2684,1069,4,战车;骑兵,傅昂骄:轻骑兵x1254 | 魏沁彩:轻骑兵x1137 | 宋水:骁骑兵x719 | 堵玟莹:重弩车x348,123,6
2464065,9级山贼,9,123,12,"大批资源,有宝箱,",1430,4128,1793,4,战车;骑兵,戚铃慕:骁骑兵x1029 | 钟峯:骁骑兵x1046 | 邴韦骄:骁骑兵x995 | 臧祈晔:投石车x1211,123,12
2464019,3级山贼,3,123,13,"许多资源,",153,326,1044,1,步兵,江萱姮:民兵x855,123,12
2463821,7级山贼,7,123,14,"大批资源,",689,1640,,3,步兵;骑兵,空霜轩:铁骑兵x885 | 农醒:铁骑兵x909 | 滕晖:轻步兵x1118,123,12
2463385,10级山贼,10,123,16,"大批资源,有宝箱,",2079,5155,1793;1084,5,弓弩;骑兵,那简:弩骑兵x1886 | 殷吟:骁骑兵x1620 | 费珺:骁骑兵x1872 | 连华:弩骑兵x2083 | 雍诗蔚:弩骑兵x2102,123,12
2463811,5级山贼,5,123,17,"很多资源,",278,731,,2,弓弩;骑兵,霍理:铁骑兵x378 | 乌采:弓兵x230,123,12
2463995,4级山贼,4,123,21,"很多资源,有宝箱,",178,467,,2,步兵,凤莲:近卫兵x352 | 禄亦:民兵x1247,123,18
2469497,1级山贼,1,123,22,"一些资源,",53,122,,1,步兵,童翼:民兵x152,123,18
2468843,8级山贼,8,123,23,"大批资源,有宝箱,",1026,2605,1793,4,战车;骑兵,瞿涆:骁骑兵x819 | 张桢:投石车x918 | 龚凯佑:投石车x951 | 刘双迎:重弩车x367,123,18
2469028,7级山贼,7,123,24,"大批资源,",554,1424,,3,弓弩;步兵;骑兵,易卿葱:铁骑兵x806 | 祖怿荫:轻步兵x1225 | 伏峰虎:强弩兵x1733,123,24
2464977,8级山贼,8,123,25,"大批资源,",1091,2367,1069,4,战车;骑兵,乌赐沉:重弩车x344 | 伊怀:骁骑兵x674 | 厉尔:骁骑兵x677 | 苗洋:投石车x988,123,24
2465136,3级山贼,3,123,28,"许多资源,",157,347,,1,步兵,印向夜:民兵x785,123,24
2467314,9级山贼,9,123,29,"大批资源,一些宝物,",1769,4198,1074,4,战车;骑兵,裴理秉:轻骑兵x1626 | 乌珍煦:轻骑兵x1659 | 都怡:投石车x1339 | 危仁:骁骑兵x970,123,24
2468989,2级山贼,2,123,30,"许多资源,",92,245,,1,步兵,郏磊沉:民兵x307,123,30
2469161,9级山贼,9,123,31,"大批资源,有宝箱,",1634,3609,1793;1074,4,战车;骑兵,殳量:投石车x1267 | 梅琪:投石车x1296 | 毕柏:轻骑兵x1775 | 薛竹辰:重弩车x459,123,30
2468705,4级山贼,4,123,32,"很多资源,",178,425,,2,步兵,吕友北:近卫兵x372 | 甘琢兆:重步兵x454,123,30
2467158,7级山贼,7,123,34,"大批资源,有宝箱,",571,1564,14849;1064,3,弓弩;步兵;骑兵,项瑶翠:弓兵x504 | 范期:轻步兵x1289 | 毛香:铁骑兵x807,123,30
2468665,9级山贼,9,123,35,"大批资源,有宝箱,一些宝物,",1632,3766,1793;1074,4,骑兵,狄双:骁骑兵x1062 | 万泽初:骁骑兵x1081 | 米采:骁骑兵x1031 | 田绪:骁骑兵x940,123,30
2468570,7级山贼,7,123,36,"大批资源,有宝箱,",696,1645,1064,3,弓弩;骑兵,上官彦:弓兵x505 | 利葱旋:铁骑兵x800 | 成薇鸥:铁骑兵x881,123,36
2469441,5级山贼,5,123,38,"很多资源,",277,697,,2,弓弩;步兵,姬山:轻步兵x531 | 米龙:强弩兵x842,123,36
2464189,1级山贼,1,123,41,"一些资源,有装备,",52,123,,1,步兵,丰辰:民兵x145,123,36
2469908,9级山贼,9,123,42,"大批资源,",1482,3746,1074,4,骑兵,甄寒鸿:骁骑兵x910 | 訾泉翊:骁骑兵x1006 | 冷源博:骁骑兵x1041 | 俞映:轻骑兵x1752,123,42
2466676,2级山贼,2,123,43,"许多资源,",80,246,,1,步兵,李子:民兵x275,123,42
2465328,9级山贼,9,123,44,"大批资源,",1663,4073,1074,4,战车;骑兵,雷路:轻骑兵x1683 | 皮路:骁骑兵x1082 | 查旻:重弩车x517 | 云青:骁骑兵x1021,123,42
2469566,7级山贼,7,123,45,"大批资源,有宝箱,",654,1450,13569,3,步兵;骑兵,翁黎容:铁骑兵x806 | 厍潇:铁骑兵x788 | 唐邪桂:轻步兵x1270,123,42
2468799,5级山贼,5,123,46,"很多资源,",295,618,,2,步兵;骑兵,慕容娥玥:轻步兵x504 | 弓牙:铁骑兵x371,123,42
2465614,5级山贼,5,123,47,"很多资源,有装备,",273,799,,2,弓弩;骑兵,谭翮:铁骑兵x325 | 曲慨怡:强弩兵x816,123,42
2467848,5级山贼,5,123,48,"很多资源,",253,741,,2,弓弩;骑兵,宋骄悌:铁骑兵x343 | 瞿亘烈:弓兵x198,123,48
2464954,8级山贼,8,123,49,"大批资源,有宝箱,",1082,2489,1069,4,战车;骑兵,宗政溪权:轻骑兵x1260 | 那容雯:骁骑兵x714 | 伍波茂:轻骑兵x1236 | 邵容北:重弩车x350,123,48
2466512,10级山贼,10,123,52,"大批资源,有宝箱,有装备,",1815,4728,,5,弓弩;战车;骑兵,惠雅喷:重弩车x745 | 后正:骁骑兵x1905 | 侯鹏:骁骑兵x1708 | 闻人芙希:弩骑兵x1983 | 伏悟彩:弩骑兵x1825,123,48
2467134,5级山贼,5,123,55,"很多资源,",294,760,,2,弓弩;步兵,秋卓:强弩兵x799 | 空艺:轻步兵x456,123,54
2466481,8级山贼,8,124,6,"大批资源,",944,2353,,4,战车;骑兵,羿昶:轻骑兵x1114 | 鞠萱:投石车x951 | 瞿斯定:轻骑兵x1108 | 邓玉新:重弩车x345,123,6
2464330,9级山贼,9,124,9,"大批资源,有宝箱,一些宝物,",1683,3908,1074,4,战车;骑兵,冉章利:骁骑兵x927 | 席晨:重弩车x449 | 钟离祈振:骁骑兵x993 | 荀宾:投石车x1209,123,6
2467770,8级山贼,8,124,12,"大批资源,",1045,2287,1069;1069,4,战车;骑兵,段代:轻骑兵x1244 | 干游:投石车x1073 | 刘儿:投石车x1061 | 司寇靖:骁骑兵x828,123,12
2464445,10级山贼,10,124,13,"大批资源,有宝箱,一些宝物,",1920,4965,29441;1793;1793,5,弓弩;战车;骑兵,程君初:重弩车x820 | 荆然瑜:弩骑兵x1879 | 咸紫:重弩车x725 | 邓嫒:弩骑兵x2193 | 都适兆:骁骑兵x1729,123,12
2467810,8级山贼,8,124,15,"大批资源,有宝箱,",1037,2491,,4,战车;骑兵,国朝:骁骑兵x780 | 司徒熙秀:轻骑兵x1161 | 郁卉:投石车x1034 | 黎岑:轻骑兵x1212,123,12
2463576,7级山贼,7,124,16,"大批资源,",543,1474,1064,3,弓弩;骑兵,苗宾蓄:强弩兵x1536 | 储中浦:强弩兵x1473 | 蒙勤馨:铁骑兵x898,123,12
2467769,9级山贼,9,124,19,"大批资源,有宝箱,一些宝物,",1507,4063,1074,4,战车;骑兵,师韦为:轻骑兵x1576 | 阮化:骁骑兵x1035 | 宿卉春:轻骑兵x1481 | 宫笛亭:投石车x1205,123,18
2467556,10级山贼,10,124,20,"大批资源,有宝箱,",2163,4619,1793,5,战车;骑兵,邱夫君:骁骑兵x1689 | 吴名:弩车x202 | 喻灵小:骁骑兵x1964 | 解存凝:弩车x237 | 尹娇姝:投石车x1953,123,18
2465177,10级山贼,10,124,21,"大批资源,有宝箱,",2126,4669,,5,弓弩;战车;骑兵,司亦之:骁骑兵x1915 | 诸桂今:重弩车x725 | 卫火旺:重弩车x733 | 房诩:弩骑兵x1923 | 祝昶雅:弩骑兵x2142,123,18
2465190,5级山贼,5,124,22,"很多资源,",289,684,1051,2,弓弩,韶果迟:强弩兵x745 | 戚婕:强弩兵x840,123,18
2466942,8级山贼,8,124,26,"大批资源,有宝箱,",963,2305,,4,战车;骑兵,陶大:轻骑兵x1104 | 甄忆:重弩车x375 | 瞿楠:骁骑兵x690 | 顾卿:投石车x1016,123,24
2464940,10级山贼,10,124,30,"大批资源,有宝箱,一些宝物,",1822,5112,29441,5,弓弩;战车,查姮墨:重弩车x797 | 韶煊吉:弩骑兵x1852 | 霍北邦:重弩车x711 | 公西茗:投石车x1911 | 冯章:重弩车x737,123,30
2463955,6级山贼,6,124,34,"大量资源,有宝箱,",335,932,,3,骑兵,常听:铁骑兵x574 | 上官绪望:铁骑兵x599 | 危映:铁骑兵x657,123,30
2464361,1级山贼,1,124,37,"一些资源,",43,132,,1,步兵,融化宛:民兵x145,123,36
2464695,8级山贼,8,124,39,"大批资源,一些宝物,",928,2464,1069,4,战车;骑兵,何正笛:骁骑兵x825 | 范馨:投石车x903 | 乜蝶嫒:骁骑兵x733 | 阮汉聪:轻骑兵x1116,123,36
2468090,1级山贼,1,124,40,"一些资源,",53,143,,1,步兵,戎鸾:民兵x150,123,36
2468307,7级山贼,7,124,43,"大批资源,有宝箱,",682,1489,1064;1064,3,弓弩;骑兵,梁丘露然:弓兵x566 | 曲工:强弩兵x1442 | 璩自:铁骑兵x918,123,42
2467368,6级山贼,6,124,46,"大量资源,有装备,",348,914,,3,步兵;骑兵,巩天:轻步兵x871 | 胡母碧熙:轻步兵x874 | 郗朔方:铁骑兵x650,123,42
2465204,6级山贼,6,124,47,"大量资源,有装备,",301,992,1059,3,步兵;骑兵,耿祈:铁骑兵x614 | 羿问绍:轻步兵x869 | 南门尚姮:铁骑兵x547,123,42
2467859,3级山贼,3,124,49,"许多资源,",140,325,,1,步兵,籍同望:民兵x891,123,48
2464642,7级山贼,7,124,50,"大批资源,有宝箱,",660,1674,1061;14849,3,弓弩;步兵,冉萍悟:轻步兵x1159 | 慎魁:强弩兵x1496 | 红南:轻步兵x1176,123,48
2464835,4级山贼,4,124,53,"很多资源,",179,433,,2,步兵,席筠儿:近卫兵x382 | 童双:民兵x1123,123,48
2466002,9级山贼,9,124,54,"大批资源,",1556,4327,1074;1074,4,战车;骑兵,华霜:骁骑兵x917 | 岑艾昶:重弩车x475 | 纪霓夏:骁骑兵x1009 | 赵从祯:骁骑兵x919,123,54
2465492,2级山贼,2,125,1,"许多资源,",94,261,,1,步兵,巴昂瑞:民兵x302,123,0
2468498,9级山贼,9,125,2,"大批资源,有宝箱,",1548,4314,1074,4,战车;骑兵,钱庸:重弩车x451 | 余水:骁骑兵x1053 | 蔺烁:投石车x1345 | 张齐蓉:骁骑兵x901,123,0
2469345,4级山贼,4,125,4,"很多资源,有装备,",152,414,,2,步兵,荣代程:重步兵x454 | 贾闻:近卫兵x353,123,0
2467288,8级山贼,8,125,6,"大批资源,有宝箱,",935,2350,24321,4,战车;骑兵,孙琛霁:投石车x1016 | 韶作郎:骁骑兵x816 | 任秀:骁骑兵x759 | 都谷煦:轻骑兵x1293,123,6
2468772,7级山贼,7,125,8,"大批资源,有宝箱,",647,1539,1064;1058,3,弓弩;骑兵,幸谨甲:强弩兵x1761 | 胡母季:强弩兵x1553 | 卢荫宾:铁骑兵x761,123,6
2467152,10级山贼,10,125,9,"大批资源,一些宝物,",1912,4854,,5,弓弩;战车;骑兵,秦拓晓:弩骑兵x2048 | 车金:骁骑兵x1732 | 萧谷:弩骑兵x2116 | 陶玥宛:弩车x217 | 西门人:骁骑兵x1998,123,6
2467300,4级山贼,4,125,10,"很多资源,",175,496,,2,步兵,空烟:近卫兵x406 | 漆雕曾:近卫兵x349,123,6
2469520,1级山贼,1,125,11,"一些资源,",49,150,,1,步兵,吕馨初:民兵x145,123,6
2464785,3级山贼,3,125,18,"很多资源,",145,346,,1,步兵,樊好芷:民兵x866,123,18
2465655,5级山贼,5,125,20,"很多资源,",278,654,,2,弓弩;骑兵,公羊烁:铁骑兵x367 | 却萱紫:强弩兵x878,123,18
2465026,6级山贼,6,125,24,"大量资源,有宝箱,",384,846,14849,3,弓弩;骑兵,步壤煜:铁骑兵x624 | 司寇绪:铁骑兵x563 | 桑夜兆:强弩兵x1053,123,24
2469079,1级山贼,1,125,25,"一些资源,",45,138,1030,1,步兵,卜嗣:民兵x164,123,24
2466792,10级山贼,10,125,26,"大批资源,有宝箱,",1955,4681,1074,5,弓弩;战车;骑兵,蓬晋:投石车x1844 | 养冀真:弩骑兵x2061 | 陶锵:弩骑兵x2161 | 鱼仁之:骁骑兵x1744 | 时辰:投石车x2009,123,24
2465710,4级山贼,4,125,27,"很多资源,",171,474,,2,步兵,夔丰:民兵x1224 | 邵佩:近卫兵x376,123,24
2469014,10级山贼,10,125,31,"大批资源,有宝箱,一些宝物,",1871,5077,1793;17409,5,弓弩;战车,司空悦:重弩车x723 | 宇文俊:弩骑兵x1880 | 储虞丝:弩骑兵x1919 | 满寒:弩骑兵x1860 | 周曲:弩骑兵x1861,123,30
2466510,1级山贼,1,125,32,"一些资源,",44,103,,1,步兵,冀邪:民兵x157,123,30
2467054,6级山贼,6,125,33,"大量资源,",376,892,,3,弓弩,红全:强弩兵x1145 | 郁化材:强弩兵x1017 | 施惜:强弩兵x1163,123,30
2467511,4级山贼,4,125,36,"很多资源,有宝箱,有装备,",161,460,13569;16778497,2,步兵,边芷:近卫兵x382 | 边双:近卫兵x370,123,36
2467795,10级山贼,10,125,37,"大批资源,有宝箱,有装备,一些宝物,",2078,4952,1084,5,弓弩;战车;骑兵,徐勤妙:重弩车x732 | 殳佩:骁骑兵x1621 | 隗升幻:弩车x237 | 孔倩千:重弩车x707 | 戴珊蓉:弩骑兵x1804,123,36
2466711,8级山贼,8,125,42,"大批资源,",1065,2549,,4,战车;骑兵,厉茗君:轻骑兵x1108 | 蓟旎:骁骑兵x709 | 连磊:重弩车x348 | 莘桢:轻骑兵x1268,123,42
2464966,6级山贼,6,125,43,"大量资源,有宝箱,",336,809,1059;14849,3,弓弩;步兵;骑兵,焦帅:强弩兵x1227 | 终凡:铁骑兵x608 | 毕图:轻步兵x820,123,42
2465234,10级山贼,10,125,48,"大批资源,有宝箱,有装备,",2117,5480,1793;1793,5,弓弩;骑兵,上官笑:弩骑兵x1832 | 平绍:骁骑兵x1879 | 鞠桂:弩骑兵x1829 | 饶语唱:骁骑兵x1859 | 山路:骁骑兵x1608,123,48
2469051,1级山贼,1,125,49,"一些资源,",57,134,,1,步兵,缪福方:民兵x140,123,48
2466099,9级山贼,9,125,51,"大批资源,有宝箱,一些宝物,",1461,3797,1074;1064,4,战车,厍颖:重弩车x447 | 酆祺风:投石车x1207 | 许亦茂:投石车x1366 | 邓悟:投石车x1351,123,48
2464952,8级山贼,8,125,52,"大批资源,有宝箱,",1095,2526,1069,4,战车;骑兵,伍禧:骁骑兵x770 | 公羊心朋:重弩车x373 | 芮新冰:投石车x929 | 寿甫:重弩车x349,123,48
2463985,1级山贼,1,126,0,"一些资源,",59,117,,1,步兵,长孙烟禧:民兵x161,126,0
2469336,7级山贼,7,126,1,"大批资源,有装备,",545,1413,1064;1063,3,弓弩;步兵;骑兵,蓟彬:强弩兵x1674 | 茅双心:铁骑兵x931 | 翟双卿:轻步兵x1186,126,0
2465974,7级山贼,7,126,4,"大批资源,有宝箱,",657,1464,,3,弓弩;骑兵,龚醉礼:强弩兵x1697 | 壤驷茵:铁骑兵x797 | 时南:强弩兵x1675,126,0
2463601,5级山贼,5,126,5,"很多资源,有装备,一些宝物,",253,622,1054;16787713,2,弓弩;骑兵,莘懋自:铁骑兵x338 | 却赫:强弩兵x858,126,0
2467703,2级山贼,2,126,6,"许多资源,",91,211,,1,步兵,邬旻骥:民兵x295,126,6
2464991,7级山贼,7,126,7,"大批资源,",518,1651,,3,弓弩;步兵;骑兵,曾濮:强弩兵x1604 | 暨千兰:轻步兵x1111 | 阎曦雁:铁骑兵x822,126,6
2464742,10级山贼,10,126,8,"大批资源,有宝箱,一些宝物,",2058,4934,,5,弓弩;战车;骑兵,贾析:骁骑兵x1815 | 崔周辰:弩骑兵x2197 | 马斯祖:骁骑兵x1640 | 祁瑜:弩骑兵x2149 | 温泓:重弩车x769,126,6
2467411,7级山贼,7,126,9,"大批资源,",565,1621,1064,3,弓弩;步兵;骑兵,翟顺:轻步兵x1160 | 越翠笛:弓兵x592 | 虞存丹:铁骑兵x815,126,6
2464459,6级山贼,6,126,10,"大量资源,一些宝物,",344,987,4097,3,步兵,边温擎:轻步兵x837 | 殴楠:轻步兵x819 | 司寇栩霖:轻步兵x801,126,6
2463288,10级山贼,10,126,11,"大批资源,有宝箱,有装备,一些宝物,",2200,5316,3073;1084,5,弓弩;战车;骑兵,向煦:骁骑兵x1811 | 相鹏:弩骑兵x2144 | 屈旻:重弩车x677 | 韩曼曦:骁骑兵x1744 | 石苍祥:弩骑兵x2123,126,6
2466185,7级山贼,7,126,12,"大批资源,",598,1613,1064;1064,3,弓弩;骑兵,贾颖:铁骑兵x907 | 缪裕:弓兵x510 | 陆群驹:铁骑兵x837,126,12
2466862,3级山贼,3,126,13,"许多资源,",159,387,1034,1,步兵,慕容睿:民兵x822,126,12
2467027,2级山贼,2,126,18,"许多资源,",96,262,,1,步兵,靳勤:民兵x289,126,18
2469577,2级山贼,2,126,20,"许多资源,",82,204,,1,步兵,钟离澜北:民兵x322,126,18
2469081,6级山贼,6,126,21,"大量资源,一些宝物,",386,891,1059;1059,3,弓弩;步兵,东瑜:轻步兵x815 | 越煜湛:强弩兵x1061 | 季笑平:强弩兵x1124,126,18
2464950,10级山贼,10,126,22,"大批资源,有装备,一些宝物,",2039,4755,29441,5,弓弩;战车,巩丽:重弩车x760 | 尤颖:弩骑兵x2057 | 甘洁天:弩车x222 | 黎蕾:重弩车x798 | 柯涛:弩骑兵x1926,126,18
2463629,2级山贼,2,126,26,"许多资源,",87,273,,1,步兵,耿魁:民兵x303,126,24
2466547,6级山贼,6,126,27,"大量资源,有宝箱,有装备,",369,884,13569;1049,3,弓弩;步兵,萧颖麟:强弩兵x1084 | 苍祯实:弓兵x392 | 阎懋皓:轻步兵x916,126,24
2464584,10级山贼,10,126,28,"大批资源,有宝箱,",1910,5078,,5,弓弩;战车;骑兵,古蕊:弩骑兵x2194 | 宗政昂:骁骑兵x1765 | 温怡:弩骑兵x2145 | 鄂荫念:投石车x1909 | 桑超:弩骑兵x1956,126,24
2469285,5级山贼,5,126,29,"很多资源,",278,768,,2,弓弩;骑兵,钭甫:强弩兵x789 | 空诗千:铁骑兵x315,126,24
2465531,8级山贼,8,126,31,"大批资源,有宝箱,",1032,2311,,4,战车;骑兵,厉怡:投石车x994 | 相里幻:骁骑兵x695 | 彭全:骁骑兵x689 | 庚朝悟:骁骑兵x684,126,30
2464240,3级山贼,3,126,32,"许多资源,",140,323,,1,步兵,别友:民兵x882,126,30
2469067,9级山贼,9,126,33,"大批资源,",1479,4070,,4,战车;骑兵,查城:骁骑兵x1043 | 公西赋:骁骑兵x920 | 居颜今:投石车x1309 | 干涉范:骁骑兵x1048,126,30
2465748,6级山贼,6,126,34,"大量资源,",332,958,1059;1059,3,弓弩;骑兵,洪雯振:铁骑兵x561 | 晏鹂:弓兵x402 | 却才:铁骑兵x617,126,30
2465510,10级山贼,10,126,35,"大批资源,有宝箱,一些宝物,",1870,5406,1083,5,弓弩;战车;骑兵,向默图:骁骑兵x1764 | 钟萱宁:弩骑兵x2101 | 赵熠:重弩车x677 | 能颀:弩车x221 | 黎黎:弩骑兵x2128,126,30
2466216,10级山贼,10,126,36,"大批资源,有宝箱,一些宝物,",1911,5213,1084,5,弓弩;战车;骑兵,王琪瑞:重弩车x800 | 闻人懋:弩骑兵x1959 | 宓空:弩骑兵x1836 | 单澜祺:骁骑兵x1892 | 金晶:骁骑兵x1918,126,36
2467531,4级山贼,4,126,37,"很多资源,有装备,",168,446,1049,2,步兵,单于思:重步兵x474 | 霍昶:近卫兵x341,126,36
2468399,2级山贼,2,126,43,"许多资源,",90,218,,1,步兵,终水忆:民兵x276,126,42
2463970,8级山贼,8,126,44,"大批资源,有装备,",1059,2319,16787969,4,战车;骑兵,车怿空:重弩车x324 | 淳于礼:重弩车x342 | 戚诩:轻骑兵x1204 | 温玥:骁骑兵x776,126,42
2465908,1级山贼,1,126,48,"一些资源,",58,136,,1,步兵,洪新霁:民兵x163,126,48
2464673,2级山贼,2,126,49,"许多资源,",96,297,1039,1,步兵,丰翼桢:民兵x312,126,48
2464959,4级山贼,4,126,52,"很多资源,",158,415,,2,步兵,胡艾郎:近卫兵x418 | 戈翊:近卫兵x399,126,48
2465632,9级山贼,9,126,53,"大批资源,有宝箱,",1411,3908,,4,战车;骑兵,晏鑫喷:投石车x1288 | 秋星:轻骑兵x1785 | 咸峯:骁骑兵x1019 | 童濮醉:投石车x1269,126,48
2464690,1级山贼,1,126,55,"一些资源,",55,105,,1,步兵,封千醒:民兵x165,126,54
2467343,8级山贼,8,127,0,"大批资源,有宝箱,",1092,2431,,4,战车;骑兵,阚绿:轻骑兵x1277 | 师焱:投石车x1067 | 怀壮扬:骁骑兵x750 | 广圆:骁骑兵x734,126,0
2463160,5级山贼,5,127,1,"很多资源,",259,727,1054,2,弓弩,羊姮:强弩兵x730 | 蒲永:强弩兵x879,126,0
2467701,7级山贼,7,127,2,"大批资源,有宝箱,一些宝物,",697,1522,3073;1064,2,弓弩;步兵,凌漠嗣:轻步兵x1294 | 车正唱扬:强弩兵x1462,126,0
2463883,10级山贼,10,127,3,"大批资源,有宝箱,一些宝物,",1866,5115,1084;3074,5,弓弩;骑兵,华旻勇:骁骑兵x1646 | 柳禹芸:弩骑兵x2137 | 秦咏:骁骑兵x1837 | 毕君旋:弩骑兵x2062 | 沈忆:弩骑兵x1951,126,0
2468476,7级山贼,7,127,4,"大批资源,有宝箱,",679,1621,,3,步兵;骑兵,文庸福:轻步兵x1121 | 余义民:铁骑兵x808 | 单于柳:铁骑兵x884,126,0
2467056,5级山贼,5,127,6,"很多资源,",275,641,,2,弓弩,段羽寄:强弩兵x830 | 苍幼烟:弓兵x205,126,6
2465606,7级山贼,7,127,7,"大批资源,一些宝物,",687,1467,,3,步兵;骑兵,耿名:轻步兵x1138 | 祝书怡:铁骑兵x814 | 令狐竹仙:铁骑兵x938,126,6
2466780,4级山贼,4,127,8,"很多资源,",180,480,,2,步兵,纪宁彤:重步兵x486 | 弓河:重步兵x536,126,6
2467327,10级山贼,10,127,9,"大批资源,有宝箱,有装备,一些宝物,",1911,4665,1084;29441;1084,5,弓弩;战车;骑兵,冯颜彤:重弩车x822 | 那琦:弩骑兵x2036 | 雷彤:骁骑兵x1693 | 司寇滨:弩骑兵x1954 | 阚洁筠:投石车x1806,126,6
2469052,9级山贼,9,127,10,"大批资源,有宝箱,",1510,4085,,4,战车;骑兵,宁我:骁骑兵x1020 | 俞云:重弩车x517 | 钱芮听:骁骑兵x926 | 胥诚亦:投石车x1272,126,6
2468735,6级山贼,6,127,13,"大量资源,一些宝物,",361,887,4097,3,弓弩;骑兵,微生薄明:铁骑兵x600 | 赖峥:铁骑兵x582 | 昌骄图:强弩兵x1130,126,12
2466022,3级山贼,3,127,14,"许多资源,",140,315,,1,步兵,魏知江:民兵x870,126,12
2468213,5级山贼,5,127,15,"很多资源,",272,791,,2,弓弩;骑兵,喻春:强弩兵x879 | 宦格:铁骑兵x376,126,12
2463534,3级山贼,3,127,17,"很多资源,",158,346,,1,步兵,翁半:民兵x836,126,12
2467289,8级山贼,8,127,19,"大批资源,",1058,2534,,4,战车;骑兵,微生彤:骁骑兵x711 | 隆游泓:投石车x930 | 魏赋芹:骁骑兵x815 | 米澜曦:重弩车x334,126,18
2466818,7级山贼,7,127,25,"大批资源,有宝箱,",514,1632,,3,弓弩,支河:强弩兵x1571 | 刁泓亘:弓兵x573 | 柴京存:强弩兵x1752,126,24
2464354,7级山贼,7,127,27,"大批资源,一些宝物,",518,1406,1064;3073,3,弓弩;步兵,贲辰山:强弩兵x1747 | 邴书:强弩兵x1688 | 桂容游:轻步兵x1232,126,24
2467575,5级山贼,5,127,28,"很多资源,一些宝物,",265,767,4097,2,步兵;骑兵,谢儿咏:铁骑兵x375 | 扈单雯:轻步兵x543,126,24
2466726,6级山贼,6,127,29,"大量资源,有宝箱,",304,926,13569,3,弓弩;步兵,宗政峰:轻步兵x825 | 王翠春:轻步兵x820 | 阙洁:强弩兵x1146,126,24
2466819,1级山贼,1,127,30,"一些资源,",46,119,,1,步兵,双绿静:民兵x153,126,30
2466104,3级山贼,3,127,31,"很多资源,",152,326,1044,1,步兵,逄涉季:民兵x878,126,30
2465460,4级山贼,4,127,32,"很多资源,",174,454,,2,步兵,桂含希:重步兵x508 | 秦绪香:近卫兵x367,126,30
2466308,8级山贼,8,127,35,"大批资源,有宝箱,",940,2465,,4,骑兵,刘溥卫:骁骑兵x715 | 厍蕾:骁骑兵x675 | 雷辰澜:轻骑兵x1205 | 宦瑞:轻骑兵x1200,126,30
2469818,4级山贼,4,127,37,"很多资源,",151,458,1049,2,步兵,荣湃晔:民兵x1219 | 皮嫒:重步兵x540,126,36
2469112,10级山贼,10,127,38,"大批资源,有宝箱,一些宝物,",2035,4593,3074;1078;1793,5,战车;骑兵,尹斯:骁骑兵x1859 | 伏颜懿:重弩车x693 | 惠平嫒:骁骑兵x1698 | 姜柏:骁骑兵x1696 | 訾昌晤:骁骑兵x1790,126,36
2467296,4级山贼,4,127,39,"很多资源,",152,429,,2,步兵,宓艾夜:重步兵x498 | 印鸿韦:民兵x1232,126,36
2468470,2级山贼,2,127,40,"许多资源,",87,222,1039,1,步兵,杨鸣:民兵x304,126,36
2466309,5级山贼,5,127,41,"很多资源,",276,682,1054,2,弓弩;步兵,石今嗣:强弩兵x731 | 石识:轻步兵x494,126,36
2464638,5级山贼,5,127,42,"很多资源,一些宝物,",279,622,,2,步兵;骑兵,甘柏炫:轻步兵x456 | 徐彬小:铁骑兵x342,126,42
2463399,3级山贼,3,127,43,"很多资源,",140,382,,1,步兵,于鹤放:民兵x799,126,42
2466231,8级山贼,8,127,44,"大批资源,",955,2307,1059,4,战车;骑兵,卢识:投石车x1002 | 弘用:骁骑兵x747 | 焦铃:重弩车x372 | 暨奥量:投石车x948,126,42
2466137,10级山贼,10,127,45,"大批资源,有宝箱,许多宝物,",1869,5022,3074,5,弓弩;战车,水溪禧:弩骑兵x2152 | 微生忆:弩车x224 | 暨思曦:投石车x2169 | 上官昕鸾:弩骑兵x2109 | 蔺绍藻:弩车x237,126,42
2468619,5级山贼,5,127,47,"很多资源,",299,631,,2,弓弩;步兵,丰心彬:轻步兵x477 | 莫绮蕾:强弩兵x788,126,42
2467097,3级山贼,3,127,49,"许多资源,",146,380,,1,步兵,皇甫南:民兵x811,126,48
2463619,7级山贼,7,127,50,"大批资源,",620,1519,,3,弓弩;骑兵,伏怡栋:强弩兵x1742 | 台听鸿:铁骑兵x918 | 臧茵:弓兵x561,126,48
2465024,8级山贼,8,127,51,"大批资源,有宝箱,",925,2447,1069;1061,4,骑兵,计虞:骁骑兵x724 | 施希:骁骑兵x802 | 冷平:骁骑兵x708 | 杜卉:骁骑兵x713,126,48
2469259,4级山贼,4,127,52,"很多资源,",165,488,,2,步兵,颜颀:近卫兵x341 | 彭栩鹂:近卫兵x415,126,48
2464796,3级山贼,3,127,53,"很多资源,有装备,",159,365,1044;16778497,1,步兵,余勇:民兵x819,126,48
2470004,4级山贼,4,127,54,"很多资源,",167,416,,2,步兵,昌盼晋:近卫兵x403 | 桑惜:重步兵x489,126,54
2465191,9级山贼,9,127,55,"大批资源,有宝箱,",1465,3724,1074,4,战车;骑兵,莘乐:轻骑兵x1630 | 裴懏阵:骁骑兵x974 | 童朝:重弩车x433 | 盛瑞:重弩车x516,126,54
2465679,2级山贼,2,128,13,"许多资源,",99,285,,1,步兵,耿琪悦:民兵x271,126,12
2464873,9级山贼,9,128,18,"大批资源,有宝箱,",1707,4291,,4,战车;骑兵,孙风泰:投石车x1258 | 茅滨半:骁骑兵x1039 | 甄宝:投石车x1235 | 牛秋:投石车x1383,126,18
2468955,7级山贼,7,128,19,"大批资源,",567,1634,,3,步兵;骑兵,靳初:铁骑兵x909 | 谢豇秀:铁骑兵x843 | 景烨璐:轻步兵x1285,126,18
2469480,5级山贼,5,128,21,"很多资源,",295,623,,2,弓弩,柯斯宏:强弩兵x764 | 邬北立:强弩兵x807,126,18
2464720,10级山贼,10,128,22,"大批资源,有宝箱,一些宝物,",2124,4813,29441;29441,5,弓弩;战车,洪常:弩车x235 | 蓟格:重弩车x822 | 相平:弩车x208 | 董莹:重弩车x776 | 杨鸾蔚:弩骑兵x2067,126,18
2463612,10级山贼,10,128,25,"大批资源,一些宝物,",2167,5294,,5,弓弩;战车;骑兵,耿程升:弩骑兵x2018 | 暨迟:骁骑兵x1894 | 公西翼籁:投石车x1906 | 羊勤:投石车x2186 | 池乐从:弩车x218,126,24
2467395,3级山贼,3,128,27,"许多资源,",156,356,,1,步兵,逄桃:民兵x789,126,24
2469711,5级山贼,5,128,30,"很多资源,",252,681,,2,弓弩;步兵,桂仲颂:轻步兵x476 | 洪郁常:强弩兵x845,126,30
2466291,3级山贼,3,128,37,"许多资源,",145,326,,1,步兵,廉珠:民兵x892,126,36
2467181,4级山贼,4,128,42,"很多资源,",161,467,,2,步兵,司徒籁:近卫兵x406 | 钟魄捷:重步兵x514,126,42
2464083,10级山贼,10,128,43,"大批资源,有宝箱,",2093,5476,,5,弓弩;战车;骑兵,安才季:弩骑兵x2029 | 丛珊:重弩车x753 | 支竹:骁骑兵x1768 | 骆丰:弩骑兵x1890 | 韩皓咏:弩骑兵x1803,126,42
2468058,9级山贼,9,128,44,"大批资源,有宝箱,一些宝物,",1471,4018,1793,4,战车;骑兵,微生谷路:投石车x1314 | 窦天:骁骑兵x1019 | 常怀琴:投石车x1377 | 淳于姝:骁骑兵x927,126,42
2464318,5级山贼,5,128,48,"很多资源,",290,666,1054,2,骑兵,艾思:铁骑兵x327 | 金贞松:铁骑兵x367,126,48
2468263,5级山贼,5,129,1,"大量资源,",274,761,,2,步兵;骑兵,储译:轻步兵x527 | 长孙允:铁骑兵x325,129,0
2467959,1级山贼,1,129,2,"一些资源,",53,129,1034,1,步兵,暴觅幼:民兵x143,129,0
2464180,1级山贼,1,129,6,"一些资源,",54,112,,1,步兵,董果:民兵x161,129,6
2467426,1级山贼,1,129,7,"一些资源,",46,106,,1,步兵,韦雅捷:民兵x155,129,6
2469105,8级山贼,8,129,8,"大批资源,",1045,2283,,4,战车;骑兵,晁原涤:骁骑兵x787 | 应烟墨:投石车x1012 | 嵇秋熏:骁骑兵x774 | 裴果意:骁骑兵x709,129,6
2468420,1级山贼,1,129,11,"一些资源,",53,122,,1,步兵,芮莲:民兵x161,129,6
2468379,7级山贼,7,129,13,"大批资源,有宝箱,",683,1458,1064,3,弓弩;步兵,仰丽苑:弓兵x533 | 束翠:轻步兵x1166 | 邬绪发:轻步兵x1179,129,12
2462906,2级山贼,2,129,15,"许多资源,",100,240,,1,步兵,冯胜昊:民兵x300,129,12
2466389,7级山贼,7,129,17,"大批资源,有宝箱,",564,1671,,3,弓弩;步兵;骑兵,子车翰永:强弩兵x1735 | 巩悌:轻步兵x1141 | 曾祈越:铁骑兵x917,129,12
2468588,5级山贼,5,129,18,"很多资源,",261,760,,2,骑兵,芮自鹂:铁骑兵x325 | 邴豇祥:铁骑兵x313,129,18
2469328,7级山贼,7,129,19,"大批资源,有装备,",567,1667,,3,弓弩;步兵,郁爽:轻步兵x1179 | 马溪:强弩兵x1559 | 明珊姮:强弩兵x1525,129,18
2464652,4级山贼,4,129,22,"很多资源,",177,418,,2,步兵,支贞旎:近卫兵x370 | 充丰:近卫兵x410,129,18
2467995,3级山贼,3,129,25,"很多资源,",148,389,,1,步兵,上官格岚:民兵x808,135,24
2465384,8级山贼,8,129,26,"大批资源,有宝箱,",920,2484,,4,骑兵,邱丽青:骁骑兵x746 | 景绪实:轻骑兵x1139 | 戈岑柳:骁骑兵x718 | 刁育:骁骑兵x819,135,24
2468595,10级山贼,10,129,27,"大批资源,有装备,一些宝物,",1991,4848,,5,弓弩;战车,宿旻:弩骑兵x1907 | 卓荫方:弩骑兵x1835 | 胥潍觅:投石车x2172 | 尤寻:弩车x205 | 柯月绍:投石车x2159,135,24
2468066,3级山贼,3,129,28,"很多资源,",159,328,,1,步兵,柯祖彤:民兵x801,135,24
2463460,3级山贼,3,129,29,"很多资源,",156,389,,1,步兵,胡周:民兵x782,135,24
2464805,8级山贼,8,129,30,"大批资源,有宝箱,有装备,",1019,2309,1067;1793;16779521,4,战车;骑兵,仰艺:骁骑兵x784 | 车雅儿:骁骑兵x828 | 和启:重弩车x346 | 梁丘吉润:重弩车x359,129,30
2469651,2级山贼,2,129,33,"许多资源,",89,280,,1,步兵,戚诩儿:民兵x277,129,30
2465538,8级山贼,8,129,34,"大批资源,",1087,2512,,4,战车;骑兵,籍玉靖:骁骑兵x806 | 胡觉尝:投石车x951 | 王潍:投石车x961 | 郗福:重弩车x371,129,30
2469645,7级山贼,7,129,35,"大批资源,",637,1549,,3,弓弩,隗熙:强弩兵x1766 | 狄北:强弩兵x1557 | 太叔露:强弩兵x1642,129,30
2467909,6级山贼,6,129,37,"大量资源,有装备,",362,800,1059,3,弓弩;步兵,解颂军:轻步兵x892 | 尹霓容:弓兵x406 | 干舟圆:轻步兵x875,129,36
2469700,3级山贼,3,129,39,"许多资源,",160,336,1044,1,步兵,管卿:民兵x785,129,36
2465757,8级山贼,8,129,40,"大批资源,有宝箱,",1024,2491,1069,4,战车;骑兵,能翰:重弩车x337 | 荣雅:骁骑兵x780 | 陆澜颖:骁骑兵x761 | 窦尚:骁骑兵x770,129,36
2467547,10级山贼,10,129,42,"大批资源,有宝箱,有装备,",1971,5133,,5,弓弩;战车;骑兵,贲元:骁骑兵x1942 | 乔听:骁骑兵x1981 | 乌斯曦:弩骑兵x2028 | 仲长晔孟:重弩车x788 | 宣绮梅:弩骑兵x1915,129,42
2465411,3级山贼,3,129,43,"很多资源,",152,358,1044,1,步兵,詹晋颖:民兵x787,129,42
2463443,10级山贼,10,129,45,"大批资源,有宝箱,",1966,5212,1077,5,弓弩;战车;骑兵,柯念:重弩车x672 | 勾全惜:弩骑兵x2007 | 阙旺:投石车x2051 | 司可:骁骑兵x1974 | 水柏醉:投石车x2134,129,42
2468560,9级山贼,9,129,46,"大批资源,有宝箱,有装备,一些宝物,",1487,3638,16787969,4,战车;骑兵,皇甫志:投石车x1275 | 南门纶曦:骁骑兵x938 | 伊娴溥:重弩车x439 | 简莹:重弩车x462,129,42
2469110,8级山贼,8,129,48,"大批资源,有宝箱,有装备,",958,2636,,4,骑兵,汲馨拯:骁骑兵x819 | 蔺锦牙:轻骑兵x1143 | 虞齐:轻骑兵x1160 | 曾逸:轻骑兵x1149,129,48
2465771,3级山贼,3,129,49,"很多资源,",152,361,1044,1,步兵,薄鸥枫:民兵x843,129,48
2467336,4级山贼,4,129,50,"很多资源,",174,456,,2,步兵,柴葱香:重步兵x489 | 丛彦:近卫兵x356,129,48
2468196,8级山贼,8,129,52,"大批资源,",953,2302,1069;1068,4,战车;骑兵,籍木益:轻骑兵x1251 | 籍珍芷:重弩车x339 | 怀寄:投石车x990 | 徐山曦:轻骑兵x1182,129,48
2467074,9级山贼,9,129,53,"大批资源,有宝箱,",1621,3990,,4,战车,司空腾儿:投石车x1242 | 长孙诚:重弩车x439 | 孙为希:投石车x1235 | 胡母访:投石车x1331,129,48
2468534,8级山贼,8,130,2,"大批资源,",954,2561,1069;1062,4,战车,崔兰:重弩车x345 | 亓官灵彦:重弩车x363 | 曾浦郁:重弩车x365 | 扈桂:重弩车x335,129,0
2466851,7级山贼,7,130,3,"大批资源,",643,1527,1064;1064,3,弓弩;骑兵,屠欣湛:强弩兵x1571 | 钟钧:铁骑兵x789 | 查嫒笑:铁骑兵x775,129,0
2466835,10级山贼,10,130,5,"大批资源,有宝箱,",1883,4994,1084;1793,5,弓弩;战车;骑兵,计如夏:弩骑兵x1831 | 翟悦:骁骑兵x1702 | 柯泽:弩骑兵x1806 | 魏合:投石车x2135 | 阚谊:弩车x217,129,0
2464171,6级山贼,6,130,6,"大量资源,",396,850,,3,步兵;骑兵,阙季:铁骑兵x583 | 麻琦基:轻步兵x859 | 奚鸥兆:轻步兵x814,129,6
2463791,5级山贼,5,130,8,"很多资源,有装备,",293,651,,2,步兵;骑兵,蔚松:轻步兵x497 | 邹雨:铁骑兵x317,129,6
2467718,8级山贼,8,130,9,"大批资源,",936,2696,,4,骑兵,令狐访果:轻骑兵x1298 | 林昂艾:骁骑兵x799 | 荣逸:骁骑兵x754 | 杭采含:骁骑兵x676,129,6
2464363,8级山贼,8,130,10,"大批资源,一些宝物,",1047,2726,3073,4,骑兵,宗政翼宛:骁骑兵x694 | 纪思熏:骁骑兵x739 | 蓟旎绿:轻骑兵x1130 | 云赡祖:骁骑兵x799,129,6
2464098,7级山贼,7,130,13,"大批资源,有宝箱,",632,1502,14849,3,骑兵,夔俊:铁骑兵x835 | 李虹蕊:铁骑兵x784 | 荣朔:铁骑兵x906,129,12
2469316,1级山贼,1,130,15,"一些资源,",54,103,,1,步兵,却绿嫒:民兵x157,129,12
2468934,6级山贼,6,130,18,"大量资源,一些宝物,",306,804,,3,弓弩;步兵;骑兵,阙城城:轻步兵x940 | 荀益小:强弩兵x1181 | 阙巧珺:铁骑兵x603,129,18
2465116,3级山贼,3,130,19,"许多资源,",141,325,,1,步兵,蓬洁梅:民兵x789,129,18
2467277,1级山贼,1,130,20,"一些资源,",51,118,1034,1,步兵,晏柔碧:民兵x159,129,18
2463645,10级山贼,10,130,21,"大批资源,有装备,一些宝物,",1872,5415,1084,5,战车;骑兵,萧珊家:重弩车x731 | 贲懿紫:骁骑兵x1686 | 沙沉彦:骁骑兵x1951 | 亓官筠吉:弩车x246 | 耿淼:骁骑兵x1644,129,18
2463497,6级山贼,6,130,23,"大量资源,一些宝物,",323,883,1059;1051,3,弓弩;骑兵,叶存:强弩兵x1018 | 韶觉:强弩兵x1174 | 家唱彤:铁骑兵x594,129,18
2468796,6级山贼,6,130,24,"大量资源,",362,838,1059,3,弓弩,山华:弓兵x382 | 松思蝶:强弩兵x1027 | 崔翮:弓兵x379,135,24
2463430,3级山贼,3,130,26,"许多资源,",160,328,,1,步兵,臧蔼纳:民兵x788,135,24
2465323,10级山贼,10,130,27,"大批资源,有宝箱,一些宝物,",2080,5130,17409;29441,5,弓弩;战车,闵程峯:弩骑兵x1871 | 能元:投石车x2181 | 邬诩珊:弩骑兵x2146 | 凌翠:弩车x247 | 廖醉专:投石车x1849,135,24
2469423,8级山贼,8,130,28,"大批资源,有宝箱,",993,2308,1793,4,战车;骑兵,贾巍驰:轻骑兵x1122 | 易菡:轻骑兵x1139 | 水若:重弩车x378 | 华风懿:投石车x960,135,24
2464419,4级山贼,4,130,31,"很多资源,",153,486,,2,步兵,丁颂:重步兵x547 | 成晋彦:近卫兵x390,129,30
2463569,1级山贼,1,130,33,"一些资源,",59,101,,1,步兵,贲元齐:民兵x164,129,30
2468203,5级山贼,5,130,34,"很多资源,",268,743,1054,2,弓弩;骑兵,廖悟岑:铁骑兵x312 | 孔鸣谋:强弩兵x778,129,30
2463721,4级山贼,4,130,35,"很多资源,",163,489,1049,2,步兵,梁龙驹:近卫兵x344 | 曹旻薄:重步兵x515,129,30
2469658,10级山贼,10,130,36,"大批资源,有宝箱,有装备,",2190,4666,1793,5,弓弩;战车;骑兵,谢姮:弩骑兵x2067 | 毕慈:弩骑兵x2082 | 章姝:骁骑兵x1650 | 苗无茵:重弩车x680 | 何晶:弩骑兵x2086,129,36
2464522,8级山贼,8,130,37,"大批资源,",907,2300,,4,战车;骑兵,仲洁荫:骁骑兵x798 | 夏沁:轻骑兵x1274 | 赫连祥经:投石车x1087 | 禄焱:轻骑兵x1266,129,36
2468792,7级山贼,7,130,38,"大批资源,",508,1478,,3,弓弩;骑兵,徐义:铁骑兵x900 | 梁方夜:强弩兵x1597 | 宇文甲洁:铁骑兵x860,129,36
2464752,2级山贼,2,130,41,"许多资源,",82,251,,1,步兵,荆作:民兵x301,129,36
2468988,4级山贼,4,130,42,"很多资源,",179,495,,2,步兵,濮熙:民兵x1215 | 牧碧:近卫兵x392,129,42
2468365,2级山贼,2,130,43,"许多资源,",100,293,,1,步兵,钱轩:民兵x290,129,42
2468825,3级山贼,3,130,45,"许多资源,有装备,",146,303,,1,步兵,芮莹:民兵x877,129,42
2463896,6级山贼,6,130,47,"大量资源,有宝箱,有装备,",355,960,16779009,3,弓弩;步兵;骑兵,施映秋:强弩兵x1072 | 叶湃:轻步兵x832 | 范北凡:铁骑兵x549,129,42
2466960,3级山贼,3,130,48,"很多资源,",153,344,,1,步兵,隆仙秉:民兵x801,129,48
2464763,5级山贼,5,130,49,"很多资源,",264,761,,2,步兵;骑兵,凌豫:轻步兵x517 | 司阳初:铁骑兵x318,129,48
2469144,1级山贼,1,130,52,"一些资源,",58,100,,1,步兵,庄丝:民兵x154,129,48
2463608,10级山贼,10,130,53,"大批资源,有宝箱,一些宝物,",2177,5047,1793;1084,5,弓弩;战车,毛雨丹:重弩车x688 | 国瑜卿:重弩车x699 | 计和明:弩骑兵x1882 | 仲皓:弩骑兵x1993 | 翁泉和:弩骑兵x1941,129,48
2462999,5级山贼,5,131,0,"很多资源,",286,608,,2,弓弩,俞慕嫒:强弩兵x817 | 刁霓:弓兵x221,129,0
2469098,1级山贼,1,131,4,"一些资源,",41,106,,1,步兵,莫禹:民兵x163,129,0
2465160,6级山贼,6,131,10,"大量资源,有宝箱,",382,873,1059,3,弓弩;步兵,苏益朝:强弩兵x1134 | 濮阳曼翠:轻步兵x790 | 隆鑫芷:轻步兵x844,129,6
2463005,5级山贼,5,131,12,"大量资源,",277,704,,2,弓弩,霍箴:弓兵x200 | 于夜蓉:强弩兵x822,129,12
2466956,4级山贼,4,131,19,"很多资源,",157,422,,2,步兵,姜熏寄:近卫兵x349 | 尉迟锦:近卫兵x388,129,18
2466071,9级山贼,9,131,27,"大批资源,有宝箱,有装备,",1563,4103,1074,4,骑兵,储初泽:骁骑兵x902 | 焦玉:轻骑兵x1732 | 宗正迎:骁骑兵x1081 | 苏红宁:骁骑兵x1081,135,24
2464646,2级山贼,2,131,31,"许多资源,",99,206,1039,1,步兵,姜生:民兵x313,129,30
2463971,9级山贼,9,131,36,"大批资源,有宝箱,",1427,4034,,4,骑兵,郭允:轻骑兵x1434 | 暴峰映:轻骑兵x1402 | 童晔:骁骑兵x1040 | 雷笛:轻骑兵x1642,129,36
2469692,1级山贼,1,131,38,"一些资源,",56,108,,1,步兵,朱华怡:民兵x155,129,36
2468505,3级山贼,3,131,43,"许多资源,",155,339,,1,步兵,东方玥山:民兵x791,129,42
2468886,1级山贼,1,131,44,"一些资源,",49,141,,1,步兵,胡母析瑞:民兵x149,129,42
2469089,7级山贼,7,131,50,"大批资源,",587,1595,1064,3,弓弩;步兵;骑兵,石翰波:铁骑兵x936 | 童容丽:强弩兵x1406 | 车涉:轻步兵x1195,129,48
2469969,9级山贼,9,131,52,"大批资源,有宝箱,有装备,",1732,3753,1074,4,战车;骑兵,董颜希:投石车x1363 | 宋锵:骁骑兵x934 | 弓箴:轻骑兵x1548 | 和熏霓:重弩车x438,129,48
2468456,2级山贼,2,132,0,"许多资源,",97,298,,1,步兵,常谊熙:民兵x312,132,0
2465770,2级山贼,2,132,1,"许多资源,有装备,",80,243,1039;16777217,1,步兵,周容芸:民兵x329,132,0
2466822,7级山贼,7,132,3,"大批资源,有宝箱,",607,1442,,3,弓弩;骑兵,闵掣彩:强弩兵x1535 | 宰璐:铁骑兵x913 | 边基:弓兵x600,132,0
2465456,5级山贼,5,132,4,"很多资源,",261,791,,2,弓弩;步兵,牧槐:轻步兵x547 | 钱思冷:强弩兵x839,132,0
2466864,2级山贼,2,132,5,"许多资源,",99,227,1039,1,步兵,国萌翼:民兵x279,132,0
2467994,9级山贼,9,132,6,"大批资源,",1588,3975,1074;1074,4,战车;骑兵,丁明灵:骁骑兵x1002 | 宁澜峻:投石车x1294 | 梁蔼:轻骑兵x1646 | 殴燕诗:骁骑兵x949,132,6
2463185,4级山贼,4,132,7,"很多资源,",165,445,1049,2,步兵,韦阳魄:重步兵x498 | 亓官松:近卫兵x384,132,6
2464748,10级山贼,10,132,8,"大批资源,有宝箱,有装备,",1869,4747,,5,战车;骑兵,戚仙:弩车x240 | 雷淼:投石车x1825 | 双朗:骁骑兵x1899 | 戈曦宇:骁骑兵x1620 | 司空拯:重弩车x765,132,6
2468646,1级山贼,1,132,9,"一些资源,",45,118,,1,步兵,葛逸:民兵x137,132,6
2466475,1级山贼,1,132,11,"一些资源,",46,129,,1,步兵,巢琛仙:民兵x147,132,6
2468837,2级山贼,2,132,14,"许多资源,",81,224,,1,步兵,封海:民兵x294,132,12
2464681,4级山贼,4,132,16,"很多资源,有宝箱,",173,401,13569,2,步兵,刁青:近卫兵x346 | 郗望:重步兵x493,132,12
2467548,6级山贼,6,132,18,"大量资源,有装备,",376,933,1059;16787713,3,步兵,明霜和:轻步兵x816 | 轩辕适悦:轻步兵x789 | 那佩:轻步兵x790,132,18
2463122,4级山贼,4,132,19,"很多资源,",169,406,,2,步兵,冷蔚:近卫兵x358 | 苍通:重步兵x538,132,18
2463332,5级山贼,5,132,22,"很多资源,有宝箱,",278,704,13569,2,弓弩;骑兵,郗潇:强弩兵x836 | 弓旺晔:铁骑兵x313,132,18
2463531,6级山贼,6,132,25,"大量资源,",301,868,1059,3,弓弩;步兵;骑兵,李寻烁:弓兵x407 | 诸明蕴:轻步兵x811 | 欧阳北:铁骑兵x631,132,24
2468939,1级山贼,1,132,26,"一些资源,",49,116,,1,步兵,戴月:民兵x137,132,24
2464146,5级山贼,5,132,27,"很多资源,",294,712,,2,弓弩;骑兵,郜曼:强弩兵x764 | 林允:铁骑兵x366,132,24
2463922,4级山贼,4,132,30,"很多资源,",170,493,1046,2,步兵,厍吉:重步兵x459 | 臧月:近卫兵x413,132,30
2465134,1级山贼,1,132,31,"一些资源,",58,145,,1,步兵,卜铃佩:民兵x149,132,30
2469975,7级山贼,7,132,33,"大批资源,有宝箱,",560,1551,14849,3,弓弩;步兵;骑兵,单豇:弓兵x531 | 郜籁旎:铁骑兵x819 | 花城钊:轻步兵x1216,132,30
2465766,5级山贼,5,132,34,"很多资源,有宝箱,一些宝物,",284,747,4097,2,步兵;骑兵,尹悌:铁骑兵x338 | 庚念群:轻步兵x517,132,30
2468561,9级山贼,9,132,36,"大批资源,有宝箱,",1645,4024,1074;1074,4,战车;骑兵,阎育:投石车x1321 | 贲谋:投石车x1269 | 茅常真:重弩车x481 | 邓无:轻骑兵x1500,132,36
2463581,6级山贼,6,132,39,"大量资源,",398,966,,3,弓弩;步兵;骑兵,扈谊璞:弓兵x365 | 莘潇:轻步兵x775 | 卫羽瑜:铁骑兵x557,132,36
2464343,9级山贼,9,132,40,"大批资源,",1467,3671,1066,4,骑兵,家纵洧:骁骑兵x913 | 宰韦:骁骑兵x980 | 魏以:骁骑兵x913 | 南宫烁恩:骁骑兵x1015,132,36
2467055,3级山贼,3,132,48,"很多资源,",154,331,1040,1,步兵,殳璐涵:民兵x874,132,48
2469071,5级山贼,5,132,50,"很多资源,",266,607,,2,弓弩;步兵,尹纶果:强弩兵x720 | 秋运:轻步兵x460,132,48
2464771,8级山贼,8,132,51,"大批资源,",936,2416,1069,4,战车;骑兵,秦寻:轻骑兵x1156 | 麻慕福:骁骑兵x795 | 阚寻:投石车x953 | 云琴:轻骑兵x1211,132,48
2464756,2级山贼,2,132,52,"许多资源,",98,235,,1,步兵,殷晏路:民兵x327,132,48
2463758,2级山贼,2,132,53,"许多资源,",94,280,1039,1,步兵,桂理衍:民兵x275,132,48
2465099,2级山贼,2,132,54,"许多资源,",96,246,,1,步兵,丛广韦:民兵x308,132,54
2463792,1级山贼,1,132,55,"一些资源,",45,113,,1,步兵,管越振:民兵x143,132,54
2465331,7级山贼,7,133,0,"大批资源,有宝箱,",572,1432,13570;1063,3,步兵;骑兵,宫醉烟:轻步兵x1114 | 滕跃理:轻步兵x1289 | 池悟:铁骑兵x904,132,0
2463568,2级山贼,2,133,1,"许多资源,",95,203,,1,步兵,艾咏成:民兵x327,132,0
2468041,6级山贼,6,133,2,"大量资源,有宝箱,",398,1000,1059;1059,3,弓弩;步兵,莘竹希:轻步兵x915 | 乐承:强弩兵x1291 | 慕尘颜:强弩兵x1248,132,0
2466691,1级山贼,1,133,7,"一些资源,",46,116,,1,步兵,和骄:民兵x151,132,6
2466705,7级山贼,7,133,9,"大批资源,有宝箱,",617,1559,1063,3,弓弩;骑兵,党奕翠:强弩兵x1564 | 詹紫宛:强弩兵x1576 | 养恒墨:铁骑兵x788,132,6
2468766,5级山贼,5,133,10,"很多资源,",275,603,,2,骑兵,水美霜:铁骑兵x312 | 凌蓉:铁骑兵x357,132,6
2464050,5级山贼,5,133,11,"很多资源,有宝箱,有装备,",277,677,16787713,2,弓弩;骑兵,乐正桂雯:铁骑兵x333 | 雷鑫:强弩兵x825,132,6
2468051,6级山贼,6,133,12,"大量资源,有宝箱,有装备,",386,825,14849,3,弓弩;骑兵,高苑采:强弩兵x1108 | 赫连蝶:铁骑兵x639 | 昌真晶:强弩兵x1143,132,12
2467961,4级山贼,4,133,13,"很多资源,",169,448,,2,步兵,孟儿芮:民兵x1195 | 郦沉翔:近卫兵x405,132,12
2463546,4级山贼,4,133,18,"很多资源,",179,469,,2,步兵,璩萌:近卫兵x357 | 倪虞兆:近卫兵x364,132,18
2465063,10级山贼,10,133,21,"大批资源,有宝箱,一些宝物,",1862,5415,1084,5,弓弩;战车,尉迟邢容:弩骑兵x2129 | 郗福萱:弩骑兵x2197 | 慎兆:投石车x2058 | 别鹂全:弩骑兵x2020 | 熊馨:弩车x222,132,18
2468814,9级山贼,9,133,23,"大批资源,",1500,3704,,4,战车;骑兵,祖尧:重弩车x472 | 倪识:轻骑兵x1550 | 南门姮元:轻骑兵x1513 | 吴允纵:投石车x1310,132,18
2468341,6级山贼,6,133,24,"大量资源,有宝箱,",307,865,,3,弓弩;骑兵,谢君:铁骑兵x589 | 南宫作典:强弩兵x1049 | 王群:强弩兵x1095,132,24
2467291,10级山贼,10,133,27,"大批资源,有宝箱,有装备,",1857,5045,1076;1793;16780033,5,战车;骑兵,董举建:弩车x201 | 淳于竹:骁骑兵x1618 | 羊幻:投石车x1866 | 堵硕韦:投石车x1821 | 童宇:骁骑兵x1945,132,24
2465848,6级山贼,6,133,29,"大量资源,有宝箱,",337,955,,3,弓弩,谭无:强弩兵x1182 | 弓真玥:弓兵x413 | 茅火潇:弓兵x376,132,24
2468998,9级山贼,9,133,30,"大批资源,",1539,4323,,4,战车;骑兵,桂淼芮:骁骑兵x923 | 庄群辉:重弩车x529 | 郁葱全:轻骑兵x1537 | 祁玮楠:骁骑兵x1025,132,30
2468747,2级山贼,2,133,32,"许多资源,",94,291,,1,步兵,牧娇:民兵x314,132,30
2465852,10级山贼,10,133,33,"大批资源,有宝箱,一些宝物,",1959,5279,,5,弓弩;战车;骑兵,董韦:重弩车x706 | 苏简:骁骑兵x1668 | 蓝双:重弩车x786 | 丛舟:弩骑兵x1932 | 凤晓丰:骁骑兵x1975,132,30
2464704,1级山贼,1,133,35,"一些资源,",43,116,,1,步兵,邱阳皓:民兵x144,132,30
2467559,9级山贼,9,133,40,"大批资源,有宝箱,",1562,4326,1074;1074,4,战车;骑兵,宿蓝:重弩车x474 | 庚启佑:轻骑兵x1793 | 冷黎:重弩车x441 | 孔海禹:轻骑兵x1495,132,36
2468288,6级山贼,6,133,41,"大量资源,",338,855,,3,弓弩;步兵,董旻儒:轻步兵x922 | 湛容冰:强弩兵x1044 | 黎云:强弩兵x1155,132,36
2468672,1级山贼,1,133,48,"一些资源,",56,133,,1,步兵,蒋夏黛:民兵x136,132,48
2465402,1级山贼,1,133,49,"一些资源,有装备,",50,141,,1,步兵,齐禹:民兵x150,132,48
2468639,9级山贼,9,133,50,"大批资源,有宝箱,",1733,3967,1074,4,战车;骑兵,向禹华:重弩车x500 | 丁远喆:投石车x1337 | 尚桢琦:轻骑兵x1591 | 那策拓:重弩车x451,132,48
2464650,1级山贼,1,133,51,"一些资源,",46,141,,1,步兵,充齐:民兵x158,132,48
2467346,2级山贼,2,133,52,"许多资源,",82,298,,1,步兵,田季:民兵x329,132,48
2465143,9级山贼,9,133,55,"大批资源,",1617,3649,,4,战车;骑兵,喻懋:轻骑兵x1545 | 司空恒:骁骑兵x1003 | 皮树:骁骑兵x1049 | 蓝洁:重弩车x494,132,54
2465735,5级山贼,5,134,6,"很多资源,一些宝物,",289,623,1054,2,步兵;骑兵,都松:轻步兵x498 | 王藻恩:铁骑兵x316,132,6
2463207,10级山贼,10,134,13,"大批资源,有宝箱,有装备,一些宝物,",1807,5174,29441;1793;1084,5,弓弩;战车;骑兵,宿衍:投石车x2160 | 关柔:投石车x2038 | 乌靖:骁骑兵x1913 | 经琛:弩骑兵x1925 | 红卉栩:重弩车x698,132,12
2466215,5级山贼,5,134,15,"很多资源,",250,648,,2,弓弩;步兵,乜菱:强弩兵x807 | 唐游立:轻步兵x533,132,12
2466665,7级山贼,7,134,18,"大批资源,有宝箱,",557,1465,,3,弓弩;骑兵,巫马舟:强弩兵x1442 | 公西雯:铁骑兵x920 | 段瑞浦:强弩兵x1696,132,18
2463870,4级山贼,4,134,20,"很多资源,",174,458,,2,步兵,酆卿:重步兵x513 | 高吉旋:重步兵x504,132,18
2468249,6级山贼,6,134,21,"大量资源,有宝箱,",338,884,,3,弓弩;骑兵,乐正歌岚:铁骑兵x571 | 廉问虹:铁骑兵x549 | 厉华:强弩兵x1147,132,18
2464433,1级山贼,1,134,25,"一些资源,",60,108,,1,步兵,郏颀:民兵x154,132,24
2463375,3级山贼,3,134,26,"很多资源,",145,379,,1,步兵,祁皓禹:民兵x798,132,24
2468394,10级山贼,10,134,27,"大批资源,有宝箱,",2072,5211,1082,5,弓弩;骑兵,养火:骁骑兵x1884 | 程寒:骁骑兵x1947 | 倪墨:弩骑兵x1944 | 巫慨浩:弩骑兵x2190 | 靳萱清:骁骑兵x1927,132,24
2464840,9级山贼,9,134,28,"大批资源,有宝箱,",1433,3921,1793,4,战车;骑兵,宗正默:投石车x1297 | 闻夏凝:骁骑兵x1051 | 龚南:骁骑兵x954 | 巫马嗣富:投石车x1350,132,24
2465104,9级山贼,9,134,29,"大批资源,有宝箱,",1555,3845,,4,战车;骑兵,禄荫实:重弩车x530 | 赵淑:骁骑兵x1059 | 王玟:骁骑兵x955 | 邢童惜:骁骑兵x1020,132,24
2468158,4级山贼,4,134,31,"很多资源,",176,458,,2,步兵,郎煜:近卫兵x412 | 公良瑶:近卫兵x407,132,30
2463408,8级山贼,8,134,33,"大批资源,有宝箱,有装备,",923,2738,1069;1069,4,战车;骑兵,伏从:轻骑兵x1280 | 崔依:骁骑兵x824 | 容皓:重弩车x379 | 束幼:骁骑兵x759,132,30
2463583,7级山贼,7,134,36,"大批资源,有装备,",580,1484,16779265,3,弓弩;步兵;骑兵,祁绪玮:铁骑兵x916 | 公羊晗:轻步兵x1153 | 申屠真霓:强弩兵x1500,132,36
2466531,3级山贼,3,134,37,"很多资源,",158,399,,1,步兵,浦心:民兵x864,132,36
2464284,3级山贼,3,134,38,"很多资源,",159,345,,1,步兵,颜煦:民兵x823,132,36
2469334,4级山贼,4,134,39,"很多资源,",168,472,,2,步兵,廖晋:民兵x1185 | 羿歌怜:重步兵x461,132,36
2463921,10级山贼,10,134,54,"大批资源,有宝箱,",1964,5005,,5,弓弩;战车;骑兵,钱姝芮:重弩车x826 | 咸福嫒:弩骑兵x1863 | 谈曦潍:骁骑兵x1964 | 骆才:骁骑兵x1687 | 壤驷瑞:弩骑兵x2142,132,54
2465504,7级山贼,7,135,2,"大批资源,",677,1409,,3,弓弩;骑兵,幸尔:铁骑兵x895 | 勾於:铁骑兵x838 | 仲长琪人:强弩兵x1430,135,0
2468910,3级山贼,3,135,4,"许多资源,有装备,",141,372,16777985,1,步兵,翟厚:民兵x802,135,0
2465909,9级山贼,9,135,5,"大批资源,有宝箱,",1659,3670,1793,4,战车;骑兵,蓟颜:重弩车x511 | 芮悌宜:骁骑兵x942 | 羊熠朝:轻骑兵x1635 | 桂小:轻骑兵x1406,135,0
2463940,2级山贼,2,135,6,"许多资源,",83,206,,1,步兵,郝拓:民兵x309,135,6
2467944,3级山贼,3,135,8,"很多资源,",149,353,,1,步兵,相可:民兵x879,135,6
2464633,9级山贼,9,135,9,"大批资源,有宝箱,一些宝物,",1487,3894,,4,战车;骑兵,卢旋:骁骑兵x916 | 勾全彤:骁骑兵x1045 | 郁人靖:投石车x1324 | 郦吉:骁骑兵x1100,135,6
2469173,9级山贼,9,135,10,"大批资源,一些宝物,",1542,4217,1071;1074,4,战车;骑兵,卫奇怀:轻骑兵x1706 | 毛洁红:轻骑兵x1800 | 濮茵轩:重弩车x523 | 宣萌圣:轻骑兵x1740,135,6
2467069,9级山贼,9,135,11,"大批资源,有宝箱,",1580,3657,1074;1793,4,战车;骑兵,步美烟:骁骑兵x980 | 台冉:轻骑兵x1524 | 孟珠:投石车x1379 | 虞栩赐:轻骑兵x1630,135,6
2464356,7级山贼,7,135,12,"大批资源,一些宝物,",647,1446,,3,弓弩,满雯希:弓兵x579 | 司马亦延:强弩兵x1557 | 耿好:强弩兵x1520,135,12
2468102,2级山贼,2,135,14,"许多资源,",87,278,,1,步兵,尚腾驽:民兵x270,135,12
2467667,3级山贼,3,135,15,"许多资源,",143,364,,1,步兵,岑悦琴:民兵x814,135,12
2467787,3级山贼,3,135,17,"很多资源,",142,329,,1,步兵,宦福:民兵x836,135,12
2466121,2级山贼,2,135,18,"许多资源,",90,291,1037,1,步兵,濮阳识:民兵x319,135,18
2463154,8级山贼,8,135,20,"大批资源,有宝箱,有装备,一些宝物,",1049,2580,3073,4,战车;骑兵,宗正怜:轻骑兵x1273 | 寇帅童:投石车x909 | 蒲烈:骁骑兵x742 | 嵇芹:骁骑兵x793,135,18
2463692,10级山贼,10,135,21,"大批资源,有宝箱,一些宝物,",2052,4926,1084;1793;1793,5,弓弩;战车;骑兵,何含祺:弩骑兵x2197 | 夔莲:弩骑兵x2021 | 米菡儿:骁骑兵x1652 | 华教:骁骑兵x1810 | 尚茜丰:弩车x216,135,18
2463761,9级山贼,9,135,22,"大批资源,有宝箱,有装备,",1715,4278,16790273,4,战车;骑兵,蒲合瑞:投石车x1207 | 危薇:骁骑兵x985 | 干清为:轻骑兵x1516 | 养兴真:轻骑兵x1773,135,18
2464715,5级山贼,5,135,23,"很多资源,有宝箱,有装备,",257,791,13569;16778753,2,骑兵,姬河:铁骑兵x349 | 金灿夫:铁骑兵x363,135,18
2467997,2级山贼,2,135,24,"许多资源,",96,252,,1,步兵,薛黎真:民兵x287,132,24
2468866,10级山贼,10,135,32,"大批资源,有宝箱,有装备,",2141,4672,16779777,5,弓弩;骑兵,席潇:弩骑兵x1877 | 翁明斯:骁骑兵x1970 | 任迎诚:弩骑兵x1845 | 劳翠豇:弩骑兵x1992 | 韶秋洁:骁骑兵x1819,135,30
2467742,7级山贼,7,135,33,"大批资源,有宝箱,",700,1479,1064;1064,3,步兵;骑兵,单希:轻步兵x1139 | 裴晨桂:铁骑兵x911 | 沙庸致:铁骑兵x855,135,30
2463717,3级山贼,3,135,34,"很多资源,",152,349,,1,步兵,牧郎邃:民兵x784,135,30
2467980,5级山贼,5,135,35,"很多资源,有装备,",250,699,16790017,2,弓弩;步兵,臧尔:弓兵x190 | 公良鸾:轻步兵x466,135,30
2464331,5级山贼,5,135,36,"大量资源,",283,762,,2,弓弩;骑兵,莘骄谊:铁骑兵x365 | 柴无杉:强弩兵x834,135,36
2467200,6级山贼,6,135,44,"大量资源,有宝箱,",394,832,,3,弓弩;骑兵,曲莹:强弩兵x1128 | 贺茜萌:铁骑兵x543 | 司马桂:弓兵x386,132,42
2467421,4级山贼,4,135,47,"很多资源,",167,492,,2,步兵,伊鑫:民兵x1213 | 宿自:民兵x1128,132,42
2466752,9级山贼,9,135,51,"大批资源,有宝箱,一些宝物,",1661,4215,,4,战车;骑兵,荀旎:投石车x1254 | 郝如鸾:骁骑兵x936 | 阚旋悦:轻骑兵x1702 | 訾晶惜:投石车x1388,135,48
2464407,8级山贼,8,135,52,"大批资源,一些宝物,",997,2585,,4,战车;骑兵,莫友:投石车x1027 | 贡锦:投石车x1048 | 萧鸿:轻骑兵x1212 | 融亦季:骁骑兵x808,135,48
2468902,9级山贼,9,135,53,"大批资源,有宝箱,",1590,3805,,4,战车;骑兵,诸柳:骁骑兵x909 | 索瑾:投石车x1368 | 步筠:投石车x1204 | 钭好:骁骑兵x905,135,48
2464305,2级山贼,2,135,54,"许多资源,有装备,",96,200,1039,1,步兵,别容容:民兵x328,135,54
2467508,7级山贼,7,135,55,"大批资源,有宝箱,",619,1410,14849,3,弓弩;步兵;骑兵,匡通天:铁骑兵x790 | 穆韫涤:轻步兵x1245 | 牛言润:强弩兵x1692,135,54
2466703,10级山贼,10,136,0,"大批资源,有宝箱,有装备,",2191,5403,1084;1078,5,弓弩;战车;骑兵,宓吉:投石车x1827 | 韩阳:骁骑兵x1764 | 堵君:投石车x1871 | 习旷:重弩车x818 | 储裕逸:弩骑兵x1857,135,0
2465535,4级山贼,4,136,2,"很多资源,一些宝物,",161,483,1049,2,步兵,薛译长:重步兵x518 | 慕容禧:民兵x1275,135,0
2466146,9级山贼,9,136,3,"大批资源,有宝箱,",1441,3902,1074,4,战车;骑兵,广鑫自:骁骑兵x925 | 郦娴莫:骁骑兵x1078 | 窦昂欣:轻骑兵x1658 | 管尚鹂:投石车x1337,135,0
2464043,2级山贼,2,136,4,"许多资源,",91,260,,1,步兵,却沁问:民兵x314,135,0
2467641,8级山贼,8,136,5,"大批资源,有宝箱,",1088,2263,1793;1069,4,骑兵,饶翼彬:骁骑兵x821 | 廖星南:骁骑兵x702 | 晁璐河:骁骑兵x708 | 单于泰:轻骑兵x1188,135,0
2466358,3级山贼,3,136,7,"许多资源,",142,332,,1,步兵,龚我通:民兵x865,135,6
2469468,1级山贼,1,136,9,"一些资源,",58,116,1034,1,步兵,纪润译:民兵x146,135,6
2463627,10级山贼,10,136,11,"大批资源,有宝箱,有装备,",2087,4794,1084,5,弓弩;战车;骑兵,何箴:重弩车x795 | 田寻:重弩车x803 | 伊溪阳:投石车x2039 | 许彩:弩骑兵x2109 | 贡栩:骁骑兵x1698,135,6
2463142,3级山贼,3,136,15,"许多资源,",143,334,,1,步兵,后河:民兵x851,135,12
2468171,3级山贼,3,136,16,"很多资源,",145,379,,1,步兵,丁音:民兵x783,135,12
2466778,6级山贼,6,136,17,"大量资源,一些宝物,",399,909,1059,3,弓弩;骑兵,松译弼:强弩兵x1042 | 贺瑜渺:弓兵x413 | 邹远信:铁骑兵x653,135,12
2467785,3级山贼,3,136,19,"许多资源,",156,313,,1,步兵,刘佑:民兵x858,135,18
2464649,6级山贼,6,136,20,"大量资源,一些宝物,",356,953,1059,3,弓弩;步兵,卫曦盼:强弩兵x1076 | 程笛倩:强弩兵x1026 | 马梅明:轻步兵x856,135,18
2468388,8级山贼,8,136,21,"大批资源,",957,2617,,4,战车;骑兵,刁黎:骁骑兵x676 | 宗政晔:投石车x942 | 容启:骁骑兵x759 | 戎晋:重弩车x356,135,18
2464479,2级山贼,2,136,22,"许多资源,",89,245,,1,步兵,诸潍曦:民兵x306,135,18
2465915,8级山贼,8,136,31,"大批资源,有宝箱,",1089,2625,,4,骑兵,丛琪杉:轻骑兵x1122 | 温曦怡:骁骑兵x697 | 鞠贤吟:轻骑兵x1249 | 贲复:骁骑兵x728,135,30
2469978,8级山贼,8,136,32,"大批资源,一些宝物,",984,2262,1069,4,战车;骑兵,桑禧唱:重弩车x345 | 南宫单:轻骑兵x1265 | 水舟奇:骁骑兵x689 | 邴望:轻骑兵x1283,135,30
2464619,6级山贼,6,136,33,"大量资源,",313,801,,3,弓弩;步兵,广今仲:强弩兵x1034 | 司马霜:轻步兵x772 | 蒋泰波:轻步兵x796,135,30
2468491,3级山贼,3,136,35,"许多资源,",144,353,,1,步兵,夏澜:民兵x835,135,30
2465132,5级山贼,5,136,38,"大量资源,",255,744,,2,弓弩;步兵,明熠泰:轻步兵x507 | 屠涵:强弩兵x805,135,36
2464968,4级山贼,4,136,39,"很多资源,有装备,",172,483,,2,步兵,穆祈沁:近卫兵x347 | 殳迎:近卫兵x397,135,36
2465994,7级山贼,7,136,40,"大批资源,有宝箱,",666,1453,1064,3,步兵,胡母楚尚:轻步兵x1260 | 滕耀烨:轻步兵x1160 | 孟望:轻步兵x1104,135,36
2467378,8级山贼,8,136,41,"大批资源,有宝箱,有装备,",1005,2655,,4,战车;骑兵,陆纳诩:重弩车x380 | 贝空致:骁骑兵x695 | 羿淼:轻骑兵x1128 | 姬均松:骁骑兵x737,135,36
2468072,8级山贼,8,136,43,"大批资源,有装备,",931,2715,1067;1063;16779777,4,战车;骑兵,南宫之可:轻骑兵x1223 | 邱旻:投石车x1033 | 井书颖:投石车x1091 | 乔子:骁骑兵x710,132,42
2464896,6级山贼,6,136,44,"大量资源,有宝箱,",373,823,13569;1059,3,弓弩;骑兵,杭心:铁骑兵x546 | 戎豆蝶:铁骑兵x562 | 石云彤:强弩兵x1074,132,42
2467516,7级山贼,7,136,47,"大批资源,一些宝物,",526,1526,3073,3,弓弩;骑兵,羿钧谷:强弩兵x1661 | 费衍烁:铁骑兵x835 | 包章於:弓兵x533,132,42
2464982,9级山贼,9,136,49,"大批资源,有装备,一些宝物,",1625,3754,,4,战车;骑兵,薛拓:投石车x1255 | 武双鹤:骁骑兵x968 | 充邪旭:投石车x1333 | 季豆人:骁骑兵x1055,135,48
2463722,3级山贼,3,136,52,"许多资源,",149,330,,1,步兵,鲍笛韶:民兵x867,135,48
2469556,4级山贼,4,136,53,"很多资源,一些宝物,",157,445,,2,步兵,丁和诚:民兵x1120 | 顾丝:重步兵x478,135,48
2467608,4级山贼,4,136,54,"很多资源,",171,500,,2,步兵,艾彭:重步兵x492 | 喻虞唱:民兵x1237,135,54
2467520,8级山贼,8,136,55,"大批资源,",966,2682,,4,战车,农权旺:重弩车x361 | 弓达:投石车x1026 | 钮泉纳:投石车x1038 | 彭析衍:投石车x1081,135,54
2467920,3级山贼,3,137,7,"很多资源,",146,388,,1,步兵,籍果奕:民兵x845,135,6
2467120,2级山贼,2,137,30,"许多资源,",87,280,,1,步兵,司空霓:民兵x290,135,30
2464062,4级山贼,4,137,31,"很多资源,",152,420,,2,步兵,谷实灵:民兵x1195 | 窦琛熙:民兵x1196,135,30
2467611,7级山贼,7,137,36,"大批资源,有宝箱,一些宝物,",531,1652,1064,3,步兵;骑兵,劳实尚:轻步兵x1174 | 俞慈:铁骑兵x795 | 郝艾:铁骑兵x881,135,36
2464674,2级山贼,2,137,37,"许多资源,有装备,",91,274,,1,步兵,蔺寄莹:民兵x277,135,36
2466391,5级山贼,5,137,38,"很多资源,有宝箱,有装备,",253,725,13569;16778753,2,步兵;骑兵,利丰宣:铁骑兵x340 | 牧健:轻步兵x473,135,36
2466977,6级山贼,6,137,39,"大量资源,",348,871,1059,3,弓弩;步兵;骑兵,吕宾:轻步兵x843 | 仰楠骄:强弩兵x1277 | 祖恺:铁骑兵x591,135,36
2464667,8级山贼,8,137,42,"大批资源,",957,2552,,4,战车;骑兵,钟离千冷:轻骑兵x1114 | 干果:轻骑兵x1263 | 司徒游璐:轻骑兵x1229 | 仲长笑:投石车x1036,132,42
2468147,6级山贼,6,137,43,"大量资源,",323,928,1059,3,弓弩,赵合真:强弩兵x1041 | 温若:强弩兵x1189 | 郭采:弓兵x383,132,42
2466257,5级山贼,5,137,44,"很多资源,一些宝物,",258,698,4097,2,弓弩;步兵,柏魂茗:强弩兵x843 | 伏怀锦:轻步兵x519,132,42
2466707,9级山贼,9,137,48,"大批资源,有宝箱,",1723,4367,1067,4,战车;骑兵,西门颖单:骁骑兵x992 | 惠欣漠:轻骑兵x1450 | 幸茵:轻骑兵x1783 | 通益:投石车x1213,135,48
2468994,8级山贼,8,137,49,"大批资源,有装备,一些宝物,",908,2636,3073,4,战车;骑兵,邴策:骁骑兵x674 | 狄婉霁:骁骑兵x775 | 闻濮:重弩车x369 | 印期:重弩车x372,135,48
2464928,1级山贼,1,138,2,"一些资源,",47,137,,1,步兵,翟图:民兵x139,138,0
2463570,1级山贼,1,138,3,"一些资源,",43,119,,1,步兵,暨瑞曼:民兵x138,138,0
2466053,6级山贼,6,138,4,"大量资源,有宝箱,",389,877,1059,3,弓弩;步兵,萧柔:轻步兵x917 | 慎霁莫:强弩兵x1176 | 漆雕我:弓兵x383,138,0
2463733,4级山贼,4,138,7,"很多资源,",158,406,,2,步兵,丁怡:近卫兵x363 | 柏怡项:重步兵x493,138,6
2465391,7级山贼,7,138,8,"大批资源,有宝箱,",540,1555,,3,弓弩;步兵;骑兵,崔音:强弩兵x1416 | 廉菡:铁骑兵x825 | 姬仁懋:轻步兵x1174,138,6
2463059,3级山贼,3,138,9,"很多资源,",149,357,,1,步兵,缪醉:民兵x808,138,6
2463472,4级山贼,4,138,10,"很多资源,",171,430,,2,步兵,孙慕:近卫兵x358 | 尤伟:民兵x1246,138,6
2464739,3级山贼,3,138,11,"很多资源,",151,378,,1,步兵,薛益颖:民兵x792,138,6
2463897,6级山贼,6,138,12,"大量资源,",344,802,,3,弓弩;骑兵,红畴:强弩兵x1270 | 祝茗焕:铁骑兵x599 | 车正璧:铁骑兵x589,138,12
2465851,3级山贼,3,138,13,"许多资源,",158,343,,1,步兵,司马琪怡:民兵x838,138,12
2468881,5级山贼,5,138,15,"很多资源,",267,704,,2,步兵,寿薄:轻步兵x476 | 颜峰坚:轻步兵x461,138,12
2466627,1级山贼,1,138,18,"一些资源,",43,136,1034,1,步兵,贡友:民兵x142,138,18
2469411,4级山贼,4,138,20,"很多资源,",170,473,,2,步兵,毕豆雪:近卫兵x380 | 柯谊:重步兵x463,138,18
2469241,9级山贼,9,138,22,"大批资源,有宝箱,",1633,3848,,4,骑兵,戴意:轻骑兵x1605 | 夏可含:骁骑兵x926 | 干莲娇:骁骑兵x1005 | 荆奥辐:骁骑兵x972,138,18
2467046,10级山贼,10,138,24,"大批资源,有宝箱,一些宝物,",1931,4888,,5,战车;骑兵,储从许:弩车x255 | 蒋清:重弩车x783 | 壤驷歌凝:骁骑兵x1983 | 关怿:投石车x1920 | 幸念馨:骁骑兵x1716,138,24
2470025,10级山贼,10,138,25,"大批资源,有宝箱,一些宝物,",2150,4905,1084,5,弓弩;战车,通俊:重弩车x773 | 杜薇:弩骑兵x2029 | 咸苑:弩骑兵x1940 | 米裕轩:弩骑兵x1954 | 诸迈:投石车x1880,138,24
2468395,7级山贼,7,138,27,"大批资源,",532,1674,1064,3,弓弩;骑兵,扈邪:强弩兵x1478 | 晏琢:铁骑兵x866 | 屈旎偲:铁骑兵x820,138,24
2465146,6级山贼,6,138,29,"大量资源,",324,860,1059,3,弓弩;步兵;骑兵,湛真潇:铁骑兵x626 | 常惠悌:强弩兵x1216 | 项全鹂:轻步兵x798,138,24
2465601,7级山贼,7,138,31,"大批资源,有装备,一些宝物,",561,1492,3073,3,弓弩,昌芬:强弩兵x1778 | 傅群:强弩兵x1601 | 芮鸾:强弩兵x1630,138,30
2469638,10级山贼,10,138,34,"大批资源,有宝箱,有装备,一些宝物,",2080,4770,,5,弓弩;战车;骑兵,蓟云惜:弩骑兵x1861 | 殴悟:骁骑兵x1942 | 裴竹:重弩车x751 | 皮紫玟:骁骑兵x1995 | 却绮萱:骁骑兵x1845,138,30
2469887,3级山贼,3,138,35,"许多资源,",143,310,,1,步兵,牛喆竹:民兵x864,138,30
2467812,7级山贼,7,138,39,"大批资源,",696,1638,1064,3,弓弩,巩敏怡:强弩兵x1637 | 卢夏:强弩兵x1671 | 申屠勃琦:弓兵x509,138,36
2466717,4级山贼,4,138,40,"很多资源,",166,417,,2,步兵,崔赋灿:重步兵x464 | 和常:近卫兵x351,138,36
2466800,7级山贼,7,138,41,"大批资源,",641,1442,,3,弓弩;步兵;骑兵,宗炫:铁骑兵x923 | 牧儿筠:轻步兵x1117 | 蓬香馨:弓兵x573,138,36
2468285,3级山贼,3,138,43,"许多资源,",143,347,1044,1,步兵,相里玉:民兵x849,138,42
2468629,9级山贼,9,138,46,"大批资源,有宝箱,一些宝物,",1464,4244,,4,战车;骑兵,胡明:投石车x1281 | 徐翮:重弩车x518 | 田绍:骁骑兵x1035 | 滑朝栩:骁骑兵x1097,138,42
2468400,2级山贼,2,138,47,"许多资源,",89,229,1039,1,步兵,贡慈冠:民兵x328,138,42
2463580,2级山贼,2,138,49,"许多资源,",92,218,,1,步兵,唐锦丽:民兵x289,138,48
2468518,1级山贼,1,138,51,"一些资源,",50,127,,1,步兵,邴慧:民兵x164,138,48
2466161,10级山贼,10,138,52,"大批资源,有宝箱,",2000,4974,,5,弓弩;战车,莫豫:投石车x2181 | 侯丰恩:重弩车x674 | 谭君代:重弩车x745 | 崔惜:重弩车x697 | 朱兆之:弩骑兵x1903,138,48
2463453,8级山贼,8,138,55,"大批资源,",1036,2674,1069;1069,4,战车;骑兵,苏南:重弩车x373 | 巢朝:轻骑兵x1132 | 顾仲:骁骑兵x795 | 朱津:投石车x955,138,54
2462978,5级山贼,5,139,0,"大量资源,",299,672,,2,步兵,贡忍延:轻步兵x535 | 公西存:轻步兵x480,138,0
2464669,8级山贼,8,139,2,"大批资源,有宝箱,",915,2591,15105,4,战车;骑兵,程鑫章:投石车x959 | 毛茗:骁骑兵x679 | 扈柳好:投石车x1046 | 贲越:骁骑兵x796,138,0
2468736,10级山贼,10,139,3,"大批资源,有宝箱,",2048,4740,1793,5,弓弩;战车;骑兵,曹音与:弩骑兵x2191 | 宓靖卿:重弩车x737 | 蒋夏:投石车x1819 | 戎珠河:骁骑兵x1621 | 贡郝:弩骑兵x2007,138,0
2468111,1级山贼,1,139,7,"一些资源,",40,127,1034,1,步兵,漆雕思煦:民兵x148,138,6
2465928,3级山贼,3,139,8,"许多资源,",143,360,,1,步兵,王展丰:民兵x804,138,6
2466314,3级山贼,3,139,9,"许多资源,",143,325,,1,步兵,韦淑:民兵x785,138,6
2468850,7级山贼,7,139,14,"大批资源,",538,1679,1064,3,弓弩;步兵,姜芬河:轻步兵x1146 | 诸凡:轻步兵x1287 | 厍秋:强弩兵x1692,138,12
2465156,1级山贼,1,139,16,"一些资源,",54,150,,1,步兵,丰云卉:民兵x143,138,12
2468125,1级山贼,1,139,17,"一些资源,",48,105,,1,步兵,逄帅商:民兵x162,138,12
2464597,5级山贼,5,139,18,"很多资源,",279,771,,2,弓弩;步兵,匡怜凝:轻步兵x539 | 习旎淼:强弩兵x799,138,18
2464727,6级山贼,6,139,20,"大量资源,",372,810,,3,弓弩;步兵,充夜识:轻步兵x878 | 林路洽:弓兵x368 | 喻叡:轻步兵x799,138,18
2464212,7级山贼,7,139,21,"大批资源,有宝箱,",621,1641,1064,3,弓弩;步兵,余璨:轻步兵x1267 | 别通山:弓兵x518 | 傅熙:弓兵x553,138,18
2469995,8级山贼,8,139,25,"大批资源,有装备,",1098,2396,1069;16787969,4,战车;骑兵,巴语:骁骑兵x765 | 南宫芹:投石车x900 | 骆烁友:投石车x1089 | 任齐:骁骑兵x767,138,24
2464832,2级山贼,2,139,27,"许多资源,",88,272,,1,步兵,逄益:民兵x291,138,24
2464773,5级山贼,5,139,30,"很多资源,",261,721,,2,骑兵,聂惜:铁骑兵x343 | 暴慕韦:铁骑兵x364,138,30
2467456,6级山贼,6,139,31,"大量资源,",374,866,1059,3,弓弩;骑兵,宓彤通:强弩兵x1295 | 令狐豆:弓兵x395 | 卫昶:铁骑兵x556,138,30
2465410,10级山贼,10,139,34,"大批资源,有宝箱,一些宝物,",1986,5228,29441,5,弓弩;战车;骑兵,巢坚:重弩车x714 | 文姮冬:骁骑兵x1833 | 钭飙原:骁骑兵x1654 | 柯宛兰:弩骑兵x1821 | 戎长:骁骑兵x1699,138,30
2469767,5级山贼,5,139,35,"很多资源,有装备,",294,739,1047;16778497,2,弓弩;骑兵,贡气季:强弩兵x767 | 姬颖:铁骑兵x322,138,30
2464341,7级山贼,7,139,36,"大批资源,有宝箱,有装备,一些宝物,",602,1402,14849;16779265,3,弓弩;步兵;骑兵,井友:铁骑兵x835 | 隆熙儿:强弩兵x1595 | 栾鲲建:轻步兵x1255,138,36
2463567,4级山贼,4,139,37,"很多资源,",176,409,,2,步兵,龚绍敬:近卫兵x390 | 米经发:近卫兵x419,138,36
2466773,9级山贼,9,139,39,"大批资源,有宝箱,",1673,3757,,4,骑兵,饶明烁:骁骑兵x919 | 融锐恒:骁骑兵x1080 | 郑听:骁骑兵x963 | 徐识尔:轻骑兵x1782,138,36
2465416,10级山贼,10,139,41,"大批资源,有宝箱,有装备,一些宝物,",2187,4961,1077,5,弓弩;战车;骑兵,蒲仙:骁骑兵x1680 | 沈勤:骁骑兵x1880 | 喻业:弩骑兵x2134 | 温君:投石车x2072 | 黎桂:重弩车x712,138,36
2469287,9级山贼,9,139,42,"大批资源,有宝箱,",1651,4035,,4,战车;骑兵,余千:轻骑兵x1475 | 石曲:骁骑兵x1050 | 连凌:骁骑兵x1016 | 钮叡:重弩车x455,138,42
2466820,4级山贼,4,139,43,"很多资源,",180,430,,2,步兵,石云:民兵x1247 | 曹齐唱:近卫兵x412,138,42
2469040,8级山贼,8,139,46,"大批资源,有宝箱,",1016,2567,1069,4,战车;骑兵,司马如友:重弩车x379 | 阮童音:骁骑兵x716 | 瞿许祺:重弩车x351 | 冉志:轻骑兵x1233,138,42
2463994,4级山贼,4,139,47,"很多资源,",153,456,,2,步兵,干如露:重步兵x503 | 翟雁美:重步兵x500,138,42
2469007,2级山贼,2,139,48,"许多资源,",100,218,,1,步兵,窦琴:民兵x295,138,48
2464793,1级山贼,1,139,53,"一些资源,",60,128,,1,步兵,广绪问:民兵x147,138,48
2467582,6级山贼,6,139,54,"大量资源,有宝箱,",329,828,,3,弓弩;步兵;骑兵,云翊:强弩兵x1222 | 焦从:轻步兵x884 | 封绮游:铁骑兵x579,138,54
2467094,10级山贼,10,139,55,"大批资源,一些宝物,",2172,4612,,5,弓弩;战车;骑兵,慕旎冉:弩骑兵x2179 | 连桢:骁骑兵x1904 | 蓝桢子:骁骑兵x1997 | 微生卫健:弩车x233 | 羊槐云:重弩车x710,138,54
2465624,10级山贼,10,140,0,"大批资源,有宝箱,",1932,4661,,5,弓弩;战车;骑兵,蔺靖映:弩车x221 | 段义桂:弩骑兵x1840 | 甘海:重弩车x814 | 龚千秀:骁骑兵x1730 | 岑赋:弩骑兵x1888,138,0
2465954,9级山贼,9,140,1,"大批资源,有宝箱,",1724,4343,1074,4,战车;骑兵,司徒翠:轻骑兵x1682 | 钱发沁:骁骑兵x985 | 荣从莫:投石车x1221 | 司奕:重弩车x512,138,0
2465744,7级山贼,7,140,4,"大批资源,有宝箱,",522,1654,1064,3,弓弩;骑兵,毋冰:铁骑兵x845 | 申屠夫:强弩兵x1730 | 熊悦寄:强弩兵x1796,138,0
2465362,10级山贼,10,140,13,"大批资源,有宝箱,一些宝物,",1884,4660,1793,5,弓弩;战车;骑兵,毛云幼:弩骑兵x1954 | 别萍静:弩车x215 | 耿煦莫:弩车x222 | 束阔:重弩车x819 | 刁丰凡:骁骑兵x1610,138,12
2464743,8级山贼,8,140,14,"大批资源,有宝箱,",982,2524,1069,4,战车;骑兵,林醒闻:投石车x1011 | 安怡:骁骑兵x801 | 洪元润:投石车x1006 | 詹鑫琪:骁骑兵x745,138,12
2466757,1级山贼,1,140,15,"一些资源,有装备,",49,130,1034;16777217,1,步兵,井凌:民兵x146,138,12
2466744,1级山贼,1,140,16,"一些资源,",53,139,1032,1,步兵,公西闻佑:民兵x161,138,12
2467281,9级山贼,9,140,20,"大批资源,有宝箱,有装备,一些宝物,",1413,3674,1068;15105;16779521,4,战车;骑兵,暨顺:骁骑兵x1074 | 慕容开弼:投石车x1293 | 薄萍:轻骑兵x1472 | 龚旎小:骁骑兵x999,138,18
2466441,9级山贼,9,140,21,"大批资源,有宝箱,有装备,",1768,4300,,4,战车;骑兵,厍之:骁骑兵x925 | 熊容资:投石车x1207 | 申屠深逸:骁骑兵x986 | 蓟彬:骁骑兵x1052,138,18
2467318,10级山贼,10,140,24,"大批资源,有宝箱,有装备,",1855,4755,,5,弓弩;战车;骑兵,甘畅昱:骁骑兵x1744 | 晏济昂:重弩车x823 | 养涉:骁骑兵x1802 | 堵双欣:弩骑兵x1903 | 劳歌珍:骁骑兵x1686,138,24
2466448,10级山贼,10,140,27,"大批资源,有宝箱,有装备,",2154,4609,1793;16780033,5,弓弩;战车;骑兵,双跃凡:弩骑兵x1947 | 羿雨:弩骑兵x1884 | 管瑶:投石车x2005 | 薄洁识:重弩车x769 | 宗正醒鹤:骁骑兵x1802,138,24
2463747,1级山贼,1,140,30,"一些资源,",52,148,,1,步兵,萧鹤然:民兵x138,138,30
2469447,8级山贼,8,140,32,"大批资源,",1098,2669,,4,骑兵,谢蝶:轻骑兵x1297 | 齐昂:骁骑兵x741 | 武拔:骁骑兵x785 | 向宏:轻骑兵x1293,138,30
2465647,4级山贼,4,140,43,"很多资源,",167,420,,2,步兵,瞿河:民兵x1178 | 滑宇:近卫兵x362,138,42
2464659,5级山贼,5,140,45,"大量资源,",265,772,1054,2,步兵,贺容:轻步兵x466 | 昌罡:轻步兵x507,138,42
2468410,2级山贼,2,140,49,"许多资源,",81,255,,1,步兵,车柏赋:民兵x276,138,48
2465515,7级山贼,7,140,50,"大批资源,有宝箱,",650,1530,,3,弓弩;步兵,叶翠翠:强弩兵x1750 | 那彬:弓兵x516 | 茅绮:轻步兵x1246,138,48
2469209,1级山贼,1,140,51,"一些资源,",40,144,,1,步兵,房闻婕:民兵x150,138,48
2463699,5级山贼,5,141,0,"很多资源,有装备,",251,700,16778753,2,弓弩;步兵,关凌珍:强弩兵x857 | 闻铃霓:轻步兵x472,141,0
2466025,10级山贼,10,141,1,"大批资源,有宝箱,",1882,4699,,5,弓弩;战车,敖鸿:投石车x2070 | 邬祯:弩车x243 | 莫毅觉:重弩车x763 | 山冷:重弩车x781 | 郏希旻:弩骑兵x2125,141,0
2466477,7级山贼,7,141,3,"大批资源,有宝箱,",642,1453,1064,3,弓弩;骑兵,吉凝书:强弩兵x1775 | 向佩:强弩兵x1784 | 蒋含燕:铁骑兵x764,141,0
2468163,9级山贼,9,141,4,"大批资源,一些宝物,",1735,4266,1074,4,战车;骑兵,越剑超:轻骑兵x1505 | 明绪:投石车x1377 | 卢茜:轻骑兵x1701 | 麻歆健:骁骑兵x1088,141,0
2466696,9级山贼,9,141,5,"大批资源,有宝箱,",1631,4304,,4,战车;骑兵,仲长艾薇:投石车x1282 | 宁常:骁骑兵x961 | 常笛盼:骁骑兵x981 | 慕文慈:投石车x1366,141,0
2465483,5级山贼,5,141,7,"很多资源,",252,644,1054,2,弓弩;骑兵,荣彩:弓兵x195 | 杨唱海:铁骑兵x346,144,6
2468678,3级山贼,3,141,9,"许多资源,",159,354,,1,步兵,钮邪:民兵x823,144,6
2462987,3级山贼,3,141,13,"许多资源,",147,378,,1,步兵,吕蔚:民兵x853,141,12
2466133,10级山贼,10,141,14,"大批资源,有宝箱,",2022,4714,,5,战车;骑兵,双念鸾:骁骑兵x1715 | 蓟黛惜:弩车x241 | 梅问越:投石车x1964 | 蔺幻:投石车x2181 | 黎豇访:弩车x242,141,12
2464039,7级山贼,7,141,15,"大批资源,有宝箱,",555,1602,,3,弓弩;骑兵,却沛:强弩兵x1486 | 孟旋凝:铁骑兵x891 | 殴巧祈:强弩兵x1770,141,12
2465682,4级山贼,4,141,16,"很多资源,",161,486,,2,步兵,米彤半:重步兵x480 | 万默辑:重步兵x523,141,12
2469449,8级山贼,8,141,18,"大批资源,",950,2350,,4,战车;骑兵,祁禧:重弩车x353 | 黎雪:轻骑兵x1290 | 乐正畅音:骁骑兵x730 | 傅我:投石车x958,141,18
2465306,2级山贼,2,141,20,"许多资源,",87,205,,1,步兵,赖容畅:民兵x328,141,18
2467143,7级山贼,7,141,21,"大批资源,有宝箱,有装备,",619,1494,,3,弓弩;步兵,曲倩:强弩兵x1429 | 冷蕾黎:轻步兵x1300 | 牧凌梅:弓兵x568,141,18
2467861,7级山贼,7,141,24,"大批资源,有宝箱,",515,1605,,3,弓弩;步兵;骑兵,祁亦昶:铁骑兵x797 | 司马姝:弓兵x600 | 逄希:轻步兵x1274,141,24
2466605,7级山贼,7,141,25,"大批资源,有宝箱,",636,1413,13569;1055,3,弓弩;步兵,车堂:轻步兵x1181 | 养珺洁:弓兵x594 | 却巧逸:弓兵x549,141,24
2467996,8级山贼,8,141,26,"大批资源,",901,2562,,4,战车;骑兵,路莫丹:轻骑兵x1233 | 郦玥:骁骑兵x769 | 岑谙:骁骑兵x804 | 万宇贞:重弩车x375,141,24
2464316,3级山贼,3,141,29,"很多资源,",152,387,,1,步兵,晁秉:民兵x833,141,24
2469183,2级山贼,2,141,30,"许多资源,",86,229,,1,步兵,蒙萱:民兵x273,141,30
2469913,5级山贼,5,141,36,"很多资源,",277,702,,2,骑兵,隗懿:铁骑兵x360 | 时萍:铁骑兵x365,141,36
2467367,3级山贼,3,141,37,"很多资源,",141,372,,1,步兵,赫连迎:民兵x843,141,36
2463781,2级山贼,2,141,39,"许多资源,",86,269,1039,1,步兵,贲墨:民兵x281,141,36
2464542,4级山贼,4,141,40,"很多资源,",165,458,1049,2,步兵,松卓:民兵x1185 | 台雨:重步兵x481,141,36
2466419,2级山贼,2,141,43,"许多资源,有装备,",99,250,16777217,1,步兵,利期:民兵x326,141,42
2469997,2级山贼,2,141,44,"许多资源,",100,261,,1,步兵,凌骥昶:民兵x328,141,42
2466466,10级山贼,10,141,45,"大批资源,有宝箱,",1981,4719,,5,弓弩;战车;骑兵,韦夏唱:弩车x215 | 双晓:重弩车x766 | 麻醒:弩车x237 | 国桢:骁骑兵x1897 | 牧茵:弩骑兵x1805,141,42
2466019,1级山贼,1,141,46,"一些资源,",54,105,,1,步兵,景鸥:民兵x165,141,42
2465370,7级山贼,7,141,47,"大批资源,",526,1572,,3,弓弩;步兵;骑兵,申翊:强弩兵x1519 | 祁翊奕:铁骑兵x926 | 西门利:轻步兵x1272,141,42
2467908,9级山贼,9,141,48,"大批资源,",1403,4014,1074,4,战车;骑兵,程仙:骁骑兵x903 | 谈涵:骁骑兵x923 | 连鑫南:重弩车x502 | 瞿恩:骁骑兵x957,141,48
2467587,1级山贼,1,141,49,"一些资源,",40,109,,1,步兵,羿冷蓉:民兵x161,141,48
2468849,1级山贼,1,141,50,"一些资源,",40,142,,1,步兵,司箴扬:民兵x146,141,48
2466684,7级山贼,7,141,51,"大批资源,有宝箱,",503,1500,1064,3,弓弩;步兵,邴典:轻步兵x1135 | 宦松:弓兵x588 | 卜翮宇:强弩兵x1592,141,48
2468355,2级山贼,2,141,53,"许多资源,",94,297,1039,1,步兵,孔明定:民兵x281,141,48
2468323,6级山贼,6,141,54,"大量资源,",371,933,1059,3,弓弩;步兵,黄鸣:轻步兵x822 | 安孟:强弩兵x1053 | 虞桢:轻步兵x838,141,54
2468632,8级山贼,8,141,55,"大批资源,",1021,2521,,4,战车;骑兵,子车蔚:骁骑兵x673 | 尚斯:轻骑兵x1241 | 汲若:投石车x978 | 柏灵萱:投石车x1099,141,54
2468675,4级山贼,4,142,0,"很多资源,有宝箱,",179,498,13569,2,步兵,武涆麟:重步兵x475 | 屠琛邈:重步兵x491,141,0
2463037,8级山贼,8,142,1,"大批资源,有宝箱,",973,2278,1069,4,战车;骑兵,邢磊:轻骑兵x1279 | 巴实:投石车x1053 | 谈桢楠:骁骑兵x720 | 薄玥:投石车x1006,141,0
2468685,1级山贼,1,142,7,"一些资源,",50,148,,1,步兵,刁宏友:民兵x156,144,6
2467982,4级山贼,4,142,9,"很多资源,",169,465,,2,步兵,危枫:重步兵x504 | 夔向:近卫兵x411,144,6
2467968,7级山贼,7,142,11,"大批资源,有宝箱,有装备,一些宝物,",502,1680,16779521,3,弓弩;骑兵,柳偲:铁骑兵x809 | 相里晗婉:强弩兵x1624 | 黎元卿:弓兵x525,144,6
2466175,7级山贼,7,142,12,"大批资源,",648,1503,1064;1064,3,步兵,林瑾旎:轻步兵x1244 | 籍新阳:轻步兵x1254 | 司空婉晓:轻步兵x1226,141,12
2466673,9级山贼,9,142,13,"大批资源,一些宝物,",1519,4346,,4,战车;骑兵,卞大:投石车x1292 | 索曦:轻骑兵x1406 | 经齐骄:骁骑兵x973 | 艾怡枫:轻骑兵x1747,141,12
2466408,4级山贼,4,142,15,"很多资源,",150,477,,2,步兵,东逸:近卫兵x417 | 寇晟:近卫兵x411,141,12
2464615,7级山贼,7,142,16,"大批资源,有装备,",669,1449,,3,弓弩;步兵,项年:轻步兵x1254 | 姚忍:强弩兵x1692 | 詹边:弓兵x577,141,12
2463104,1级山贼,1,142,17,"一些资源,",41,116,,1,步兵,凌琦钊:民兵x153,141,12
2468358,9级山贼,9,142,18,"大批资源,有宝箱,一些宝物,",1708,4296,1074;1793,4,骑兵,全曼:骁骑兵x1004 | 牧藉:骁骑兵x1027 | 安与:轻骑兵x1548 | 宗政荷晓:轻骑兵x1538,141,18
2466751,8级山贼,8,142,19,"大批资源,有宝箱,",1065,2411,1069,4,战车;骑兵,俞蓝露:骁骑兵x718 | 苏荷:轻骑兵x1213 | 红润:投石车x1079 | 查茵玥:投石车x950,141,18
2466421,8级山贼,8,142,21,"大批资源,有宝箱,",1094,2341,,4,战车;骑兵,太叔楚曼:轻骑兵x1198 | 储逸:投石车x952 | 薄枫贤:骁骑兵x687 | 干恒:骁骑兵x814,141,18
2463366,10级山贼,10,142,23,"大批资源,有宝箱,一些宝物,",1929,5094,1078;1078;1084,5,战车;骑兵,钭友:重弩车x803 | 焦人桢:骁骑兵x1922 | 怀煦鑫:重弩车x714 | 韶修璨:骁骑兵x1982 | 郭我鲸:骁骑兵x1696,141,18
2468567,5级山贼,5,142,25,"很多资源,",266,653,,2,弓弩;骑兵,霍邢:铁骑兵x313 | 国骄卿:强弩兵x857,141,24
2466227,2级山贼,2,142,29,"许多资源,",95,210,,1,步兵,许常名:民兵x306,141,24
2469626,9级山贼,9,142,31,"大批资源,一些宝物,",1501,3912,1074;1074,4,骑兵,能勋谊:骁骑兵x1095 | 湛孟:骁骑兵x1069 | 虞展谋:骁骑兵x954 | 宇文琛格:骁骑兵x909,141,30
2464677,10级山贼,10,142,32,"大批资源,有宝箱,有装备,",2193,5366,1084;1084,5,战车;骑兵,耿荫水:骁骑兵x1624 | 瞿瑜:重弩车x715 | 昝冀蔚:骁骑兵x1898 | 程觅:骁骑兵x1614 | 广大:骁骑兵x1882,141,30
2468060,2级山贼,2,142,33,"许多资源,",96,281,,1,步兵,陆茂:民兵x300,141,30
2469867,9级山贼,9,142,37,"大批资源,有宝箱,",1541,4080,1074;1793,4,战车;骑兵,皮竹庆:骁骑兵x1005 | 洪慧:投石车x1225 | 诸悦强:重弩车x464 | 壤驷晖程:投石车x1353,141,36
2464234,3级山贼,3,142,44,"很多资源,",157,327,,1,步兵,文可:民兵x812,141,42
2469722,7级山贼,7,142,45,"大批资源,",637,1413,1064;1056,3,弓弩,陆晏:强弩兵x1415 | 孔自:弓兵x516 | 怀寻烟:强弩兵x1762,141,42
2466634,6级山贼,6,142,47,"大量资源,",376,930,1059,3,弓弩;骑兵,乔方:强弩兵x1050 | 云绍:铁骑兵x609 | 徐拓:强弩兵x1104,141,42
2467806,6级山贼,6,142,48,"大量资源,有装备,",331,871,16779265,3,弓弩;步兵,鲁炳云:轻步兵x808 | 戚荷:弓兵x374 | 殴无柏:轻步兵x882,141,48
2468719,3级山贼,3,142,49,"许多资源,",149,308,,1,步兵,奚润:民兵x851,141,48
2468020,4级山贼,4,142,51,"很多资源,",161,450,,2,步兵,充夜:近卫兵x374 | 牛麟魂:近卫兵x361,141,48
2468813,1级山贼,1,142,53,"一些资源,",42,115,1034,1,步兵,荆人:民兵x154,141,48
2464252,8级山贼,8,143,0,"大批资源,有宝箱,",1000,2723,1793,4,战车;骑兵,齐迎怡:轻骑兵x1211 | 茅中鸥:骁骑兵x721 | 谷朗:重弩车x341 | 秋之:重弩车x361,141,0
2466012,1级山贼,1,143,2,"一些资源,",47,119,,1,步兵,公良真柏:民兵x138,141,0
2465792,5级山贼,5,143,6,"大量资源,一些宝物,",281,746,4097,2,弓弩;骑兵,包瑾皓:铁骑兵x348 | 仰渺:强弩兵x809,144,6
2465213,7级山贼,7,143,7,"大批资源,有宝箱,一些宝物,",676,1547,,3,弓弩,彭材明:强弩兵x1749 | 淳于无音:强弩兵x1453 | 宫烁民:弓兵x548,144,6
2469055,8级山贼,8,143,12,"大批资源,",1004,2642,1069,4,骑兵,戎雁:骁骑兵x678 | 单骄彤:骁骑兵x808 | 连钧烈:骁骑兵x801 | 焦彤琦:轻骑兵x1210,141,12
2466698,6级山贼,6,143,19,"大量资源,",326,800,,3,步兵;骑兵,卓希:轻步兵x782 | 巢岚:铁骑兵x656 | 荆云拓:铁骑兵x657,141,18
2466078,10级山贼,10,143,21,"大批资源,有宝箱,一些宝物,",2166,5271,1080;1084,5,弓弩;战车;骑兵,殷萌骄:投石车x2105 | 米鑫:骁骑兵x1981 | 窦冬葱:弩骑兵x1839 | 隗翊:骁骑兵x1653 | 嵇生敬:投石车x1835,141,18
2463639,1级山贼,1,143,24,"一些资源,",53,118,,1,步兵,穆祈:民兵x149,141,24
2469444,10级山贼,10,143,27,"大批资源,有宝箱,有装备,一些宝物,",2009,5097,1084,5,弓弩;战车;骑兵,边鸾辐:重弩车x719 | 浦黎籁:弩骑兵x2170 | 须蝶:投石车x1979 | 喻之喷:弩骑兵x2001 | 孙青觅:骁骑兵x1783,141,24
2464960,4级山贼,4,143,29,"很多资源,有宝箱,",169,498,1049,2,步兵,程泽夏:民兵x1260 | 梁禄捷:重步兵x467,141,24
2463938,7级山贼,7,143,30,"大批资源,有宝箱,",654,1656,,3,弓弩;骑兵,荆双:强弩兵x1787 | 慕容勃:铁骑兵x926 | 司徒和夫:弓兵x524,141,30
2467925,3级山贼,3,143,31,"很多资源,",154,369,,1,步兵,陆默石:民兵x868,141,30
2466985,6级山贼,6,143,32,"大量资源,有宝箱,",342,992,13569,3,步兵;骑兵,昝辰赋:轻步兵x824 | 章唱谷:铁骑兵x548 | 柳籁:铁骑兵x571,141,30
2465926,2级山贼,2,143,33,"许多资源,",90,269,,1,步兵,蒙忆容:民兵x270,141,30
2464149,10级山贼,10,143,34,"大批资源,有宝箱,一些宝物,",2148,4500,29441;1793;1084,5,弓弩;战车;骑兵,易娴:弩骑兵x2081 | 茅颖:骁骑兵x1854 | 却尚:骁骑兵x1827 | 傅晔颀:投石车x2152 | 丁春:骁骑兵x1676,141,30
2468387,3级山贼,3,143,40,"很多资源,",148,319,,1,步兵,宗江诩:民兵x827,141,36
2465186,6级山贼,6,143,41,"大量资源,",327,890,1052;1059,3,弓弩,成忆青:强弩兵x1024 | 韩昶莲:强弩兵x1266 | 吴婕:弓兵x387,141,36
2466889,10级山贼,10,143,42,"大批资源,有宝箱,一些宝物,",2155,4856,3073;1793,5,弓弩;战车;骑兵,乔采昂:重弩车x671 | 步昕:弩骑兵x2166 | 林和绿:骁骑兵x1732 | 曲美怜:弩骑兵x1890 | 漆雕真:弩骑兵x1908,141,42
2469521,9级山贼,9,143,43,"大批资源,有宝箱,",1522,4150,1072,4,战车;骑兵,詹靖秋:骁骑兵x905 | 花竹绪:轻骑兵x1647 | 诸馨倪:重弩车x475 | 董锦:轻骑兵x1410,141,42
2467933,8级山贼,8,143,46,"大批资源,有宝箱,",1039,2516,24321,4,战车;骑兵,卞洧:骁骑兵x789 | 成恩:骁骑兵x818 | 沈桃:投石车x1001 | 董汉:骁骑兵x686,141,42
2464128,3级山贼,3,143,54,"很多资源,",147,394,,1,步兵,宗正思:民兵x890,141,54
2467736,3级山贼,3,143,55,"很多资源,",145,392,,1,步兵,子车怀:民兵x848,141,54
2466532,2级山贼,2,144,0,"许多资源,",98,282,,1,步兵,蓬明黛:民兵x285,144,0
2465737,1级山贼,1,144,1,"一些资源,",52,115,1034,1,步兵,昝超扬:民兵x161,144,0
2463008,9级山贼,9,144,3,"大批资源,有宝箱,一些宝物,",1618,3940,1793,4,战车;骑兵,夏颜熏:骁骑兵x1006 | 夔可畅:骁骑兵x1082 | 应魁:投石车x1353 | 叶语:骁骑兵x994,144,0
2466817,8级山贼,8,144,4,"大批资源,",1013,2400,1059,4,战车;骑兵,蓝景蔚:骁骑兵x740 | 钭喷:投石车x1001 | 苏旋:投石车x977 | 计籁熏:骁骑兵x825,144,0
2468347,4级山贼,4,144,5,"很多资源,有装备,",171,454,,2,步兵,逄昶:近卫兵x399 | 姚果颖:近卫兵x355,144,0
2462969,5级山贼,5,144,12,"很多资源,有宝箱,",258,680,13569,2,步兵;骑兵,蔺容:铁骑兵x377 | 伍晓方:轻步兵x463,144,12
2465618,2级山贼,2,144,14,"许多资源,",92,217,,1,步兵,仇幻:民兵x327,144,12
2464899,5级山贼,5,144,15,"很多资源,",294,669,,2,骑兵,许识:铁骑兵x380 | 简全:铁骑兵x355,144,12
2466603,4级山贼,4,144,18,"很多资源,一些宝物,",173,451,4097,2,步兵,余大豪:重步兵x511 | 桑茗峰:近卫兵x402,144,18
2466843,8级山贼,8,144,19,"大批资源,",904,2482,,4,战车;骑兵,居洁:骁骑兵x758 | 干阳丰:投石车x972 | 卫朝:投石车x1018 | 汲兴路:骁骑兵x824,144,18
2468744,7级山贼,7,144,20,"大批资源,有装备,",651,1668,,3,弓弩;骑兵,别华采:强弩兵x1431 | 洪溪:强弩兵x1761 | 庚雯沁:铁骑兵x897,144,18
2463016,7级山贼,7,144,21,"大批资源,有宝箱,有装备,",609,1462,1064;1064,3,弓弩;骑兵,纪信淼:强弩兵x1765 | 养谋项:铁骑兵x833 | 亓官艺:强弩兵x1671,144,18
2466671,3级山贼,3,144,22,"很多资源,",154,355,,1,步兵,戚奇:民兵x839,144,18
2466384,4级山贼,4,144,23,"很多资源,",178,497,,2,步兵,文寒:近卫兵x370 | 淳于盼:民兵x1236,144,18
2465041,1级山贼,1,144,30,"一些资源,",53,116,,1,步兵,何韦:民兵x145,144,30
2468331,7级山贼,7,144,31,"大批资源,有宝箱,",679,1551,,3,弓弩;步兵;骑兵,窦妙:铁骑兵x886 | 韶忍澜:轻步兵x1225 | 鄂千:强弩兵x1569,144,30
2465597,5级山贼,5,144,33,"很多资源,",264,638,,2,步兵,平珊:轻步兵x514 | 赫连颂:轻步兵x524,144,30
2466982,8级山贼,8,144,34,"大批资源,一些宝物,",947,2725,,4,战车;骑兵,暴以:轻骑兵x1192 | 时材朗:骁骑兵x676 | 高薇怜:轻骑兵x1100 | 贲适:投石车x1063,144,30
2466767,10级山贼,10,144,35,"大批资源,有宝箱,一些宝物,",1850,5429,24321;1084;1084,5,战车;骑兵,卜巧:骁骑兵x1833 | 刘全人:骁骑兵x1664 | 叶碧寻:弩车x225 | 吴怡晓:骁骑兵x1955 | 花临:骁骑兵x1783,144,30
2465754,3级山贼,3,144,39,"很多资源,",153,398,,1,步兵,梁艺:民兵x888,144,36
2463380,5级山贼,5,144,41,"大量资源,有装备,",264,751,,2,步兵;骑兵,南门行:轻步兵x540 | 臧奇日:铁骑兵x319,144,36
2466307,8级山贼,8,144,43,"大批资源,",917,2736,,4,骑兵,路贤闻:骁骑兵x690 | 萧化齐:轻骑兵x1106 | 蓟修:轻骑兵x1246 | 闻人风墨:轻骑兵x1293,144,42
2464130,8级山贼,8,144,44,"大批资源,有宝箱,有装备,",1047,2645,1069,4,战车;骑兵,赵洁:骁骑兵x797 | 阙茗:轻骑兵x1223 | 卢闻:轻骑兵x1107 | 伍源绪:重弩车x352,144,42
2468014,6级山贼,6,144,45,"大量资源,有宝箱,",398,882,13570,3,弓弩;骑兵,邹畴:铁骑兵x636 | 毕霜:弓兵x381 | 亓官鸿空:铁骑兵x659,144,42
2469809,10级山贼,10,144,47,"大批资源,一些宝物,",1850,5387,3074,5,弓弩;战车,崔合合:弩骑兵x2165 | 太叔吉元:重弩车x830 | 邬合:弩车x247 | 羿蝶霓:投石车x1863 | 宫瑶澜:弩骑兵x2150,144,42
2467179,1级山贼,1,144,49,"一些资源,",55,113,,1,步兵,颜怡:民兵x146,144,48
2465060,4级山贼,4,144,50,"很多资源,",159,433,,2,步兵,阎健:近卫兵x359 | 邓贤珺:重步兵x494,144,48
2464236,5级山贼,5,144,51,"很多资源,",250,618,1054,2,弓弩;骑兵,令狐鸥峰:强弩兵x866 | 贲海:铁骑兵x334,144,48
2465643,10级山贼,10,144,54,"大批资源,有宝箱,",1804,5191,1084,5,弓弩;战车;骑兵,祖丰利:弩骑兵x2200 | 倪玮龙:骁骑兵x1613 | 柯潍颖:重弩车x733 | 廖双然:弩车x230 | 别云:投石车x1949,144,54
2463702,1级山贼,1,144,55,"一些资源,",46,115,,1,步兵,轩辕闻:民兵x145,144,54
2466549,7级山贼,7,145,1,"大批资源,一些宝物,",553,1544,,3,弓弩;步兵;骑兵,空悌:强弩兵x1657 | 薛昶顺:铁骑兵x838 | 俞升:轻步兵x1205,144,0
2467728,2级山贼,2,145,4,"许多资源,",100,244,,1,步兵,蓟凡:民兵x288,144,0
2468715,3级山贼,3,145,13,"许多资源,",152,337,1035,1,步兵,蒲彤虹:民兵x843,144,12
2463796,1级山贼,1,145,14,"一些资源,",54,101,,1,步兵,庚丝:民兵x162,144,12
2465690,2级山贼,2,145,15,"许多资源,",97,277,,1,步兵,臧名程:民兵x286,144,12
2464221,9级山贼,9,145,17,"大批资源,",1602,3960,1074;1074,4,战车;骑兵,贲槐:投石车x1378 | 胡母冷天:轻骑兵x1612 | 储仙萱:投石车x1283 | 终贞醉:轻骑兵x1722,144,12
2464823,2级山贼,2,145,18,"许多资源,",82,202,,1,步兵,容格:民兵x272,144,18
2467173,8级山贼,8,145,19,"大批资源,",908,2593,,4,战车;骑兵,戚斌:骁骑兵x695 | 鄂恩:骁骑兵x809 | 狄丽:骁骑兵x782 | 那皓空:重弩车x380,144,18
2463273,7级山贼,7,145,20,"大批资源,",606,1483,,3,弓弩;骑兵,张星鹍:强弩兵x1665 | 丰蔚:强弩兵x1494 | 宦茂舟:铁骑兵x770,144,18
2468670,10级山贼,10,145,22,"大批资源,有宝箱,一些宝物,",1842,4851,1793;1076,5,弓弩;战车;骑兵,芮郁:骁骑兵x1909 | 查彤吟:骁骑兵x1993 | 羊筠新:弩骑兵x1857 | 万贤:重弩车x774 | 习勤郁:投石车x1891,144,18
2463902,3级山贼,3,145,30,"很多资源,",143,371,,1,步兵,宣澄:民兵x856,144,30
2466554,3级山贼,3,145,31,"许多资源,",140,350,,1,步兵,南宫南:民兵x825,144,30
2468393,7级山贼,7,145,32,"大批资源,有宝箱,",518,1454,14849;1064,3,步兵;骑兵,姚穹:铁骑兵x882 | 濮阳喷嫒:轻步兵x1112 | 齐冀旋:铁骑兵x823,144,30
2463597,4级山贼,4,145,34,"很多资源,",161,417,1049,2,步兵,昌烁:民兵x1146 | 麻懿:近卫兵x392,144,30
2469452,4级山贼,4,145,36,"很多资源,",161,423,1049,2,步兵,于教:民兵x1183 | 隆原昶:重步兵x493,144,36
2469529,6级山贼,6,145,37,"大量资源,一些宝物,",386,989,,3,步兵;骑兵,宰望:轻步兵x896 | 皇甫焕镘:轻步兵x792 | 卫凌:铁骑兵x594,144,36
2469538,4级山贼,4,145,38,"很多资源,",175,419,1041,2,步兵,曹清:近卫兵x420 | 吕识典:民兵x1110,144,36
2469053,9级山贼,9,145,39,"大批资源,有宝箱,一些宝物,",1511,4112,,4,战车;骑兵,邬祥聪:轻骑兵x1688 | 上官柏诚:投石车x1265 | 杭程悦:骁骑兵x926 | 扈怡:投石车x1201,144,36
2464814,4级山贼,4,145,42,"很多资源,",152,400,,2,步兵,席如:民兵x1243 | 庚闰慈:重步兵x538,144,42
2466988,5级山贼,5,145,43,"很多资源,有宝箱,",300,653,,2,步兵,宰耀:轻步兵x489 | 宗项:轻步兵x509,144,42
2468547,9级山贼,9,145,45,"大批资源,",1481,3741,1074,4,战车;骑兵,胡母丹薇:重弩车x508 | 郭墨:骁骑兵x982 | 郝鹂:轻骑兵x1533 | 浦煊闰:重弩车x514,144,42
2469865,9级山贼,9,145,46,"大批资源,有宝箱,",1554,3785,1074;1793,4,战车;骑兵,薛瑞:骁骑兵x931 | 傅璐水:骁骑兵x932 | 宦薇:投石车x1320 | 充夫:投石车x1277,144,42
2469961,1级山贼,1,145,47,"一些资源,",54,141,1034,1,步兵,单于语淑:民兵x160,144,42
2469872,2级山贼,2,145,49,"许多资源,",88,287,,1,步兵,鲁柳:民兵x274,144,48
2464453,2级山贼,2,145,50,"许多资源,",90,294,,1,步兵,别丰精:民兵x304,144,48
2466900,5级山贼,5,145,51,"很多资源,",252,705,,2,骑兵,司晏天:铁骑兵x375 | 敖龙:铁骑兵x361,144,48
2464188,1级山贼,1,145,52,"一些资源,",59,150,,1,步兵,邴州:民兵x147,144,48
2465252,8级山贼,8,145,53,"大批资源,",1046,2740,,4,战车;骑兵,长孙姮:投石车x924 | 陈鸥通:投石车x1091 | 岑汉奥:投石车x1065 | 郁山峥:轻骑兵x1176,144,48
2465061,3级山贼,3,145,54,"很多资源,",155,338,,1,步兵,微生恩驹:民兵x809,144,54
2469086,9级山贼,9,145,55,"大批资源,一些宝物,",1722,3823,,4,战车;骑兵,莫颜乐:轻骑兵x1768 | 洪佑:轻骑兵x1415 | 皇甫朝蓝:重弩车x431 | 莘凌彩:骁骑兵x968,144,54
2465361,3级山贼,3,146,1,"很多资源,",155,373,1044,1,步兵,梅悦:民兵x864,144,0
2466649,10级山贼,10,146,2,"大批资源,有宝箱,一些宝物,",2135,4632,29441,5,弓弩;战车;骑兵,顾筠颖:骁骑兵x1792 | 丁开:骁骑兵x1811 | 贲儿涉:骁骑兵x1809 | 郎志卓:弩骑兵x2124 | 诸颖:重弩车x685,144,0
2464718,1级山贼,1,146,18,"一些资源,",48,147,,1,步兵,司徒阳可:民兵x137,144,18
2464930,9级山贼,9,146,36,"大批资源,有宝箱,",1528,4350,1793,4,战车;骑兵,廖舟能:骁骑兵x1008 | 国佑骄:重弩车x485 | 关德:骁骑兵x1076 | 雷格岚:重弩车x495,144,36
2466210,6级山贼,6,146,44,"大量资源,有装备,",308,870,16778753,3,弓弩;骑兵,阚夏:强弩兵x1247 | 须和:强弩兵x1150 | 濮阳杉策:铁骑兵x578,144,42
2470030,8级山贼,8,146,45,"大批资源,有宝箱,有装备,",1068,2466,1069,4,战车;骑兵,匡可:重弩车x341 | 倪盼:投石车x1078 | 聂荫:骁骑兵x675 | 蓬潇:重弩车x353,144,42
2465785,2级山贼,2,146,48,"许多资源,",96,202,1039,1,步兵,印莲:民兵x293,144,48
2465978,6级山贼,6,146,49,"大量资源,",352,920,,3,弓弩;骑兵,邹萍锦:弓兵x386 | 贡强桂:强弩兵x1149 | 厍珺曾:铁骑兵x617,144,48
2466206,3级山贼,3,147,1,"许多资源,",142,346,1035,1,步兵,伊禧:民兵x896,147,0
2464353,2级山贼,2,147,2,"许多资源,",93,219,,1,步兵,姬恩:民兵x314,147,0
2464001,5级山贼,5,147,3,"很多资源,",277,759,,2,弓弩;步兵,鲁咏翊:强弩兵x837 | 相里游:轻步兵x507,147,0
2465911,5级山贼,5,147,6,"大量资源,",263,688,1054,2,骑兵,倪葱年:铁骑兵x346 | 鲁卉豇:铁骑兵x370,147,6
2463779,2级山贼,2,147,7,"许多资源,",89,241,,1,步兵,阮菱萍:民兵x297,147,6
2469123,7级山贼,7,147,8,"大批资源,有装备,",527,1502,,3,弓弩;步兵;骑兵,丰柳馨:轻步兵x1216 | 台简:弓兵x538 | 鱼利欣:铁骑兵x931,147,6
2464687,9级山贼,9,147,9,"大批资源,有宝箱,一些宝物,",1559,3709,1074,4,战车;骑兵,龚天:投石车x1249 | 狄佑:骁骑兵x955 | 封谊:投石车x1234 | 牧向:投石车x1381,147,6
2463070,2级山贼,2,147,13,"许多资源,",97,250,,1,步兵,殳望:民兵x288,147,12
2466828,10级山贼,10,147,19,"大批资源,有宝箱,",2018,5467,1793;1083,5,战车;骑兵,米澜君:弩车x215 | 湛丰胤:投石车x1935 | 戴皓:重弩车x726 | 夏楚荷:骁骑兵x1622 | 禄捷槐:投石车x2186,147,18
2467098,8级山贼,8,147,21,"大批资源,有装备,",994,2534,1069,4,战车;骑兵,王典:骁骑兵x742 | 宓修:骁骑兵x755 | 郏倪天:重弩车x361 | 陆虎化:投石车x1089,147,18
2465850,10级山贼,10,147,23,"大批资源,有宝箱,有装备,一些宝物,",1810,4707,16780033,5,弓弩;战车;骑兵,宓绪:重弩车x684 | 戈思娥:骁骑兵x1820 | 璩露萱:弩骑兵x2032 | 宗泽昶:骁骑兵x1836 | 苍真:弩骑兵x1818,147,18
2465818,5级山贼,5,147,24,"很多资源,",277,615,,2,步兵;骑兵,相黎湛:铁骑兵x374 | 乐正扬卫:轻步兵x483,147,24
2467355,9级山贼,9,147,25,"大批资源,有宝箱,",1787,3948,1074,4,战车;骑兵,乐曼皓:重弩车x468 | 龙壤南:骁骑兵x913 | 莫若常:骁骑兵x1094 | 蓝鸣:投石车x1325,147,24
2468103,6级山贼,6,147,28,"大量资源,有宝箱,",388,811,14849,3,弓弩,仲深今:强弩兵x1225 | 申空:强弩兵x1289 | 糜栩:弓兵x346,147,24
2464181,4级山贼,4,147,29,"很多资源,有宝箱,",168,476,13569,2,步兵,廖鑫家:近卫兵x347 | 卓蓉:近卫兵x361,147,24
2468486,9级山贼,9,147,31,"大批资源,有宝箱,一些宝物,",1606,4087,3073,4,战车;骑兵,余彤自:骁骑兵x1093 | 钮煦黎:骁骑兵x943 | 牛代:投石车x1383 | 谭虞:重弩车x481,147,30
2467979,4级山贼,4,147,32,"很多资源,",150,488,,2,步兵,雷楚丹:民兵x1293 | 卓尚逸:近卫兵x362,147,30
2466236,5级山贼,5,147,33,"很多资源,",277,686,,2,弓弩;骑兵,宗政濯:强弩兵x855 | 苏晶:铁骑兵x352,147,30
2464163,9级山贼,9,147,35,"大批资源,一些宝物,",1408,3729,29441,4,战车;骑兵,曲筠:轻骑兵x1543 | 冯荷平:轻骑兵x1560 | 姬语:投石车x1273 | 熊茂:骁骑兵x1074,147,30
2468192,9级山贼,9,147,37,"大批资源,",1718,4106,1070,4,战车;骑兵,齐通:投石车x1209 | 武芹旎:投石车x1225 | 殳略:骁骑兵x1004 | 翁骄含:轻骑兵x1740,147,36
2468541,2级山贼,2,147,38,"许多资源,",97,203,,1,步兵,终小梅:民兵x285,147,36
2465972,2级山贼,2,147,41,"许多资源,",85,278,1039,1,步兵,卜亦:民兵x325,147,36
2469165,6级山贼,6,147,42,"大量资源,有宝箱,一些宝物,",387,859,4097;1059,3,弓弩;步兵,容馨:轻步兵x847 | 卓曼:强弩兵x1292 | 邹存:轻步兵x928,147,42
2470031,9级山贼,9,147,43,"大批资源,有装备,",1683,3865,16780033,4,战车;骑兵,尹苑皓:投石车x1309 | 璩亮:骁骑兵x945 | 薄吉澜:轻骑兵x1457 | 郗籁珠:重弩车x461,147,42
2466834,3级山贼,3,147,44,"许多资源,",145,311,,1,步兵,步春:民兵x803,147,42
2467165,8级山贼,8,147,45,"大批资源,有宝箱,有装备,",972,2581,1069,4,骑兵,柳丰祈:骁骑兵x737 | 余自:轻骑兵x1138 | 关容:骁骑兵x798 | 阮竹:轻骑兵x1123,147,42
2466345,3级山贼,3,147,47,"很多资源,",147,361,,1,步兵,李焱翔:民兵x816,147,42
2467275,4级山贼,4,147,48,"很多资源,",180,415,,2,步兵,瞿苑:近卫兵x351 | 廖茗鸿:民兵x1292,147,48
2464980,9级山贼,9,147,49,"大批资源,",1733,4384,1074,4,战车;骑兵,郎文润:投石车x1398 | 司空淼:重弩车x505 | 隆晖:骁骑兵x1000 | 谭寒玉:骁骑兵x1071,147,48
2463764,10级山贼,10,147,51,"大批资源,有宝箱,一些宝物,",2069,4839,1793;1793,5,弓弩;战车,太叔雪惜:弩骑兵x1809 | 堵涵山:弩骑兵x1821 | 弘晨:投石车x2194 | 慎帅路:弩车x226 | 朱腾聪:重弩车x747,147,48
2463623,3级山贼,3,147,53,"许多资源,",146,326,,1,步兵,武为:民兵x793,147,48
2467825,6级山贼,6,147,54,"大量资源,",390,926,,3,弓弩;步兵;骑兵,隗希:轻步兵x895 | 宰铃芙:铁骑兵x643 | 倪幻:弓兵x408,147,54
2464668,6级山贼,6,148,2,"大量资源,有宝箱,一些宝物,",366,903,,3,弓弩;步兵,璩圣骥:轻步兵x904 | 党采昱:轻步兵x903 | 秦林驹:强弩兵x1186,147,0
2463047,7级山贼,7,148,3,"大批资源,有宝箱,一些宝物,",673,1433,1064;3073,3,弓弩;骑兵,子车珍颖:强弩兵x1578 | 宗正海:强弩兵x1779 | 谭赋:铁骑兵x848,147,0
2463147,3级山贼,3,148,4,"许多资源,有装备,",152,340,16777729,1,步兵,柴幻:民兵x846,147,0
2464138,6级山贼,6,148,6,"大量资源,",334,926,1059,3,步兵;骑兵,桑碧勤:轻步兵x885 | 居吟奇:铁骑兵x551 | 车凌:轻步兵x796,147,6
2468325,3级山贼,3,148,7,"很多资源,",158,391,,1,步兵,葛瑾:民兵x795,147,6
2465376,4级山贼,4,148,10,"很多资源,",176,424,,2,步兵,俞瑜福:民兵x1179 | 乐兰:近卫兵x347,147,6
2468757,8级山贼,8,148,11,"大批资源,",1014,2303,,4,战车,武家:投石车x922 | 荀月芬:投石车x911 | 计路:投石车x978 | 凤朝:投石车x1067,147,6
2469341,4级山贼,4,148,12,"很多资源,",164,445,1049,2,步兵,麻萌:近卫兵x376 | 徐河与:重步兵x515,147,12
2469559,2级山贼,2,148,14,"许多资源,",99,285,,1,步兵,空铃:民兵x293,147,12
2465359,3级山贼,3,148,15,"很多资源,",146,357,,1,步兵,彭果:民兵x876,147,12
2468754,1级山贼,1,148,17,"一些资源,",52,125,,1,步兵,沙靖:民兵x144,147,12
2466449,3级山贼,3,148,19,"很多资源,",159,335,,1,步兵,莘鸿巍:民兵x878,147,18
2468752,1级山贼,1,148,21,"一些资源,",50,124,,1,步兵,蔚岚:民兵x144,147,18
2464452,6级山贼,6,148,23,"大量资源,",374,817,1059,3,步兵;骑兵,管涛:轻步兵x884 | 蔚容:轻步兵x813 | 巫马津芮:铁骑兵x546,147,18
2469591,8级山贼,8,148,24,"大批资源,有宝箱,",1050,2713,,4,战车;骑兵,奚桃:重弩车x336 | 伏藉:骁骑兵x692 | 应雪宛:骁骑兵x746 | 山煜鹍:投石车x937,147,24
2464536,2级山贼,2,148,27,"许多资源,",91,215,,1,步兵,皮闰伟:民兵x309,147,24
2469305,1级山贼,1,148,29,"一些资源,",45,135,,1,步兵,农木:民兵x138,147,24
2467015,7级山贼,7,148,30,"大批资源,",634,1489,1064;1064,3,弓弩;骑兵,祁以:强弩兵x1539 | 戴诩:铁骑兵x847 | 狄勤:强弩兵x1666,147,30
2464779,1级山贼,1,148,31,"一些资源,",51,127,,1,步兵,仲颀:民兵x161,147,30
2464381,6级山贼,6,148,34,"大量资源,有宝箱,",381,842,1059,3,弓弩;骑兵,相秋:铁骑兵x573 | 皇甫湃:铁骑兵x549 | 巩海:强弩兵x1067,147,30
2467654,2级山贼,2,148,35,"许多资源,有装备,",86,236,16777729,1,步兵,戈佩:民兵x324,147,30
2466987,5级山贼,5,148,37,"大量资源,",253,786,,2,弓弩;骑兵,荣季:铁骑兵x336 | 解辰玉:弓兵x199,147,36
2465129,1级山贼,1,148,38,"一些资源,",59,104,,1,步兵,步璨:民兵x159,147,36
2465273,5级山贼,5,148,39,"很多资源,",259,625,,2,骑兵,能玮竹:铁骑兵x341 | 巫马悦芬:铁骑兵x365,147,36
2467252,7级山贼,7,148,41,"大批资源,有宝箱,",652,1659,,3,弓弩;骑兵,公良奇健:强弩兵x1592 | 师越发:铁骑兵x896 | 阮渺:铁骑兵x913,147,36
2467558,8级山贼,8,148,42,"大批资源,",907,2332,1063,4,战车;骑兵,郦勤姝:骁骑兵x809 | 贺颖鑫:重弩车x330 | 郏皓禧:投石车x976 | 苏华:轻骑兵x1204,147,42
2469835,8级山贼,8,148,43,"大批资源,一些宝物,",1059,2275,,4,战车;骑兵,江荫芷:轻骑兵x1137 | 索颂:骁骑兵x811 | 甄禧禧:投石车x1068 | 狄慕莲:投石车x1090,147,42
2463674,2级山贼,2,148,45,"许多资源,",93,275,,1,步兵,沈曦:民兵x300,147,42
2464621,3级山贼,3,148,49,"许多资源,",156,300,,1,步兵,陆君:民兵x826,147,48
2467500,2级山贼,2,148,50,"许多资源,",81,265,1039,1,步兵,薛鸥:民兵x285,147,48
2464513,5级山贼,5,148,51,"大量资源,",297,782,1054,2,弓弩,甄烈:弓兵x208 | 吕燕洁:强弩兵x815,147,48
2463873,3级山贼,3,148,52,"很多资源,有装备,",153,386,16778241,1,步兵,暨凡瑜:民兵x829,147,48
2466958,4级山贼,4,148,53,"很多资源,",163,420,,2,步兵,滕瑶:近卫兵x387 | 顾露荷:近卫兵x396,147,48
2466039,4级山贼,4,148,54,"很多资源,",177,415,,2,步兵,饶蔼:重步兵x495 | 江萌:近卫兵x401,147,54
2468267,6级山贼,6,149,0,"大量资源,",398,900,,3,步兵,樊贤:轻步兵x920 | 籍颜:轻步兵x915 | 浦笛彦:轻步兵x791,147,0
2467398,10级山贼,10,149,1,"大批资源,有宝箱,一些宝物,",1896,5054,,5,战车;骑兵,薛寄绍:骁骑兵x1761 | 郝希:重弩车x701 | 嵇颖:骁骑兵x1840 | 东方珺听:骁骑兵x1617 | 项进:骁骑兵x1613,147,0
2464194,7级山贼,7,149,2,"大批资源,有宝箱,",579,1679,1064,3,弓弩;骑兵,柯宾堂:铁骑兵x812 | 都奕听:铁骑兵x867 | 宇文壮:强弩兵x1538,147,0
2465919,7级山贼,7,149,4,"大批资源,有宝箱,一些宝物,",697,1604,1064,3,步兵;骑兵,濮阳丰雁:铁骑兵x780 | 孔正:轻步兵x1110 | 皮昂方:轻步兵x1138,147,0
2467267,1级山贼,1,149,8,"一些资源,",50,129,,1,步兵,朱听:民兵x144,147,6
2466271,1级山贼,1,149,13,"一些资源,",49,124,1034,1,步兵,甄骄:民兵x147,147,12
2467571,3级山贼,3,149,19,"很多资源,",158,317,,1,步兵,滑程果:民兵x816,147,18
2465609,2级山贼,2,149,25,"许多资源,",82,201,,1,步兵,申屠桃鸥:民兵x272,147,24
2468429,2级山贼,2,149,26,"许多资源,",88,278,,1,步兵,邹靖沛:民兵x330,147,24
2466658,6级山贼,6,149,48,"大量资源,一些宝物,",324,895,1059,3,弓弩,酆颀:强弩兵x1129 | 尹曦青:强弩兵x1251 | 殳璨:强弩兵x1056,147,48
2464798,7级山贼,7,149,49,"大批资源,有宝箱,",697,1594,,3,弓弩;步兵,闻人韶:轻步兵x1270 | 包恺奕:弓兵x598 | 时文:强弩兵x1715,147,48
2463984,10级山贼,10,149,55,"大批资源,有装备,",2127,4648,,5,弓弩;战车;骑兵,凌人雯:骁骑兵x1642 | 诸寻曦:骁骑兵x1637 | 后凡远:重弩车x749 | 逄秉虹:弩骑兵x1806 | 公西合儿:投石车x1964,147,54
2465320,10级山贼,10,150,7,"大批资源,有宝箱,一些宝物,",2157,5352,1084,5,弓弩;战车,令狐跃圣:重弩车x765 | 秋赋洲:弩骑兵x2118 | 戈通:重弩车x782 | 双然复:重弩车x686 | 于珍:重弩车x700,150,6
2468046,5级山贼,5,150,10,"很多资源,",287,737,1054,2,步兵;骑兵,卓苑昊:铁骑兵x366 | 关甫:轻步兵x487,150,6
2469004,9级山贼,9,150,11,"大批资源,",1640,4025,,4,战车;骑兵,尤轩:骁骑兵x1017 | 司徒志超:骁骑兵x950 | 莘宁:轻骑兵x1401 | 薄映敬:投石车x1229,150,6
2464586,9级山贼,9,150,15,"大批资源,有宝箱,",1721,4130,,4,战车;骑兵,宣夜:重弩车x484 | 韶筠:骁骑兵x1038 | 家音:投石车x1248 | 冯潍:骁骑兵x941,150,12
2467301,6级山贼,6,150,17,"大量资源,有宝箱,",316,813,,3,步兵;骑兵,乐壮:轻步兵x918 | 陈艺穰:轻步兵x803 | 戎翮许:铁骑兵x611,150,12
2464113,1级山贼,1,150,19,"一些资源,",42,117,,1,步兵,仇炎:民兵x160,150,18
2468810,2级山贼,2,150,20,"许多资源,",97,225,,1,步兵,乐铃茜:民兵x322,150,18
2465337,9级山贼,9,150,24,"大批资源,有装备,",1529,3951,1074;1074,4,战车;骑兵,申屠瑶凡:投石车x1304 | 荀冰:轻骑兵x1734 | 郭鹤好:重弩车x521 | 洪空楠:骁骑兵x1029,150,24
2468140,5级山贼,5,150,26,"大量资源,",275,611,,2,步兵;骑兵,韦双自:铁骑兵x372 | 解逸:轻步兵x539,150,24
2468262,3级山贼,3,150,27,"很多资源,有装备,",157,326,16787457,1,步兵,印夫:民兵x885,150,24
2468455,9级山贼,9,150,30,"大批资源,有宝箱,",1548,3617,,4,战车;骑兵,厍亦:骁骑兵x1021 | 明烁:投石车x1362 | 孔绪倩:骁骑兵x956 | 窦栩寄:轻骑兵x1551,150,30
2468004,7级山贼,7,150,32,"大批资源,有宝箱,",516,1680,,3,步兵;骑兵,冉松晓:轻步兵x1201 | 别柳:铁骑兵x814 | 宓庆波:铁骑兵x883,150,30
2468212,10级山贼,10,150,33,"大批资源,",1980,5099,,5,弓弩;战车;骑兵,蔚锐烁:骁骑兵x1856 | 文颜悟:重弩车x735 | 巴咏豪:骁骑兵x1684 | 祝瑶:投石车x1821 | 昌土:弩骑兵x2087,150,30
2466371,3级山贼,3,150,35,"很多资源,",152,373,,1,步兵,殷嫒颀:民兵x821,150,30
2469335,8级山贼,8,150,37,"大批资源,一些宝物,",1063,2347,1069,4,战车;骑兵,山锦楠:骁骑兵x794 | 鄂冀格:骁骑兵x782 | 俞焕拯:骁骑兵x710 | 薄均:投石车x969,150,36
2465220,7级山贼,7,150,38,"大批资源,有宝箱,",537,1611,,3,步兵;骑兵,单于畅山:铁骑兵x763 | 暴宛亦:轻步兵x1288 | 王冀周:轻步兵x1127,150,36
2469404,2级山贼,2,150,40,"许多资源,",99,243,,1,步兵,柴悦:民兵x303,150,36
2464530,8级山贼,8,150,41,"大批资源,有宝箱,",1050,2341,1069;24321,4,战车;骑兵,许柏诩:骁骑兵x733 | 璩墨:骁骑兵x795 | 应适澜:投石车x954 | 郜亦今:骁骑兵x755,150,36
2466570,7级山贼,7,150,44,"大批资源,有宝箱,有装备,",627,1621,1064,3,弓弩,席玉:强弩兵x1626 | 余复温:强弩兵x1759 | 台空:强弩兵x1587,150,42
2464559,9级山贼,9,150,48,"大批资源,有宝箱,",1726,3908,,4,战车;骑兵,姬译甲:重弩车x507 | 鄂鹂:投石车x1210 | 丁颜:骁骑兵x1007 | 戎楠齐:投石车x1294,150,48
2468435,2级山贼,2,150,49,"许多资源,",86,278,,1,步兵,邢焕:民兵x284,150,48
2467743,10级山贼,10,150,50,"大批资源,有宝箱,",1984,5374,1793;1078,5,弓弩;骑兵,宇文恩:骁骑兵x1760 | 贾方:骁骑兵x1791 | 崔好:骁骑兵x1618 | 苍水乐:弩骑兵x1992 | 廉佩:弩骑兵x1825,150,48
2468375,4级山贼,4,150,51,"很多资源,",173,431,,2,步兵,乜希:民兵x1291 | 蒙茗群:重步兵x471,150,48
2467502,9级山贼,9,150,52,"大批资源,一些宝物,",1618,3940,,4,战车;骑兵,濮阳曲韶:骁骑兵x960 | 凌沁丹:骁骑兵x926 | 聂咏洁:投石车x1398 | 司徒乾莫:骁骑兵x1021,150,48
2468091,7级山贼,7,150,55,"大批资源,",561,1472,,3,弓弩;骑兵,郗翼年:强弩兵x1680 | 席巧葱:铁骑兵x798 | 越人:铁骑兵x780,150,54
2466479,4级山贼,4,151,7,"很多资源,",172,464,,2,步兵,居杉:近卫兵x385 | 鲍音:民兵x1167,150,6
2465586,9级山贼,9,151,8,"大批资源,有宝箱,",1439,3707,,4,骑兵,籍淼:骁骑兵x990 | 丰卫邦:骁骑兵x1073 | 吉辰心:骁骑兵x934 | 丰大雪:骁骑兵x914,150,6
2464322,3级山贼,3,151,9,"许多资源,",149,357,1044,1,步兵,裴翠:民兵x808,150,6
2467440,7级山贼,7,151,10,"大批资源,有装备,",633,1620,,3,弓弩;步兵;骑兵,胡丽:轻步兵x1176 | 支听:铁骑兵x901 | 暴琪:强弩兵x1573,150,6
2463220,4级山贼,4,151,13,"很多资源,",176,414,,2,步兵,祖尔烟:近卫兵x383 | 费策浩:近卫兵x350,150,12
2466722,3级山贼,3,151,14,"许多资源,",150,308,,1,步兵,花河:民兵x800,150,12
2467292,4级山贼,4,151,16,"很多资源,",154,430,,2,步兵,解问:民兵x1300 | 姜毅:重步兵x534,150,12
2467406,1级山贼,1,151,20,"一些资源,",43,118,,1,步兵,轩辕醒楚:民兵x161,150,18
2468359,5级山贼,5,151,21,"大量资源,",283,730,,2,弓弩;骑兵,狄洁芮:铁骑兵x318 | 步赋涉:强弩兵x787,150,18
2465426,9级山贼,9,151,23,"大批资源,",1594,3639,1074,4,战车;骑兵,施慧莲:投石车x1274 | 宗政静蓝:投石车x1239 | 邵灵:重弩车x511 | 齐籁瑾:骁骑兵x970,150,18
2466636,2级山贼,2,151,24,"许多资源,",82,230,,1,步兵,戴茂:民兵x275,150,24
2463386,1级山贼,1,151,26,"一些资源,",59,150,1034,1,步兵,虞籁宇:民兵x157,150,24
2469044,5级山贼,5,151,27,"大量资源,有装备,",289,727,,2,步兵,和黛妙:轻步兵x484 | 祁雪:轻步兵x465,150,24
2469347,8级山贼,8,151,28,"大批资源,有宝箱,",938,2423,1069,4,战车;骑兵,孙雪:轻骑兵x1295 | 苏心恩:骁骑兵x719 | 童楚:投石车x1067 | 任鸥:重弩车x350,150,24
2465694,3级山贼,3,151,29,"许多资源,",140,312,1043,1,步兵,周煜:民兵x856,150,24
2465989,2级山贼,2,151,34,"许多资源,",98,208,1039,1,步兵,国柏友:民兵x314,150,30
2467104,3级山贼,3,151,35,"许多资源,",140,334,,1,步兵,万依诗:民兵x809,150,30
2467483,5级山贼,5,151,37,"很多资源,有宝箱,",273,707,,2,弓弩;骑兵,邓采桂:铁骑兵x378 | 钱海:弓兵x217,150,36
2468983,3级山贼,3,151,39,"很多资源,",157,326,1043,1,步兵,苏初亘:民兵x797,150,36
2463447,3级山贼,3,151,40,"许多资源,",140,380,,1,步兵,子车怜:民兵x831,150,36
2463911,4级山贼,4,151,47,"很多资源,",157,415,,2,步兵,祁沁:重步兵x478 | 能琛珊:重步兵x499,150,42
2469018,7级山贼,7,151,48,"大批资源,有宝箱,",524,1524,,3,弓弩,梁蕴:强弩兵x1498 | 咸彤觅:强弩兵x1624 | 漆雕沉:强弩兵x1475,150,48
2468382,2级山贼,2,151,49,"许多资源,",99,251,,1,步兵,詹语柔:民兵x307,150,48
2465545,5级山贼,5,151,52,"大量资源,",264,760,,2,弓弩;步兵,惠晴吉:轻步兵x476 | 茅升:弓兵x212,150,48
2466911,4级山贼,4,151,54,"很多资源,",157,442,1046,2,步兵,苏洁伟:民兵x1271 | 文虹杉:重步兵x491,150,54
2468134,7级山贼,7,152,6,"大批资源,",630,1670,,3,步兵;骑兵,鞠晗:铁骑兵x856 | 公羊鹤河:铁骑兵x818 | 狄无:轻步兵x1235,150,6
2465955,2级山贼,2,152,7,"许多资源,",94,226,,1,步兵,闻潇:民兵x324,150,6
2464005,6级山贼,6,152,12,"大量资源,有宝箱,",318,868,1059;14849,3,弓弩;骑兵,皮荷:铁骑兵x657 | 居空延:铁骑兵x583 | 夔以菲:强弩兵x1032,150,12
2466091,5级山贼,5,152,17,"很多资源,",288,701,,2,弓弩;步兵,甄轩:轻步兵x499 | 淳于骞:强弩兵x745,150,12
2463565,3级山贼,3,152,22,"很多资源,",144,375,,1,步兵,郎蓉:民兵x865,150,18
2467437,9级山贼,9,152,24,"大批资源,",1781,3976,1074,4,战车;骑兵,车正晶:投石车x1280 | 毛全:投石车x1251 | 司马栋:轻骑兵x1661 | 徐楚:骁骑兵x1044,150,24
2468461,1级山贼,1,152,30,"一些资源,",40,138,,1,步兵,樊晔简:民兵x160,150,30
2465398,7级山贼,7,152,31,"大批资源,有宝箱,",647,1517,1064,3,弓弩;骑兵,廉羽:铁骑兵x872 | 农舟:强弩兵x1572 | 宁鲲:铁骑兵x919,150,30
2465571,4级山贼,4,152,36,"很多资源,",157,404,,2,步兵,敖风:近卫兵x393 | 孙禹松:近卫兵x384,150,36
2464095,6级山贼,6,152,37,"大量资源,有宝箱,",356,951,,3,弓弩;骑兵,叶晋丰:铁骑兵x631 | 邵彦:强弩兵x1020 | 师雅念:强弩兵x1204,150,36
2465466,3级山贼,3,152,42,"许多资源,",147,354,,1,步兵,谷唱彤:民兵x816,150,42
2468787,4级山贼,4,152,43,"很多资源,",170,474,,2,步兵,谈茗:近卫兵x386 | 廉空:民兵x1294,150,42
2469168,9级山贼,9,152,46,"大批资源,有宝箱,",1457,4096,1072,4,战车;骑兵,乔铃:重弩车x515 | 赖展勋:投石车x1308 | 骆容艺:骁骑兵x917 | 仲柏晋:骁骑兵x1078,150,42
2468463,8级山贼,8,152,47,"大批资源,",920,2711,1069,4,骑兵,乔诚朋:轻骑兵x1148 | 公西燕瑶:轻骑兵x1227 | 羊烟昂:轻骑兵x1173 | 顾娴:骁骑兵x738,150,42
2463681,2级山贼,2,152,50,"许多资源,有装备,",94,238,,1,步兵,狄鸥:民兵x274,150,48
2464533,1级山贼,1,152,51,"一些资源,",47,103,,1,步兵,巫马怡我:民兵x137,150,48
2466061,9级山贼,9,152,52,"大批资源,有宝箱,",1605,3953,,4,战车;骑兵,韶溪蓝:投石车x1253 | 关合:骁骑兵x1063 | 毋韵:轻骑兵x1402 | 唐舒清:骁骑兵x989,150,48
2464555,8级山贼,8,152,53,"大批资源,",967,2344,,4,战车;骑兵,敖和晏:轻骑兵x1242 | 欧阳碧芮:投石车x919 | 邱章:重弩车x340 | 钱彦:骁骑兵x822,150,48
2466743,7级山贼,7,152,54,"大批资源,有宝箱,有装备,",502,1662,1064;16779009,3,弓弩;步兵,解惠:强弩兵x1631 | 戈柳驰:轻步兵x1203 | 濮阳凡:轻步兵x1177,150,54
2465490,6级山贼,6,153,0,"大量资源,有宝箱,有装备,",309,800,1059;16787713,3,弓弩;骑兵,台淑合:强弩兵x1189 | 车铄图:强弩兵x1280 | 司马望忆:铁骑兵x578,153,0
2469417,5级山贼,5,153,1,"大量资源,",283,717,,2,步兵;骑兵,胡赫中:铁骑兵x326 | 施歆:轻步兵x479,153,0
2468328,3级山贼,3,153,3,"许多资源,",154,307,,1,步兵,靳贤晔:民兵x842,153,0
2467646,3级山贼,3,153,4,"很多资源,",142,364,,1,步兵,凌之怡:民兵x884,153,0
2465279,10级山贼,10,153,5,"大批资源,有宝箱,有装备,一些宝物,",1919,4615,1793,5,弓弩;战车,申屠斯韦:重弩车x680 | 越家:弩骑兵x2056 | 邓嫒瑶:弩骑兵x2055 | 陆玮:弩骑兵x1922 | 蓝河量:弩车x253,153,0
2467764,10级山贼,10,153,6,"大批资源,有宝箱,",1843,5441,,5,弓弩;战车;骑兵,尹典:投石车x2111 | 段夜:骁骑兵x1785 | 许双尔:弩骑兵x1902 | 华诩墨:弩骑兵x1993 | 金江鸿:骁骑兵x1638,153,6
2468077,7级山贼,7,153,9,"大批资源,",529,1592,,3,弓弩;步兵,祝沁:轻步兵x1261 | 牛璧:强弩兵x1573 | 傅友姮:弓兵x572,153,6
2465280,4级山贼,4,153,11,"很多资源,",156,445,,2,步兵,居火墨:重步兵x532 | 莫茂:近卫兵x402,153,6
2467748,9级山贼,9,153,12,"大批资源,有宝箱,",1551,3849,,4,战车;骑兵,夔杉栩:骁骑兵x979 | 乔儿:骁骑兵x1026 | 芮能:骁骑兵x1090 | 费合童:投石车x1219,153,12
2465069,4级山贼,4,153,13,"很多资源,",151,474,,2,步兵,管齐大:重步兵x549 | 葛锋:重步兵x540,153,12
2464360,1级山贼,1,153,14,"一些资源,",46,133,,1,步兵,宣勇致:民兵x165,153,12
2468945,6级山贼,6,153,15,"大量资源,有宝箱,",397,966,14849;1059,3,弓弩;步兵,惠蔚翼:弓兵x376 | 路峥烨:轻步兵x849 | 印玥:轻步兵x860,153,12
2467890,2级山贼,2,153,18,"许多资源,有装备,",89,284,1037,1,步兵,纪茵:民兵x306,153,18
2468322,1级山贼,1,153,19,"一些资源,",58,112,,1,步兵,蒋泽:民兵x135,153,18
2467347,7级山贼,7,153,20,"大批资源,",535,1575,1064,3,弓弩;步兵;骑兵,颜懋:轻步兵x1286 | 乌淑杉:强弩兵x1800 | 宁溪彤:铁骑兵x817,153,18
2467711,1级山贼,1,153,21,"一些资源,",43,150,,1,步兵,何骄:民兵x145,153,18
2467248,6级山贼,6,153,26,"大量资源,",332,921,1050,3,弓弩;步兵;骑兵,太叔灵:铁骑兵x583 | 时慈:轻步兵x909 | 赵冉:强弩兵x1122,153,24
2465486,4级山贼,4,153,27,"很多资源,",153,488,,2,步兵,乔雪:民兵x1297 | 冉芬:民兵x1115,153,24
2467926,7级山贼,7,153,29,"大批资源,有宝箱,",647,1583,1064,3,弓弩;步兵,成绪:弓兵x546 | 太叔琛:轻步兵x1244 | 戎曦:强弩兵x1762,153,24
2469180,3级山贼,3,153,30,"许多资源,",145,361,1037,1,步兵,匡天:民兵x861,153,30
2466085,6级山贼,6,153,31,"大量资源,",355,868,1059,3,弓弩;步兵,晏简芙:强弩兵x1245 | 耿泽瑾:轻步兵x787 | 訾子业:强弩兵x1184,153,30
2463397,4级山贼,4,153,34,"很多资源,一些宝物,",177,452,4097,2,步兵,钟适丰:近卫兵x397 | 王松宛:重步兵x490,153,30
2468647,10级山贼,10,153,35,"大批资源,有宝箱,一些宝物,",1859,4831,1077,5,弓弩;战车;骑兵,卓今:弩车x221 | 禄运柏:骁骑兵x1956 | 浦熠韵:弩车x206 | 逄盛:弩骑兵x2129 | 赵云凡:弩车x209,153,30
2468581,10级山贼,10,153,36,"大批资源,有宝箱,",1941,4851,,5,战车,尚禹:投石车x2058 | 米茗芙:弩车x256 | 伍鸾:投石车x2033 | 宗正娇晴:弩车x234 | 闻我:重弩车x830,153,36
2468859,2级山贼,2,153,40,"许多资源,",99,218,1039,1,步兵,籍宣:民兵x326,153,36
2468464,5级山贼,5,153,43,"很多资源,",255,783,,2,步兵;骑兵,应淑:轻步兵x472 | 薛达:铁骑兵x359,153,42
2467087,2级山贼,2,153,44,"许多资源,",93,225,,1,步兵,廉晋润:民兵x285,153,42
2464910,5级山贼,5,153,45,"很多资源,",289,717,,2,弓弩;骑兵,杭阳薄:铁骑兵x322 | 卓萌:强弩兵x729,153,42
2464060,2级山贼,2,153,46,"许多资源,",99,257,,1,步兵,穆寄听:民兵x289,153,42
2465349,8级山贼,8,153,47,"大批资源,有宝箱,",905,2567,1793,4,战车;骑兵,边绪雅:投石车x1020 | 农朝:轻骑兵x1218 | 柏茂:轻骑兵x1165 | 赖冰:投石车x969,153,42
2464293,5级山贼,5,153,48,"很多资源,",257,666,,2,弓弩;步兵,杭歆:强弩兵x872 | 戴清玟:轻步兵x456,153,48
2464024,3级山贼,3,153,49,"许多资源,",159,309,,1,步兵,吉之龙:民兵x831,153,48
2464375,5级山贼,5,153,50,"大量资源,有宝箱,",284,751,1054,2,弓弩;步兵,姜儿:强弩兵x828 | 匡琦:轻步兵x485,153,48
2465703,7级山贼,7,153,52,"大批资源,有宝箱,",540,1638,1064,3,弓弩;步兵,徐勇珺:轻步兵x1216 | 凌翊颀:强弩兵x1783 | 卫长:轻步兵x1175,153,48
2468475,8级山贼,8,153,53,"大批资源,有宝箱,",1063,2468,1069,4,战车;骑兵,戎吟盼:轻骑兵x1226 | 车正书慧:骁骑兵x821 | 解瑞:投石车x1064 | 郝槐:投石车x988,153,48
2467818,3级山贼,3,153,54,"很多资源,",140,399,,1,步兵,钱容:民兵x829,153,54
2464041,7级山贼,7,153,55,"大批资源,有宝箱,一些宝物,",569,1636,,3,弓弩;骑兵,南宫葱:弓兵x547 | 管悟云:铁骑兵x792 | 闻人霜季:铁骑兵x905,153,54
2465101,6级山贼,6,154,1,"大量资源,有宝箱,",315,907,14849,3,弓弩;步兵,杜山:轻步兵x790 | 台偲芸:强弩兵x1036 | 沙绪睿:强弩兵x1149,153,0
2463404,2级山贼,2,154,2,"许多资源,",94,224,,1,步兵,子车语:民兵x276,153,0
2465178,10级山贼,10,154,3,"大批资源,有宝箱,有装备,一些宝物,",1885,4837,1081;1084;1084,5,战车;骑兵,米麟:投石车x1897 | 闵正赫:重弩车x823 | 莫豆:投石车x2161 | 龚於:骁骑兵x1722 | 桑常宁:骁骑兵x1604,153,0
2469202,6级山贼,6,154,5,"大量资源,一些宝物,",321,981,,3,弓弩;骑兵,陶寻:铁骑兵x600 | 尉迟宁:强弩兵x1196 | 劳晋君:强弩兵x1047,153,0
2465745,7级山贼,7,154,7,"大批资源,有宝箱,",638,1518,,3,骑兵,叶绿:铁骑兵x782 | 酆昶:铁骑兵x793 | 向郎涤:铁骑兵x787,153,6
2467855,5级山贼,5,154,8,"很多资源,",271,634,,2,弓弩;骑兵,宦杰:铁骑兵x379 | 梅璞:强弩兵x727,153,6
2468145,3级山贼,3,154,13,"许多资源,",157,349,,1,步兵,冯栩乐:民兵x878,153,12
2469343,7级山贼,7,154,14,"大批资源,有装备,",580,1401,,3,弓弩;骑兵,侯心吟:弓兵x534 | 宰宛梅:铁骑兵x768 | 田柏辐:铁骑兵x776,153,12
2468462,4级山贼,4,154,15,"很多资源,有宝箱,",176,448,,2,步兵,蒋笛:重步兵x462 | 甘常河:重步兵x545,153,12
2467363,4级山贼,4,154,16,"很多资源,",153,497,,2,步兵,贲宾:近卫兵x409 | 梁思:民兵x1164,153,12
2466336,6级山贼,6,154,18,"大量资源,一些宝物,",376,829,4097,3,弓弩;步兵;骑兵,虞蓉月:强弩兵x1102 | 韦虞:轻步兵x878 | 师柳:铁骑兵x561,153,18
2464107,10级山贼,10,154,21,"大批资源,有宝箱,有装备,一些宝物,",1807,4775,1793;1793;16779777,5,弓弩;战车;骑兵,乔虞:重弩车x706 | 花楚:弩骑兵x2074 | 顾常延:弩骑兵x1885 | 郏蕴恩:骁骑兵x1982 | 闻颜程:弩骑兵x2077,153,18
2465536,9级山贼,9,154,23,"大批资源,",1405,3931,,4,战车;骑兵,郏简:轻骑兵x1685 | 韶之赫:骁骑兵x1060 | 闻谊识:重弩车x453 | 任梅:投石车x1293,153,18
2468045,6级山贼,6,154,28,"大量资源,",328,978,,3,步兵;骑兵,鄂广希:铁骑兵x588 | 司马幻:轻步兵x905 | 危薇:轻步兵x897,153,24
2466338,8级山贼,8,154,29,"大批资源,",1088,2680,1060,4,战车;骑兵,仲亦:重弩车x325 | 敖和若:骁骑兵x785 | 靳奇芬:轻骑兵x1286 | 郁坚:投石车x993,153,24
2465537,5级山贼,5,154,30,"很多资源,",253,619,,2,弓弩,沈尚:强弩兵x831 | 费彭:强弩兵x873,153,30
2466249,3级山贼,3,154,32,"很多资源,",157,359,,1,步兵,禄鹂:民兵x854,153,30
2463936,6级山贼,6,154,35,"大量资源,",364,947,,3,弓弩;骑兵,向珠:弓兵x391 | 经曦:铁骑兵x598 | 葛洁潇:强弩兵x1037,153,30
2467680,1级山贼,1,154,37,"一些资源,",42,148,,1,步兵,充杉:民兵x136,153,36
2464964,7级山贼,7,154,38,"大批资源,",506,1577,,3,弓弩;骑兵,石萌籁:弓兵x566 | 广化:铁骑兵x903 | 萧越昕:强弩兵x1774,153,36
2463625,2级山贼,2,154,39,"许多资源,",100,233,,1,步兵,赫连映瑶:民兵x297,153,36
2464093,6级山贼,6,154,41,"大量资源,一些宝物,",336,995,1050;3073,3,弓弩;骑兵,公西松冬:强弩兵x1035 | 沙璐:铁骑兵x603 | 连旭:弓兵x402,153,36
2464666,8级山贼,8,154,43,"大批资源,",1002,2318,,4,战车;骑兵,林宾:骁骑兵x700 | 赵枫:骁骑兵x712 | 殷丹纵:重弩车x327 | 束思萍:轻骑兵x1248,153,42
2463691,5级山贼,5,154,44,"大量资源,",289,763,,2,弓弩;骑兵,喻蓝:强弩兵x759 | 车访驽:铁骑兵x316,153,42
2467735,5级山贼,5,154,47,"很多资源,有装备,",267,696,,2,弓弩;骑兵,通教:强弩兵x804 | 欧阳开:铁骑兵x335,153,42
2465525,1级山贼,1,154,48,"一些资源,",41,106,,1,步兵,宁咏:民兵x155,153,48
2469206,4级山贼,4,154,49,"很多资源,",161,415,,2,步兵,尚姮瑜:重步兵x503 | 宓江慧:重步兵x527,153,48
2468497,10级山贼,10,154,50,"大批资源,有宝箱,一些宝物,",2128,4835,1793,5,弓弩;战车;骑兵,郦北成:骁骑兵x1920 | 巴敬尚:投石车x2081 | 施量韶:骁骑兵x1728 | 夔颖凌:重弩车x679 | 谢阳:弩骑兵x1837,153,48
2469225,2级山贼,2,154,51,"许多资源,",97,261,,1,步兵,毛蓝:民兵x297,153,48
2465572,4级山贼,4,154,52,"很多资源,",162,486,,2,步兵,厍源:民兵x1228 | 公羊松:重步兵x454,153,48
2465567,8级山贼,8,154,53,"大批资源,有宝箱,一些宝物,",1099,2621,,4,战车;骑兵,庚晋:重弩车x331 | 宇文彩:轻骑兵x1289 | 牧歌:投石车x946 | 韶京:投石车x1078,153,48
2466586,1级山贼,1,154,55,"一些资源,",41,111,,1,步兵,冯笛永:民兵x158,153,54
2462966,2级山贼,2,155,0,"许多资源,",95,275,,1,步兵,高燕晴:民兵x313,153,0
2467026,6级山贼,6,155,1,"大量资源,有宝箱,",305,1000,,3,弓弩;骑兵,郏亮宁:铁骑兵x545 | 安黛婕:弓兵x351 | 胡牙士:强弩兵x1287,153,0
2463500,8级山贼,8,155,6,"大批资源,",1080,2475,,4,战车;骑兵,艾喆魂:骁骑兵x797 | 扈悌儿:重弩车x338 | 湛皓蔚:骁骑兵x696 | 谷典:重弩车x348,153,6
2464187,1级山贼,1,155,8,"一些资源,",50,142,,1,步兵,明北幻:民兵x135,153,6
2466754,5级山贼,5,155,9,"很多资源,",291,658,,2,弓弩;步兵,上官熏化:弓兵x201 | 钟骞:轻步兵x537,153,6
2465775,4级山贼,4,155,12,"很多资源,",167,452,,2,步兵,司寇倩析:近卫兵x380 | 毛蝶谷:重步兵x505,153,12
2467302,4级山贼,4,155,13,"很多资源,有宝箱,",174,498,,2,步兵,丰敏萌:近卫兵x374 | 郁咏:重步兵x502,153,12
2465789,5级山贼,5,155,15,"很多资源,",269,787,1054,2,弓弩;骑兵,慕姮思:铁骑兵x335 | 简运:强弩兵x763,153,12
2463707,9级山贼,9,155,18,"大批资源,",1461,3673,1065,4,战车;骑兵,宿童尚:骁骑兵x990 | 穆鸾:重弩车x464 | 孔豆淑:骁骑兵x910 | 卓绍悌:重弩车x464,153,18
2463826,3级山贼,3,155,23,"许多资源,",143,375,,1,步兵,徐路:民兵x858,153,18
2464432,5级山贼,5,155,24,"大量资源,",299,798,,2,弓弩;步兵,陈浚:轻步兵x500 | 管涉:弓兵x216,153,24
2463677,5级山贼,5,155,25,"很多资源,",299,713,,2,骑兵,伊曦:铁骑兵x375 | 单于畅:铁骑兵x327,153,24
2463830,5级山贼,5,155,26,"很多资源,",293,665,,2,步兵;骑兵,濮阳图懿:轻步兵x480 | 黎寰爽:铁骑兵x315,153,24
2467171,9级山贼,9,155,31,"大批资源,有宝箱,",1407,3712,,4,骑兵,漆雕彩拓:骁骑兵x983 | 却我珠:骁骑兵x1076 | 殴琦:骁骑兵x1058 | 贾晔修:骁骑兵x1044,153,30
2464321,7级山贼,7,155,33,"大批资源,有宝箱,有装备,",639,1534,,3,弓弩;骑兵,凤蓉:铁骑兵x855 | 仇今筠:强弩兵x1751 | 戎卉语:弓兵x597,153,30
2465117,10级山贼,10,155,37,"大批资源,有宝箱,",2150,4849,,5,弓弩;战车,宓兴迟:投石车x1864 | 濮阳羽顺:弩骑兵x1923 | 别尚海:投石车x1833 | 俞旋:重弩车x693 | 唐冰:重弩车x822,153,36
2465630,10级山贼,10,155,38,"大批资源,有宝箱,一些宝物,",1931,4921,1081;1793,5,弓弩;战车,范访:弩骑兵x2017 | 浦驰实:投石车x2045 | 浦芮:重弩车x795 | 梁丘璐:弩骑兵x1969 | 霍年:重弩车x748,153,36
2463953,5级山贼,5,155,39,"很多资源,",275,657,,2,步兵;骑兵,温烁昶:轻步兵x457 | 慕容莫骥:铁骑兵x345,153,36
2466844,2级山贼,2,155,40,"许多资源,",92,267,1031,1,步兵,钟离鸣:民兵x299,153,36
2465322,6级山贼,6,155,42,"大量资源,有宝箱,一些宝物,",381,812,,3,弓弩;骑兵,寿霜:铁骑兵x652 | 于大:弓兵x396 | 易婉晋:弓兵x410,153,42
2469435,2级山贼,2,155,43,"许多资源,",89,207,1039,1,步兵,萧锋:民兵x298,153,42
2469561,3级山贼,3,155,48,"许多资源,",157,303,,1,步兵,池觅:民兵x877,153,48
2467223,1级山贼,1,155,49,"一些资源,有装备,",42,141,,1,步兵,充菲:民兵x152,153,48
2465879,5级山贼,5,155,54,"很多资源,有宝箱,",299,749,,2,步兵;骑兵,阙欣:轻步兵x460 | 戚周:铁骑兵x369,153,54
2463317,9级山贼,9,156,0,"大批资源,有宝箱,",1692,3806,1793,4,战车;骑兵,寿儿:投石车x1386 | 冯勇:轻骑兵x1470 | 隆馨之:轻骑兵x1519 | 翟豆:轻骑兵x1706,156,0
2466637,10级山贼,10,156,1,"大批资源,有宝箱,一些宝物,",1870,5396,1079;1084;3073,5,战车;骑兵,隆今赋:重弩车x716 | 关楠季:骁骑兵x1672 | 季家:重弩车x687 | 宗政瑶:骁骑兵x1781 | 牧孟:骁骑兵x1859,156,0
2468868,6级山贼,6,156,3,"大量资源,有宝箱,",364,988,13569,3,弓弩;骑兵,林豇游:铁骑兵x622 | 江旻:强弩兵x1099 | 薄我:铁骑兵x608,156,0
2464905,8级山贼,8,156,8,"大批资源,",1059,2605,,4,战车;骑兵,芮果:骁骑兵x720 | 郁娴:投石车x1042 | 彭心萌:重弩车x348 | 陆柏:骁骑兵x780,156,6
2467809,9级山贼,9,156,11,"大批资源,有宝箱,",1422,4220,,4,战车;骑兵,简雯静:轻骑兵x1555 | 秦羽:投石车x1235 | 陈山:骁骑兵x963 | 禄含:轻骑兵x1790,156,6
2467985,5级山贼,5,156,12,"大量资源,",269,765,,2,弓弩;步兵,胡桃澜:轻步兵x465 | 尉迟延邃:强弩兵x810,156,12
2465941,3级山贼,3,156,13,"很多资源,",145,385,,1,步兵,贲丰俊:民兵x888,156,12
2464528,3级山贼,3,156,15,"很多资源,有装备,",145,398,,1,步兵,赖颖:民兵x874,156,12
2466859,2级山贼,2,156,16,"许多资源,",89,242,,1,步兵,车秀江:民兵x319,156,12
2467214,8级山贼,8,156,17,"大批资源,",965,2426,1069,4,战车;骑兵,韩望:重弩车x322 | 糜香瑾:骁骑兵x697 | 计苑可:投石车x923 | 幸桃:投石车x955,156,12
2464845,6级山贼,6,156,18,"大量资源,有宝箱,",324,992,,3,弓弩;步兵,彭幻格:强弩兵x1116 | 广芮荫:强弩兵x1216 | 詹黛姝:轻步兵x940,156,18
2468230,4级山贼,4,156,19,"很多资源,",159,461,,2,步兵,宦冷:重步兵x460 | 车蔚:重步兵x489,156,18
2463705,8级山贼,8,156,20,"大批资源,有宝箱,",915,2673,1069,4,战车;骑兵,宣藏烨:轻骑兵x1275 | 倪信:骁骑兵x752 | 华奇萍:投石车x979 | 蔺君娇:轻骑兵x1124,156,18
2466461,8级山贼,8,156,21,"大批资源,有宝箱,",912,2619,1793;1069,4,战车;骑兵,漆雕谙土:骁骑兵x745 | 吉华玟:骁骑兵x708 | 郁慨:骁骑兵x777 | 晁邃曲:投石车x965,156,18
2462980,4级山贼,4,156,23,"很多资源,",156,492,,2,步兵,孔儿:民兵x1141 | 封大均:民兵x1196,156,18
2464393,10级山贼,10,156,24,"大批资源,有宝箱,有装备,一些宝物,",2183,4677,,5,弓弩;战车;骑兵,乜雄常:投石车x2149 | 昌荫:骁骑兵x1826 | 倪昶:弩骑兵x2128 | 殷允:重弩车x809 | 农靖:弩骑兵x1956,159,24
2466221,6级山贼,6,156,25,"大量资源,",392,802,,3,弓弩;步兵,姬谊:弓兵x375 | 徐鸿蔚:轻步兵x775 | 融旻:强弩兵x1240,159,24
2467778,6级山贼,6,156,27,"大量资源,有宝箱,",356,921,14849,3,弓弩;步兵,吕男:强弩兵x1107 | 养凌:轻步兵x933 | 赫连卿:轻步兵x786,159,24
2464552,2级山贼,2,156,28,"许多资源,",100,280,,1,步兵,濮舟霁:民兵x288,159,24
2468247,8级山贼,8,156,31,"大批资源,",976,2357,,4,战车;骑兵,咸葱:投石车x1088 | 章黛娇:投石车x900 | 濮旺:轻骑兵x1228 | 金祈瑾:骁骑兵x714,156,30
2467904,7级山贼,7,156,33,"大批资源,有宝箱,",633,1537,14849,3,弓弩;步兵,边冰宇:强弩兵x1785 | 殷秀:轻步兵x1156 | 支文:轻步兵x1126,156,30
2465658,7级山贼,7,156,34,"大批资源,",611,1616,1064;1062,3,弓弩;步兵,柯珠:轻步兵x1186 | 柯容:弓兵x519 | 禄析莲:强弩兵x1664,156,30
2467991,3级山贼,3,156,35,"很多资源,",150,376,,1,步兵,洪驰韶:民兵x809,156,30
2467434,5级山贼,5,156,36,"很多资源,",259,600,,2,弓弩;步兵,须鸿煜:强弩兵x791 | 井萱楠:轻步兵x526,156,36
2469442,4级山贼,4,156,37,"很多资源,",156,403,,2,步兵,巫马年蓉:近卫兵x412 | 漆雕藉奕:重步兵x537,156,36
2463522,8级山贼,8,156,39,"大批资源,有宝箱,",1012,2692,,4,骑兵,乐溪爽:轻骑兵x1160 | 封惜:轻骑兵x1143 | 鞠虞:轻骑兵x1103 | 阎琛冉:轻骑兵x1269,156,36
2463744,1级山贼,1,156,40,"一些资源,",54,122,1029,1,步兵,宋识:民兵x160,156,36
2467206,3级山贼,3,156,43,"很多资源,",154,389,,1,步兵,钟离悦:民兵x804,156,42
2466771,9级山贼,9,156,44,"大批资源,有宝箱,一些宝物,",1795,4203,29441;3073,4,战车,喻巧阳:投石车x1241 | 利轩艾:投石车x1346 | 戴帅荫:重弩车x438 | 尹咏:投石车x1266,156,42
2465831,4级山贼,4,156,45,"很多资源,有装备,",176,417,16790017,2,步兵,姚娥:近卫兵x409 | 单于杉:民兵x1263,156,42
2468509,10级山贼,10,156,47,"大批资源,有宝箱,",1816,5056,,5,弓弩;战车,薄寒:重弩车x803 | 尉迟丰:弩骑兵x1894 | 子车扬:投石车x1906 | 相里荣音:弩骑兵x2093 | 师晶玮:重弩车x816,156,42
2465623,2级山贼,2,156,48,"许多资源,",93,234,1039,1,步兵,姚涉瑞:民兵x292,156,48
2465676,2级山贼,2,156,49,"许多资源,",93,235,,1,步兵,钱许寰:民兵x271,156,48
2464549,5级山贼,5,156,50,"很多资源,",286,648,,2,弓弩;步兵,饶润今:强弩兵x857 | 莫彭初:轻步兵x460,156,48
2467658,2级山贼,2,156,51,"许多资源,",92,289,,1,步兵,瞿代音:民兵x283,156,48
2467935,2级山贼,2,156,52,"许多资源,",86,233,,1,步兵,管齐:民兵x329,156,48
2468664,1级山贼,1,156,54,"一些资源,",52,109,,1,步兵,姚福福:民兵x139,156,54
2469472,1级山贼,1,156,55,"一些资源,",52,150,1030,1,步兵,孟陆立:民兵x136,156,54
2464648,3级山贼,3,157,0,"很多资源,",148,340,1036,1,步兵,曲许译:民兵x866,156,0
2468314,3级山贼,3,157,1,"很多资源,",154,366,,1,步兵,焦槐翼:民兵x834,156,0
2465621,1级山贼,1,157,4,"一些资源,",45,116,,1,步兵,双我捷:民兵x154,156,0
2468951,7级山贼,7,157,5,"大批资源,",656,1416,1064,3,弓弩;步兵,孔新:轻步兵x1280 | 常倩碧:弓兵x541 | 屈盼澜:轻步兵x1298,156,0
2465649,2级山贼,2,157,6,"许多资源,",92,222,,1,步兵,巩南:民兵x279,156,6
2463189,1级山贼,1,157,7,"一些资源,",43,105,,1,步兵,庚大识:民兵x135,156,6
2468274,3级山贼,3,157,8,"很多资源,",154,380,,1,步兵,申菲:民兵x791,156,6
2464392,1级山贼,1,157,9,"一些资源,",44,114,,1,步兵,沙锵:民兵x155,156,6
2468942,2级山贼,2,157,10,"许多资源,",86,229,,1,步兵,魏秀:民兵x294,156,6
2462986,9级山贼,9,157,11,"大批资源,有宝箱,一些宝物,",1694,3784,,4,战车;骑兵,曹裕腾:骁骑兵x996 | 章展:重弩车x504 | 戎怡珊:重弩车x500 | 毕露兆:投石车x1211,156,6
2465003,6级山贼,6,157,12,"大量资源,一些宝物,",349,905,1059;4097,3,弓弩,谭巧:强弩兵x1132 | 弘奇:强弩兵x1256 | 殴资阳:强弩兵x1024,156,12
2465212,3级山贼,3,157,13,"许多资源,",144,336,,1,步兵,宫忆山:民兵x832,156,12
2467752,6级山贼,6,157,15,"大量资源,",400,969,,3,弓弩;骑兵,凤希:铁骑兵x657 | 晁佑霜:弓兵x420 | 淳于谷义:弓兵x350,156,12
2463777,8级山贼,8,157,16,"大批资源,",1088,2300,1069;1067,4,战车;骑兵,谢尚然:骁骑兵x696 | 郝初南:投石车x1018 | 郦怡:骁骑兵x812 | 乌真:轻骑兵x1285,156,12
2463434,4级山贼,4,157,17,"很多资源,一些宝物,",161,494,4097,2,步兵,郁姝:近卫兵x406 | 山鸿怜:民兵x1279,156,12
2465045,10级山贼,10,157,19,"大批资源,有宝箱,一些宝物,",2115,4890,1793;1084;1084,5,弓弩;战车;骑兵,梁奕:弩车x202 | 太叔澜冷:骁骑兵x1626 | 殴广:弩骑兵x1990 | 亓官琛祖:重弩车x764 | 曾楠:投石车x1916,156,18
2468978,6级山贼,6,157,23,"大量资源,有宝箱,一些宝物,",358,891,4097;1059,3,弓弩;步兵;骑兵,晁齐:铁骑兵x617 | 冉雪:强弩兵x1265 | 南宫婉:轻步兵x774,156,18
2464464,3级山贼,3,157,26,"很多资源,",160,396,,1,步兵,葛雨柳:民兵x866,159,24
2469048,10级山贼,10,157,27,"大批资源,有宝箱,一些宝物,",1949,4915,,5,弓弩;战车;骑兵,蔺艾:弩车x228 | 乔敬晨:弩骑兵x2190 | 栾璐越:骁骑兵x1868 | 鲁轩:骁骑兵x1673 | 巢旻:骁骑兵x1844,159,24
2464520,4级山贼,4,157,28,"很多资源,",152,490,,2,步兵,贾旻宇:重步兵x454 | 寿昀爽:近卫兵x407,159,24
2465365,4级山贼,4,157,32,"很多资源,一些宝物,",177,410,1049,2,步兵,虞露:重步兵x535 | 劳思若:近卫兵x342,156,30
2467799,9级山贼,9,157,33,"大批资源,有宝箱,一些宝物,",1641,3684,15105,4,战车;骑兵,松亦:重弩车x444 | 庚荣蔚:投石车x1391 | 毛岑:骁骑兵x956 | 宗菲旋:轻骑兵x1499,156,30
2466927,8级山贼,8,157,34,"大批资源,",951,2652,,4,战车;骑兵,阚锵禧:投石车x990 | 龚常婕:投石车x932 | 倪琦:投石车x911 | 梁姮薇:轻骑兵x1240,156,30
2463554,4级山贼,4,157,36,"很多资源,",157,400,,2,步兵,凌访:重步兵x502 | 周菡诗:重步兵x542,156,36
2464196,9级山贼,9,157,37,"大批资源,一些宝物,",1571,3623,,4,战车,禄燕芮:重弩车x508 | 宁鲲:投石车x1289 | 国单秀:投石车x1318 | 杨月旋:投石车x1306,156,36
2468480,4级山贼,4,157,39,"很多资源,",176,486,,2,步兵,惠同冠:近卫兵x403 | 伏觅:重步兵x546,156,36
2464144,4级山贼,4,157,40,"很多资源,",161,409,,2,步兵,于沉苍:重步兵x476 | 全萍:重步兵x485,156,36
2465446,2级山贼,2,157,41,"许多资源,",81,233,,1,步兵,壤驷楚:民兵x314,156,36
2464458,2级山贼,2,157,42,"许多资源,有装备,",95,256,1039,1,步兵,路翠:民兵x302,156,42
2463989,6级山贼,6,157,43,"大量资源,有宝箱,一些宝物,",387,893,14849,3,弓弩;骑兵,庄斯:铁骑兵x577 | 劳莫:铁骑兵x650 | 西门芙:强弩兵x1096,156,42
2468240,6级山贼,6,157,45,"大量资源,",378,849,1059,3,弓弩,东侠:强弩兵x1196 | 李方星:强弩兵x1235 | 弓闰牙:弓兵x357,156,42
2467235,8级山贼,8,157,46,"大批资源,有宝箱,",1096,2463,,4,战车;骑兵,路春:轻骑兵x1292 | 石文:重弩车x376 | 易放烨:投石车x1091 | 赫连晋信:骁骑兵x754,156,42
2467768,3级山贼,3,157,47,"许多资源,",149,341,,1,步兵,谈星璧:民兵x871,156,42
2464350,8级山贼,8,157,49,"大批资源,有宝箱,",900,2629,1069,4,战车;骑兵,黎期:投石车x1090 | 蒙和:轻骑兵x1186 | 祁喷蓝:投石车x1042 | 麻翠:重弩车x343,156,48
2466969,10级山贼,10,157,51,"大批资源,有宝箱,一些宝物,",2182,4552,29441;1793;1084,5,弓弩;战车;骑兵,上官雁:弩骑兵x2182 | 殷雁:骁骑兵x1821 | 金之歆:弩骑兵x1857 | 东诩:投石车x1924 | 双雅问:骁骑兵x1659,156,48
2468982,6级山贼,6,157,52,"大量资源,",366,962,1059,3,弓弩;骑兵,牧无:铁骑兵x547 | 皇甫辑广:铁骑兵x608 | 幸乐:强弩兵x1047,156,48
2465353,8级山贼,8,157,53,"大批资源,有宝箱,",1100,2593,1069,4,战车;骑兵,西门才苑:轻骑兵x1148 | 养蓉音:投石车x931 | 卓烟:骁骑兵x807 | 虞方量:骁骑兵x678,156,48
2467662,6级山贼,6,157,54,"大量资源,有宝箱,",369,905,,3,弓弩;步兵,单于畅:弓兵x390 | 封梅颖:轻步兵x908 | 林时勤:轻步兵x936,156,54
2467873,3级山贼,3,157,55,"许多资源,",153,302,1044,1,步兵,孙蔚:民兵x818,156,54
2465666,8级山贼,8,158,0,"大批资源,",1031,2690,1069,4,骑兵,顾季刚:轻骑兵x1146 | 明岑材:轻骑兵x1154 | 单于云:骁骑兵x671 | 荀霁望:轻骑兵x1139,156,0
2467847,2级山贼,2,158,1,"许多资源,",88,224,,1,步兵,濮雅:民兵x290,156,0
2468313,1级山贼,1,158,7,"一些资源,",50,110,,1,步兵,阙翮:民兵x140,156,6
2467974,9级山贼,9,158,13,"大批资源,有宝箱,",1622,3956,1793,4,战车;骑兵,姜访行:骁骑兵x991 | 孔翼:骁骑兵x1093 | 喻沁寻:骁骑兵x913 | 殳誉:投石车x1375,156,12
2466738,1级山贼,1,158,14,"一些资源,",51,135,,1,步兵,洪纶:民兵x155,156,12
2464730,7级山贼,7,158,18,"大批资源,",519,1687,1064;1064,3,弓弩;骑兵,太叔婉:铁骑兵x785 | 于龙辑:强弩兵x1435 | 桑用发:铁骑兵x790,156,18
2466351,7级山贼,7,158,19,"大批资源,有宝箱,",676,1570,,3,弓弩;骑兵,李合青:强弩兵x1669 | 巢笑:强弩兵x1778 | 阚山悌:铁骑兵x816,156,18
2464470,7级山贼,7,158,20,"大批资源,",506,1576,,3,弓弩,卫紫偲:弓兵x527 | 殳芷:强弩兵x1580 | 弓洋:强弩兵x1406,156,18
2464450,3级山贼,3,158,21,"许多资源,",148,325,,1,步兵,沙水吟:民兵x894,156,18
2466258,7级山贼,7,158,25,"大批资源,有宝箱,有装备,",536,1447,,3,弓弩;骑兵,濮松楠:强弩兵x1799 | 鞠庆昶:铁骑兵x856 | 查杉:强弩兵x1461,159,24
2468337,9级山贼,9,158,27,"大批资源,",1470,4028,1074,4,骑兵,米喷尔:骁骑兵x919 | 丛策锵:骁骑兵x949 | 司寇敏:骁骑兵x925 | 家绪瑞:骁骑兵x1051,159,24
2465338,6级山贼,6,158,28,"大量资源,有宝箱,",397,978,,3,弓弩;步兵;骑兵,须唱:铁骑兵x550 | 应羽斯:强弩兵x1155 | 慕音:轻步兵x783,159,24
2465506,8级山贼,8,158,48,"大批资源,",931,2705,,4,骑兵,凤毅懿:轻骑兵x1230 | 凤潍原:轻骑兵x1154 | 司空霜露:骁骑兵x750 | 费佩玥:骁骑兵x737,156,48
2465872,8级山贼,8,158,49,"大批资源,",1041,2426,,4,战车;骑兵,华翔南:骁骑兵x704 | 通颜:骁骑兵x800 | 羿霁:轻骑兵x1106 | 李驰实:投石车x954,156,48
2469862,6级山贼,6,158,50,"大量资源,有宝箱,一些宝物,",375,1000,1059,3,弓弩;步兵,那高:强弩兵x1080 | 徐槐以:轻步兵x861 | 西门怿辉:强弩兵x1199,156,48
2466009,5级山贼,5,158,51,"很多资源,",295,665,,2,步兵;骑兵,邬通祺:铁骑兵x311 | 史双珺:轻步兵x526,156,48
2464657,7级山贼,7,158,52,"大批资源,有装备,",583,1622,,3,弓弩;步兵;骑兵,韩贤:强弩兵x1425 | 姚艺蓉:轻步兵x1147 | 贺方峥:铁骑兵x919,156,48
2463810,2级山贼,2,159,2,"许多资源,",88,290,,1,步兵,顾代:民兵x275,159,0
2462942,7级山贼,7,159,4,"大批资源,有宝箱,",603,1690,1064,3,步兵;骑兵,滑空书:铁骑兵x865 | 雷凡小:轻步兵x1272 | 束舟咏:铁骑兵x878,159,0
2463543,2级山贼,2,159,5,"许多资源,",90,251,,1,步兵,乌鸾兆:民兵x317,159,0
2466666,9级山贼,9,159,6,"大批资源,有装备,",1744,4381,1074;16780033,4,骑兵,尤季醉:轻骑兵x1611 | 谭千竹:骁骑兵x1079 | 邬雯我:骁骑兵x939 | 石娥:骁骑兵x919,159,6
2463134,3级山贼,3,159,7,"很多资源,",148,388,,1,步兵,黎颖:民兵x859,159,6
2466677,9级山贼,9,159,8,"大批资源,有宝箱,",1661,4067,1793,4,战车;骑兵,柳仁河:骁骑兵x1100 | 敖平:骁骑兵x1099 | 贝听潇:投石车x1324 | 危薄昂:重弩车x480,159,6
2465375,5级山贼,5,159,9,"很多资源,",285,632,,2,弓弩;骑兵,包海双:铁骑兵x379 | 羊皓淼:强弩兵x767,159,6
2464974,9级山贼,9,159,10,"大批资源,有宝箱,一些宝物,",1771,3750,1074,4,战车;骑兵,屠今:投石车x1302 | 耿贤:骁骑兵x924 | 解无:骁骑兵x924 | 亓官云:重弩车x479,159,6
2466579,3级山贼,3,159,11,"许多资源,",148,325,1042,1,步兵,上官濯勤:民兵x792,159,6
2464133,6级山贼,6,159,13,"大量资源,有宝箱,有装备,",394,839,1059;16787713,3,弓弩;步兵,孙翠:轻步兵x884 | 温泽:强弩兵x1151 | 师驰:轻步兵x824,159,12
2464750,6级山贼,6,159,14,"大量资源,有宝箱,一些宝物,",317,881,1059,3,弓弩;骑兵,余双:铁骑兵x573 | 谈翼:弓兵x350 | 刘幻建:铁骑兵x588,159,12
2463560,9级山贼,9,159,15,"大批资源,有宝箱,",1603,3916,1793,4,战车;骑兵,郗祈馨:重弩车x502 | 尉迟捷:重弩车x449 | 荆寄适:轻骑兵x1744 | 童逸鸿:骁骑兵x926,159,12
2469457,7级山贼,7,159,16,"大批资源,有宝箱,",501,1417,14849,3,弓弩;骑兵,欧阳英翔:强弩兵x1716 | 唐溥礼:弓兵x549 | 荀杉:铁骑兵x865,159,12
2462989,9级山贼,9,159,17,"大批资源,",1461,4290,1074,4,战车;骑兵,蔚嗣茵:重弩车x523 | 常君甫:轻骑兵x1718 | 隆顺颖:投石车x1325 | 咸捷:骁骑兵x985,159,12
2465074,8级山贼,8,159,18,"大批资源,有装备,",1047,2523,16787969,4,战车;骑兵,洪慧:投石车x1024 | 南宫向:轻骑兵x1191 | 却项:投石车x995 | 步鹤诗:骁骑兵x702,159,18
2468122,2级山贼,2,159,19,"许多资源,",80,297,1039,1,步兵,上官晋丽:民兵x270,159,18
2466708,4级山贼,4,159,20,"很多资源,",154,447,,2,步兵,冷望江:重步兵x542 | 曹竹:重步兵x469,159,18
2463618,9级山贼,9,159,21,"大批资源,有宝箱,",1441,4209,1074,4,战车;骑兵,蒋半:轻骑兵x1423 | 莫绍:重弩车x473 | 索精:投石车x1364 | 养聪:投石车x1210,159,18
2466662,5级山贼,5,159,22,"大量资源,",277,753,1054,2,弓弩;骑兵,匡路南:铁骑兵x323 | 苗书:强弩兵x769,159,18
2467886,1级山贼,1,159,23,"一些资源,",44,107,,1,步兵,巩骥歌:民兵x162,159,18
2465557,4级山贼,4,159,31,"很多资源,",161,464,,2,步兵,仰耀帅:重步兵x494 | 湛琦轩:近卫兵x401,159,30
2469277,6级山贼,6,159,34,"大量资源,有宝箱,一些宝物,",381,973,1059,3,弓弩;步兵;骑兵,关奇杉:铁骑兵x643 | 温萱千:强弩兵x1296 | 谢彬:轻步兵x910,159,30
2467458,6级山贼,6,159,36,"大量资源,有宝箱,",334,823,1059;13569,3,弓弩;骑兵,广荫:强弩兵x1281 | 司空薇:铁骑兵x631 | 邹芷雨:铁骑兵x565,159,36
2468369,5级山贼,5,159,38,"很多资源,",282,668,,2,弓弩;步兵,东潍旺:强弩兵x873 | 鄂识慈:轻步兵x521,159,36
2469477,2级山贼,2,159,39,"许多资源,",83,204,,1,步兵,虞大仙:民兵x301,159,36
2466315,2级山贼,2,159,42,"许多资源,",91,257,,1,步兵,支禄浩:民兵x304,159,42
2464385,9级山贼,9,159,43,"大批资源,有宝箱,有装备,",1430,3909,,4,战车;骑兵,蓟学:轻骑兵x1726 | 文典萌:骁骑兵x1014 | 晁臣甲:投石车x1247 | 李悟含:轻骑兵x1756,159,42
2465408,1级山贼,1,159,44,"一些资源,",43,138,,1,步兵,秦旻谊:民兵x162,159,42
2468546,1级山贼,1,159,45,"一些资源,",54,112,,1,步兵,花珊:民兵x135,159,42
2465615,6级山贼,6,159,46,"大量资源,",349,906,,3,步兵;骑兵,禄年:轻步兵x860 | 毛惠旻:铁骑兵x551 | 巢鲸空:轻步兵x852,159,42
2467484,8级山贼,8,159,47,"大批资源,",1099,2384,,4,战车;骑兵,程拓琛:骁骑兵x752 | 干馨:投石车x1017 | 卜晤沁:重弩车x379 | 秋琴:骁骑兵x803,159,42
2468742,10级山贼,10,159,48,"大批资源,有装备,",2131,4785,,5,弓弩;战车;骑兵,何瑜幼:重弩车x797 | 车颜幻:骁骑兵x1840 | 宇文宇玥:投石车x2002 | 芮路:弩车x226 | 苗工:弩骑兵x2061,162,48
2466344,6级山贼,6,159,49,"大量资源,有装备,一些宝物,",357,823,4097,3,步兵,董韶健:轻步兵x871 | 文吉彦:轻步兵x813 | 令狐宾妙:轻步兵x813,162,48
2464355,9级山贼,9,159,50,"大批资源,有宝箱,",1596,4060,,4,战车;骑兵,彭好佩:投石车x1298 | 石阵信:骁骑兵x980 | 东雯:轻骑兵x1526 | 饶筠觅:骁骑兵x918,162,48
2463958,10级山贼,10,159,51,"大批资源,有宝箱,有装备,",1959,5343,1793;1078;16780033,5,弓弩;战车;骑兵,桂勤:投石车x2006 | 高懿:骁骑兵x1836 | 宋温存:弩骑兵x2036 | 成钧:弩骑兵x2174 | 凌丽丽:投石车x1875,162,48
2467053,2级山贼,2,159,52,"许多资源,",93,268,1039,1,步兵,步芬真:民兵x280,162,48
2463364,2级山贼,2,159,54,"许多资源,",91,292,1039,1,步兵,栾群音:民兵x272,159,54
2467724,10级山贼,10,159,55,"大批资源,一些宝物,",2139,5177,1084;29441,5,弓弩;骑兵,嵇珺:骁骑兵x1864 | 宗政唱薇:骁骑兵x1889 | 司学潍:弩骑兵x2046 | 赵秉涛:骁骑兵x1886 | 金迟:骁骑兵x1862,159,54
2465149,9级山贼,9,160,0,"大批资源,",1414,4218,,4,战车;骑兵,冷奕绿:轻骑兵x1560 | 苗怿:骁骑兵x1096 | 简颜存:投石车x1377 | 宣玮:骁骑兵x1041,159,0
2465162,9级山贼,9,160,4,"大批资源,有宝箱,",1492,4104,1793;1074,4,战车;骑兵,刘爽:骁骑兵x995 | 全儿:骁骑兵x963 | 刁亦:骁骑兵x964 | 殴鲸方:投石车x1339,159,0
2468741,4级山贼,4,160,5,"很多资源,",169,480,1049,2,步兵,艾羽:重步兵x458 | 陆代:近卫兵x387,159,0
2464890,3级山贼,3,160,7,"许多资源,",142,333,1036,1,步兵,桂悦曦:民兵x859,159,6
2466769,2级山贼,2,160,11,"许多资源,",91,208,1039,1,步兵,李丽:民兵x312,159,6
2468815,6级山贼,6,160,12,"大量资源,",389,817,,3,步兵;骑兵,赖赫实:铁骑兵x584 | 亓官沁智:铁骑兵x567 | 屈元鑫:轻步兵x880,159,12
2463951,9级山贼,9,160,13,"大批资源,",1426,4098,,4,骑兵,吕清:轻骑兵x1625 | 壤驷今:骁骑兵x997 | 金倩歌:骁骑兵x1059 | 沙钧辉:骁骑兵x955,159,12
2465485,6级山贼,6,160,14,"大量资源,一些宝物,",354,832,1059,3,弓弩;步兵,段意晔:轻步兵x787 | 隆濯誉:轻步兵x805 | 阮恩木:弓兵x375,159,12
2469357,2级山贼,2,160,17,"许多资源,",89,252,,1,步兵,高圆:民兵x301,159,12
2468397,4级山贼,4,160,19,"很多资源,",176,472,,2,步兵,厍敬:重步兵x540 | 石霓勤:近卫兵x394,159,18
2467581,4级山贼,4,160,21,"很多资源,",154,495,,2,步兵,连瑞艺:近卫兵x343 | 松荫:重步兵x529,159,18
2467488,7级山贼,7,160,22,"大批资源,",657,1660,,3,弓弩;骑兵,相问:铁骑兵x802 | 郦木树:强弩兵x1738 | 西门颖芙:强弩兵x1742,159,18
2467946,7级山贼,7,160,30,"大批资源,",588,1484,,3,弓弩;步兵,樊联靖:弓兵x579 | 郦珊:强弩兵x1655 | 邓兆宇:轻步兵x1122,159,30
2468432,1级山贼,1,160,37,"一些资源,",40,131,,1,步兵,熊溥实:民兵x145,159,36
2463510,5级山贼,5,160,39,"很多资源,",291,789,,2,弓弩;骑兵,仰邢韶:强弩兵x805 | 阮铄:铁骑兵x337,159,36
2469522,9级山贼,9,160,41,"大批资源,有宝箱,一些宝物,",1744,3899,1793;1074,4,战车;骑兵,松蝶:投石车x1340 | 朱红:投石车x1303 | 吴琴:轻骑兵x1794 | 祝图:骁骑兵x975,159,36
2468164,3级山贼,3,160,42,"很多资源,",160,347,,1,步兵,裴捷:民兵x859,159,42
2469836,7级山贼,7,160,44,"大批资源,",686,1532,1064,3,弓弩;步兵,文艾:轻步兵x1151 | 宗正曦:强弩兵x1580 | 单穰策:强弩兵x1769,159,42
2465749,6级山贼,6,160,48,"大量资源,一些宝物,",330,958,1051,3,步兵;骑兵,田虹晖:轻步兵x861 | 巩曦叡:铁骑兵x574 | 武冉墨:铁骑兵x546,162,48
2467166,5级山贼,5,160,49,"很多资源,",285,678,,2,步兵;骑兵,庚中:轻步兵x489 | 师邪童:铁骑兵x345,162,48
2466212,5级山贼,5,160,51,"大量资源,一些宝物,",267,728,,2,弓弩,殷和:强弩兵x877 | 樊辰益:弓兵x195,162,48
2466241,10级山贼,10,160,52,"大批资源,有宝箱,一些宝物,",2136,5399,,5,弓弩;战车,国逸:弩骑兵x2123 | 暴敏:弩骑兵x1817 | 谢穰:重弩车x714 | 酆甫璞:弩车x217 | 穆路为:重弩车x692,162,48
2468683,6级山贼,6,160,53,"大量资源,有宝箱,",349,862,14849,3,步兵;骑兵,饶纶:铁骑兵x643 | 侯望昶:铁骑兵x542 | 都竹羽:轻步兵x858,162,48
2463603,7级山贼,7,160,54,"大批资源,有宝箱,",586,1490,1064,3,步兵;骑兵,鲁实:铁骑兵x847 | 相佩歌:轻步兵x1107 | 轩辕高:铁骑兵x898,159,54
2468991,4级山贼,4,160,55,"很多资源,",168,458,,2,步兵,巴空:重步兵x532 | 周敏:近卫兵x392,159,54
2464451,10级山贼,10,161,0,"大批资源,有宝箱,",2197,4867,1793;1793;1084,5,弓弩;战车;骑兵,居译扬:弩骑兵x2026 | 麻倪:投石车x1850 | 习姝:骁骑兵x1934 | 何筠:投石车x1824 | 仲嫒语:弩骑兵x1921,159,0
2469153,4级山贼,4,161,1,"很多资源,",179,404,,2,步兵,钮丰:重步兵x479 | 和柏民:重步兵x468,159,0
2468062,4级山贼,4,161,5,"很多资源,",169,463,,2,步兵,董力萌:近卫兵x376 | 卢楚:重步兵x487,159,0
2467224,7级山贼,7,161,7,"大批资源,有宝箱,有装备,",681,1612,14849,3,弓弩;步兵;骑兵,宋薇旋:轻步兵x1231 | 安枫举:强弩兵x1760 | 羿昊:铁骑兵x938,159,6
2467666,6级山贼,6,161,8,"大量资源,",388,843,,3,弓弩;步兵;骑兵,晏懿:铁骑兵x578 | 毛宏气:轻步兵x790 | 索於:强弩兵x1133,159,6
2466045,4级山贼,4,161,15,"很多资源,",169,410,,2,步兵,居湛:民兵x1230 | 韶朝朋:近卫兵x407,159,12
2467998,8级山贼,8,161,18,"大批资源,",1079,2449,1069,4,战车;骑兵,都运恩:投石车x942 | 殴叡:骁骑兵x680 | 隗怜:投石车x1064 | 喻倩沁:骁骑兵x756,159,18
2467896,3级山贼,3,161,32,"很多资源,有装备,",142,391,1044,1,步兵,却轩:民兵x878,159,30
2468524,9级山贼,9,161,33,"大批资源,有宝箱,有装备,",1609,3753,1074;1793,4,战车;骑兵,宗喷:投石车x1333 | 姬烨:投石车x1281 | 赵慧:投石车x1220 | 施晤:骁骑兵x1071,159,30
2468973,4级山贼,4,161,34,"很多资源,",169,500,,2,步兵,解旻:重步兵x487 | 戈艾:近卫兵x384,159,30
2465904,1级山贼,1,161,36,"一些资源,",41,118,1031,1,步兵,车正黎誉:民兵x154,159,36
2469482,9级山贼,9,161,37,"大批资源,",1626,3860,1074,4,战车;骑兵,芮霁:骁骑兵x988 | 虞菡晶:重弩车x520 | 任季觅:轻骑兵x1736 | 梁丘如:骁骑兵x996,159,36
2466867,4级山贼,4,161,48,"很多资源,有宝箱,",173,491,,2,步兵,都禧忆:近卫兵x340 | 充书:重步兵x546,162,48
2467081,1级山贼,1,161,49,"一些资源,",54,125,,1,步兵,伍悟:民兵x137,162,48
2466877,5级山贼,5,161,50,"很多资源,",289,791,,2,步兵;骑兵,蓟旎颜:轻步兵x514 | 任月勤:铁骑兵x378,162,48
2468308,7级山贼,7,162,0,"大批资源,有宝箱,",636,1560,,3,弓弩;骑兵,顾资琦:弓兵x564 | 俞颖:强弩兵x1419 | 宫碧:铁骑兵x785,162,0
2467100,6级山贼,6,162,3,"大量资源,",347,986,1059,3,弓弩;步兵;骑兵,古惠桃:铁骑兵x658 | 鞠美鸿:轻步兵x852 | 子车顺醉:弓兵x395,162,0
2466369,5级山贼,5,162,5,"大量资源,有装备,",294,613,1054,2,弓弩,霍兰:弓兵x216 | 邬赐:强弩兵x723,162,0
2467656,7级山贼,7,162,6,"大批资源,",608,1428,,3,弓弩;骑兵,顾策:铁骑兵x775 | 勾凌:强弩兵x1782 | 梁信倪:强弩兵x1704,162,6
2467605,9级山贼,9,162,7,"大批资源,有宝箱,",1694,4160,,4,战车;骑兵,乌秋含:投石车x1241 | 公西慕:轻骑兵x1614 | 卓梅敏:投石车x1269 | 利荡馨:轻骑兵x1639,162,6
2468614,1级山贼,1,162,8,"一些资源,",42,130,,1,步兵,乜若洁:民兵x151,162,6
2465762,8级山贼,8,162,9,"大批资源,有宝箱,",1052,2469,1793,4,战车;骑兵,南门代:投石车x952 | 鞠冰:投石车x917 | 桑兰:骁骑兵x683 | 韦斯:骁骑兵x697,162,6
2468948,6级山贼,6,162,13,"大量资源,有装备,",362,895,1059,3,弓弩;步兵,孔柏:强弩兵x1283 | 邹识萍:强弩兵x1082 | 邱澜举:轻步兵x876,162,12
2462990,2级山贼,2,162,15,"许多资源,",98,237,1039,1,步兵,宦彦:民兵x321,162,12
2466928,7级山贼,7,162,17,"大批资源,有宝箱,",663,1470,13569,3,弓弩;步兵,温童:强弩兵x1799 | 萧黛:强弩兵x1613 | 柳浚:轻步兵x1254,162,12
2465464,1级山贼,1,162,19,"一些资源,",58,123,1030,1,步兵,党瑞:民兵x137,162,18
2467515,4级山贼,4,162,21,"很多资源,",152,489,,2,步兵,蓝达知:重步兵x531 | 顾寒:重步兵x453,162,18
2465055,6级山贼,6,162,29,"大量资源,有宝箱,有装备,一些宝物,",393,906,13569;4097,3,步兵;骑兵,解鑫:铁骑兵x575 | 钮平:轻步兵x879 | 路玥:铁骑兵x585,162,24
2466974,5级山贼,5,162,30,"很多资源,",262,619,,2,步兵;骑兵,范夜语:铁骑兵x377 | 太叔展:轻步兵x503,159,30
2469077,1级山贼,1,162,33,"一些资源,",50,102,,1,步兵,荆展绍:民兵x158,162,30
2468591,7级山贼,7,162,34,"大批资源,有宝箱,一些宝物,",645,1641,14849,3,弓弩;骑兵,申屠玥玥:铁骑兵x938 | 苏红:铁骑兵x925 | 李蕊柳:强弩兵x1416,162,30
2467689,1级山贼,1,162,35,"一些资源,",57,142,,1,步兵,钮长:民兵x156,162,30
2465049,9级山贼,9,162,36,"大批资源,有宝箱,",1672,4208,1793,4,战车;骑兵,须姮程:骁骑兵x1048 | 虞蕾:重弩车x523 | 毛洁:骁骑兵x1010 | 满韫:轻骑兵x1593,162,36
2465524,7级山贼,7,162,37,"大批资源,",531,1435,1064,3,弓弩;步兵;骑兵,荆霓:轻步兵x1254 | 仲长琪:强弩兵x1740 | 闵年:铁骑兵x762,162,36
2467821,4级山贼,4,162,38,"很多资源,有装备,一些宝物,",166,467,4097;16785153,2,步兵,勾皓:重步兵x473 | 尤音茗:重步兵x544,162,36
2464422,9级山贼,9,162,39,"大批资源,一些宝物,",1701,4304,29441;1074,4,战车;骑兵,国晓茜:轻骑兵x1444 | 诸碧顺:骁骑兵x910 | 丰晔禹:重弩车x519 | 靳谨怡:重弩车x516,162,36
2464512,5级山贼,5,162,47,"很多资源,",289,753,,2,弓弩;步兵,浦靖:轻步兵x509 | 容枫骄:弓兵x210,162,42
2463532,2级山贼,2,162,55,"许多资源,",82,221,,1,步兵,胡母望:民兵x302,162,54
2467690,7级山贼,7,163,0,"大批资源,有宝箱,",581,1411,13569,3,弓弩;骑兵,家雪实:铁骑兵x922 | 松北:弓兵x500 | 师醒:弓兵x541,162,0
2467702,3级山贼,3,163,1,"许多资源,",148,319,,1,步兵,熊尔璧:民兵x849,162,0
2467803,4级山贼,4,163,3,"很多资源,",170,411,,2,步兵,宁好艾:重步兵x467 | 王向绍:近卫兵x363,162,0
2466144,4级山贼,4,163,4,"很多资源,",167,490,,2,步兵,都明:民兵x1206 | 厉洁:近卫兵x340,162,0
2465947,1级山贼,1,163,5,"一些资源,",46,102,,1,步兵,申泽豆:民兵x136,162,0
2464967,4级山贼,4,163,7,"很多资源,",164,468,,2,步兵,余洋:近卫兵x389 | 俞兆以:重步兵x461,162,6
2465249,9级山贼,9,163,9,"大批资源,有宝箱,",1754,4322,,4,战车;骑兵,广璨:骁骑兵x1100 | 鲍潇鑫:投石车x1272 | 沈淼龙:轻骑兵x1516 | 卜凯璨:投石车x1204,162,6
2467470,4级山贼,4,163,11,"很多资源,",179,461,,2,步兵,宗陆昱:近卫兵x368 | 宦简学:重步兵x494,162,6
2469315,1级山贼,1,163,14,"一些资源,",52,122,,1,步兵,计举:民兵x136,162,12
2468001,5级山贼,5,163,15,"很多资源,",274,722,,2,弓弩;步兵,杨许:强弩兵x849 | 戴桂:轻步兵x473,162,12
2464071,10级山贼,10,163,16,"大批资源,有宝箱,一些宝物,",2154,4620,24321;1080,5,弓弩;战车,郏念:弩车x228 | 饶凯吉:弩骑兵x1967 | 边听:弩骑兵x1815 | 印晟:重弩车x793 | 沙远:弩车x259,162,12
2468073,8级山贼,8,163,18,"大批资源,一些宝物,",1060,2577,,4,战车;骑兵,相里筠:骁骑兵x786 | 阚涆:投石车x1088 | 虞赫松:轻骑兵x1262 | 禄顺:轻骑兵x1139,162,18
2469269,4级山贼,4,163,19,"很多资源,",174,419,,2,步兵,屠颀:重步兵x538 | 养磊化:重步兵x465,162,18
2464261,1级山贼,1,163,20,"一些资源,",45,124,,1,步兵,逄泰虞:民兵x142,162,18
2462923,3级山贼,3,163,22,"很多资源,",142,334,1044,1,步兵,庚怀:民兵x876,162,18
2468930,10级山贼,10,163,23,"大批资源,有宝箱,有装备,",2142,4688,1084;1084;1793;16779777,5,弓弩;战车;骑兵,阙偲:弩骑兵x1803 | 应锵:弩骑兵x2162 | 叶龙:骁骑兵x1779 | 尚和:骁骑兵x1605 | 石镘:弩车x213,162,18
2464080,7级山贼,7,163,24,"大批资源,",589,1664,,3,步兵;骑兵,山琪通:铁骑兵x806 | 养楚:轻步兵x1131 | 东方楚:轻步兵x1215,162,24
2466083,6级山贼,6,163,27,"大量资源,有宝箱,",384,999,,3,弓弩;骑兵,萧燕:铁骑兵x638 | 皮顺能:强弩兵x1149 | 台玮:弓兵x373,162,24
2464270,1级山贼,1,163,30,"一些资源,",60,127,1034,1,步兵,卞雪家:民兵x156,162,30
2467037,1级山贼,1,163,31,"一些资源,",52,106,,1,步兵,暴从霁:民兵x155,162,30
2464913,9级山贼,9,163,32,"大批资源,有宝箱,",1591,3908,,4,战车;骑兵,邹北:轻骑兵x1727 | 奚许邃:投石车x1297 | 逄沁若:骁骑兵x950 | 卞慕辰:轻骑兵x1423,162,30
2469642,6级山贼,6,163,35,"大量资源,一些宝物,",398,819,1054,3,弓弩;步兵,简旋:弓兵x404 | 项顺籁:轻步兵x792 | 邵朗:轻步兵x931,162,30
2463972,5级山贼,5,163,36,"大量资源,",285,776,1054,2,步兵;骑兵,俞杉豇:轻步兵x458 | 焦柳我:铁骑兵x338,162,36
2464585,4级山贼,4,163,37,"很多资源,",164,420,,2,步兵,禄楚:近卫兵x343 | 武江涉:近卫兵x367,162,36
2469708,2级山贼,2,163,38,"许多资源,",95,254,1036,1,步兵,奚玮鸥:民兵x327,162,36
2467725,3级山贼,3,163,39,"很多资源,",160,379,,1,步兵,韦冬友:民兵x794,162,36
2468870,1级山贼,1,163,40,"一些资源,",42,124,,1,步兵,温悦:民兵x155,162,36
2467130,8级山贼,8,163,43,"大批资源,有宝箱,一些宝物,",917,2409,,4,骑兵,仰季莹:骁骑兵x768 | 咸菱绪:骁骑兵x764 | 国娇芙:骁骑兵x820 | 邢晋骥:骁骑兵x744,162,42
2467050,8级山贼,8,163,45,"大批资源,有宝箱,",978,2448,1059;1068,4,骑兵,郏幻:骁骑兵x803 | 宿磊:轻骑兵x1185 | 须开:轻骑兵x1199 | 单于迎尔:骁骑兵x744,162,42
2464442,3级山贼,3,163,46,"很多资源,",141,383,,1,步兵,萧鹤彩:民兵x782,162,42
2467952,6级山贼,6,163,54,"大量资源,有宝箱,",318,896,1059,3,弓弩;骑兵,全美春:铁骑兵x649 | 冯书静:强弩兵x1223 | 濮珺宾:强弩兵x1207,162,54
2466957,5级山贼,5,163,55,"很多资源,",290,657,,2,步兵,姬炳:轻步兵x545 | 宰涉:轻步兵x503,162,54
2464262,7级山贼,7,164,0,"大批资源,有宝箱,有装备,",541,1657,,3,弓弩;步兵;骑兵,禄涉:轻步兵x1218 | 诸锦:铁骑兵x856 | 向迎:弓兵x514,162,0
2463284,6级山贼,6,164,1,"大量资源,有装备,一些宝物,",387,871,1059,3,弓弩;步兵,慎浚骞:轻步兵x905 | 通茗彤:弓兵x407 | 顾艾:强弩兵x1291,162,0
2467278,5级山贼,5,164,6,"大量资源,",294,774,1054,2,弓弩;步兵,须雯怡:强弩兵x786 | 姜益:轻步兵x499,162,6
2467888,7级山贼,7,164,7,"大批资源,有宝箱,有装备,",691,1573,1064;16785409,3,弓弩;骑兵,柴曦逸:强弩兵x1717 | 仲游:铁骑兵x900 | 仲长德福:铁骑兵x875,162,6
2466943,1级山贼,1,164,12,"一些资源,",43,119,,1,步兵,柯宁:民兵x162,162,12
2468901,1级山贼,1,164,14,"一些资源,",48,137,,1,步兵,弓慧鹤:民兵x156,162,12
2469049,7级山贼,7,164,19,"大批资源,有宝箱,",541,1622,1064;14849,3,弓弩;步兵,谢发程:强弩兵x1582 | 梅丽向:强弩兵x1777 | 景经玉:轻步兵x1280,162,18
2465587,3级山贼,3,164,20,"许多资源,",160,382,,1,步兵,充丝:民兵x889,162,18
2463609,7级山贼,7,164,22,"大批资源,",553,1671,1064;1064,3,弓弩,皮雪苑:强弩兵x1608 | 宓蝶昂:强弩兵x1637 | 龚云黛:强弩兵x1793,162,18
2469578,1级山贼,1,164,24,"一些资源,",54,110,,1,步兵,嵇琛:民兵x150,162,24
2468798,5级山贼,5,164,27,"很多资源,",295,616,,2,弓弩;步兵,倪适晖:强弩兵x827 | 曲桃:轻步兵x514,162,24
2466368,7级山贼,7,164,29,"大批资源,",685,1528,,3,步兵;骑兵,奚楚:铁骑兵x816 | 何雅馨:轻步兵x1207 | 窦识:轻步兵x1247,162,24
2468771,2级山贼,2,164,42,"许多资源,",90,231,,1,步兵,季淼析:民兵x309,162,42
2463961,10级山贼,10,164,44,"大批资源,有宝箱,一些宝物,",1821,4894,1793,5,弓弩;战车;骑兵,易珠:弩骑兵x2196 | 卞侠俊:骁骑兵x1703 | 高霓:重弩车x784 | 台旋:弩骑兵x2025 | 贲映巍:重弩车x785,162,42
2463433,10级山贼,10,164,46,"大批资源,有装备,",2071,5232,,5,弓弩;战车;骑兵,凌松洋:弩骑兵x2011 | 暴柔寻:弩骑兵x2143 | 纪智:投石车x2198 | 时漫旋:骁骑兵x1921 | 蒙权炫:弩车x250,162,42
2464800,6级山贼,6,165,0,"大量资源,",386,830,1052,3,弓弩,石绪:强弩兵x1121 | 纪娇:强弩兵x1180 | 柴富泓:强弩兵x1146,165,0
2466853,2级山贼,2,165,3,"许多资源,",100,268,,1,步兵,亓官籁:民兵x282,165,0
2466756,3级山贼,3,165,5,"很多资源,",141,387,,1,步兵,龙怜:民兵x812,165,0
2467940,3级山贼,3,165,8,"许多资源,",146,390,,1,步兵,籍听:民兵x800,165,6
2463278,10级山贼,10,165,9,"大批资源,有宝箱,一些宝物,",1967,5485,1084;29441,5,战车;骑兵,卫慈:重弩车x763 | 柴洧越:投石车x2028 | 柴昊豇:投石车x1943 | 巴溪:骁骑兵x1627 | 璩浚路:骁骑兵x1651,165,6
2467455,5级山贼,5,165,11,"大量资源,",266,780,1054,2,弓弩;骑兵,徐从:强弩兵x751 | 钭空凯:铁骑兵x342,165,6
2468087,9级山贼,9,165,12,"大批资源,有装备,",1701,4171,,4,战车;骑兵,窦双娴:投石车x1299 | 相秋:投石车x1356 | 丛常莫:轻骑兵x1599 | 彭方倪:轻骑兵x1470,165,12
2463909,1级山贼,1,165,13,"一些资源,",45,129,,1,步兵,隗春明:民兵x163,165,12
2463157,3级山贼,3,165,14,"很多资源,",140,395,1044,1,步兵,冯季:民兵x813,165,12
2466888,8级山贼,8,165,18,"大批资源,有宝箱,有装备,一些宝物,",1023,2545,1069;16785409,4,战车;骑兵,关冰:轻骑兵x1234 | 祝虹奇:投石车x989 | 伍禧:重弩车x346 | 俞昱:轻骑兵x1182,165,18
2468074,8级山贼,8,165,19,"大批资源,一些宝物,",1073,2462,,4,战车;骑兵,相珠槐:骁骑兵x751 | 朱偲辰:轻骑兵x1185 | 寇悟灵:投石车x1013 | 何小:骁骑兵x798,165,18
2463586,9级山贼,9,165,21,"大批资源,有宝箱,",1764,4221,1074,4,战车;骑兵,江萱:投石车x1260 | 夏绿:骁骑兵x994 | 邓实:骁骑兵x958 | 景儒钊:骁骑兵x1050,165,18
2464016,8级山贼,8,165,22,"大批资源,有宝箱,",1050,2539,1793,4,战车;骑兵,阮寄惠:骁骑兵x712 | 程觅:骁骑兵x792 | 司空甲:投石车x911 | 丰鸾:投石车x1066,165,18
2466710,8级山贼,8,165,23,"大批资源,有宝箱,",979,2729,1793,4,骑兵,缪冉:轻骑兵x1183 | 昝丝:骁骑兵x675 | 劳晔可:骁骑兵x675 | 宿叡竹:轻骑兵x1264,165,18
2464624,4级山贼,4,165,24,"很多资源,",164,403,,2,步兵,长孙珍:近卫兵x359 | 羊贤方:重步兵x506,165,24
2467842,3级山贼,3,165,25,"许多资源,",152,324,,1,步兵,乐单:民兵x831,165,24
2463859,3级山贼,3,165,26,"许多资源,",143,347,,1,步兵,卞宁:民兵x798,165,24
2463477,10级山贼,10,165,29,"大批资源,一些宝物,",2017,5458,1084,5,弓弩;战车;骑兵,陆敏:骁骑兵x1986 | 胥纵言:弩骑兵x2179 | 卢童:骁骑兵x1930 | 鱼空:骁骑兵x1819 | 胡母萍:重弩车x813,165,24
2469036,8级山贼,8,165,30,"大批资源,",1046,2704,,4,战车;骑兵,平甲:轻骑兵x1122 | 管柏:投石车x1067 | 安薇:重弩车x358 | 濮阳驰穹:投石车x1030,165,30
2466624,10级山贼,10,165,31,"大批资源,有宝箱,一些宝物,",2150,5171,3073,5,战车;骑兵,曹季:重弩车x808 | 祝生干:弩车x246 | 周昶怿:投石车x2194 | 鲍琛希:弩车x201 | 满玟:骁骑兵x1776,165,30
2468864,9级山贼,9,165,33,"大批资源,有宝箱,一些宝物,",1770,3715,,4,战车;骑兵,霍琴:骁骑兵x922 | 那月程:骁骑兵x1079 | 钮峥辐:轻骑兵x1785 | 穆通:投石车x1211,165,30
2469709,8级山贼,8,165,36,"大批资源,",1087,2570,1064;1069,4,战车;骑兵,昝人醒:轻骑兵x1203 | 满析:轻骑兵x1140 | 瞿璐冬:重弩车x367 | 滕春:投石车x1072,165,36
2463429,4级山贼,4,165,41,"很多资源,",178,451,,2,步兵,万映兰:近卫兵x354 | 倪自:重步兵x537,165,36
2467099,4级山贼,4,165,42,"很多资源,",152,415,,2,步兵,项蓝:重步兵x456 | 公羊桂:重步兵x495,165,42
2469922,1级山贼,1,165,43,"一些资源,",55,110,,1,步兵,邹丽黛:民兵x150,165,42
2468492,8级山贼,8,165,45,"大批资源,",1028,2345,,4,骑兵,鲁拔祯:轻骑兵x1223 | 晏倩:轻骑兵x1265 | 郗怡:轻骑兵x1120 | 马彤:轻骑兵x1253,165,42
2468123,3级山贼,3,165,46,"很多资源,",157,367,,1,步兵,计佩瑾:民兵x854,165,42
2464694,5级山贼,5,165,48,"很多资源,",275,640,,2,弓弩;骑兵,郦绿淑:铁骑兵x376 | 戈心:强弩兵x808,165,48
2467684,6级山贼,6,165,49,"大量资源,有宝箱,",320,975,1059,3,弓弩;步兵,乜畅:强弩兵x1105 | 步可:轻步兵x840 | 丰信:强弩兵x1039,165,48
2468503,5级山贼,5,165,50,"大量资源,",290,791,,2,步兵;骑兵,暨进:轻步兵x475 | 皮访:铁骑兵x380,165,48
2469186,7级山贼,7,165,52,"大批资源,有宝箱,",514,1522,14849,3,弓弩,鄂实:强弩兵x1617 | 荀秋唱:强弩兵x1539 | 漆雕天旎:强弩兵x1504,165,48
2465498,8级山贼,8,165,53,"大批资源,一些宝物,",916,2543,1069,4,战车;骑兵,顾兴:投石车x905 | 武彤依:轻骑兵x1298 | 璩盼:投石车x991 | 子车气:骁骑兵x811,165,48
2467444,3级山贼,3,165,54,"许多资源,",145,370,,1,步兵,厉绿:民兵x868,165,54
2467820,2级山贼,2,165,55,"许多资源,",93,214,,1,步兵,梅柳楠:民兵x296,165,54
2465964,9级山贼,9,166,0,"大批资源,",1576,3852,,4,战车;骑兵,文郝:投石车x1200 | 寇绮皓:骁骑兵x955 | 吕觉:投石车x1212 | 亓官民:骁骑兵x978,165,0
2466495,3级山贼,3,166,1,"许多资源,",150,315,,1,步兵,明泓:民兵x815,165,0
2464237,4级山贼,4,166,2,"很多资源,有装备,",173,469,,2,步兵,蓝澜灿:近卫兵x340 | 郑智:重步兵x454,165,0
2468361,6级山贼,6,166,3,"大量资源,有宝箱,",302,881,13569,3,弓弩;步兵;骑兵,阎博:铁骑兵x599 | 邢齐仙:轻步兵x860 | 闻煦:强弩兵x1154,165,0
2464410,9级山贼,9,166,4,"大批资源,一些宝物,",1610,4125,29441;1074,4,骑兵,宁松溪:轻骑兵x1595 | 糜可幻:轻骑兵x1551 | 侯学萌:轻骑兵x1775 | 艾全旎:轻骑兵x1654,165,0
2463575,5级山贼,5,166,7,"很多资源,",285,763,,2,弓弩;步兵,温泽吉:轻步兵x504 | 倪鹂秀:弓兵x201,165,6
2468392,7级山贼,7,166,9,"大批资源,",638,1671,,3,步兵;骑兵,雍胤慈:轻步兵x1280 | 牛仙姮:铁骑兵x885 | 酆曼:铁骑兵x829,165,6
2465223,10级山贼,10,166,12,"大批资源,有宝箱,",1987,5362,,5,弓弩;战车;骑兵,伏豇:弩骑兵x2063 | 勾雁:骁骑兵x1719 | 晏诗:弩骑兵x1856 | 窦飇:弩骑兵x2139 | 茅彤:弩车x223,165,12
2465610,9级山贼,9,166,13,"大批资源,有宝箱,",1474,3910,,4,骑兵,焦简笑:骁骑兵x989 | 亓官鹂:骁骑兵x1006 | 仲长玮:骁骑兵x928 | 关婉采:骁骑兵x978,165,12
2466119,8级山贼,8,166,18,"大批资源,有宝箱,有装备,",981,2605,16790273,4,战车;骑兵,宗逸文:重弩车x346 | 国幻:轻骑兵x1194 | 堵飇尧:骁骑兵x797 | 乐宏:骁骑兵x780,165,18
2462965,9级山贼,9,166,19,"大批资源,一些宝物,",1471,3697,1074;1072,4,骑兵,华兴璐:骁骑兵x951 | 栾无菡:骁骑兵x966 | 詹淑:轻骑兵x1635 | 寿熠炫:骁骑兵x922,165,18
2464017,10级山贼,10,166,20,"大批资源,许多宝物,",2150,5413,3074;29441;29441,5,弓弩;战车;骑兵,南宫熙:骁骑兵x1908 | 柳珺芮:投石车x1925 | 童君巧:重弩车x680 | 贺拔琛:弩骑兵x2060 | 鄂期凯:投石车x2144,165,18
2464413,1级山贼,1,166,23,"一些资源,",60,144,1034,1,步兵,谢谷:民兵x159,165,18
2469721,5级山贼,5,166,26,"很多资源,",284,778,,2,弓弩;骑兵,苗秋:铁骑兵x374 | 林以:强弩兵x877,165,24
2467242,9级山贼,9,166,27,"大批资源,",1732,4309,1074,4,战车;骑兵,詹幼兰:轻骑兵x1561 | 曾佩:重弩车x512 | 饶寻楚:骁骑兵x933 | 酆荫韶:投石车x1291,165,24
2466674,2级山贼,2,166,28,"许多资源,",92,258,,1,步兵,田紫:民兵x311,165,24
2466189,8级山贼,8,166,31,"大批资源,有装备,",1046,2418,,4,战车;骑兵,卢玥水:投石车x1011 | 印郝:骁骑兵x680 | 邹捷:投石车x976 | 牛简:骁骑兵x762,165,30
2465559,5级山贼,5,166,32,"大量资源,",284,766,,2,弓弩;骑兵,高山:强弩兵x798 | 屈虞藻:铁骑兵x325,165,30
2465742,2级山贼,2,166,33,"许多资源,",82,265,,1,步兵,束慧实:民兵x298,165,30
2468623,4级山贼,4,166,35,"很多资源,",178,433,,2,步兵,庚齐:重步兵x527 | 栾季:重步兵x548,165,30
2464425,5级山贼,5,166,36,"很多资源,",278,657,,2,弓弩,充均:强弩兵x849 | 戴锦:强弩兵x763,165,36
2469690,6级山贼,6,166,37,"大量资源,",318,987,,3,弓弩;骑兵,公良蓄灿:强弩兵x1253 | 别和心:铁骑兵x602 | 岑真滨:铁骑兵x569,165,36
2469058,2级山贼,2,166,40,"许多资源,",93,218,,1,步兵,上官涵醉:民兵x283,165,36
2469463,2级山贼,2,166,43,"许多资源,",98,266,,1,步兵,梁豇音:民兵x326,165,42
2468684,2级山贼,2,166,46,"许多资源,",89,236,,1,步兵,卞芮路:民兵x326,165,42
2466283,6级山贼,6,166,47,"大量资源,有宝箱,一些宝物,",388,821,,3,弓弩;步兵,壤驷慕:轻步兵x914 | 步闻阵:轻步兵x940 | 廉鸥江:弓兵x372,165,42
2467315,3级山贼,3,166,48,"很多资源,",150,392,,1,步兵,终人籁:民兵x826,165,48
2465339,3级山贼,3,166,50,"许多资源,",145,326,,1,步兵,董奇:民兵x800,165,48
2468154,9级山贼,9,166,53,"大批资源,有装备,",1726,4032,1074,4,骑兵,崔珠:骁骑兵x932 | 雷丝:轻骑兵x1415 | 秦邪:轻骑兵x1722 | 戈淼:骁骑兵x956,165,48
2466173,8级山贼,8,166,55,"大批资源,有宝箱,",948,2662,,4,战车;骑兵,宣识希:轻骑兵x1203 | 岑霁宜:轻骑兵x1112 | 刁赫:重弩车x353 | 巴采:重弩车x322,165,54
2465807,4级山贼,4,167,0,"很多资源,",173,491,,2,步兵,农豆:重步兵x485 | 习萍:重步兵x537,165,0
2465088,6级山贼,6,167,6,"大量资源,有装备,",400,933,1059;1059,3,弓弩;骑兵,幸瑾:铁骑兵x603 | 侯祖:铁骑兵x633 | 卞翰楠:弓兵x395,165,6
2464405,7级山贼,7,167,7,"大批资源,有宝箱,",571,1638,14849,3,弓弩;骑兵,韩炎:铁骑兵x820 | 韦化笑:铁骑兵x796 | 却虞铃:强弩兵x1648,165,6
2465224,2级山贼,2,167,8,"许多资源,",86,245,,1,步兵,农焕虹:民兵x272,165,6
2468474,2级山贼,2,167,9,"许多资源,",92,273,,1,步兵,乌苑:民兵x329,165,6
2467080,10级山贼,10,167,13,"大批资源,有宝箱,有装备,",2154,5101,1084;1084;1793,5,弓弩;战车;骑兵,樊煦诗:骁骑兵x1717 | 窦诚:弩骑兵x1895 | 倪我:弩车x203 | 微生宾:弩骑兵x1835 | 钮初歌:弩骑兵x2056,165,12
2465588,6级山贼,6,167,15,"大量资源,",355,895,1059,3,弓弩;步兵;骑兵,解熙颖:轻步兵x875 | 栾蔚凡:铁骑兵x637 | 吕婉:强弩兵x1029,165,12
2465612,5级山贼,5,167,16,"很多资源,",296,673,,2,弓弩;骑兵,江懿澄:强弩兵x819 | 殳潍:铁骑兵x337,165,12
2465867,4级山贼,4,167,17,"很多资源,",163,456,,2,步兵,崔锋:重步兵x518 | 南宫静琴:民兵x1141,165,12
2464178,7级山贼,7,167,25,"大批资源,",530,1523,,3,弓弩;骑兵,韩奕:铁骑兵x863 | 胥听:强弩兵x1717 | 滕容:强弩兵x1428,165,24
2469801,9级山贼,9,167,29,"大批资源,有宝箱,一些宝物,",1536,3879,,4,战车;骑兵,蒋骄:骁骑兵x997 | 饶访:投石车x1209 | 时春芸:投石车x1208 | 姬澜尝:重弩车x522,165,24
2463368,1级山贼,1,167,36,"一些资源,",46,143,,1,步兵,冉茜:民兵x165,165,36
2468448,7级山贼,7,167,37,"大批资源,有宝箱,",682,1520,1064,3,弓弩;骑兵,习笛:强弩兵x1463 | 都洁:铁骑兵x918 | 陆元熙:铁骑兵x806,165,36
2470010,10级山贼,10,167,38,"大批资源,",2098,4681,1084,5,战车;骑兵,边皓:骁骑兵x1666 | 阚苑祈:重弩车x776 | 陈韦:骁骑兵x1914 | 南宫萱寻:投石车x2019 | 仇之:骁骑兵x1924,165,36
2466155,1级山贼,1,167,39,"一些资源,",47,107,,1,步兵,王松:民兵x135,165,36
2468729,9级山贼,9,167,42,"大批资源,有宝箱,一些宝物,",1760,4181,1074;1067,4,战车;骑兵,诸麟开:骁骑兵x1040 | 曾柳:重弩车x501 | 唐豆:轻骑兵x1691 | 牧娥慕:投石车x1394,165,42
2464274,4级山贼,4,167,43,"很多资源,",170,400,,2,步兵,喻静:民兵x1170 | 徐访双:重步兵x451,165,42
2465707,3级山贼,3,167,49,"很多资源,",154,385,,1,步兵,阚宁:民兵x894,165,48
2464894,1级山贼,1,167,54,"一些资源,",57,133,,1,步兵,璩初:民兵x145,165,54
2467492,9级山贼,9,168,0,"大批资源,有宝箱,",1437,3646,1074;1074,4,战车;骑兵,庚双熙:骁骑兵x1047 | 戈诗:重弩车x434 | 宓苑:重弩车x520 | 松籁绍:投石车x1353,168,0
2468668,10级山贼,10,168,1,"大批资源,有宝箱,",2057,5243,,5,弓弩;战车;骑兵,戈凡飙:投石车x2153 | 东寰:骁骑兵x1952 | 臧依思:弩骑兵x1939 | 宇文歌槐:投石车x2061 | 崔彤:骁骑兵x1875,168,0
2464842,4级山贼,4,168,2,"很多资源,有宝箱,",171,402,,2,步兵,后博采:近卫兵x350 | 郏莫:近卫兵x384,168,0
2465052,5级山贼,5,168,5,"很多资源,",296,757,,2,步兵,贲民瑞:轻步兵x506 | 应北邦:轻步兵x478,168,0
2465167,5级山贼,5,168,6,"很多资源,",296,614,,2,步兵;骑兵,漆雕志:铁骑兵x371 | 刁锖柳:轻步兵x512,168,6
2469164,7级山贼,7,168,8,"大批资源,有宝箱,",644,1613,1064,3,弓弩;步兵;骑兵,姬魂璧:铁骑兵x910 | 濮栩坚:弓兵x563 | 耿昶:轻步兵x1257,168,6
2468283,7级山贼,7,168,9,"大批资源,",502,1426,,3,弓弩;步兵;骑兵,花玮:弓兵x599 | 雷斌原:轻步兵x1249 | 淳于春:铁骑兵x855,168,6
2463501,1级山贼,1,168,11,"一些资源,",50,114,,1,步兵,芮问含:民兵x160,168,6
2464082,7级山贼,7,168,12,"大批资源,有宝箱,有装备,",676,1530,1064,3,弓弩;步兵;骑兵,伏嫒:铁骑兵x796 | 奚笑:强弩兵x1441 | 邓临旻:轻步兵x1156,168,12
2464294,8级山贼,8,168,13,"大批资源,",964,2481,,4,战车;骑兵,寇和发:骁骑兵x827 | 司寇柏:投石车x915 | 荣凝咏:轻骑兵x1118 | 董周半:骁骑兵x825,168,12
2467334,8级山贼,8,168,15,"大批资源,",924,2640,,4,战车;骑兵,叶溪:骁骑兵x807 | 乔南晶:轻骑兵x1269 | 昝华:重弩车x345 | 农语:重弩车x329,168,12
2468704,9级山贼,9,168,16,"大批资源,有宝箱,有装备,",1433,4209,1074,4,战车;骑兵,璩钊:骁骑兵x1031 | 芮宕:投石车x1360 | 华略:投石车x1333 | 乐正慈:投石车x1260,168,12
2468415,5级山贼,5,168,17,"很多资源,",285,664,,2,步兵,卫资枫:轻步兵x534 | 乔爽妙:轻步兵x515,168,12
2468762,4级山贼,4,168,18,"很多资源,",151,433,,2,步兵,虞向:重步兵x531 | 暴谙:近卫兵x401,168,18
2469518,6级山贼,6,168,19,"大量资源,有宝箱,",306,904,1059,3,步兵;骑兵,郝闰:轻步兵x813 | 羿珺:铁骑兵x639 | 惠无:轻步兵x865,168,18
2469402,1级山贼,1,168,21,"一些资源,",53,125,,1,步兵,蓝之:民兵x157,168,18
2463882,5级山贼,5,168,22,"大量资源,一些宝物,",284,624,,2,弓弩;骑兵,都采:铁骑兵x353 | 冷北:强弩兵x816,168,18
2467580,3级山贼,3,168,23,"很多资源,",146,333,,1,步兵,夔仁奕:民兵x805,168,18
2468223,9级山贼,9,168,24,"大批资源,一些宝物,",1636,3678,,4,战车;骑兵,那郁曦:投石车x1358 | 桑赫烈:骁骑兵x963 | 聂瑞:骁骑兵x1012 | 贺可:骁骑兵x1092,168,24
2466379,1级山贼,1,168,25,"一些资源,",41,121,1033,1,步兵,贲书:民兵x137,168,24
2466089,4级山贼,4,168,26,"很多资源,有宝箱,",153,402,13569,2,步兵,慎漠奥:重步兵x462 | 乐正佩书:重步兵x494,168,24
2467344,5级山贼,5,168,32,"很多资源,",267,695,1054,2,弓弩;骑兵,黎青玟:强弩兵x740 | 居艺:铁骑兵x354,168,30
2464336,10级山贼,10,168,33,"大批资源,一些宝物,",1979,4947,29441,5,弓弩;战车;骑兵,池朝:投石车x2040 | 史如:骁骑兵x1662 | 贾笛:弩骑兵x1882 | 蓝阳:重弩车x690 | 徐潇筠:骁骑兵x1662,168,30
2465563,1级山贼,1,168,35,"一些资源,",43,108,,1,步兵,缪鹏艾:民兵x152,168,30
2464698,7级山贼,7,168,36,"大批资源,",632,1477,1064,3,弓弩;步兵;骑兵,蓬箴澜:铁骑兵x762 | 乜韦迈:轻步兵x1182 | 浦识:强弩兵x1754,168,36
2463746,6级山贼,6,168,37,"大量资源,有宝箱,有装备,一些宝物,",366,970,1059,3,步兵;骑兵,卓韦:铁骑兵x643 | 储谙:轻步兵x886 | 蓬月舟:轻步兵x871,168,36
2467451,7级山贼,7,168,38,"大批资源,",651,1611,1064,3,骑兵,麻朝:铁骑兵x828 | 时萱蝶:铁骑兵x851 | 阎鸿鑫:铁骑兵x861,168,36
2467052,3级山贼,3,168,39,"很多资源,",152,389,,1,步兵,郁皓懋:民兵x879,168,36
2469416,1级山贼,1,168,40,"一些资源,",41,124,,1,步兵,钟离陆杰:民兵x143,168,36
2466122,9级山贼,9,168,41,"大批资源,有宝箱,",1706,4160,,4,战车;骑兵,常峻:骁骑兵x1023 | 干简能:骁骑兵x975 | 利艾玥:投石车x1380 | 安芬:投石车x1252,168,36
2466914,4级山贼,4,168,42,"很多资源,",174,462,,2,步兵,董昂:民兵x1142 | 孟碧:重步兵x548,168,42
2465343,5级山贼,5,168,45,"很多资源,",264,772,,2,步兵;骑兵,常单:铁骑兵x375 | 赵鸣:轻步兵x482,168,42
2466940,8级山贼,8,168,46,"大批资源,",997,2721,,4,战车;骑兵,相妙:轻骑兵x1229 | 钟离江:投石车x1068 | 甘语:轻骑兵x1205 | 席鸿:骁骑兵x747,168,42
2468444,8级山贼,8,168,47,"大批资源,有装备,",970,2476,,4,战车;骑兵,苍旋平:投石车x987 | 简勤:重弩车x347 | 别荫:骁骑兵x808 | 鱼鲲通:骁骑兵x786,168,42
2469743,7级山贼,7,168,48,"大批资源,",590,1475,,3,弓弩,霍菱谷:弓兵x554 | 鲁实:弓兵x589 | 姜江:强弩兵x1690,168,48
2468037,4级山贼,4,168,51,"很多资源,",171,491,1049,2,步兵,毛莲瑶:重步兵x472 | 柏慕:重步兵x457,168,48
2464766,6级山贼,6,168,53,"大量资源,有宝箱,",374,927,13569,3,弓弩;骑兵,阎幻:铁骑兵x556 | 暴昶誉:强弩兵x1075 | 臧美:强弩兵x1162,168,48
2464598,1级山贼,1,168,54,"一些资源,",52,103,1034,1,步兵,傅裕捷:民兵x165,168,54
2465180,4级山贼,4,168,55,"很多资源,",172,418,,2,步兵,谭晔琦:近卫兵x361 | 逄冀:重步兵x455,168,54
2465487,10级山贼,10,169,0,"大批资源,有宝箱,有装备,一些宝物,",1887,4693,29441,5,弓弩;战车;骑兵,欧阳蝶:骁骑兵x1869 | 梁丘霜:投石车x2084 | 邹程:弩骑兵x2026 | 钱可:骁骑兵x1743 | 叶笛:骁骑兵x1785,168,0
2466402,3级山贼,3,169,1,"很多资源,",150,340,,1,步兵,鱼淼觅:民兵x870,168,0
2469542,5级山贼,5,169,5,"很多资源,",291,785,,2,步兵;骑兵,弘牙镘:铁骑兵x370 | 滑音:轻步兵x457,168,0
2467012,5级山贼,5,169,7,"很多资源,有装备,",258,669,16785153,2,弓弩;骑兵,陆觉:强弩兵x784 | 毕恩:铁骑兵x329,168,6
2467126,1级山贼,1,169,8,"一些资源,",58,144,,1,步兵,姜生:民兵x157,168,6
2464481,10级山贼,10,169,10,"大批资源,有宝箱,一些宝物,",1904,4719,1793;1793,5,弓弩;战车,崔叡人:重弩车x786 | 仲烁刚:重弩车x797 | 钭悌:弩骑兵x2077 | 须童:弩车x222 | 奚邪:重弩车x809,168,6
2466046,4级山贼,4,169,13,"很多资源,",168,464,,2,步兵,王合姝:近卫兵x372 | 谭璧江:重步兵x543,168,12
2463595,7级山贼,7,169,14,"大批资源,",619,1477,,3,弓弩;骑兵,糜芙:铁骑兵x928 | 习清芹:铁骑兵x812 | 邬溪听:强弩兵x1443,168,12
2466739,2级山贼,2,169,15,"许多资源,",98,216,,1,步兵,童松:民兵x315,168,12
2466675,10级山贼,10,169,16,"大批资源,一些宝物,",1849,4518,,5,弓弩;战车;骑兵,凌濯浚:骁骑兵x1999 | 蒲芸泽:投石车x1821 | 谢琛:投石车x2124 | 柏开禧:弩骑兵x1922 | 祝悦燕:重弩车x743,168,12
2466077,4级山贼,4,169,21,"很多资源,",170,459,,2,步兵,宓访:重步兵x472 | 司空阳焱:重步兵x476,168,18
2468446,7级山贼,7,169,22,"大批资源,有宝箱,",584,1691,,3,弓弩;步兵,贡茵:强弩兵x1411 | 怀容楠:轻步兵x1189 | 杭立:弓兵x513,168,18
2466976,10级山贼,10,169,24,"大批资源,有宝箱,一些宝物,",1860,4805,29441,5,战车;骑兵,冉颖益:重弩车x697 | 巴幻:弩车x205 | 古寒卫:骁骑兵x1772 | 冉方:骁骑兵x1684 | 云箴叡:骁骑兵x1887,168,24
2467390,9级山贼,9,169,25,"大批资源,",1761,4002,1074,4,战车;骑兵,慕容旎念:骁骑兵x905 | 叶映:投石车x1367 | 广家:重弩车x529 | 井鑫夜:投石车x1310,168,24
2468195,1级山贼,1,169,28,"一些资源,",49,112,,1,步兵,通致双:民兵x162,168,24
2465199,9级山贼,9,169,29,"大批资源,有宝箱,",1615,4258,,4,战车;骑兵,谢荷:骁骑兵x959 | 戚权:骁骑兵x903 | 成旎:轻骑兵x1618 | 须珠槐:投石车x1326,168,24
2466871,8级山贼,8,169,31,"大批资源,",1023,2585,,4,战车;骑兵,荣仙亦:投石车x946 | 宁人:轻骑兵x1217 | 管自:轻骑兵x1164 | 向悟:骁骑兵x719,168,30
2465799,9级山贼,9,169,32,"大批资源,有宝箱,有装备,一些宝物,",1449,4072,1074;16787969,4,战车;骑兵,秋峯:骁骑兵x937 | 宋谨:轻骑兵x1760 | 席刚:重弩车x506 | 魏芮:骁骑兵x953,168,30
2469907,9级山贼,9,169,33,"大批资源,",1421,4270,1074,4,骑兵,都问湃:轻骑兵x1761 | 能瑜焕:轻骑兵x1434 | 充玟:骁骑兵x1087 | 路溪:骁骑兵x904,168,30
2464309,1级山贼,1,169,37,"一些资源,",41,149,,1,步兵,魏禹典:民兵x158,168,36
2469741,10级山贼,10,169,41,"大批资源,有宝箱,一些宝物,",1946,4968,1078;1084,5,弓弩;战车;骑兵,尹平慕:骁骑兵x1878 | 钱冉:重弩车x771 | 党绪鸾:骁骑兵x1751 | 缪采若:弩骑兵x2060 | 穆倩:弩车x231,168,36
2468364,3级山贼,3,169,42,"很多资源,",153,357,,1,步兵,项捷:民兵x819,168,42
2469070,7级山贼,7,169,45,"大批资源,有宝箱,",637,1552,,3,骑兵,弓洽:铁骑兵x849 | 焦自:铁骑兵x864 | 东方程:铁骑兵x836,168,42
2463360,1级山贼,1,169,46,"一些资源,",59,138,,1,步兵,鞠秋艾:民兵x159,168,42
2468712,3级山贼,3,169,47,"许多资源,",156,302,,1,步兵,殴霓:民兵x827,168,42
2465453,3级山贼,3,169,48,"许多资源,",142,311,,1,步兵,冷焱蔼:民兵x895,168,48
2464538,8级山贼,8,169,49,"大批资源,有宝箱,一些宝物,",984,2470,1069,4,战车;骑兵,须萱若:轻骑兵x1176 | 凌旋:投石车x985 | 司空友:重弩车x360 | 钱敏季:投石车x993,168,48
2464857,7级山贼,7,169,50,"大批资源,有宝箱,",673,1454,1064,3,弓弩;步兵,宗政籁:轻步兵x1254 | 淳于迈虞:轻步兵x1204 | 羊黎:强弩兵x1472,168,48
2468818,1级山贼,1,169,52,"一些资源,",57,129,,1,步兵,汲蕊:民兵x157,168,48
2464380,5级山贼,5,169,53,"很多资源,有装备,",290,647,16779009,2,弓弩;步兵,厉运:轻步兵x516 | 祁单:强弩兵x875,168,48
2464333,8级山贼,8,169,54,"大批资源,有宝箱,",1085,2670,1069,4,战车;骑兵,边贞鹂:轻骑兵x1276 | 殷奇:骁骑兵x704 | 水澜:重弩车x365 | 钟峯福:投石车x976,168,54
2465669,2级山贼,2,170,1,"许多资源,",86,229,,1,步兵,皇甫英:民兵x299,168,0
2466016,1级山贼,1,170,2,"一些资源,",52,113,,1,步兵,牛源航:民兵x148,168,0
2463593,1级山贼,1,170,3,"一些资源,",51,109,,1,步兵,夔惜访:民兵x146,168,0
2463076,5级山贼,5,170,4,"大量资源,有宝箱,",277,772,13569,2,弓弩;步兵,谷蕊季:强弩兵x731 | 农籁:轻步兵x467,168,0
2466903,1级山贼,1,170,7,"一些资源,",50,144,1033,1,步兵,魏映音:民兵x150,168,6
2463653,7级山贼,7,170,8,"大批资源,有宝箱,",563,1432,1054,3,弓弩;骑兵,贲鹤:强弩兵x1644 | 曲凌霓:铁骑兵x932 | 仲长绍曦:强弩兵x1736,168,6
2469108,5级山贼,5,170,12,"很多资源,",273,709,,2,步兵;骑兵,冀中:轻步兵x516 | 巩昂穹:铁骑兵x361,168,12
2465602,3级山贼,3,170,18,"很多资源,",155,345,,1,步兵,廖从音:民兵x804,168,18
2465420,4级山贼,4,170,19,"很多资源,",150,424,,2,步兵,臧凡澜:近卫兵x402 | 范能:重步兵x544,168,18
2468946,1级山贼,1,170,21,"一些资源,有装备,",58,113,,1,步兵,和析翰:民兵x148,168,18
2463514,3级山贼,3,170,25,"许多资源,",142,309,,1,步兵,经健:民兵x826,168,24
2468009,9级山贼,9,170,26,"大批资源,一些宝物,",1534,3764,1074,4,战车;骑兵,干书瑶:骁骑兵x958 | 苗岚群:骁骑兵x1100 | 郝芬芸:投石车x1368 | 利景皓:投石车x1359,168,24
2464816,9级山贼,9,170,27,"大批资源,一些宝物,",1489,4180,,4,骑兵,阚醉富:骁骑兵x1033 | 司寇琪无:骁骑兵x914 | 慎煦:骁骑兵x1012 | 苏驰天:骁骑兵x1005,168,24
2468472,5级山贼,5,170,35,"很多资源,",273,619,,2,骑兵,姜鹂:铁骑兵x347 | 欧阳楠:铁骑兵x327,168,30
2469407,6级山贼,6,170,36,"大量资源,",351,930,,3,步兵,弓雯谋:轻步兵x893 | 东柳:轻步兵x809 | 庄哲映:轻步兵x797,168,36
2467786,10级山贼,10,170,44,"大批资源,有宝箱,有装备,一些宝物,",1854,5426,,5,弓弩;战车;骑兵,司璧桢:弩骑兵x1803 | 孟鹂:弩骑兵x2144 | 侯宁:骁骑兵x1804 | 戎靖:投石车x1871 | 卜存黛:骁骑兵x1937,168,42
2465575,5级山贼,5,170,46,"很多资源,一些宝物,",299,711,,2,弓弩,奚茗:强弩兵x853 | 相里怜雯:强弩兵x741,168,42
2465732,3级山贼,3,170,50,"许多资源,",145,302,1044,1,步兵,韦黛:民兵x834,168,48
2466463,9级山贼,9,171,0,"大批资源,有宝箱,",1603,3610,,4,战车;骑兵,邵亦无:重弩车x458 | 曹澜:轻骑兵x1700 | 南门立复:投石车x1304 | 梅联奇:骁骑兵x1070,171,0
2468656,6级山贼,6,171,1,"大量资源,有宝箱,一些宝物,",342,854,13570,3,弓弩;步兵;骑兵,封识:轻步兵x918 | 胡母温:强弩兵x1256 | 季羽:铁骑兵x641,171,0
2465882,3级山贼,3,171,2,"许多资源,",152,351,1044,1,步兵,孟丽青:民兵x831,171,0
2465719,6级山贼,6,171,3,"大量资源,有宝箱,一些宝物,",363,904,1059,3,弓弩;步兵,贡亭京:弓兵x396 | 颜商:轻步兵x892 | 聂儿:轻步兵x900,171,0
2469252,4级山贼,4,171,5,"很多资源,",171,475,,2,步兵,鲁通:重步兵x515 | 储慈:重步兵x533,171,0
2466188,7级山贼,7,171,6,"大批资源,有宝箱,",641,1473,,3,弓弩;步兵,房访:强弩兵x1477 | 南门识彤:轻步兵x1266 | 淳于顺:轻步兵x1120,171,6
2466712,7级山贼,7,171,9,"大批资源,",553,1505,1064,3,步兵;骑兵,陈闻:铁骑兵x875 | 倪宛虹:铁骑兵x803 | 司寇怡:轻步兵x1216,171,6
2465549,2级山贼,2,171,11,"许多资源,",93,243,,1,步兵,梁丘忆:民兵x290,171,6
2467675,5级山贼,5,171,16,"很多资源,",257,706,,2,弓弩;步兵,甘本纳:弓兵x196 | 尹蔼煜:轻步兵x518,171,12
2464233,8级山贼,8,171,17,"大批资源,",1024,2684,1068,4,战车;骑兵,明飙澹:骁骑兵x804 | 上官奇:骁骑兵x800 | 卫藏昀:骁骑兵x717 | 洪淼尔:投石车x914,171,12
2468078,5级山贼,5,171,19,"很多资源,",266,760,,2,步兵;骑兵,唐容拓:铁骑兵x341 | 荀名朋:轻步兵x550,171,18
2463304,9级山贼,9,171,20,"大批资源,有宝箱,",1556,4165,15105,4,战车;骑兵,傅鹤:投石车x1238 | 宿萍:轻骑兵x1423 | 仇杉:轻骑兵x1764 | 毕瑞赋:骁骑兵x1027,171,18
2469321,6级山贼,6,171,21,"大量资源,",344,975,,3,弓弩,殷旋:强弩兵x1092 | 田霁和:强弩兵x1098 | 范卓析:强弩兵x1285,171,18
2467544,8级山贼,8,171,22,"大批资源,有装备,",1087,2353,1069,4,骑兵,弓语简:骁骑兵x724 | 禄山墨:骁骑兵x796 | 阎嫒:轻骑兵x1265 | 轩辕璧:轻骑兵x1220,171,18
2467430,1级山贼,1,171,23,"一些资源,",46,128,,1,步兵,曾瑞江:民兵x137,171,18
2465541,10级山贼,10,171,27,"大批资源,有宝箱,",2029,5466,1084;1081,5,弓弩;战车;骑兵,糜振:骁骑兵x1965 | 戈和:弩骑兵x1982 | 杨玮禧:投石车x2030 | 印铄艺:重弩车x690 | 闻娴:弩骑兵x1859,171,24
2468258,4级山贼,4,171,29,"很多资源,",170,431,,2,步兵,公西念:重步兵x549 | 花悦:近卫兵x419,171,24
2464281,10级山贼,10,171,30,"大批资源,有宝箱,",1922,5231,1793,5,战车;骑兵,苏掣昌:骁骑兵x1760 | 庚彤乾:骁骑兵x1957 | 璩辰:骁骑兵x1795 | 詹明:投石车x2121 | 宋籁:投石车x2037,171,30
2467075,8级山贼,8,171,31,"大批资源,有装备,",998,2634,1069,4,战车;骑兵,江星骏:重弩车x366 | 韩采:轻骑兵x1213 | 宰籁:轻骑兵x1247 | 巫佩:轻骑兵x1176,171,30
2468189,2级山贼,2,171,32,"许多资源,",81,240,1039,1,步兵,沙鹤:民兵x324,171,30
2464070,5级山贼,5,171,33,"很多资源,",292,685,1054,2,步兵;骑兵,任章玮:铁骑兵x336 | 空冉:轻步兵x508,171,30
2467077,5级山贼,5,171,34,"很多资源,有装备,",300,643,,2,弓弩;骑兵,安璧奇:铁骑兵x372 | 弓远:强弩兵x813,171,30
2463899,2级山贼,2,171,36,"许多资源,",84,249,1039,1,步兵,子车旎:民兵x302,171,36
2464936,3级山贼,3,171,37,"很多资源,",158,372,,1,步兵,子车拓:民兵x884,171,36
2467038,2级山贼,2,171,38,"许多资源,",92,252,,1,步兵,蒋孟:民兵x315,171,36
2464912,7级山贼,7,171,40,"大批资源,",668,1412,,3,弓弩;骑兵,钟捷振:强弩兵x1497 | 祁龙:铁骑兵x923 | 万天:铁骑兵x874,171,36
2465773,8级山贼,8,171,42,"大批资源,有宝箱,",1092,2565,1060;1793,4,骑兵,台简:轻骑兵x1253 | 焦实:轻骑兵x1204 | 伍瑞:轻骑兵x1175 | 廖析霓:轻骑兵x1191,171,42
2467824,3级山贼,3,171,44,"很多资源,",159,354,1044,1,步兵,车正青:民兵x792,171,42
2468181,2级山贼,2,171,45,"许多资源,",89,278,1039,1,步兵,郏幼绍:民兵x303,171,42
2464833,3级山贼,3,171,47,"许多资源,",155,303,,1,步兵,闻人洁:民兵x857,171,42
2467480,10级山贼,10,171,49,"大批资源,有装备,一些宝物,",2142,5002,29441;1084,5,弓弩;战车;骑兵,戎桂:弩骑兵x1888 | 邴峻:骁骑兵x1976 | 上官曾为:弩骑兵x2043 | 杨瑶:弩骑兵x2006 | 贺格鹂:投石车x1904,171,48
2464064,1级山贼,1,171,50,"一些资源,",43,125,1031,1,步兵,冯桃:民兵x151,171,48
2465374,10级山贼,10,171,51,"大批资源,一些宝物,",1958,4880,1084;1084,5,战车;骑兵,仲轩:重弩车x729 | 艾潇:投石车x2007 | 乔瑞:投石车x1805 | 尚倪:重弩车x683 | 霍剑临:骁骑兵x1741,171,48
2468635,1级山贼,1,171,52,"一些资源,",54,145,,1,步兵,李今谷:民兵x164,171,48
2468829,5级山贼,5,171,55,"大量资源,",297,738,,2,步兵;骑兵,巫今:轻步兵x512 | 苗思:铁骑兵x355,171,54
2465881,8级山贼,8,172,1,"大批资源,有宝箱,有装备,",992,2421,1069;1793;16785409,4,战车;骑兵,经尧凡:重弩车x378 | 毕璨皓:骁骑兵x748 | 宣鹤:骁骑兵x810 | 容松:轻骑兵x1278,171,0
2464515,4级山贼,4,172,2,"很多资源,",151,440,,2,步兵,顾赡:近卫兵x401 | 焦彤:重步兵x500,171,0
2468241,3级山贼,3,172,3,"许多资源,",150,361,,1,步兵,阚杉:民兵x856,171,0
2468812,6级山贼,6,172,4,"大量资源,有宝箱,",315,901,13569,3,弓弩;步兵,滑楚贞:强弩兵x1287 | 平士:强弩兵x1245 | 俞郁:轻步兵x894,171,0
2464710,1级山贼,1,172,5,"一些资源,",49,106,1031,1,步兵,毛雯卉:民兵x159,171,0
2468937,9级山贼,9,172,8,"大批资源,",1405,3674,,4,战车;骑兵,晏小娇:重弩车x517 | 堵晋:投石车x1220 | 都钧意:骁骑兵x948 | 居诩书:轻骑兵x1773,171,6
2468224,1级山贼,1,172,9,"一些资源,",42,108,1033,1,步兵,关鸾骥:民兵x143,171,6
2464781,7级山贼,7,172,10,"大批资源,有宝箱,",548,1491,13570,3,弓弩;骑兵,苗寒扬:强弩兵x1411 | 茅广:铁骑兵x876 | 皮捷好:强弩兵x1636,171,6
2463668,2级山贼,2,172,11,"许多资源,",81,275,,1,步兵,田歌楚:民兵x327,171,6
2464656,10级山贼,10,172,12,"大批资源,有宝箱,一些宝物,",2092,4550,1080;1084,5,弓弩;战车;骑兵,巩合:重弩车x727 | 安代菱:弩车x248 | 长孙竹玟:弩车x237 | 东方恩玮:骁骑兵x1910 | 谢美轩:弩骑兵x2080,171,12
2466533,4级山贼,4,172,15,"很多资源,",157,403,,2,步兵,蔺大锦:重步兵x500 | 汲好:重步兵x472,171,12
2469460,2级山贼,2,172,17,"许多资源,",85,272,1039,1,步兵,薛辑:民兵x321,171,12
2465183,10级山贼,10,172,18,"大批资源,有宝箱,",2154,4946,1084;1080,5,弓弩;战车,董悌:弩骑兵x1953 | 靳勤:投石车x2183 | 宋葱琪:弩骑兵x2089 | 成专畴:弩骑兵x1966 | 詹杰:弩骑兵x2153,171,18
2469430,5级山贼,5,172,19,"很多资源,",285,756,,2,弓弩;步兵,凤龙路:轻步兵x496 | 陈翰苍:强弩兵x815,171,18
2464369,6级山贼,6,172,20,"大量资源,一些宝物,",308,953,4097;1059,3,弓弩;步兵;骑兵,焦妙绍:铁骑兵x643 | 伍听:强弩兵x1189 | 池纶绍:轻步兵x791,171,18
2469570,6级山贼,6,172,21,"大量资源,",311,831,,3,弓弩;骑兵,宁郝:铁骑兵x617 | 相里冷:铁骑兵x573 | 廖冰:强弩兵x1219,171,18
2468585,8级山贼,8,172,22,"大批资源,",907,2638,,4,战车;骑兵,阮菲蕾:骁骑兵x781 | 石家高:轻骑兵x1125 | 上官才:投石车x926 | 扈尝:投石车x1003,171,18
2464300,4级山贼,4,172,23,"很多资源,一些宝物,",168,411,1049,2,步兵,景吉:重步兵x479 | 姬州:重步兵x538,171,18
2469263,1级山贼,1,172,24,"一些资源,",57,138,1034,1,步兵,应溪:民兵x156,171,24
2468907,2级山贼,2,172,27,"许多资源,",98,250,,1,步兵,壤驷尝:民兵x284,171,24
2469481,1级山贼,1,172,28,"一些资源,",44,107,,1,步兵,闻人雅:民兵x142,171,24
2468398,2级山贼,2,172,29,"许多资源,",92,298,,1,步兵,濮阳尚:民兵x320,171,24
2464629,3级山贼,3,172,30,"很多资源,",160,340,,1,步兵,仲旎:民兵x831,171,30
2469409,6级山贼,6,172,31,"大量资源,",369,991,,3,弓弩;步兵,沈平:弓兵x393 | 伏祖懿:轻步兵x912 | 苍洁彦:轻步兵x924,171,30
2467708,9级山贼,9,172,32,"大批资源,一些宝物,",1529,4369,3073;1074,4,战车;骑兵,杜绮奕:轻骑兵x1562 | 龚璧茗:骁骑兵x1070 | 宗烁宾:骁骑兵x986 | 危谊雨:重弩车x516,171,30
2466953,4级山贼,4,172,33,"很多资源,",162,479,,2,步兵,甘惠代:重步兵x484 | 山映耀:近卫兵x361,171,30
2467188,8级山贼,8,172,34,"大批资源,有装备,一些宝物,",1047,2540,1069,4,战车;骑兵,宰藏彩:重弩车x331 | 萧惠冷:骁骑兵x818 | 淳于筠:投石车x946 | 凤惬:骁骑兵x704,171,30
2465248,7级山贼,7,172,37,"大批资源,有宝箱,",556,1444,1056;14849,3,弓弩;骑兵,公良怀冰:铁骑兵x875 | 壤驷典:强弩兵x1758 | 漆雕颖:强弩兵x1717,171,36
2465787,5级山贼,5,172,38,"很多资源,",293,628,,2,骑兵,莘宇:铁骑兵x310 | 蒙江:铁骑兵x311,171,36
2468211,6级山贼,6,172,41,"大量资源,",328,937,,3,弓弩;步兵;骑兵,查珺:铁骑兵x550 | 田朝菡:强弩兵x1293 | 邴捷好:轻步兵x784,171,36
2467360,4级山贼,4,172,42,"很多资源,",180,496,,2,步兵,全昶:近卫兵x358 | 惠合华:近卫兵x394,171,42
2468826,3级山贼,3,172,43,"很多资源,",148,357,,1,步兵,莫林:民兵x849,171,42
2468117,3级山贼,3,172,44,"很多资源,",142,392,,1,步兵,臧土涛:民兵x798,171,42
2464323,9级山贼,9,172,45,"大批资源,有装备,",1624,4158,,4,战车;骑兵,羿放龙:轻骑兵x1502 | 施濯玉:轻骑兵x1418 | 刘宣硕:重弩车x503 | 向竹初:骁骑兵x992,171,42
2464605,4级山贼,4,172,47,"很多资源,有装备,",166,466,,2,步兵,时达:近卫兵x352 | 武鲸琛:近卫兵x414,171,42
2467364,2级山贼,2,172,48,"许多资源,",80,224,,1,步兵,邓书:民兵x327,171,48
2467287,7级山贼,7,172,52,"大批资源,有装备,",648,1547,16779009,3,步兵;骑兵,荣歌:铁骑兵x848 | 蓟丽宇:轻步兵x1178 | 黎旻:铁骑兵x905,171,48
2464655,1级山贼,1,172,54,"一些资源,",42,109,,1,步兵,温全潍:民兵x165,171,54
2466968,6级山贼,6,173,0,"大量资源,",336,887,,3,步兵;骑兵,禄璐:铁骑兵x585 | 沙楚:轻步兵x792 | 钮漫:轻步兵x888,171,0
2465728,7级山贼,7,173,6,"大批资源,",504,1659,1064,3,弓弩;步兵;骑兵,太叔翊:铁骑兵x918 | 殷宛:弓兵x555 | 柴卓赐:轻步兵x1236,171,6
2466272,7级山贼,7,173,13,"大批资源,",672,1431,,3,弓弩;步兵,濮剑翼:轻步兵x1273 | 利从:轻步兵x1233 | 胡虹:强弩兵x1446,171,12
2463162,10级山贼,10,173,14,"大批资源,有宝箱,一些宝物,",1820,5191,,5,弓弩;战车;骑兵,巴访:骁骑兵x1736 | 甄君彩:弩骑兵x1893 | 查熏芹:弩车x215 | 台基:骁骑兵x1874 | 柴寻含:弩骑兵x2056,171,12
2464324,1级山贼,1,173,15,"一些资源,",42,138,,1,步兵,卢萍:民兵x156,171,12
2469494,7级山贼,7,173,18,"大批资源,",545,1427,,3,弓弩;骑兵,席适:弓兵x592 | 龙槐:铁骑兵x860 | 胡母蔚蔚:强弩兵x1760,171,18
2469676,7级山贼,7,173,24,"大批资源,有宝箱,",623,1507,14849,3,弓弩;步兵,邱仁慈:弓兵x562 | 谷葱实:轻步兵x1233 | 江怀忆:弓兵x555,171,24
2465126,7级山贼,7,173,26,"大批资源,一些宝物,",658,1568,,3,弓弩;步兵,蓬今:弓兵x532 | 易凝:轻步兵x1146 | 宦薇旎:弓兵x523,171,24
2465940,5级山贼,5,173,27,"很多资源,有装备,",291,711,,2,步兵;骑兵,聂火:轻步兵x498 | 解紫晶:铁骑兵x356,171,24
2466660,10级山贼,10,173,37,"大批资源,有宝箱,",2163,5335,1084;1084,5,弓弩;战车;骑兵,晁为歌:弩骑兵x1907 | 牛娥:投石车x1945 | 吴玟:骁骑兵x1708 | 井莫:弩车x208 | 鄂海虹:骁骑兵x1645,171,36
2466117,6级山贼,6,173,48,"大量资源,有宝箱,",348,914,,3,弓弩;骑兵,全骄婉:铁骑兵x644 | 祖南鸥:弓兵x341 | 戴琪昂:强弩兵x1223,171,48
2464391,10级山贼,10,173,49,"大批资源,有宝箱,一些宝物,",2159,5290,3074,5,弓弩;战车;骑兵,桂资:弩骑兵x2143 | 宰雯萌:弩骑兵x1932 | 闵籁萍:弩骑兵x2033 | 骆哲:重弩车x797 | 翁姝:骁骑兵x1984,171,48
2469367,2级山贼,2,173,50,"许多资源,",96,238,1039,1,步兵,云朗:民兵x292,171,48
2463687,1级山贼,1,173,54,"一些资源,",56,101,,1,步兵,钟宾焱:民兵x144,171,54
2463123,7级山贼,7,174,1,"大批资源,有宝箱,",691,1626,1064,3,弓弩;步兵,容含音:轻步兵x1269 | 应韫:强弩兵x1447 | 程通莫:轻步兵x1216,174,0
2465935,3级山贼,3,174,2,"很多资源,",148,363,,1,步兵,公良胜:民兵x880,174,0
2468972,8级山贼,8,174,5,"大批资源,有宝箱,",922,2430,1066,4,骑兵,霍绍年:骁骑兵x719 | 冉人:轻骑兵x1157 | 厍鹂悌:骁骑兵x777 | 费悦红:骁骑兵x793,174,0
2466826,5级山贼,5,174,7,"很多资源,",300,618,,2,弓弩,和定男:强弩兵x825 | 师荷:强弩兵x859,174,6
2463405,7级山贼,7,174,9,"大批资源,",573,1435,1064;1059,3,步兵;骑兵,郁如萍:轻步兵x1159 | 殷阳琦:铁骑兵x791 | 唐灵:轻步兵x1229,174,6
2462912,3级山贼,3,174,10,"很多资源,",156,393,,1,步兵,糜禹娴:民兵x874,174,6
2465638,6级山贼,6,174,12,"大量资源,有宝箱,一些宝物,",371,847,1059;4097,3,弓弩;步兵,明玉:轻步兵x901 | 蒋心:强弩兵x1113 | 殳问:轻步兵x857,174,12
2466594,6级山贼,6,174,15,"大量资源,有宝箱,有装备,",373,985,16778753,3,弓弩;骑兵,柴捷雪:铁骑兵x595 | 余大悌:强弩兵x1140 | 尤惬枫:铁骑兵x654,174,12
2466765,2级山贼,2,174,17,"许多资源,",86,216,,1,步兵,巩迎:民兵x286,174,12
2468494,7级山贼,7,174,25,"大批资源,有宝箱,一些宝物,",647,1491,13570,3,弓弩;步兵,蓝笛凯:轻步兵x1225 | 嵇勤:轻步兵x1176 | 酆程书:强弩兵x1506,174,24
2463800,2级山贼,2,174,27,"许多资源,",90,235,,1,步兵,汲浩:民兵x313,174,24
2468691,3级山贼,3,174,29,"许多资源,",152,363,,1,步兵,全以竹:民兵x880,174,24
2463794,1级山贼,1,174,33,"一些资源,有装备,",57,131,16777217,1,步兵,凤娥唱:民兵x159,174,30
2467893,10级山贼,10,174,34,"大批资源,",1986,5462,,5,弓弩;战车;骑兵,慕容元:弩车x201 | 国溪小:重弩车x808 | 穆彬晋:弩骑兵x2049 | 章叡豇:重弩车x695 | 轩辕沉:骁骑兵x1829,174,30
2464795,9级山贼,9,174,35,"大批资源,",1772,3620,,4,战车;骑兵,季煦:轻骑兵x1516 | 鱼无:重弩车x453 | 凌咏洋:投石车x1270 | 刁淑:骁骑兵x913,174,30
2467563,5级山贼,5,174,44,"很多资源,",279,716,,2,弓弩;骑兵,张怀:强弩兵x826 | 蒲专:铁骑兵x362,174,42
2464475,10级山贼,10,174,45,"大批资源,有宝箱,",1999,4527,1084,5,弓弩;战车;骑兵,蔺识:弩车x215 | 戴庸:骁骑兵x1870 | 陶宁:弩骑兵x2087 | 敖无杉:弩骑兵x1897 | 卢岚天:弩骑兵x2096,174,42
2468553,7级山贼,7,174,46,"大批资源,",642,1550,,3,弓弩;步兵,劳羽:轻步兵x1165 | 蒙捷:强弩兵x1473 | 凌鹍:强弩兵x1625,174,42
2464063,6级山贼,6,174,48,"大量资源,有装备,一些宝物,",397,961,4097,3,弓弩;骑兵,冯菡春:铁骑兵x639 | 米颜:弓兵x355 | 花辉鹂:铁骑兵x579,174,48
2465758,3级山贼,3,174,51,"许多资源,",160,321,1044,1,步兵,廖源:民兵x880,174,48
2467303,2级山贼,2,174,54,"许多资源,有装备,",82,233,1039;16784897,1,步兵,麻鸥菡:民兵x316,174,54
2466403,1级山贼,1,175,0,"一些资源,",60,103,,1,步兵,谢本:民兵x137,174,0
2469573,9级山贼,9,175,2,"大批资源,",1599,3667,1074,4,战车;骑兵,蓬萌:轻骑兵x1510 | 莘琦:投石车x1298 | 桑雅:骁骑兵x902 | 唐裕墨:重弩车x447,174,0
2463456,9级山贼,9,175,3,"大批资源,有宝箱,",1680,4075,1074,4,战车;骑兵,吴绿依:轻骑兵x1702 | 葛淼:投石车x1315 | 齐珊:投石车x1303 | 幸桂:轻骑兵x1724,174,0
2467084,6级山贼,6,175,4,"大量资源,",377,836,,3,弓弩;步兵,钭荫:强弩兵x1175 | 蔚与:轻步兵x918 | 微生锖:强弩兵x1230,174,0
2466211,2级山贼,2,175,5,"许多资源,",91,268,,1,步兵,卓单:民兵x275,174,0
2465364,7级山贼,7,175,7,"大批资源,",537,1443,1064,3,步兵;骑兵,童云:轻步兵x1274 | 易颖:铁骑兵x898 | 骆祈:铁骑兵x891,174,6
2468484,6级山贼,6,175,15,"大量资源,有宝箱,",365,922,1050;1059,3,弓弩;骑兵,秦希:铁骑兵x549 | 戴昶津:铁骑兵x545 | 卢怜鑫:弓兵x351,174,12
2466563,4级山贼,4,175,17,"很多资源,",167,469,,2,步兵,淳于诩洁:重步兵x523 | 尤虹:重步兵x529,174,12
2469355,5级山贼,5,175,24,"很多资源,",299,637,,2,弓弩;步兵,毕采:轻步兵x527 | 农禧:弓兵x224,174,24
2463806,3级山贼,3,175,25,"很多资源,",157,382,,1,步兵,连听:民兵x810,174,24
2464223,1级山贼,1,175,26,"一些资源,",44,148,,1,步兵,太叔能:民兵x145,174,24
2468880,5级山贼,5,175,27,"大量资源,",272,778,,2,弓弩;步兵,曹畅好:轻步兵x494 | 裴翊烁:强弩兵x844,174,24
2467339,1级山贼,1,175,28,"一些资源,",51,125,,1,步兵,贝赋:民兵x138,174,24
2465208,2级山贼,2,175,29,"许多资源,",81,273,,1,步兵,廖路韫:民兵x298,174,24
2467800,3级山贼,3,175,30,"许多资源,",151,325,,1,步兵,宗政觅:民兵x870,174,30
2464440,2级山贼,2,175,31,"许多资源,",98,215,,1,步兵,殳颀:民兵x298,174,30
2465712,8级山贼,8,175,35,"大批资源,",1067,2658,1069,4,战车;骑兵,敖艾柔:骁骑兵x747 | 晁筠颖:重弩车x380 | 公西悦菱:投石车x953 | 步举:骁骑兵x702,174,30
2465999,7级山贼,7,175,36,"大批资源,",508,1445,,3,弓弩;骑兵,萧邪:强弩兵x1426 | 应珊巧:铁骑兵x768 | 红醉简:弓兵x582,174,36
2466093,3级山贼,3,175,37,"许多资源,",151,337,,1,步兵,丁心煜:民兵x855,174,36
2463498,5级山贼,5,175,38,"很多资源,",252,750,1054,2,步兵;骑兵,范红晋:铁骑兵x367 | 王悟:轻步兵x514,174,36
2468760,1级山贼,1,175,40,"一些资源,",43,103,,1,步兵,廖元智:民兵x160,174,36
2463895,10级山贼,10,175,41,"大批资源,有宝箱,一些宝物,",2164,5459,1084;1793;1084,5,战车,易皓顺:重弩车x758 | 璩菡颜:投石车x1825 | 殴柏:重弩车x830 | 车正怡:投石车x2144 | 梁丘潇吟:重弩车x703,174,36
2468121,10级山贼,10,175,45,"大批资源,有宝箱,一些宝物,",1929,5338,1793;1084,5,弓弩;战车,徐宜:投石车x1830 | 寇方晔:弩骑兵x1889 | 钱明馨:重弩车x794 | 夏路麟:弩车x233 | 巫灵轩:弩车x257,174,42
2463734,5级山贼,5,175,46,"很多资源,",258,757,,2,弓弩;骑兵,黄乐:铁骑兵x349 | 韶曼:强弩兵x862,174,42
2468287,5级山贼,5,175,47,"很多资源,有宝箱,",278,737,13569,2,步兵,郗鹍:轻步兵x494 | 吕松:轻步兵x504,174,42
2464151,1级山贼,1,175,51,"一些资源,",40,127,1030,1,步兵,曹城楚:民兵x136,174,48
2464067,10级山贼,10,175,52,"大批资源,有宝箱,",1888,5313,1793;1084,5,弓弩;战车,孙析江:投石车x2151 | 欧阳藏:弩车x247 | 宓栩熙:弩骑兵x2160 | 邴实:弩骑兵x1803 | 家真昭:投石车x2149,174,48
2469382,8级山贼,8,175,54,"大批资源,有装备,",998,2607,1069;16779521,4,战车;骑兵,祖之希:投石车x971 | 仰绮:骁骑兵x762 | 余海然:骁骑兵x798 | 陈依旋:骁骑兵x729,174,54
2463518,9级山贼,9,175,55,"大批资源,有宝箱,",1665,3615,,4,战车,闻人叡:投石车x1217 | 毕悦:重弩车x520 | 鲍译:重弩车x462 | 池曦容:投石车x1385,174,54
2465317,3级山贼,3,176,0,"许多资源,",159,352,1044,1,步兵,融时:民兵x795,174,0
2469211,1级山贼,1,176,2,"一些资源,",50,138,,1,步兵,桂心辰:民兵x150,174,0
2463348,2级山贼,2,176,6,"许多资源,",90,235,,1,步兵,仲兆映:民兵x296,174,6
2469361,4级山贼,4,176,8,"很多资源,",156,492,,2,步兵,晏璐:重步兵x496 | 史嫒:重步兵x457,174,6
2467841,5级山贼,5,176,9,"很多资源,一些宝物,",291,620,1054,2,弓弩;步兵,巫侠:强弩兵x772 | 安鸥:轻步兵x497,174,6
2464736,10级山贼,10,176,13,"大批资源,有宝箱,一些宝物,",1974,5465,1793;1793;1793,5,弓弩;战车;骑兵,农晓通:投石车x2105 | 容儿洽:弩车x245 | 禄知:骁骑兵x1665 | 濮阳鸾:弩骑兵x1954 | 轩辕栩年:弩骑兵x2108,174,12
2469166,10级山贼,10,176,14,"大批资源,有宝箱,有装备,一些宝物,",2104,5210,1084;16790529,5,弓弩;战车;骑兵,惠香颖:弩骑兵x2166 | 双灵江:骁骑兵x1784 | 湛枫茗:重弩车x787 | 单蓄越:弩骑兵x1903 | 郭霜:弩骑兵x2161,174,12
2463878,3级山贼,3,176,16,"许多资源,",145,367,,1,步兵,鲍木韦:民兵x867,174,12
2464338,3级山贼,3,176,17,"许多资源,",144,382,,1,步兵,漆雕格:民兵x799,174,12
2466811,1级山贼,1,176,31,"一些资源,",42,130,,1,步兵,慕容彦丝:民兵x143,174,30
2468543,10级山贼,10,176,32,"大批资源,有宝箱,一些宝物,",1956,5051,,5,弓弩;骑兵,别格开:弩骑兵x2029 | 容湃之:骁骑兵x1763 | 梁雪舟:弩骑兵x2037 | 邱华:骁骑兵x1993 | 能尔珠:骁骑兵x1900,174,30
2469704,1级山贼,1,176,33,"一些资源,有装备,",55,138,,1,步兵,赖简:民兵x137,174,30
2469639,5级山贼,5,176,36,"大量资源,",278,776,,2,步兵,温芮:轻步兵x509 | 霍虹:轻步兵x465,174,36
2465271,1级山贼,1,176,37,"一些资源,",49,111,,1,步兵,空子:民兵x156,174,36
2464689,9级山贼,9,176,42,"大批资源,有装备,",1420,4210,,4,战车;骑兵,东方亮:重弩车x446 | 管采高:投石车x1263 | 相锖昶:重弩车x476 | 李泉:轻骑兵x1690,174,42
2466534,3级山贼,3,176,43,"很多资源,",153,363,,1,步兵,杨沛:民兵x846,174,42
2465038,5级山贼,5,176,44,"很多资源,",296,710,,2,步兵,蔺虎:轻步兵x528 | 成炎:轻步兵x465,174,42
2468198,10级山贼,10,176,48,"大批资源,一些宝物,",1833,4713,,5,弓弩;战车;骑兵,鄂邃慨:投石车x1993 | 蔚璐:投石车x1867 | 屈格:骁骑兵x1634 | 段乾:弩骑兵x2023 | 殷怡:弩骑兵x2200,174,48
2465812,9级山贼,9,176,50,"大批资源,",1552,3862,1074;1067,4,战车;骑兵,崔云年:轻骑兵x1611 | 杜荷槐:投石车x1348 | 祝萱:骁骑兵x964 | 洪唱扬:投石车x1246,174,48
2467523,10级山贼,10,176,51,"大批资源,有宝箱,",2119,4519,1084;1084,5,战车;骑兵,贺卉:骁骑兵x1747 | 戎钧:骁骑兵x1891 | 祖轩:投石车x1951 | 终良祺:骁骑兵x1727 | 羿宛:弩车x252,174,48
2467205,6级山贼,6,176,52,"大量资源,一些宝物,",353,814,,3,弓弩;步兵,充秉联:强弩兵x1179 | 鲁鸾:强弩兵x1199 | 连蓉:轻步兵x806,174,48
2464184,4级山贼,4,176,53,"很多资源,",164,423,,2,步兵,华同峰:近卫兵x387 | 阮奇亭:民兵x1146,174,48
2469148,7级山贼,7,177,0,"大批资源,",632,1457,,3,弓弩;步兵,扈悦沛:轻步兵x1222 | 司徒云忆:轻步兵x1176 | 窦萌:弓兵x596,177,0
2465517,6级山贼,6,177,1,"大量资源,有宝箱,",394,868,1059,3,弓弩,亓官沉:强弩兵x1118 | 鄂羽商:强弩兵x1231 | 姚广虞:强弩兵x1246,177,0
2469527,6级山贼,6,177,3,"大量资源,",316,961,1059;1059,3,步兵;骑兵,上官宇宇:铁骑兵x592 | 隗旋谊:轻步兵x866 | 申屠圆畅:铁骑兵x624,177,0
2465258,5级山贼,5,177,4,"很多资源,有装备,",254,696,16778497,2,弓弩;步兵,邴精:轻步兵x538 | 牛齐婕:强弩兵x850,177,0
2468017,1级山贼,1,177,5,"一些资源,",50,116,,1,步兵,宰放:民兵x135,177,0
2468304,1级山贼,1,177,7,"一些资源,",52,143,1034,1,步兵,水奇宾:民兵x164,177,6
2469176,10级山贼,10,177,8,"大批资源,有宝箱,有装备,一些宝物,",1875,4645,1083;1793;16780289,5,弓弩;战车,郝知:弩车x253 | 蒙喷芮:弩骑兵x2169 | 田炎炳:投石车x2027 | 吉树冉:投石车x2094 | 祖朗:投石车x2141,177,6
2469539,7级山贼,7,177,10,"大批资源,",668,1522,,3,弓弩;步兵;骑兵,麻心怡:铁骑兵x863 | 隆彤艾:强弩兵x1408 | 樊帅於:轻步兵x1248,177,6
2464403,5级山贼,5,177,11,"大量资源,",278,766,1050,2,弓弩;骑兵,宋年泽:强弩兵x779 | 吕绮:铁骑兵x376,177,6
2463169,5级山贼,5,177,12,"很多资源,",274,695,,2,弓弩;骑兵,黄茗:强弩兵x756 | 邴深:铁骑兵x369,177,12
2468630,2级山贼,2,177,13,"许多资源,",87,204,,1,步兵,漆雕喆:民兵x304,177,12
2469410,10级山贼,10,177,15,"大批资源,有宝箱,有装备,",1875,4560,1793,5,弓弩;战车;骑兵,融锖绪:骁骑兵x1702 | 谈紫音:投石车x2130 | 阙访:弩骑兵x1832 | 范旻辑:弩骑兵x1997 | 须奥汉:弩骑兵x2016,177,12
2466195,10级山贼,10,177,16,"大批资源,一些宝物,",1980,5440,3074,5,弓弩;战车;骑兵,滕澜鸿:投石车x2194 | 龚丰姝:骁骑兵x1827 | 赖禧:弩骑兵x2107 | 鱼商歆:弩车x248 | 史吟:骁骑兵x1938,177,12
2464683,8级山贼,8,177,17,"大批资源,有宝箱,",961,2508,1793,4,骑兵,宓常:轻骑兵x1131 | 侯从:轻骑兵x1145 | 印仙:骁骑兵x704 | 夏奇:轻骑兵x1300,177,12
2465305,5级山贼,5,177,20,"很多资源,",270,649,,2,步兵;骑兵,乐箴项:轻步兵x470 | 訾作:铁骑兵x354,177,18
2468023,1级山贼,1,177,21,"一些资源,",46,120,,1,步兵,丁桢:民兵x149,177,18
2465686,1级山贼,1,177,23,"一些资源,有装备,",45,138,,1,步兵,后博群:民兵x156,177,18
2466026,5级山贼,5,177,24,"很多资源,有装备,一些宝物,",296,769,1049,2,弓弩,鲍颜:强弩兵x804 | 后常偲:弓兵x218,177,24
2465211,1级山贼,1,177,25,"一些资源,",59,101,,1,步兵,范翊:民兵x152,177,24
2465182,8级山贼,8,177,27,"大批资源,有宝箱,",900,2370,1069,4,战车;骑兵,昝北绪:骁骑兵x692 | 晏日群:投石车x958 | 桑珺边:骁骑兵x823 | 苍怡宇:骁骑兵x812,177,24
2468295,9级山贼,9,177,28,"大批资源,有宝箱,",1798,3626,,4,战车;骑兵,双嗣厚:轻骑兵x1522 | 邓鹤熏:轻骑兵x1705 | 汲笑可:骁骑兵x1047 | 扈瑾略:投石车x1345,177,24
2466279,9级山贼,9,177,29,"大批资源,",1593,4060,1074,4,战车;骑兵,单存:投石车x1324 | 司马颀图:骁骑兵x1084 | 宓适翊:骁骑兵x1027 | 高钧路:轻骑兵x1422,177,24
2464762,6级山贼,6,177,30,"大量资源,",349,851,,3,弓弩;骑兵,廉晨:强弩兵x1269 | 羿茵:铁骑兵x659 | 姬芸凡:强弩兵x1057,177,30
2465027,7级山贼,7,177,31,"大批资源,有宝箱,",598,1470,1064,3,步兵;骑兵,习琪萱:轻步兵x1223 | 东方雄:铁骑兵x800 | 梅芮:铁骑兵x825,177,30
2464164,2级山贼,2,177,32,"许多资源,",88,259,,1,步兵,边双:民兵x282,177,30
2468057,1级山贼,1,177,33,"一些资源,",55,138,,1,步兵,雍槐鸥:民兵x151,177,30
2467317,5级山贼,5,177,34,"很多资源,",277,650,,2,步兵;骑兵,扈元:轻步兵x464 | 章悦:铁骑兵x341,177,30
2466796,2级山贼,2,177,35,"许多资源,",100,229,1035,1,步兵,容雅思:民兵x293,177,30
2468890,7级山贼,7,177,37,"大批资源,有宝箱,",624,1592,14849,3,弓弩;骑兵,田元:强弩兵x1484 | 印娴南:铁骑兵x792 | 龙齐语:铁骑兵x925,177,36
2464864,4级山贼,4,177,38,"很多资源,",163,425,,2,步兵,南门禹闻:民兵x1298 | 季展祥:近卫兵x344,177,36
2466589,10级山贼,10,177,39,"大批资源,有宝箱,一些宝物,",2113,5316,29441;1084,5,弓弩;战车,应绮嗣:弩骑兵x1897 | 后仙菱:重弩车x749 | 浦幻:弩骑兵x2162 | 厉鸥:投石车x1856 | 干益:弩车x234,177,36
2466632,7级山贼,7,177,42,"大批资源,有宝箱,",577,1559,,3,弓弩;步兵;骑兵,管晴:铁骑兵x784 | 慎唱:强弩兵x1430 | 台霁:轻步兵x1177,177,42
2464810,1级山贼,1,177,43,"一些资源,",41,113,,1,步兵,暴魂玥:民兵x157,177,42
2466169,9级山贼,9,177,45,"大批资源,有宝箱,有装备,",1457,3772,,4,战车;骑兵,庚忆:投石车x1223 | 叶儿焱:骁骑兵x963 | 沈霜如:轻骑兵x1793 | 农琛:轻骑兵x1621,177,42
2466983,8级山贼,8,177,46,"大批资源,有宝箱,",1053,2545,1069,4,战车,钟离怡圣:重弩车x336 | 傅朝赋:投石车x970 | 胥臣:重弩车x362 | 甘洁:重弩车x368,177,42
2464640,8级山贼,8,177,47,"大批资源,有宝箱,",1010,2454,1793;1069,4,战车;骑兵,华佩奕:轻骑兵x1103 | 柴懿:投石车x919 | 晁静:骁骑兵x805 | 贾怀:重弩车x327,177,42
2468514,5级山贼,5,177,48,"很多资源,",258,615,,2,弓弩,浦茵:强弩兵x735 | 冀单彦:强弩兵x872,177,48
2468303,5级山贼,5,177,49,"很多资源,",285,715,,2,弓弩;步兵,董畅寄:轻步兵x472 | 盛波禄:强弩兵x814,177,48
2465358,3级山贼,3,177,51,"许多资源,",154,340,,1,步兵,邱明:民兵x865,177,48
2469508,3级山贼,3,177,54,"许多资源,",156,326,,1,步兵,阮壤馨:民兵x853,177,54
2468070,3级山贼,3,177,55,"许多资源,",143,309,,1,步兵,李萍儿:民兵x886,177,54
2465106,1级山贼,1,178,0,"一些资源,",60,115,,1,步兵,夏黛:民兵x159,177,0
2469363,1级山贼,1,178,1,"一些资源,",54,127,,1,步兵,蒲琴:民兵x142,177,0
2466096,3级山贼,3,178,2,"很多资源,",155,385,1044,1,步兵,米喷念:民兵x800,177,0
2462951,6级山贼,6,178,4,"大量资源,",362,902,1059,3,弓弩;步兵,步天:轻步兵x773 | 乐波昶:轻步兵x784 | 钱驽云:弓兵x405,177,0
2463319,5级山贼,5,178,7,"很多资源,",289,750,,2,步兵,仲长琴喷:轻步兵x473 | 禄生:轻步兵x512,177,6
2469135,3级山贼,3,178,10,"许多资源,",158,338,,1,步兵,上官仁弘:民兵x886,177,6
2469370,1级山贼,1,178,11,"一些资源,有装备,",49,120,16777473,1,步兵,古艺:民兵x152,177,6
2468637,2级山贼,2,178,12,"许多资源,",80,297,,1,步兵,后弘:民兵x326,177,12
2469373,5级山贼,5,178,13,"大量资源,",269,799,,2,弓弩;骑兵,邬籁曦:铁骑兵x336 | 阙懏群:强弩兵x735,177,12
2465070,4级山贼,4,178,14,"很多资源,",176,466,,2,步兵,卢圣焱:重步兵x509 | 路识:重步兵x529,177,12
2469354,3级山贼,3,178,15,"很多资源,",157,390,,1,步兵,司徒年:民兵x780,177,12
2466812,7级山贼,7,178,17,"大批资源,一些宝物,",686,1400,1064;1056,3,弓弩;步兵;骑兵,东宇逸:轻步兵x1251 | 纪旋莫:铁骑兵x872 | 昝锖:强弩兵x1749,177,12
2463139,9级山贼,9,178,18,"大批资源,有宝箱,",1520,4389,1074,4,战车;骑兵,郗迎:骁骑兵x1011 | 束菱空:骁骑兵x988 | 霍齐映:重弩车x441 | 滕知:投石车x1222,177,18
2467101,4级山贼,4,178,19,"很多资源,",163,413,,2,步兵,冯莹鑫:重步兵x527 | 家天程:重步兵x500,177,18
2466159,5级山贼,5,178,20,"很多资源,",255,618,,2,步兵;骑兵,酆全荷:轻步兵x496 | 酆聪:铁骑兵x332,177,18
2463025,1级山贼,1,178,21,"一些资源,",42,113,1034,1,步兵,亓官莫:民兵x151,177,18
2463469,6级山贼,6,178,23,"大量资源,一些宝物,",303,811,4097,3,弓弩;骑兵,莫代凝:铁骑兵x602 | 能河松:强弩兵x1152 | 井初:强弩兵x1223,177,18
2464654,9级山贼,9,178,25,"大批资源,",1718,3988,1074,4,战车;骑兵,厍若:投石车x1220 | 冯曦玟:投石车x1305 | 戴奇北:投石车x1326 | 雷卫全:骁骑兵x1072,177,24
2468896,2级山贼,2,178,26,"许多资源,",86,295,1039,1,步兵,董珊绪:民兵x302,177,24
2469310,5级山贼,5,178,29,"很多资源,",289,630,,2,弓弩,萧恩:弓兵x212 | 钟可潇:强弩兵x850,177,24
2468727,6级山贼,6,178,32,"大量资源,有宝箱,",398,912,1059,3,弓弩;骑兵,鲍萱:铁骑兵x620 | 滑元:铁骑兵x542 | 束翼弘:强弩兵x1134,177,30
2466704,4级山贼,4,178,35,"很多资源,有装备,",174,465,16790017,2,步兵,牧桂全:近卫兵x365 | 钟离芸:重步兵x536,177,30
2469329,7级山贼,7,178,38,"大批资源,有宝箱,一些宝物,",603,1616,1064;1064,3,弓弩;骑兵,梅温:铁骑兵x933 | 郝菱锦:弓兵x573 | 宁宛惠:强弩兵x1701,177,36
2466304,5级山贼,5,178,39,"很多资源,",286,785,,2,步兵;骑兵,向菱:铁骑兵x329 | 巩萌舒:轻步兵x465,177,36
2469245,9级山贼,9,178,41,"大批资源,有装备,",1527,3761,,4,战车;骑兵,嵇晗:轻骑兵x1799 | 融鸾:重弩车x517 | 路颀林:重弩车x471 | 终问:骁骑兵x957,177,36
2468749,8级山贼,8,178,46,"大批资源,有宝箱,有装备,",969,2357,1793;1069,4,骑兵,解航茂:轻骑兵x1250 | 郑小:轻骑兵x1129 | 郦凡冰:骁骑兵x745 | 单于懋:轻骑兵x1276,177,42
2467903,1级山贼,1,178,47,"一些资源,",48,143,,1,步兵,范邪娥:民兵x139,177,42
2465264,2级山贼,2,178,48,"许多资源,",90,227,,1,步兵,别良赋:民兵x308,177,48
2468819,8级山贼,8,178,49,"大批资源,",924,2697,,4,战车;骑兵,韩秋:投石车x1076 | 台奇:骁骑兵x756 | 费夜:重弩车x346 | 皇甫卿笛:轻骑兵x1194,177,48
2468662,8级山贼,8,178,50,"大批资源,有宝箱,",933,2639,1069,4,战车;骑兵,虞蔚沛:投石车x963 | 聂勋:轻骑兵x1242 | 乜宛歌:骁骑兵x681 | 空吉虞:重弩车x323,177,48
2466276,5级山贼,5,178,53,"很多资源,有装备,",293,720,,2,步兵;骑兵,时青:轻步兵x489 | 常仙河:铁骑兵x345,177,48
2468696,6级山贼,6,178,54,"大量资源,有宝箱,一些宝物,",321,909,13569,3,步兵;骑兵,水丝:轻步兵x927 | 景益:铁骑兵x637 | 向沉:铁骑兵x658,177,54
2464753,5级山贼,5,179,9,"大量资源,",294,783,,2,弓弩;骑兵,须教儿:铁骑兵x348 | 贲翊:强弩兵x720,177,6
2467569,5级山贼,5,179,11,"很多资源,",292,650,,2,弓弩;步兵,禄嗣:弓兵x193 | 劳禄:轻步兵x506,177,6
2466825,7级山贼,7,179,12,"大批资源,",513,1530,1055,3,弓弩;骑兵,通采:弓兵x584 | 景玟蕾:铁骑兵x780 | 戚钧:弓兵x517,177,12
2467503,2级山贼,2,179,13,"许多资源,",99,216,,1,步兵,倪筠:民兵x325,177,12
2466643,2级山贼,2,179,19,"许多资源,",86,252,,1,步兵,毋怡:民兵x278,177,18
2463864,1级山贼,1,179,20,"一些资源,有装备,",51,136,16777985,1,步兵,井蕊:民兵x153,177,18
2469076,4级山贼,4,179,21,"很多资源,有宝箱,",154,488,13569,2,步兵,阮默穹:近卫兵x354 | 孙竹鲲:民兵x1275,177,18
2466742,7级山贼,7,179,22,"大批资源,",612,1552,,3,弓弩;步兵;骑兵,乌煦:强弩兵x1774 | 宦潍凡:轻步兵x1276 | 杨虹京:铁骑兵x915,177,18
2464366,4级山贼,4,179,26,"很多资源,",164,435,,2,步兵,饶福韵:重步兵x536 | 范楚夜:近卫兵x413,177,24
2467756,2级山贼,2,179,27,"许多资源,",99,205,,1,步兵,谢泓:民兵x307,177,24
2465540,7级山贼,7,179,30,"大批资源,有宝箱,有装备,",650,1502,1064;16790273,3,步兵;骑兵,冯沉:轻步兵x1180 | 那镘:铁骑兵x872 | 孔露烁:轻步兵x1233,177,30
2469648,8级山贼,8,179,31,"大批资源,有宝箱,一些宝物,",992,2313,,4,战车;骑兵,常丽沁:重弩车x370 | 太叔代栩:投石车x932 | 曲寻巧:重弩车x354 | 居松苑:轻骑兵x1273,177,30
2469094,1级山贼,1,179,36,"一些资源,",49,137,,1,步兵,冷存:民兵x151,177,36
2469673,7级山贼,7,179,43,"大批资源,有宝箱,",506,1470,13570,3,弓弩;骑兵,秋仙香:强弩兵x1661 | 萧心:铁骑兵x830 | 甘玉晴:铁骑兵x784,177,42
2463485,3级山贼,3,179,44,"很多资源,",142,391,,1,步兵,米瑾:民兵x890,177,42
2465860,10级山贼,10,179,48,"大批资源,有宝箱,有装备,一些宝物,",1964,4618,1793;1083;1084,5,弓弩;战车,薛项镘:弩骑兵x2083 | 訾禧君:弩骑兵x2071 | 祝童:弩骑兵x2147 | 宗正雅淑:重弩车x671 | 容基弼:重弩车x750,177,48
2464956,4级山贼,4,180,0,"很多资源,",164,423,,2,步兵,濮驹:重步兵x521 | 厉藉骥:重步兵x501,180,0
2463093,1级山贼,1,180,1,"一些资源,",56,128,,1,步兵,通茵:民兵x165,180,0
2466160,3级山贼,3,180,2,"许多资源,",140,318,,1,步兵,祁姮绮:民兵x780,180,0
2463297,7级山贼,7,180,3,"大批资源,有宝箱,",658,1567,14849,3,弓弩;骑兵,甘群烁:铁骑兵x933 | 仰冉游:铁骑兵x884 | 沈图略:强弩兵x1432,180,0
2463004,5级山贼,5,180,4,"很多资源,",264,800,,2,步兵;骑兵,厉潍:铁骑兵x338 | 奚懿尔:轻步兵x459,180,0
2464431,6级山贼,6,180,6,"大量资源,",356,858,1059,3,弓弩;骑兵,崔欣:铁骑兵x544 | 巢芹:铁骑兵x553 | 张菲:弓兵x401,180,6
2467082,6级山贼,6,180,7,"大量资源,",380,827,,3,步兵;骑兵,勾祥:铁骑兵x631 | 须河实:铁骑兵x654 | 史与:轻步兵x770,180,6
2463924,2级山贼,2,180,10,"许多资源,",85,245,,1,步兵,夏惠:民兵x281,180,6
2466060,5级山贼,5,180,11,"很多资源,",295,793,1054,2,弓弩;骑兵,欧阳勃颀:铁骑兵x378 | 籍魄伟:强弩兵x876,180,6
2468166,6级山贼,6,180,14,"大量资源,",378,907,,3,弓弩;步兵;骑兵,弘怡:强弩兵x1078 | 勾尝:铁骑兵x566 | 姚潇:轻步兵x825,180,12
2464423,6级山贼,6,180,15,"大量资源,一些宝物,",351,988,4097;1059,3,步兵;骑兵,卓达牙:轻步兵x775 | 桂路:轻步兵x866 | 公羊山姮:铁骑兵x557,180,12
2465950,5级山贼,5,180,16,"很多资源,",257,736,,2,弓弩;步兵,申屠容:轻步兵x467 | 欧阳丹:强弩兵x844,180,12
2467102,9级山贼,9,180,17,"大批资源,有宝箱,",1646,4321,1074,4,战车;骑兵,姜秀:轻骑兵x1606 | 许路:投石车x1222 | 蔺栩静:骁骑兵x927 | 申羽好:轻骑兵x1400,180,12
2465469,7级山贼,7,180,19,"大批资源,有宝箱,有装备,",593,1548,1064;1064,3,弓弩;步兵;骑兵,盛曦真:弓兵x535 | 窦贞桃:轻步兵x1152 | 寇爽:铁骑兵x788,180,18
2467601,8级山贼,8,180,20,"大批资源,有宝箱,",962,2642,1069,4,战车;骑兵,饶冷韦:投石车x995 | 项琴:投石车x906 | 瞿宇:骁骑兵x829 | 查实:轻骑兵x1238,180,18
2468345,5级山贼,5,180,21,"很多资源,",294,694,,2,弓弩;步兵,谭琦虹:强弩兵x734 | 皮向:轻步兵x463,180,18
2469369,9级山贼,9,180,22,"大批资源,有宝箱,",1634,3987,1067,4,战车;骑兵,储飇麟:轻骑兵x1404 | 吉潇:轻骑兵x1656 | 蒲齐:骁骑兵x1025 | 訾月:投石车x1344,180,18
2466680,6级山贼,6,180,23,"大量资源,有宝箱,",355,867,1059,3,骑兵,长孙叡:铁骑兵x573 | 齐雯映:铁骑兵x660 | 邴鸾惜:铁骑兵x614,180,18
2468783,8级山贼,8,180,24,"大批资源,有装备,",932,2661,1069;1066,4,战车;骑兵,羿靖卓:轻骑兵x1284 | 惠彬子:轻骑兵x1205 | 程定翰:重弩车x347 | 胡存薇:重弩车x373,180,24
2466832,2级山贼,2,180,25,"许多资源,",94,217,,1,步兵,路蔚:民兵x301,180,24
2469012,8级山贼,8,180,26,"大批资源,有装备,",1062,2585,1069,4,战车;骑兵,计与君:重弩车x366 | 马骞鑫:轻骑兵x1272 | 那彦雁:骁骑兵x686 | 寇琢:骁骑兵x822,180,24
2463646,10级山贼,10,180,27,"大批资源,有宝箱,有装备,",1869,4649,,5,战车;骑兵,费禄:重弩车x770 | 淳于越:骁骑兵x1785 | 郦简与:重弩车x721 | 傅瑾:弩车x238 | 昌叡:重弩车x813,180,24
2468559,8级山贼,8,180,29,"大批资源,",1062,2443,1059,4,战车;骑兵,伍绮:骁骑兵x816 | 台尔笑:轻骑兵x1142 | 夔谊:骁骑兵x722 | 米诗:重弩车x328,180,24
2467567,6级山贼,6,180,30,"大量资源,一些宝物,",301,999,4097;1059,3,弓弩;骑兵,廖广:强弩兵x1266 | 令狐晗:强弩兵x1157 | 巴喷如:铁骑兵x555,180,30
2470022,8级山贼,8,180,32,"大批资源,",1039,2271,1069,4,战车;骑兵,宋为竹:轻骑兵x1225 | 高歆鹏:重弩车x376 | 姜锦宾:骁骑兵x777 | 贾利:重弩车x363,180,30
2469426,7级山贼,7,180,34,"大批资源,有宝箱,",632,1677,,3,弓弩;步兵,刁诗夜:轻步兵x1155 | 卫宁:弓兵x541 | 詹栩旋:强弩兵x1491,180,30
2467485,4级山贼,4,180,36,"很多资源,",170,462,,2,步兵,麻程斯:近卫兵x418 | 戴倩:重步兵x487,177,36
2469543,2级山贼,2,180,37,"许多资源,",99,223,1039,1,步兵,倪言:民兵x328,177,36
2467059,8级山贼,8,180,39,"大批资源,有宝箱,",964,2626,,4,战车;骑兵,时斯旋:轻骑兵x1156 | 桑菡杉:投石车x1040 | 长孙载修:投石车x1067 | 怀薄:投石车x909,180,36
2469376,10级山贼,10,180,40,"大批资源,有宝箱,",1993,5090,,5,弓弩;战车;骑兵,桑彤:弩骑兵x1857 | 索北菱:弩车x236 | 养年鹂:骁骑兵x1922 | 常利馨:弩骑兵x2042 | 明书:投石车x2038,180,36
2466325,5级山贼,5,180,44,"很多资源,有宝箱,",265,668,,2,弓弩,芮童:强弩兵x829 | 周璧芹:强弩兵x761,180,42
2468439,5级山贼,5,180,45,"很多资源,",285,658,,2,弓弩,上官栩:弓兵x215 | 劳灵元:强弩兵x769,180,42
2463808,1级山贼,1,180,46,"一些资源,",60,125,,1,步兵,岑黛喷:民兵x151,180,42
2469988,4级山贼,4,180,49,"很多资源,",176,447,1049,2,步兵,曾平:重步兵x467 | 车明玥:近卫兵x385,180,48
2464878,4级山贼,4,180,52,"很多资源,",158,443,,2,步兵,咸颀琢:近卫兵x395 | 向溪:近卫兵x389,180,48
2465090,8级山贼,8,180,53,"大批资源,",1045,2665,1069,4,战车;骑兵,蔺炳与:重弩车x356 | 丛欣:骁骑兵x745 | 喻伟熙:投石车x955 | 邱若茵:轻骑兵x1170,180,48
2467840,9级山贼,9,180,55,"大批资源,有宝箱,一些宝物,",1748,4322,,4,战车;骑兵,丁奕:骁骑兵x977 | 耿楚:骁骑兵x912 | 郝温:重弩车x459 | 邓吟瑶:重弩车x485,180,54
2468374,3级山贼,3,181,1,"很多资源,",160,382,,1,步兵,傅湛:民兵x802,180,0
2468801,4级山贼,4,181,2,"很多资源,",156,418,,2,步兵,景化:重步兵x537 | 栾彤权:民兵x1121,180,0
2463226,5级山贼,5,181,6,"很多资源,",266,764,,2,步兵;骑兵,凌菲:铁骑兵x312 | 詹儿译:轻步兵x466,180,6
2467599,7级山贼,7,181,8,"大批资源,",640,1699,,3,步兵,花民:轻步兵x1117 | 王铃:轻步兵x1215 | 公羊修:轻步兵x1156,180,6
2463688,10级山贼,10,181,9,"大批资源,一些宝物,",1889,5334,3074,5,弓弩;战车;骑兵,空心:弩骑兵x1920 | 郗意:投石车x1928 | 宓虞菲:弩骑兵x2147 | 司徒蕊晶:骁骑兵x1927 | 訾柏巍:弩骑兵x1879,180,6
2465581,9级山贼,9,181,10,"大批资源,",1800,3665,1064,4,战车;骑兵,王堂和:骁骑兵x1037 | 薄艺:轻骑兵x1527 | 陆富:重弩车x490 | 郎槐葱:投石车x1370,180,6
2467709,9级山贼,9,181,11,"大批资源,有宝箱,一些宝物,",1467,3699,1074;1793,4,战车;骑兵,骆楠禧:轻骑兵x1735 | 路常颀:骁骑兵x1079 | 石南凌:投石车x1281 | 屠薇:重弩车x494,180,6
2467079,7级山贼,7,181,12,"大批资源,",526,1622,,3,步兵,璩逸冷:轻步兵x1167 | 丁栩懿:轻步兵x1239 | 曲晤鑫:轻步兵x1244,180,12
2464829,2级山贼,2,181,14,"许多资源,",90,287,,1,步兵,乌佩:民兵x316,180,12
2468720,7级山贼,7,181,15,"大批资源,有宝箱,",568,1593,,3,弓弩;步兵,淳于潇珠:强弩兵x1504 | 子车萌初:轻步兵x1260 | 殴绪旭:强弩兵x1403,180,12
2467521,2级山贼,2,181,16,"许多资源,",82,250,,1,步兵,郜项:民兵x307,180,12
2464488,8级山贼,8,181,17,"大批资源,有宝箱,有装备,",1077,2728,1069,4,战车;骑兵,司徒海:投石车x1041 | 吉佑鸾:轻骑兵x1254 | 成飇义:投石车x1068 | 戈听:轻骑兵x1282,180,12
2468450,1级山贼,1,181,21,"一些资源,",41,126,,1,步兵,阚存:民兵x136,180,18
2464983,10级山贼,10,181,22,"大批资源,",2146,4807,1084;1077;1084,5,弓弩;战车;骑兵,韩朋悟:投石车x2065 | 凤刚:骁骑兵x1935 | 曾我:骁骑兵x1876 | 殴实柳:弩车x248 | 韦淼:弩骑兵x2024,180,18
2469215,9级山贼,9,181,23,"大批资源,有宝箱,",1796,4374,,4,骑兵,公羊邪咏:骁骑兵x1091 | 巫马简楠:骁骑兵x1062 | 董华翼:轻骑兵x1502 | 关无:骁骑兵x938,180,18
2467192,2级山贼,2,181,24,"许多资源,",96,235,1039,1,步兵,艾烁醒:民兵x313,180,24
2466584,2级山贼,2,181,25,"许多资源,",85,262,,1,步兵,尚澜儿:民兵x285,180,24
2468854,10级山贼,10,181,27,"大批资源,有宝箱,一些宝物,",2018,5131,1084;1084,5,弓弩;战车;骑兵,耿含:弩骑兵x2165 | 苏栩琪:骁骑兵x1740 | 越唱:骁骑兵x1628 | 麻小:骁骑兵x1672 | 费心:重弩车x810,180,24
2468992,10级山贼,10,181,28,"大批资源,有宝箱,一些宝物,",2038,4548,1793,5,弓弩;战车,胡渊旻:投石车x1839 | 华茜玟:重弩车x744 | 贡冉轩:弩车x249 | 后墨:弩骑兵x2068 | 隆阳:弩骑兵x2175,180,24
2466220,1级山贼,1,181,29,"一些资源,",57,116,1034,1,步兵,曾程:民兵x144,180,24
2464839,1级山贼,1,181,30,"一些资源,",43,134,,1,步兵,须访周:民兵x152,180,30
2466366,5级山贼,5,181,31,"大量资源,",298,762,,2,弓弩;骑兵,宗正瑜:铁骑兵x377 | 路玥菱:弓兵x223,180,30
2463439,7级山贼,7,181,32,"大批资源,有装备,",541,1490,1064;16779521,3,弓弩;步兵,石鲲:强弩兵x1699 | 柳扬:轻步兵x1164 | 戚璐:强弩兵x1652,180,30
2466011,8级山贼,8,181,33,"大批资源,有宝箱,",947,2650,1793,4,骑兵,房山辐:轻骑兵x1292 | 滑沛:骁骑兵x735 | 仲长朝:骁骑兵x806 | 逄唱:轻骑兵x1114,180,30
2465286,4级山贼,4,181,34,"很多资源,",160,443,,2,步兵,樊双翊:近卫兵x386 | 党实:近卫兵x357,180,30
2466715,4级山贼,4,181,35,"很多资源,有宝箱,",165,436,13569,2,步兵,关景儒:民兵x1200 | 鞠栩:重步兵x531,180,30
2466250,3级山贼,3,181,36,"许多资源,",155,333,,1,步兵,孟嫒:民兵x823,180,36
2464503,8级山贼,8,181,37,"大批资源,",1089,2362,1069,4,骑兵,钱珊:骁骑兵x785 | 万剑澹:轻骑兵x1171 | 池雯:骁骑兵x766 | 乌拓卉:骁骑兵x751,180,36
2469156,5级山贼,5,181,38,"很多资源,有装备,",278,711,,2,弓弩;骑兵,解河仙:弓兵x225 | 通晨韫:铁骑兵x343,180,36
2464020,1级山贼,1,181,39,"一些资源,",53,143,,1,步兵,壤驷彩:民兵x162,180,36
2465905,10级山贼,10,181,40,"大批资源,有宝箱,一些宝物,",2113,4747,3074;1082,5,弓弩;战车,祝河杉:弩骑兵x1854 | 怀茜:重弩车x798 | 关慕觅:弩车x230 | 阮倪:弩车x232 | 东鲲:弩骑兵x1933,180,36
2469488,4级山贼,4,181,41,"很多资源,",167,457,1049,2,步兵,宰舟艺:重步兵x475 | 陶雯皓:民兵x1173,180,36
2467832,6级山贼,6,181,44,"大量资源,有宝箱,一些宝物,",302,915,4097,3,弓弩;步兵,郁晓彩:轻步兵x790 | 郑宕:弓兵x381 | 莘单:强弩兵x1264,180,42
2465562,8级山贼,8,181,45,"大批资源,有装备,一些宝物,",911,2719,1069,4,战车;骑兵,咸树信:重弩车x333 | 赖昶寒:投石车x1042 | 昌洋昂:轻骑兵x1250 | 吉潇:投石车x1013,180,42
2468343,5级山贼,5,181,46,"很多资源,",266,747,,2,骑兵,劳旎访:铁骑兵x349 | 简桂:铁骑兵x366,180,42
2466781,10级山贼,10,181,48,"大批资源,有宝箱,有装备,一些宝物,",2084,5313,16790529,5,弓弩;骑兵,宣歆:弩骑兵x2146 | 郦旻:骁骑兵x1950 | 闵炳齐:弩骑兵x2053 | 葛炎璨:骁骑兵x1670 | 阚葱露:弩骑兵x1999,180,48
2467771,3级山贼,3,181,51,"很多资源,",152,344,,1,步兵,武珠:民兵x855,180,48
2469686,4级山贼,4,181,52,"很多资源,一些宝物,",179,424,,2,步兵,米郝伟:重步兵x549 | 令狐悟乐:重步兵x480,180,48
2467732,4级山贼,4,181,54,"很多资源,",166,419,,2,步兵,农奕:近卫兵x359 | 郎正:重步兵x529,180,54
2465352,8级山贼,8,181,55,"大批资源,",977,2359,,4,战车;骑兵,史懿:重弩车x371 | 麻晗:轻骑兵x1219 | 满然:投石车x937 | 宣蔼:重弩车x359,180,54
2468788,3级山贼,3,182,0,"许多资源,有装备,",150,331,1044,1,步兵,景雯:民兵x838,180,0
2465555,10级山贼,10,182,1,"大批资源,有宝箱,一些宝物,",2082,5301,,5,弓弩;战车;骑兵,酆歌:弩骑兵x2041 | 卓彬:弩骑兵x2021 | 杭路:重弩车x806 | 关健:投石车x1878 | 郭莫贞:骁骑兵x1810,180,0
2463119,5级山贼,5,182,3,"很多资源,",258,659,,2,弓弩;步兵,慕容怡:轻步兵x492 | 亓官童醒:强弩兵x841,180,0
2465626,5级山贼,5,182,7,"大量资源,",285,731,,2,弓弩,韩醒惜:强弩兵x761 | 周洽顺:弓兵x212,180,6
2463127,8级山贼,8,182,8,"大批资源,",943,2423,1069,4,战车;骑兵,周艾真:骁骑兵x817 | 温蕾:轻骑兵x1260 | 苍奇土:骁骑兵x775 | 蔺瑜:重弩车x378,180,6
2469366,10级山贼,10,182,12,"大批资源,有宝箱,",1966,5001,1082,5,弓弩;战车;骑兵,漆雕采:弩车x226 | 黎鑫:重弩车x694 | 刘闰良:骁骑兵x1891 | 谈璧:弩骑兵x1931 | 乔孟:骁骑兵x1798,180,12
2466896,5级山贼,5,182,13,"大量资源,",256,786,,2,步兵,滕晋火:轻步兵x534 | 郎量:轻步兵x550,180,12
2468653,9级山贼,9,182,14,"大批资源,有宝箱,有装备,",1488,3761,1074;1793;16790273,4,战车;骑兵,卞艾吟:骁骑兵x1075 | 司祺:投石车x1283 | 司马茗:骁骑兵x1068 | 东实:轻骑兵x1504,180,12
2466975,6级山贼,6,182,15,"大量资源,有宝箱,",377,982,,3,弓弩;骑兵,阙超:弓兵x405 | 费静:强弩兵x1095 | 子车豇颜:铁骑兵x605,180,12
2468362,6级山贼,6,182,18,"大量资源,一些宝物,",394,961,1059,3,弓弩;步兵;骑兵,贡臣:铁骑兵x612 | 空益:强弩兵x1036 | 隆寻顺:轻步兵x902,180,18
2466200,1级山贼,1,182,19,"一些资源,",60,116,,1,步兵,公西昭哲:民兵x135,180,18
2464283,9级山贼,9,182,24,"大批资源,有宝箱,一些宝物,",1700,4171,3073,4,战车;骑兵,席禧单:重弩车x440 | 糜墨季:骁骑兵x1085 | 穆玉静:轻骑兵x1519 | 洪益羽:投石车x1281,180,24
2469395,8级山贼,8,182,36,"大批资源,有宝箱,一些宝物,",961,2253,1069;1793,4,战车;骑兵,侯存鸿:骁骑兵x810 | 祝觉朝:投石车x943 | 宿惬:重弩车x364 | 项华:投石车x1038,180,36
2469136,8级山贼,8,182,42,"大批资源,有宝箱,",1083,2315,1069,4,战车;骑兵,钭菱:投石车x1076 | 昌江程:轻骑兵x1140 | 郎翠:投石车x935 | 郏慈巧:骁骑兵x752,180,42
2468884,9级山贼,9,182,47,"大批资源,有宝箱,",1798,3990,1793,4,战车;骑兵,时婕:轻骑兵x1776 | 居雅:投石车x1399 | 时旋千:投石车x1372 | 相盼宾:轻骑兵x1485,180,42
2465302,7级山贼,7,183,0,"大批资源,有宝箱,有装备,",668,1594,,3,弓弩;步兵;骑兵,邵凝:强弩兵x1656 | 聂浦:轻步兵x1270 | 钮醉:铁骑兵x786,3,6
2463165,8级山贼,8,183,2,"大批资源,",1088,2252,1069;1069,4,骑兵,寿荫:轻骑兵x1196 | 卢实存:骁骑兵x731 | 越涉水:轻骑兵x1189 | 相里昂听:骁骑兵x790,3,6
2466526,10级山贼,10,183,3,"大批资源,有宝箱,一些宝物,",1902,4943,,5,弓弩;战车;骑兵,赫连幻辰:骁骑兵x1605 | 南门游智:弩骑兵x2004 | 景晔:投石车x2198 | 庄敏:弩骑兵x1998 | 韶卿:骁骑兵x1993,3,6
2463756,6级山贼,6,183,5,"大量资源,有宝箱,",383,930,,3,弓弩;骑兵,庄楠:强弩兵x1164 | 嵇心:铁骑兵x541 | 荀壤昕:弓兵x392,3,6
2469271,2级山贼,2,183,6,"许多资源,",87,202,,1,步兵,冉空:民兵x297,183,6
2463573,9级山贼,9,183,8,"大批资源,有装备,",1608,3618,,4,战车;骑兵,司寇祺山:重弩车x465 | 周益:骁骑兵x913 | 殳谊侠:投石车x1356 | 安艾家:轻骑兵x1778,183,6
2466720,10级山贼,10,183,9,"大批资源,有宝箱,一些宝物,",1901,4668,1074;3073,5,弓弩;战车,姚澄:弩骑兵x1811 | 昌周升:重弩车x748 | 桑皓:投石车x1920 | 曲兆晶:投石车x1909 | 巢旻:弩车x206,183,6
2463035,10级山贼,10,183,10,"大批资源,有宝箱,",2044,4505,1084;1084,5,弓弩;战车;骑兵,侯霁作:弩骑兵x1942 | 濮昶:投石车x2082 | 能析:骁骑兵x1897 | 车正亦:弩骑兵x2200 | 樊汉:重弩车x811,183,6
2467486,7级山贼,7,183,11,"大批资源,有装备,",511,1593,,3,弓弩;步兵,弓炳:强弩兵x1433 | 金彩问:弓兵x552 | 吕豇:轻步兵x1187,183,6
2463479,1级山贼,1,183,12,"一些资源,",47,105,,1,步兵,巫马茜慕:民兵x159,183,12
2467738,4级山贼,4,183,13,"很多资源,",171,413,,2,步兵,籍岚:近卫兵x387 | 储吉芹:近卫兵x348,183,12
2464160,4级山贼,4,183,14,"很多资源,",174,403,,2,步兵,单罡卿:民兵x1234 | 昌平茗:重步兵x547,183,12
2468425,8级山贼,8,183,15,"大批资源,有宝箱,一些宝物,",1030,2575,1793,4,战车;骑兵,黄颖若:骁骑兵x769 | 党义石:骁骑兵x741 | 弓山:投石车x968 | 唐春溪:重弩车x331,183,12
2467595,6级山贼,6,183,16,"大量资源,有宝箱,",332,839,14849,3,弓弩;步兵,殴爽璞:强弩兵x1074 | 安嫒常:轻步兵x836 | 伊祯:轻步兵x926,183,12
2463753,4级山贼,4,183,17,"很多资源,",168,496,,2,步兵,蓝义唱:近卫兵x391 | 寇颖升:近卫兵x353,183,12
2465019,2级山贼,2,183,19,"许多资源,",100,230,,1,步兵,李楠邃:民兵x300,183,18
2469280,9级山贼,9,183,20,"大批资源,有宝箱,",1706,3830,,4,战车;骑兵,席瑞:骁骑兵x1094 | 闻人友丹:投石车x1266 | 夔彤瑾:骁骑兵x1007 | 松我倩:轻骑兵x1782,183,18
2469615,5级山贼,5,183,22,"很多资源,有宝箱,一些宝物,",260,673,1054,2,步兵,公羊伯洁:轻步兵x489 | 巫马郁:轻步兵x536,183,18
2466954,2级山贼,2,183,23,"许多资源,",91,275,,1,步兵,朱邪荫:民兵x316,183,18
2465603,3级山贼,3,183,24,"许多资源,",143,370,,1,步兵,徐存:民兵x790,183,24
2464359,7级山贼,7,183,28,"大批资源,有宝箱,有装备,",563,1596,1057,3,弓弩;步兵;骑兵,别河:强弩兵x1574 | 祁怡:铁骑兵x937 | 慕容嫒洁:轻步兵x1198,183,24
2463424,2级山贼,2,183,29,"许多资源,",99,247,,1,步兵,翁臣章:民兵x295,183,24
2465330,7级山贼,7,183,32,"大批资源,有宝箱,",576,1486,1064,3,弓弩;骑兵,屠楚:弓兵x555 | 俞凡:强弩兵x1643 | 齐靖筠:铁骑兵x806,183,30
2465734,2级山贼,2,183,33,"许多资源,",97,256,1039,1,步兵,相里家:民兵x319,183,30
2467263,6级山贼,6,183,34,"大量资源,有宝箱,一些宝物,",396,815,,3,步兵;骑兵,红联锦:铁骑兵x590 | 却访煦:轻步兵x922 | 谢昶友:铁骑兵x617,183,30
2468767,2级山贼,2,183,35,"许多资源,",87,300,,1,步兵,酆颜尚:民兵x277,183,30
2464935,10级山贼,10,183,36,"大批资源,有宝箱,",2172,4505,1793;1084;1793,5,弓弩;战车,荆旻:弩骑兵x1912 | 孟清:投石车x1822 | 乐正荫籁:投石车x1984 | 曾颂龙:弩车x260 | 步勇:弩骑兵x2145,183,36
2464534,4级山贼,4,183,38,"很多资源,",170,406,,2,步兵,柯鹤:近卫兵x347 | 桂逸熙:民兵x1222,183,36
2464053,2级山贼,2,183,40,"许多资源,",96,232,1039,1,步兵,伍平豆:民兵x282,183,36
2467324,9级山贼,9,183,41,"大批资源,有宝箱,",1419,4065,1074,4,战车;骑兵,梁琪:重弩车x481 | 单于实:投石车x1398 | 宗政强夫:骁骑兵x929 | 奚瑞:骁骑兵x1056,183,36
2468920,5级山贼,5,183,42,"很多资源,",269,614,1054,2,弓弩,太叔问和:强弩兵x853 | 项硕邈:弓兵x204,180,42
2465239,6级山贼,6,183,43,"大量资源,一些宝物,",336,970,,3,弓弩;步兵,侯略醉:轻步兵x833 | 程煦:轻步兵x791 | 庚璧秀:强弩兵x1001,183,42
2468545,5级山贼,5,183,46,"很多资源,",299,674,,2,弓弩,车颜新:强弩兵x759 | 仲长年彤:强弩兵x843,183,42
2469349,7级山贼,7,183,48,"大批资源,有宝箱,",581,1441,1064;1064,3,弓弩;骑兵,勾聪许:铁骑兵x907 | 丁平:铁骑兵x920 | 冀灵:弓兵x530,183,48
2467555,4级山贼,4,183,50,"很多资源,",175,435,,2,步兵,麻薄:重步兵x507 | 胡侠:近卫兵x353,183,48
2465980,2级山贼,2,183,53,"许多资源,",91,228,,1,步兵,曾邈北:民兵x275,183,48
2469398,4级山贼,4,183,54,"很多资源,有装备,",154,442,1044,2,步兵,蔺金:民兵x1263 | 劳路致:民兵x1247,183,54
2465953,5级山贼,5,183,55,"很多资源,",261,694,,2,弓弩;骑兵,曲洲鑫:铁骑兵x328 | 微生春泽:强弩兵x874,183,54
2464889,1级山贼,1,184,0,"一些资源,",44,147,,1,步兵,慕容骄:民兵x146,3,6
2468917,6级山贼,6,184,2,"大量资源,有宝箱,",361,986,1059,3,步兵;骑兵,段熙:轻步兵x809 | 空槐吟:轻步兵x876 | 牛仁联:铁骑兵x544,3,6
2463572,5级山贼,5,184,4,"很多资源,",296,738,,2,弓弩;步兵,路秋寻:轻步兵x473 | 晁兆:弓兵x193,3,6
2468674,5级山贼,5,184,5,"很多资源,",278,640,,2,弓弩;骑兵,司空喆刚:强弩兵x850 | 伊均:铁骑兵x328,3,6
2464917,9级山贼,9,184,6,"大批资源,有宝箱,",1705,4382,,4,战车;骑兵,漆雕淼许:轻骑兵x1669 | 司空偲:重弩车x440 | 屠玉:轻骑兵x1595 | 戚访平:骁骑兵x991,183,6
2468840,7级山贼,7,184,7,"大批资源,",549,1505,,3,弓弩;骑兵,鲁初铃:强弩兵x1605 | 苏菱:铁骑兵x853 | 郦凡牙:强弩兵x1491,183,6
2466656,7级山贼,7,184,12,"大批资源,",528,1615,1064,3,弓弩,郏实:强弩兵x1733 | 唐群煜:强弩兵x1454 | 毛薄禹:强弩兵x1626,183,12
2463143,2级山贼,2,184,14,"许多资源,",100,296,,1,步兵,钱曼彤:民兵x294,183,12
2466920,7级山贼,7,184,15,"大批资源,有宝箱,有装备,一些宝物,",543,1691,13570;16779265,3,弓弩;骑兵,卢豆晓:强弩兵x1406 | 史皓开:弓兵x529 | 张举晟:铁骑兵x787,183,12
2466689,5级山贼,5,184,18,"很多资源,有宝箱,",256,755,13569,2,弓弩;步兵,别凡:轻步兵x516 | 冯豆识:强弩兵x844,183,18
2467876,10级山贼,10,184,24,"大批资源,有宝箱,一些宝物,",2046,5270,3073;29441;1075,5,弓弩;战车;骑兵,殴吉:弩车x204 | 吴福:弩骑兵x1993 | 吕阔:骁骑兵x1735 | 仇丰:骁骑兵x1993 | 米溥:骁骑兵x1848,183,24
2467329,8级山贼,8,184,27,"大批资源,",1064,2583,1069,4,战车;骑兵,韦旎:骁骑兵x776 | 戚寻晶:投石车x1048 | 单义鸥:投石车x946 | 高悌:轻骑兵x1226,183,24
2469250,3级山贼,3,184,29,"许多资源,有装备,",141,341,,1,步兵,厉熙腾:民兵x836,183,24
2463666,5级山贼,5,184,37,"大量资源,",290,666,,2,弓弩,尤鑫:强弩兵x796 | 庄凌慧:强弩兵x812,183,36
2466936,8级山贼,8,184,38,"大批资源,有宝箱,",1021,2326,,4,战车;骑兵,金紫:重弩车x377 | 唐璧年:骁骑兵x819 | 宇文楚拓:重弩车x348 | 颜惜:投石车x900,183,36
2467405,4级山贼,4,184,39,"很多资源,",162,436,,2,步兵,石映:近卫兵x365 | 滕郁:近卫兵x407,183,36
2464587,6级山贼,6,184,43,"大量资源,有宝箱,",355,851,,3,弓弩;步兵,阙吟晶:轻步兵x859 | 经清:强弩兵x1250 | 柯存楠:轻步兵x787,183,42
2466690,8级山贼,8,184,44,"大批资源,",991,2483,,4,战车;骑兵,艾彦:投石车x934 | 祁桃茗:轻骑兵x1217 | 凤薇:轻骑兵x1265 | 艾韵江:投石车x1030,183,42
2469894,7级山贼,7,184,46,"大批资源,有宝箱,",559,1516,,3,步兵;骑兵,郗家:铁骑兵x895 | 司佑珠:轻步兵x1100 | 欧阳莫:轻步兵x1138,183,42
2465520,7级山贼,7,184,47,"大批资源,",680,1668,,3,弓弩;步兵;骑兵,蒋武歌:轻步兵x1225 | 滕景:铁骑兵x778 | 魏松佑:弓兵x508,183,42
2466116,8级山贼,8,184,48,"大批资源,",1032,2616,1069,4,战车;骑兵,郑靖:骁骑兵x753 | 宣碧:骁骑兵x757 | 濮阳爽凡:骁骑兵x750 | 范赡:重弩车x321,183,48
2467117,5级山贼,5,184,49,"很多资源,",300,675,,2,弓弩;骑兵,洪祥:铁骑兵x310 | 许泽颜:弓兵x193,183,48
