handler,code_off,direct_read_count,direct_read_sequence,direct_parser_calls
Lo/a;->V8(J)V,0x24bcac,0,,
Lo/a;->U(Ljava/lang/String;)V,0x22f22c,3,0000:readLong(Ljava/lang/String;)J || 0008:readBoolean(Ljava/lang/String;)Z || 0014:readByte(Ljava/lang/String;)B,
LscriptPages/game/a0;->J([B)V,0x390cb0,1,000a:readByte(Ljava/lang/String;)B,0018:LscriptPages/game/a0;->N(I)V || 001e:LscriptPages/game/a0;->M(Ljava/lang/String;)V || 004c:LscriptPages/data/g;->q5(Ljava/lang/String; Ljava/lang/String; Ljava/lang/String; Z)V || 0060:LscriptPages/game/a0;->N(I)V || 0072:LscriptPages/game/a0;->N(I)V || 0080:LscriptPages/game/a0;->N(I)V || 0092:LscriptPages/game/a0;->N(I)V
LscriptPages/game/b0;->i1(Ljava/lang/String;)V,0x387ff4,17,0006:readByte(Ljava/lang/String;)B || 000e:readUTF(Ljava/lang/String;)Ljava/lang/String; || 0016:readLong(Ljava/lang/String;)J || 0038:readLong(Ljava/lang/String;)J || 0056:readByte(Ljava/lang/String;)B || 0064:readInt(Ljava/lang/String;)I || 0070:readInt(Ljava/lang/String;)I || 00b2:readLong(Ljava/lang/String;)J || 00c2:readShort(Ljava/lang/String;)S || 00d2:readUTF(Ljava/lang/String;)Ljava/lang/String; || 00e2:readByte(Ljava/lang/String;)B || 00f2:readUTF(Ljava/lang/String;)Ljava/lang/String; || 0102:readUTF(Ljava/lang/String;)Ljava/lang/String; || 0134:readLong(Ljava/lang/String;)J || 013c:readUTF(Ljava/lang/String;)Ljava/lang/String; || 014e:readByte(Ljava/lang/String;)B || 015c:readBoolean(Ljava/lang/String;)Z,0044:Lo/a;->U4()I || 0148:Lo/a;->U(Ljava/lang/String;)V || 0156:LscriptPages/PageMain;->pingshenSet(I)V || 0238:LscriptPages/game/b0;->I1(Ljava/lang/String; Ljava/lang/String; Ljava/lang/String; I I I I I Ljava/lang/String; Ljava/lang/String; [Ljava/lang/String; I Ljava/lang/String;)V || 0256:LscriptPages/game/b0;->J1(Ljava/lang/String; I I I)V || 0312:LscriptPages/game/b0;->I1(Ljava/lang/String; Ljava/lang/String; Ljava/lang/String; I I I I I Ljava/lang/String; Ljava/lang/String; [Ljava/lang/String; I Ljava/lang/String;)V || 0330:LscriptPages/game/b0;->J1(Ljava/lang/String; I I I)V || 0384:LscriptPages/game/b0;->w0(J J I Ljava/lang/String; Ljava/lang/String; B Ljava/lang/String; Ljava/lang/String;)V || 038a:LscriptPages/data/g;->E2(I)I || 039a:LscriptPages/game/b0;->o0()V || 03ec:LscriptPages/data/g;->I1(I Ljava/lang/String; [[Ljava/lang/String;)Ljava/lang/String; || 03f4:LscriptPages/game/r0;->d0(Ljava/lang/String;)V || 0420:LscriptPages/data/g;->I1(I Ljava/lang/String; [[Ljava/lang/String;)Ljava/lang/String; || 0428:LscriptPages/game/r0;->d0(Ljava/lang/String;)V || 0454:LscriptPages/data/g;->I1(I Ljava/lang/String; [[Ljava/lang/String;)Ljava/lang/String; || 045c:LscriptPages/game/r0;->d0(Ljava/lang/String;)V || 0462:LscriptPages/game/b0;->z0()V || 047c:LscriptPages/data/g;->E2(I)I || 0488:LscriptPages/game/b0;->a()V || 04a8:LscriptPages/game/b0;->W()V || 04b6:LscriptPages/game/b0;->z0()V || 04d2:LscriptPages/game/b0;->a0()V || 04dc:LscriptPages/game/r0;->d0(Ljava/lang/String;)V || 04f0:LscriptPages/game/b0;->a0()V || 04fa:LscriptPages/game/r0;->d0(Ljava/lang/String;)V || 050e:LscriptPages/data/g;->E2(I)I || 051e:LscriptPages/game/b0;->o0()V || 0538:LscriptPages/game/b0;->a0()V || 0542:LscriptPages/game/r0;->d0(Ljava/lang/String;)V || 054a:LscriptPages/game/b0;->z0()V || 056a:LscriptPages/data/g;->I1(I Ljava/lang/String; [[Ljava/lang/String;)Ljava/lang/String; || 0572:LscriptPages/game/r0;->d0(Ljava/lang/String;)V
LscriptPages/game/a0;->S([B)V,0x3919a8,61,000a:readByte(Ljava/lang/String;)B || 0016:readByte(Ljava/lang/String;)B || 0062:readLong(Ljava/lang/String;)J || 00aa:readInt(Ljava/lang/String;)I || 00cc:readLong(Ljava/lang/String;)J || 00dc:readInt(Ljava/lang/String;)I || 0100:readInt(Ljava/lang/String;)I || 012e:readShort(Ljava/lang/String;)S || 0136:readShort(Ljava/lang/String;)S || 013e:readUTF(Ljava/lang/String;)Ljava/lang/String; || 0146:readUTF(Ljava/lang/String;)Ljava/lang/String; || 0174:readInt(Ljava/lang/String;)I || 019a:readShort(Ljava/lang/String;)S || 01a2:readInt(Ljava/lang/String;)I || 01aa:readInt(Ljava/lang/String;)I || 01d4:readLong(Ljava/lang/String;)J || 01da:readLong(Ljava/lang/String;)J || 01e6:readLong(Ljava/lang/String;)J || 01f2:readLong(Ljava/lang/String;)J || 01fc:readUTF(Ljava/lang/String;)Ljava/lang/String; || 0212:readByte(Ljava/lang/String;)B || 021a:readBoolean(Ljava/lang/String;)Z || 0240:readByte(Ljava/lang/String;)B || 0256:readShort(Ljava/lang/String;)S || 025e:readByte(Ljava/lang/String;)B || 027e:readInt(Ljava/lang/String;)I || 0290:readInt(Ljava/lang/String;)I || 0296:readInt(Ljava/lang/String;)I || 02a2:readInt(Ljava/lang/String;)I || 02ae:readInt(Ljava/lang/String;)I || 02ba:readInt(Ljava/lang/String;)I || 02c6:readShort(Ljava/lang/String;)S || 02cc:readInt(Ljava/lang/String;)I || 02d8:readShort(Ljava/lang/String;)S || 02e4:readShort(Ljava/lang/String;)S || 02f0:readShort(Ljava/lang/String;)S || 02fc:readInt(Ljava/lang/String;)I || 0302:readByte(Ljava/lang/String;)B || 031c:readInt(Ljava/lang/String;)I || 032e:readByte(Ljava/lang/String;)B || 033c:readShort(Ljava/lang/String;)S || 0348:readByte(Ljava/lang/String;)B || 036e:readByte(Ljava/lang/String;)B || 0376:readByte(Ljava/lang/String;)B || 037e:readShort(Ljava/lang/String;)S || 03a8:readInt(Ljava/lang/String;)I || 03b0:readShort(Ljava/lang/String;)S || 03b6:readShort(Ljava/lang/String;)S || 03bc:readShort(Ljava/lang/String;)S || 03c2:readShort(Ljava/lang/String;)S || 03d4:readByte(Ljava/lang/String;)B || 03ea:readBoolean(Ljava/lang/String;)Z || 0402:readBoolean(Ljava/lang/String;)Z || 040e:readBoolean(Ljava/lang/String;)Z || 0418:readByte(Ljava/lang/String;)B || 0426:readBoolean(Ljava/lang/String;)Z || 0432:readInt(Ljava/lang/String;)I || 044a:readShort(Ljava/lang/String;)S || 0452:readUTF(Ljava/lang/String;)Ljava/lang/String; || 045a:readUTF(Ljava/lang/String;)Ljava/lang/String; || 0474:readBoolean(Ljava/lang/String;)Z,004e:LscriptPages/data/g;->q5(Ljava/lang/String; Ljava/lang/String; Ljava/lang/String; Z)V || 005c:LscriptPages/data/g;->c3()V || 006a:LscriptPages/PageMain;->setCurTime(J)V || 00fa:LscriptPages/data/i;->y(Ljava/lang/String;)V || 03ce:Lo/a;->W(Ljava/lang/String;)V || 0420:LscriptPages/PageMain;->pingshenSet(I)V || 0480:Lo/a;->M6()V
LscriptPages/game/a0;->B0(Ljava/lang/String;)V,0x393eb0,1,0000:readByte(Ljava/lang/String;)B,0028:LscriptPages/data/g;->C0()Ljava/lang/String; || 0030:LscriptPages/game/b0;->P0(Ljava/lang/String; Ljava/lang/String; Ljava/lang/String;)V || 003e:LscriptPages/data/g;->I1(I Ljava/lang/String; [[Ljava/lang/String;)Ljava/lang/String; || 0046:LscriptPages/game/r0;->c0(Ljava/lang/String;)V || 004e:LscriptPages/game/b0;->W()V || 0054:LscriptPages/data/g;->I1(I Ljava/lang/String; [[Ljava/lang/String;)Ljava/lang/String; || 005c:LscriptPages/game/r0;->d0(Ljava/lang/String;)V || 0070:LscriptPages/game/a0;->w()V || 0076:LscriptPages/data/g;->I1(I Ljava/lang/String; [[Ljava/lang/String;)Ljava/lang/String; || 007e:LscriptPages/game/r0;->d0(Ljava/lang/String;)V
LscriptPages/data/g;->G0()B,0x2648b4,0,,
LscriptPages/game/b0;->E0([B)V,0x38355c,2,000a:readByte(Ljava/lang/String;)B || 0012:readUTF(Ljava/lang/String;)Ljava/lang/String;,0028:LscriptPages/data/g;->I1(I Ljava/lang/String; [[Ljava/lang/String;)Ljava/lang/String; || 0030:LscriptPages/game/r0;->c0(Ljava/lang/String;)V || 005e:LscriptPages/data/g;->I1(I Ljava/lang/String; [[Ljava/lang/String;)Ljava/lang/String; || 0066:LscriptPages/game/r0;->d0(Ljava/lang/String;)V || 007c:LscriptPages/data/g;->I1(I Ljava/lang/String; [[Ljava/lang/String;)Ljava/lang/String; || 0084:LscriptPages/game/r0;->d0(Ljava/lang/String;)V || 0096:LscriptPages/game/r0;->d0(Ljava/lang/String;)V || 00ac:LscriptPages/data/g;->I1(I Ljava/lang/String; [[Ljava/lang/String;)Ljava/lang/String; || 00b4:LscriptPages/game/r0;->d0(Ljava/lang/String;)V || 00bc:LscriptPages/game/r0;->d0(Ljava/lang/String;)V
LscriptPages/game/a0;->R([B)V,0x391918,2,000a:readByte(Ljava/lang/String;)B || 0012:readUTF(Ljava/lang/String;)Ljava/lang/String;,0020:LscriptPages/game/a0;->N(I)V || 0032:LscriptPages/game/a0;->N(I)V || 0044:LscriptPages/game/a0;->N(I)V || 0056:LscriptPages/game/a0;->N(I)V || 0068:LscriptPages/game/a0;->N(I)V || 0070:LscriptPages/game/a0;->N(I)V
LscriptPages/game/b0;->N0(Ljava/lang/String;)V,0x383dcc,2,0006:readByte(Ljava/lang/String;)B || 000e:readUTF(Ljava/lang/String;)Ljava/lang/String;,0054:LscriptPages/game/b0;->L()[B || 005c:Lo/a;->d0(S [B)Z || 006c:LscriptPages/data/g;->I1(I Ljava/lang/String; [[Ljava/lang/String;)Ljava/lang/String; || 0074:LscriptPages/game/r0;->c0(Ljava/lang/String;)V || 008a:LscriptPages/game/a0;->o0(Ljava/lang/String;)V || 00a4:Lo/a;->q()Ljava/lang/String; || 00aa:LscriptPages/data/g;->C0()Ljava/lang/String; || 00b0:Lo/a;->e2()Ljava/lang/String; || 00b6:Lo/a;->U4()I || 00c2:LscriptPages/game/r0;->d0(Ljava/lang/String;)V || 00ce:LscriptPages/game/r0;->d0(Ljava/lang/String;)V || 00e6:LscriptPages/game/a0;->o0(Ljava/lang/String;)V
LscriptPages/game/s0;->y([B)V,0x40ec54,0,,000a:LscriptPages/PageMain;->getCurTime()J || 0012:LscriptPages/data/g;->u(J)V || 0018:LscriptPages/PageMain;->getStatus()I || 004c:LscriptPages/PageMain;->setStatus(I)V || 0052:LscriptPages/game/s0;->C()V || 0058:LscriptPages/game/a0;->m0()V || 0062:LscriptPages/PageMain;->getStatus()I || 0072:LscriptPages/game/b0;->k()V || 0080:LscriptPages/game/s0;->M()V || 0086:LscriptPages/game/i;->m()V || 00a8:Lo/a;->a3(I)J || 00b4:Lo/a;->s2()[J || 00c2:Lo/a;->a3(I)J || 00ca:LscriptPages/game/s0;->t(I J)I || 00d6:LscriptPages/game/q;->m(I)V || 00e0:LscriptPages/game/a0;->m0()V || 00f0:LscriptPages/PageMain;->setStatus(I)V || 00f6:LscriptPages/game/s0;->C()V || 0166:LscriptPages/data/g;->C3()V || 0170:LscriptPages/game/i;->m()V || 0190:LscriptPages/game/s0;->E()V || 0196:LscriptPages/game/s0;->I()V || 019c:LscriptPages/game/s0;->O()V || 01a2:LscriptPages/game/s0;->J()V || 01aa:LscriptPages/game/s0;->C()V || 01b8:Lo/a;->M6()V || 01ca:LscriptPages/game/i;->I(I)V
LscriptPages/data/c;->j(Ljava/lang/String;)V,0x261e5c,21,0000:readLong(Ljava/lang/String;)J || 000c:readUTF(Ljava/lang/String;)Ljava/lang/String; || 0018:readInt(Ljava/lang/String;)I || 0024:readUTF(Ljava/lang/String;)Ljava/lang/String; || 0030:readInt(Ljava/lang/String;)I || 003c:readLong(Ljava/lang/String;)J || 0048:readLong(Ljava/lang/String;)J || 0054:readInt(Ljava/lang/String;)I || 0060:readLong(Ljava/lang/String;)J || 006c:readLong(Ljava/lang/String;)J || 0078:readShort(Ljava/lang/String;)S || 0084:readShort(Ljava/lang/String;)S || 0090:readShort(Ljava/lang/String;)S || 009c:readShort(Ljava/lang/String;)S || 00a8:readUTF(Ljava/lang/String;)Ljava/lang/String; || 00b4:readUTF(Ljava/lang/String;)Ljava/lang/String; || 00c0:readLong(Ljava/lang/String;)J || 00cc:readUTF(Ljava/lang/String;)Ljava/lang/String; || 00d8:readLong(Ljava/lang/String;)J || 00e4:readUTF(Ljava/lang/String;)Ljava/lang/String; || 00f0:readLong(Ljava/lang/String;)J,
LscriptPages/game/b0;->L0(Ljava/lang/String; I)V,0x383bb4,14,007a:readUTF(Ljava/lang/String;)Ljava/lang/String; || 0082:readUTF(Ljava/lang/String;)Ljava/lang/String; || 00c6:readUTF(Ljava/lang/String;)Ljava/lang/String; || 00d6:readUTF(Ljava/lang/String;)Ljava/lang/String; || 00e6:readUTF(Ljava/lang/String;)Ljava/lang/String; || 00f6:readInt(Ljava/lang/String;)I || 0106:readInt(Ljava/lang/String;)I || 0116:readShort(Ljava/lang/String;)S || 0126:readShort(Ljava/lang/String;)S || 0136:readInt(Ljava/lang/String;)I || 0146:readLong(Ljava/lang/String;)J || 0152:readLong(Ljava/lang/String;)J || 0158:readInt(Ljava/lang/String;)I || 015e:readLong(Ljava/lang/String;)J,0174:LscriptPages/data/g;->I1(I Ljava/lang/String; [[Ljava/lang/String;)Ljava/lang/String; || 017c:LscriptPages/game/r0;->d0(Ljava/lang/String;)V
LscriptPages/game/n;->H1(Ljava/lang/String; I)V,0x2ebd24,14,0000:readUTF(Ljava/lang/String;)Ljava/lang/String; || 000c:readUTF(Ljava/lang/String;)Ljava/lang/String; || 0018:readUTF(Ljava/lang/String;)Ljava/lang/String; || 0024:readUTF(Ljava/lang/String;)Ljava/lang/String; || 0030:readUTF(Ljava/lang/String;)Ljava/lang/String; || 003c:readInt(Ljava/lang/String;)I || 0048:readInt(Ljava/lang/String;)I || 0054:readShort(Ljava/lang/String;)S || 0060:readShort(Ljava/lang/String;)S || 006c:readInt(Ljava/lang/String;)I || 0078:readLong(Ljava/lang/String;)J || 0084:readLong(Ljava/lang/String;)J || 008a:readInt(Ljava/lang/String;)I || 0096:readLong(Ljava/lang/String;)J,00aa:LscriptPages/game/a0;->D()V || 00c0:LscriptPages/game/n;->d0(J)V || 00d6:LscriptPages/game/n;->d0(J)V || 00ec:LscriptPages/game/n;->d0(J)V || 011c:LscriptPages/game/n;->d0(J)V || 012c:LscriptPages/game/n;->d0(J)V || 0144:LscriptPages/data/g;->I1(I Ljava/lang/String; [[Ljava/lang/String;)Ljava/lang/String; || 014c:LscriptPages/game/r0;->d0(Ljava/lang/String;)V
LscriptPages/game/n;->M0(Ljava/lang/String;)V,0x2e999c,3,0000:readByte(Ljava/lang/String;)B || 0008:readUTF(Ljava/lang/String;)Ljava/lang/String; || 0010:readLong(Ljava/lang/String;)J,002e:LscriptPages/data/g;->D0()Ljava/lang/String; || 0046:LscriptPages/data/g;->D0()Ljava/lang/String; || 005e:LscriptPages/data/g;->D0()Ljava/lang/String; || 007a:LscriptPages/game/n;->G1(J Ljava/lang/String; I)V || 0080:LscriptPages/data/i;->a()V || 0092:Lo/a;->d0(S [B)Z || 00a4:LscriptPages/data/g;->I1(I Ljava/lang/String; [[Ljava/lang/String;)Ljava/lang/String; || 00ac:LscriptPages/game/r0;->c0(Ljava/lang/String;)V || 00ba:LscriptPages/game/a0;->u()V || 00c2:LscriptPages/PageMain;->setStatus(I)V || 00ca:LscriptPages/game/b0;->U()V || 00d4:LscriptPages/PageMain;->setStatus(I)V || 00dc:LscriptPages/game/r0;->a0(Ljava/lang/String; I)V
LscriptPages/game/b0;->D0(Ljava/lang/String;)V,0x3834fc,2,0006:readByte(Ljava/lang/String;)B || 000e:readUTF(Ljava/lang/String;)Ljava/lang/String;,001e:LscriptPages/game/b0;->L()[B || 0026:Lo/a;->d0(S [B)Z || 0036:LscriptPages/data/g;->I1(I Ljava/lang/String; [[Ljava/lang/String;)Ljava/lang/String; || 003e:LscriptPages/game/r0;->c0(Ljava/lang/String;)V || 0046:LscriptPages/game/r0;->d0(Ljava/lang/String;)V
LscriptPages/game/a0;->Q(Ljava/lang/String;)V,0x3918b4,2,0000:readByte(Ljava/lang/String;)B || 0008:readUTF(Ljava/lang/String;)Ljava/lang/String;,0038:Lo/a;->d0(S [B)Z || 0040:LscriptPages/game/a0;->N(I)V || 004c:LscriptPages/game/a0;->N(I)V
LscriptPages/game/n;->u2(Ljava/lang/String;)V,0x2ed6a0,11,000c:readByte(Ljava/lang/String;)B || 001c:readInt(Ljava/lang/String;)I || 0022:readLong(Ljava/lang/String;)J || 0028:readLong(Ljava/lang/String;)J || 002e:readShort(Ljava/lang/String;)S || 0036:readShort(Ljava/lang/String;)S || 003c:readShort(Ljava/lang/String;)S || 0042:readShort(Ljava/lang/String;)S || 004c:readLong(Ljava/lang/String;)J || 0058:readInt(Ljava/lang/String;)I || 0072:readLong(Ljava/lang/String;)J,
LscriptPages/game/s0;->b([B)V,0x40b000,0,,
LscriptPages/game/s0;->R(Ljava/lang/String;)V,0x40ff68,3,0000:readByte(Ljava/lang/String;)B || 0008:readInt(Ljava/lang/String;)I || 0010:readInt(Ljava/lang/String;)I,0026:LscriptPages/game/s0;->Q(I)V || 0060:LscriptPages/game/s0;->D(I I)V
LscriptPages/game/s0;->S(Ljava/lang/String;)V,0x40ffe0,32,0000:readShort(Ljava/lang/String;)S || 0036:readShort(Ljava/lang/String;)S || 003e:readShort(Ljava/lang/String;)S || 008c:readShort(Ljava/lang/String;)S || 00a0:readLong(Ljava/lang/String;)J || 00a8:readShort(Ljava/lang/String;)S || 00b4:readShort(Ljava/lang/String;)S || 00c0:readByte(Ljava/lang/String;)B || 00ea:readByte(Ljava/lang/String;)B || 0102:readUTF(Ljava/lang/String;)Ljava/lang/String; || 010a:readByte(Ljava/lang/String;)B || 0112:readByte(Ljava/lang/String;)B || 011a:readByte(Ljava/lang/String;)B || 0122:readByte(Ljava/lang/String;)B || 012a:readUTF(Ljava/lang/String;)Ljava/lang/String; || 0142:readByte(Ljava/lang/String;)B || 014e:readUTF(Ljava/lang/String;)Ljava/lang/String; || 0156:readUTF(Ljava/lang/String;)Ljava/lang/String; || 0162:readInt(Ljava/lang/String;)I || 016e:readInt(Ljava/lang/String;)I || 017a:readInt(Ljava/lang/String;)I || 0190:readShort(Ljava/lang/String;)S || 019c:readShort(Ljava/lang/String;)S || 01b4:readInt(Ljava/lang/String;)I || 01c0:readInt(Ljava/lang/String;)I || 01d0:readInt(Ljava/lang/String;)I || 01dc:readInt(Ljava/lang/String;)I || 01e8:readInt(Ljava/lang/String;)I || 01ee:readInt(Ljava/lang/String;)I || 01f4:readShort(Ljava/lang/String;)S || 01fc:readLong(Ljava/lang/String;)J || 0204:readByte(Ljava/lang/String;)B,02c2:LscriptPages/data/b;->l(J)I || 02d4:LscriptPages/data/b;->l(J)I || 02ec:LscriptPages/data/b;->l(J)I
LscriptPages/game/a0;->a0(Ljava/lang/String;)V,0x392408,8,0000:readByte(Ljava/lang/String;)B || 0012:readByte(Ljava/lang/String;)B || 0054:readLong(Ljava/lang/String;)J || 0064:readUTF(Ljava/lang/String;)Ljava/lang/String; || 0074:readShort(Ljava/lang/String;)S || 0084:readByte(Ljava/lang/String;)B || 0094:readUTF(Ljava/lang/String;)Ljava/lang/String; || 00a4:readUTF(Ljava/lang/String;)Ljava/lang/String;,00b6:LscriptPages/game/a0;->A()V || 00d0:LscriptPages/data/g;->I1(I Ljava/lang/String; [[Ljava/lang/String;)Ljava/lang/String; || 00d8:LscriptPages/game/r0;->d0(Ljava/lang/String;)V
LscriptPages/game/a0;->s0(Ljava/lang/String;)V,0x392e98,2,0000:readByte(Ljava/lang/String;)B || 0008:readUTF(Ljava/lang/String;)Ljava/lang/String;,0034:LscriptPages/data/g;->C0()Ljava/lang/String; || 003c:LscriptPages/game/b0;->P0(Ljava/lang/String; Ljava/lang/String; Ljava/lang/String;)V || 0066:LscriptPages/data/g;->I1(I Ljava/lang/String; [[Ljava/lang/String;)Ljava/lang/String; || 007c:LscriptPages/game/r0;->c0(Ljava/lang/String;)V || 0084:LscriptPages/game/r0;->d0(Ljava/lang/String;)V || 009a:LscriptPages/game/r0;->d0(Ljava/lang/String;)V
LscriptPages/game/p0;->E(Ljava/lang/String;)V,0x3de020,2,0012:readByte(Ljava/lang/String;)B || 0034:readUTF(Ljava/lang/String;)Ljava/lang/String;,005a:LscriptPages/game/p0;->B(Ljava/lang/String; S Ljava/lang/String; I)V || 0076:LscriptPages/game/p0;->B(Ljava/lang/String; S Ljava/lang/String; I)V || 009e:LscriptPages/game/p0;->B(Ljava/lang/String; S Ljava/lang/String; I)V || 00c2:LscriptPages/game/p0;->B(Ljava/lang/String; S Ljava/lang/String; I)V || 00f2:LscriptPages/game/p0;->B(Ljava/lang/String; S Ljava/lang/String; I)V || 0114:LscriptPages/game/p0;->B(Ljava/lang/String; S Ljava/lang/String; I)V || 0136:LscriptPages/game/p0;->B(Ljava/lang/String; S Ljava/lang/String; I)V || 0150:LscriptPages/game/p0;->B(Ljava/lang/String; S Ljava/lang/String; I)V || 016e:LscriptPages/game/p0;->B(Ljava/lang/String; S Ljava/lang/String; I)V || 0186:LscriptPages/game/w;->J(I)V || 019e:LscriptPages/game/w;->y(I)V || 01b4:LscriptPages/game/w;->H(I)V || 01d6:LscriptPages/game/p0;->B(Ljava/lang/String; S Ljava/lang/String; I)V || 01f2:LscriptPages/game/p0;->B(Ljava/lang/String; S Ljava/lang/String; I)V || 0212:LscriptPages/game/p0;->B(Ljava/lang/String; S Ljava/lang/String; I)V || 022e:LscriptPages/game/p0;->B(Ljava/lang/String; S Ljava/lang/String; I)V || 024a:LscriptPages/game/p0;->B(Ljava/lang/String; S Ljava/lang/String; I)V || 0272:LscriptPages/game/p0;->B(Ljava/lang/String; S Ljava/lang/String; I)V || 028a:LscriptPages/game/w;->H(I)V || 029a:LscriptPages/data/g;->I1(I Ljava/lang/String; [[Ljava/lang/String;)Ljava/lang/String; || 02a2:LscriptPages/game/r0;->d0(Ljava/lang/String;)V
LscriptPages/data/i;->z(Ljava/lang/String;)V,0x28c230,8,0000:readLong(Ljava/lang/String;)J || 000c:readLong(Ljava/lang/String;)J || 0018:readInt(Ljava/lang/String;)I || 0024:readInt(Ljava/lang/String;)I || 0030:readLong(Ljava/lang/String;)J || 003c:readLong(Ljava/lang/String;)J || 0048:readLong(Ljava/lang/String;)J || 0054:readLong(Ljava/lang/String;)J,
LscriptPages/data/g;->f4(Ljava/lang/String;)V,0x28736c,8,0006:readUTF(Ljava/lang/String;)Ljava/lang/String; || 0012:readByte(Ljava/lang/String;)B || 002c:readShort(Ljava/lang/String;)S || 003e:readByte(Ljava/lang/String;)B || 0058:readLong(Ljava/lang/String;)J || 006a:readByte(Ljava/lang/String;)B || 008c:readUTF(Ljava/lang/String;)Ljava/lang/String; || 009c:readUTF(Ljava/lang/String;)Ljava/lang/String;,00cc:LscriptPages/PageMain;->setStatus(I)V || 01c8:LscriptPages/game/r0;->F(I)I || 024a:LscriptPages/game/r0;->F(I)I || 02a0:LscriptPages/game/b;->b(I I I I)I || 02d0:LscriptPages/data/f;->C(I I I I)I || 02f8:LscriptPages/game/b;->B(I I I I)I || 030a:LscriptPages/data/f;->C(I I I I)I || 0342:LscriptPages/data/f;->C(I I I I)I || 035c:LscriptPages/data/g;->n2()V
LscriptPages/game/a0;->g0(Ljava/lang/String;)V,0x392754,1,0000:readByte(Ljava/lang/String;)B,0016:LscriptPages/data/g;->I1(I Ljava/lang/String; [[Ljava/lang/String;)Ljava/lang/String; || 001e:LscriptPages/game/r0;->d0(Ljava/lang/String;)V || 0050:LscriptPages/data/g;->I1(I Ljava/lang/String; [[Ljava/lang/String;)Ljava/lang/String; || 0058:LscriptPages/game/r0;->b0(Ljava/lang/String; [S [Ljava/lang/String;)V
LscriptPages/game/b0;->O0(Ljava/lang/String;)V,0x383ecc,1,0000:readByte(Ljava/lang/String;)B,0010:LscriptPages/PageMain;->setStatus(I)V || 0016:LscriptPages/game/b0;->U()V
LscriptPages/game/q;->m1(Ljava/lang/String;)V,0x328478,6,0000:readShort(Ljava/lang/String;)S || 0006:readByte(Ljava/lang/String;)B || 003a:readLong(Ljava/lang/String;)J || 004a:readInt(Ljava/lang/String;)I || 005a:readShort(Ljava/lang/String;)S || 006a:readShort(Ljava/lang/String;)S,0112:LscriptPages/data/g;->I1(I Ljava/lang/String; [[Ljava/lang/String;)Ljava/lang/String; || 011a:LscriptPages/game/r0;->Z(Ljava/lang/String; I)V || 012c:LscriptPages/game/q0;->n(Ljava/lang/String; Z)V || 0140:LscriptPages/game/r0;->G(I)I || 0158:Lo/a;->s6(Ljava/lang/String; I I I Ljava/lang/String; I)I || 017c:LscriptPages/game/b;->j(I Ljava/lang/String; I I I Ljava/lang/String; Ljava/lang/String;)I || 019e:LscriptPages/game/r0;->G(I)I || 01ac:LscriptPages/game/q0;->l(Ljava/lang/String; Ljava/lang/String; I I)V || 01c6:LscriptPages/game/q0;->l(Ljava/lang/String; Ljava/lang/String; I I)V || 01f6:LscriptPages/game/i;->t(I)V || 0200:LscriptPages/game/q;->u0()V || 0206:LscriptPages/game/q;->v0()V
LscriptPages/game/f0;->k(Ljava/lang/String;)V,0x39de58,17,003c:readByte(Ljava/lang/String;)B || 0052:readShort(Ljava/lang/String;)S || 005e:readShort(Ljava/lang/String;)S || 0096:readByte(Ljava/lang/String;)B || 00d0:readLong(Ljava/lang/String;)J || 00e0:readShort(Ljava/lang/String;)S || 00f0:readInt(Ljava/lang/String;)I || 0100:readShort(Ljava/lang/String;)S || 0110:readShort(Ljava/lang/String;)S || 015e:readShort(Ljava/lang/String;)S || 016a:readShort(Ljava/lang/String;)S || 017a:readByte(Ljava/lang/String;)B || 01cc:readLong(Ljava/lang/String;)J || 01e0:readShort(Ljava/lang/String;)S || 01f4:readInt(Ljava/lang/String;)I || 0208:readShort(Ljava/lang/String;)S || 021c:readShort(Ljava/lang/String;)S,029c:LscriptPages/game/f0;->d()V || 02a8:LscriptPages/game/f0;->g()V || 02b4:LscriptPages/game/f0;->c()V || 02c0:LscriptPages/game/f0;->f()V || 02cc:LscriptPages/game/f0;->h()V || 02d8:LscriptPages/game/f0;->j()V || 02e4:LscriptPages/game/f0;->i()V || 02f0:LscriptPages/game/f0;->e()V
LscriptPages/game/q;->k(Ljava/lang/String;)V,0x3166a8,6,0006:readByte(Ljava/lang/String;)B || 000e:readUTF(Ljava/lang/String;)Ljava/lang/String; || 001c:readLong(Ljava/lang/String;)J || 0024:readInt(Ljava/lang/String;)I || 002c:readShort(Ljava/lang/String;)S || 0034:readShort(Ljava/lang/String;)S,0016:Lo/a;->V5(Ljava/lang/String;)V || 00bc:LscriptPages/game/q;->S0(I I)V || 00d0:LscriptPages/game/q;->T0([S I)V || 0102:LscriptPages/game/k0;->C(Ljava/lang/String; S Ljava/lang/String; Ljava/lang/String; S Z)V || 0124:LscriptPages/game/k0;->C(Ljava/lang/String; S Ljava/lang/String; Ljava/lang/String; S Z)V || 012c:LscriptPages/game/r0;->a0(Ljava/lang/String; I)V || 0132:LscriptPages/game/r0;->Z(Ljava/lang/String; I)V
LscriptPages/game/k0;->Y(Ljava/lang/String;)V,0x3ccf30,2,0000:readByte(Ljava/lang/String;)B || 0006:readUTF(Ljava/lang/String;)Ljava/lang/String;,000e:Lo/a;->V5(Ljava/lang/String;)V || 0024:LscriptPages/game/r0;->Z(Ljava/lang/String; I)V || 0032:LscriptPages/gameHD/c;->m()V || 005a:LscriptPages/game/k0;->x()V || 0060:LscriptPages/game/k0;->Q()V || 0068:LscriptPages/game/k0;->N()V || 0070:LscriptPages/game/k0;->t()V || 0076:LscriptPages/game/k0;->L()V || 0094:LscriptPages/game/r0;->Z(Ljava/lang/String; I)V
Lo/a;->q7(Ljava/lang/String;)V,0x247ebc,0,,000e:Lo/a;->V5(Ljava/lang/String;)V
LscriptPages/game/a0;->T()Z,0x388688,0,,
LscriptPages/game/a0;->k0()V,0x392930,0,,000a:LscriptPages/game/a0;->N(I)V || 0010:LscriptPages/data/g;->A0()Z || 0016:LscriptPages/game/a0;->Y()V
LscriptPages/data/i;->b(Ljava/lang/String;)V,0x28bcfc,29,0000:readLong(Ljava/lang/String;)J || 000c:readLong(Ljava/lang/String;)J || 0018:readInt(Ljava/lang/String;)I || 0024:readInt(Ljava/lang/String;)I || 0030:readInt(Ljava/lang/String;)I || 003e:readInt(Ljava/lang/String;)I || 004c:readLong(Ljava/lang/String;)J || 0058:readByte(Ljava/lang/String;)B || 0074:readByte(Ljava/lang/String;)B || 0084:readByte(Ljava/lang/String;)B || 0094:readByte(Ljava/lang/String;)B || 00bc:readLong(Ljava/lang/String;)J || 00d6:readLong(Ljava/lang/String;)J || 00f8:readLong(Ljava/lang/String;)J || 0108:readLong(Ljava/lang/String;)J || 011e:readLong(Ljava/lang/String;)J || 0134:readLong(Ljava/lang/String;)J || 014a:readLong(Ljava/lang/String;)J || 0162:readByte(Ljava/lang/String;)B || 017a:readByte(Ljava/lang/String;)B || 0190:readByte(Ljava/lang/String;)B || 01a0:readShort(Ljava/lang/String;)S || 01b0:readByte(Ljava/lang/String;)B || 01ca:readBoolean(Ljava/lang/String;)Z || 01e4:readLong(Ljava/lang/String;)J || 01fa:readByte(Ljava/lang/String;)B || 0210:readByte(Ljava/lang/String;)B || 0226:readInt(Ljava/lang/String;)I || 023c:readUTF(Ljava/lang/String;)Ljava/lang/String;,0064:LscriptPages/PageMain;->getCurTime()J || 00ac:LscriptPages/data/i;->B(J I)V
LscriptPages/data/c;->c(Ljava/lang/String;)V,0x261790,66,0000:readByte(Ljava/lang/String;)B || 002a:readInt(Ljava/lang/String;)I || 003a:readByte(Ljava/lang/String;)B || 0048:readByte(Ljava/lang/String;)B || 005a:readLong(Ljava/lang/String;)J || 007c:readInt(Ljava/lang/String;)I || 0090:readInt(Ljava/lang/String;)I || 00a6:readLong(Ljava/lang/String;)J || 00bc:readLong(Ljava/lang/String;)J || 00d2:readInt(Ljava/lang/String;)I || 00e8:readLong(Ljava/lang/String;)J || 00fe:readLong(Ljava/lang/String;)J || 0114:readShort(Ljava/lang/String;)S || 012c:readShort(Ljava/lang/String;)S || 0144:readShort(Ljava/lang/String;)S || 015c:readShort(Ljava/lang/String;)S || 0174:readUTF(Ljava/lang/String;)Ljava/lang/String; || 018c:readUTF(Ljava/lang/String;)Ljava/lang/String; || 01a4:readLong(Ljava/lang/String;)J || 01b0:readUTF(Ljava/lang/String;)Ljava/lang/String; || 01c8:readLong(Ljava/lang/String;)J || 01d4:readUTF(Ljava/lang/String;)Ljava/lang/String; || 01ec:readLong(Ljava/lang/String;)J || 0204:readLong(Ljava/lang/String;)J || 021c:readLong(Ljava/lang/String;)J || 0234:readLong(Ljava/lang/String;)J || 024c:readLong(Ljava/lang/String;)J || 0264:readLong(Ljava/lang/String;)J || 027c:readLong(Ljava/lang/String;)J || 0294:readLong(Ljava/lang/String;)J || 02ac:readLong(Ljava/lang/String;)J || 02c4:readLong(Ljava/lang/String;)J || 02dc:readLong(Ljava/lang/String;)J || 02f4:readLong(Ljava/lang/String;)J || 030c:readShort(Ljava/lang/String;)S || 0324:readShort(Ljava/lang/String;)S || 033c:readShort(Ljava/lang/String;)S || 0358:readLong(Ljava/lang/String;)J || 0386:readUTF(Ljava/lang/String;)Ljava/lang/String; || 039e:readShort(Ljava/lang/String;)S || 03b6:readShort(Ljava/lang/String;)S || 03ce:readLong(Ljava/lang/String;)J || 03e6:readShort(Ljava/lang/String;)S || 03fe:readShort(Ljava/lang/String;)S || 0416:readByte(Ljava/lang/String;)B || 042e:readUTF(Ljava/lang/String;)Ljava/lang/String; || 0446:readUTF(Ljava/lang/String;)Ljava/lang/String; || 045e:readUTF(Ljava/lang/String;)Ljava/lang/String; || 0476:readByte(Ljava/lang/String;)B || 0490:readUTF(Ljava/lang/String;)Ljava/lang/String; || 04aa:readByte(Ljava/lang/String;)B || 04c4:readUTF(Ljava/lang/String;)Ljava/lang/String; || 04de:readByte(Ljava/lang/String;)B || 04f4:readUTF(Ljava/lang/String;)Ljava/lang/String; || 0500:readInt(Ljava/lang/String;)I || 0518:readByte(Ljava/lang/String;)B || 052e:readShort(Ljava/lang/String;)S || 053a:readInt(Ljava/lang/String;)I || 0546:readInt(Ljava/lang/String;)I || 055c:readLong(Ljava/lang/String;)J || 0572:readLong(Ljava/lang/String;)J || 0586:readBoolean(Ljava/lang/String;)Z || 0592:readByte(Ljava/lang/String;)B || 05b0:readByte(Ljava/lang/String;)B || 05de:readShort(Ljava/lang/String;)S || 05f2:readUTF(Ljava/lang/String;)Ljava/lang/String;,0018:LscriptPages/PageMain;->initCountryExchangeTip(I)V || 0022:LscriptPages/PageMain;->getCurTime()J || 006e:LscriptPages/PageMain;->initCountryExchangeTip(I)V || 0374:LscriptPages/data/c;->k(J)V
LscriptPages/game/i;->v(Ljava/lang/String;)V,0x2b367c,14,007a:readByte(Ljava/lang/String;)B || 00bc:readLong(Ljava/lang/String;)J || 00c8:readShort(Ljava/lang/String;)S || 00e2:readUTF(Ljava/lang/String;)Ljava/lang/String; || 00ee:readInt(Ljava/lang/String;)I || 00fa:readByte(Ljava/lang/String;)B || 0106:readLong(Ljava/lang/String;)J || 0112:readInt(Ljava/lang/String;)I || 011e:readUTF(Ljava/lang/String;)Ljava/lang/String; || 012a:readByte(Ljava/lang/String;)B || 0136:readLong(Ljava/lang/String;)J || 0142:readByte(Ljava/lang/String;)B || 014e:readUTF(Ljava/lang/String;)Ljava/lang/String; || 0168:readLong(Ljava/lang/String;)J,00d4:LscriptPages/game/i;->l(I)I || 026c:LscriptPages/game/j;->k()V || 02d0:LscriptPages/data/h;->a(I)I || 02dc:LscriptPages/game/j;->a(J Ljava/lang/String; B J Ljava/lang/String; J B I I J I Ljava/lang/String;)Z || 03b0:LscriptPages/game/r0;->n0([J [J)[J || 03c4:LscriptPages/game/r0;->o0([Ljava/lang/String; [Ljava/lang/String;)[Ljava/lang/String; || 03d8:LscriptPages/game/r0;->m0([I [I)[I || 03ec:LscriptPages/game/r0;->m0([I [I)[I || 0400:LscriptPages/game/r0;->o0([Ljava/lang/String; [Ljava/lang/String;)[Ljava/lang/String; || 0414:LscriptPages/game/r0;->n0([J [J)[J || 0428:LscriptPages/game/r0;->n0([J [J)[J || 0444:LscriptPages/game/r0;->l0([B [B)[B || 0460:LscriptPages/game/r0;->l0([B [B)[B || 047c:LscriptPages/game/r0;->n0([J [J)[J || 048c:LscriptPages/data/h;->a(I)I || 04a0:LscriptPages/game/r0;->m0([I [I)[I || 04b8:LscriptPages/game/r0;->o0([Ljava/lang/String; [Ljava/lang/String;)[Ljava/lang/String; || 0534:LscriptPages/game/r0;->n0([J [J)[J || 0598:LscriptPages/game/j;->t()V || 05a2:LscriptPages/game/j;->A()V || 0816:LscriptPages/game/p0;->b()[S || 0832:LscriptPages/data/f;->w(I I I)I || 0844:LscriptPages/data/g;->I1(I Ljava/lang/String; [[Ljava/lang/String;)Ljava/lang/String; || 093a:LscriptPages/data/g;->I1(I Ljava/lang/String; [[Ljava/lang/String;)Ljava/lang/String; || 09ba:LscriptPages/data/b;->n(J)Ljava/lang/String; || 09d6:LscriptPages/data/g;->I1(I Ljava/lang/String; [[Ljava/lang/String;)Ljava/lang/String; || 0c86:LscriptPages/game/i;->z()V || 0d0c:LscriptPages/game/i;->z()V || 0da8:LscriptPages/game/i;->y(I)V || 0e4a:LscriptPages/game/i;->y(I)V || 0eb0:LscriptPages/PageMain;->getStatus()I || 0ebe:LscriptPages/PageMain;->getStatus()I || 0ece:LscriptPages/PageMain;->getStatus()I || 0ede:LscriptPages/PageMain;->getStatus()I
LscriptPages/game/h0;->V(Ljava/lang/String; I Z)V,0x3afee4,8,002c:readByte(Ljava/lang/String;)B || 0066:readLong(Ljava/lang/String;)J || 0072:readByte(Ljava/lang/String;)B || 007e:readLong(Ljava/lang/String;)J || 008a:readUTF(Ljava/lang/String;)Ljava/lang/String; || 0096:readUTF(Ljava/lang/String;)Ljava/lang/String; || 00a2:readLong(Ljava/lang/String;)J || 00ae:readByte(Ljava/lang/String;)B,0024:LscriptPages/game/h0;->M(I)V || 00dc:LscriptPages/PageMain;->getCurTime()J || 01ac:LscriptPages/game/h0;->M(I)V || 047e:LscriptPages/data/g;->p1()Ljava/lang/String; || 049c:LscriptPages/data/g;->c(I I Ljava/lang/String; I)V || 04b6:LscriptPages/game/h0;->Z(J)V || 04ca:LscriptPages/game/h0;->x(I Z)I
LscriptPages/game/m0;->o(Ljava/lang/String;)V,0x3d2204,4,0004:readByte(Ljava/lang/String;)B || 0010:readBoolean(Ljava/lang/String;)Z || 0068:readLong(Ljava/lang/String;)J || 0074:readLong(Ljava/lang/String;)J,003a:LscriptPages/data/g;->p1()Ljava/lang/String; || 0056:LscriptPages/data/g;->c(I I Ljava/lang/String; I)V || 008c:LscriptPages/PageMain;->getCurTime()J
Lo/a;->n1(Ljava/lang/String;)V,0x23a080,8,0000:readByte(Ljava/lang/String;)B || 0010:readLong(Ljava/lang/String;)J || 0020:readByte(Ljava/lang/String;)B || 0038:readByte(Ljava/lang/String;)B || 0044:readInt(Ljava/lang/String;)I || 0158:readByte(Ljava/lang/String;)B || 0170:readByte(Ljava/lang/String;)B || 017c:readInt(Ljava/lang/String;)I,0018:Lo/a;->p3(J)I
Lo/a;->l1(Ljava/lang/String;)V,0x239ed0,3,0000:readByte(Ljava/lang/String;)B || 000e:readLong(Ljava/lang/String;)J || 0016:readShort(Ljava/lang/String;)S,001e:Lo/a;->p3(J)I
LscriptPages/game/s0;->d(Ljava/lang/String;)V,0x40b070,0,,
LscriptPages/game/s0;->c(Ljava/lang/String;)V,0x40b018,0,,
LscriptPages/data/a;->B(Ljava/lang/String;)V,0x25fab8,45,0008:readShort(Ljava/lang/String;)S || 0040:readByte(Ljava/lang/String;)B || 0056:readShort(Ljava/lang/String;)S || 0068:readByte(Ljava/lang/String;)B || 00a0:readByte(Ljava/lang/String;)B || 00ac:readShort(Ljava/lang/String;)S || 00da:readUTF(Ljava/lang/String;)Ljava/lang/String; || 00e6:readShort(Ljava/lang/String;)S || 0110:readShort(Ljava/lang/String;)S || 0128:readShort(Ljava/lang/String;)S || 01be:readLong(Ljava/lang/String;)J || 01ca:readByte(Ljava/lang/String;)B || 01f8:readLong(Ljava/lang/String;)J || 020c:readByte(Ljava/lang/String;)B || 0222:readLong(Ljava/lang/String;)J || 0232:readByte(Ljava/lang/String;)B || 0242:readUTF(Ljava/lang/String;)Ljava/lang/String; || 0256:readShort(Ljava/lang/String;)S || 026a:readShort(Ljava/lang/String;)S || 0276:readByte(Ljava/lang/String;)B || 02aa:readInt(Ljava/lang/String;)I || 02be:readLong(Ljava/lang/String;)J || 0320:readShort(Ljava/lang/String;)S || 0364:readUTF(Ljava/lang/String;)Ljava/lang/String; || 0370:readShort(Ljava/lang/String;)S || 03ae:readLong(Ljava/lang/String;)J || 03ba:readShort(Ljava/lang/String;)S || 03c6:readShort(Ljava/lang/String;)S || 03d2:readShort(Ljava/lang/String;)S || 03fa:readShort(Ljava/lang/String;)S || 0428:readShort(Ljava/lang/String;)S || 0456:readUTF(Ljava/lang/String;)Ljava/lang/String; || 0462:readShort(Ljava/lang/String;)S || 048c:readShort(Ljava/lang/String;)S || 04a4:readShort(Ljava/lang/String;)S || 050c:readLong(Ljava/lang/String;)J || 0518:readByte(Ljava/lang/String;)B || 0546:readLong(Ljava/lang/String;)J || 055a:readByte(Ljava/lang/String;)B || 0570:readLong(Ljava/lang/String;)J || 0580:readByte(Ljava/lang/String;)B || 0590:readUTF(Ljava/lang/String;)Ljava/lang/String; || 05a4:readShort(Ljava/lang/String;)S || 05ba:readShort(Ljava/lang/String;)S || 05d2:readLong(Ljava/lang/String;)J,02a2:LscriptPages/PageMain;->getCurTime()J || 0414:LscriptPages/data/a;->C(I Ljava/lang/String;)V || 05ca:LscriptPages/PageMain;->getCurTime()J || 05f2:LscriptPages/data/a;->a(Ljava/lang/String;)V || 05f8:LscriptPages/data/a;->b(Ljava/lang/String;)V || 0600:Lo/a;->f6(I Ljava/lang/String;)V || 0606:Lo/a;->f6(I Ljava/lang/String;)V || 060c:Lo/a;->S5(Ljava/lang/String;)V || 061a:LscriptPages/PageMain;->getStatus()I || 0650:LscriptPages/data/a;->d(I I)[S
LscriptPages/data/a;->a(Ljava/lang/String;)V,0x25f9fc,3,0018:readShort(Ljava/lang/String;)S || 0024:readLong(Ljava/lang/String;)J || 0034:readByte(Ljava/lang/String;)B,002c:LscriptPages/data/a;->h(J)I
LscriptPages/data/a;->b(Ljava/lang/String;)V,0x25fa5c,3,0012:readShort(Ljava/lang/String;)S || 0020:readLong(Ljava/lang/String;)J || 0028:readByte(Ljava/lang/String;)B,0030:LscriptPages/data/a;->p(J)I
LscriptPages/data/b;->P(Z)V,0x2613f8,0,,000c:LscriptPages/PageMain;->getCurTime()J
LscriptPages/data/g;->I5(Z)V,0x28b02c,0,,
LscriptPages/data/g;->C5(B)V,0x28af54,0,,
LscriptPages/data/g;->D5(Ljava/lang/String;)V,0x28af6c,0,,
LscriptPages/game/x;->a0(I)V,0x356970,0,,
LscriptPages/game/x;->b0(I)V,0x356988,0,,
LscriptPages/game/h0;->g(Ljava/lang/String;)V,0x3a71d0,3,0000:readByte(Ljava/lang/String;)B || 0018:readLong(Ljava/lang/String;)J || 0020:readByte(Ljava/lang/String;)B,
LscriptPages/gameHD/g;->s(B)V,0x430c60,0,,001e:LscriptPages/gameHD/g;->l()V
LscriptPages/gameHD/b;->z(S)V,0x4193b0,0,,
LscriptPages/data/g;->L5(Ljava/lang/String;)V,0x28b108,3,0000:readShort(Ljava/lang/String;)S || 0022:readShort(Ljava/lang/String;)S || 0032:readBoolean(Ljava/lang/String;)Z,
LscriptPages/data/g;->e(Ljava/lang/String;)V,0x271ad4,2,0000:readLong(Ljava/lang/String;)J || 000c:readInt(Ljava/lang/String;)I,
LscriptPages/game/s0;->V([J [I)V,0x4105f4,0,,003a:LscriptPages/data/b;->l(J)I
Lv/a;->H0(Ljava/lang/String;)V,0x472470,1,0000:readLong(Ljava/lang/String;)J,002e:LscriptPages/PageMain;->getStatus()I
LscriptPages/game/i;->x(Ljava/lang/String;)V,0x2b45f8,3,000e:readByte(Ljava/lang/String;)B || 0016:readInt(Ljava/lang/String;)I || 002a:readBoolean(Ljava/lang/String;)Z,0008:LscriptPages/PageMain;->flushLiveTime()V || 0024:LscriptPages/game/i;->v(Ljava/lang/String;)V || 0036:Lo/a;->V5(Ljava/lang/String;)V || 0094:LscriptPages/game/i;->y(I)V || 00b6:LscriptPages/game/i;->z()V || 00fa:LscriptPages/data/g;->I1(I Ljava/lang/String; [[Ljava/lang/String;)Ljava/lang/String; || 0102:LscriptPages/game/r0;->Z(Ljava/lang/String; I)V || 0132:LscriptPages/game/i;->t(I)V || 0166:LscriptPages/data/g;->I1(I Ljava/lang/String; [[Ljava/lang/String;)Ljava/lang/String; || 016e:LscriptPages/game/r0;->Z(Ljava/lang/String; I)V || 01a2:LscriptPages/data/g;->I1(I Ljava/lang/String; [[Ljava/lang/String;)Ljava/lang/String; || 01aa:LscriptPages/game/r0;->Z(Ljava/lang/String; I)V
LscriptPages/game/h0;->a0(Ljava/lang/String;)V,0x3b05ac,30,0028:readByte(Ljava/lang/String;)B || 002e:readLong(Ljava/lang/String;)J || 0058:readByte(Ljava/lang/String;)B || 0064:readUTF(Ljava/lang/String;)Ljava/lang/String; || 0070:readUTF(Ljava/lang/String;)Ljava/lang/String; || 007c:readByte(Ljava/lang/String;)B || 0096:readUTF(Ljava/lang/String;)Ljava/lang/String; || 00a8:readByte(Ljava/lang/String;)B || 00c2:readUTF(Ljava/lang/String;)Ljava/lang/String; || 00d4:readInt(Ljava/lang/String;)I || 00e8:readByte(Ljava/lang/String;)B || 011a:readShort(Ljava/lang/String;)S || 012e:readShort(Ljava/lang/String;)S || 0140:readInt(Ljava/lang/String;)I || 0158:readByte(Ljava/lang/String;)B || 018a:readShort(Ljava/lang/String;)S || 019e:readShort(Ljava/lang/String;)S || 01b0:readByte(Ljava/lang/String;)B || 01e2:readShort(Ljava/lang/String;)S || 01f6:readShort(Ljava/lang/String;)S || 0208:readUTF(Ljava/lang/String;)Ljava/lang/String; || 0258:readByte(Ljava/lang/String;)B || 0270:readUTF(Ljava/lang/String;)Ljava/lang/String; || 0282:readBoolean(Ljava/lang/String;)Z || 02c4:readByte(Ljava/lang/String;)B || 02cc:readLong(Ljava/lang/String;)J || 03f4:readByte(Ljava/lang/String;)B || 03fc:readLong(Ljava/lang/String;)J || 05c6:readLong(Ljava/lang/String;)J || 0602:readUTF(Ljava/lang/String;)Ljava/lang/String;,0046:LscriptPages/data/g;->I1(I Ljava/lang/String; [[Ljava/lang/String;)Ljava/lang/String; || 004e:LscriptPages/game/r0;->d0(Ljava/lang/String;)V || 021c:LscriptPages/data/g;->I1(I Ljava/lang/String; [[Ljava/lang/String;)Ljava/lang/String; || 028e:Lo/a;->V5(Ljava/lang/String;)V || 0294:LscriptPages/game/h0;->B()V || 02d4:LscriptPages/game/h0;->W(I J Ljava/lang/String;)Z || 02e0:LscriptPages/data/g;->I1(I Ljava/lang/String; [[Ljava/lang/String;)Ljava/lang/String; || 02e8:LscriptPages/game/r0;->d0(Ljava/lang/String;)V || 0322:LscriptPages/game/r0;->T(Ljava/lang/String; I)I || 0332:Lo/a;->P8(Ljava/lang/String; I I)V || 0370:LscriptPages/data/g;->I1(I Ljava/lang/String; [[Ljava/lang/String;)Ljava/lang/String; || 03d4:LscriptPages/game/r0;->T(Ljava/lang/String; I)I || 03e4:Lo/a;->P8(Ljava/lang/String; I I)V || 0404:LscriptPages/game/h0;->W(I J Ljava/lang/String;)Z || 040a:LscriptPages/game/h0;->w(I J)I || 042e:LscriptPages/game/m;->n(I)V || 0478:LscriptPages/game/r0;->F(I)I || 04b4:Lo/a;->p0(Ljava/lang/String;)V || 04fa:Lo/a;->w6(Ljava/lang/String; [S)I || 050c:LscriptPages/game/r0;->T(Ljava/lang/String; I)I || 0520:Lo/a;->P8(Ljava/lang/String; I I)V || 052a:LscriptPages/game/q0;->g1(Ljava/lang/String;)I || 0556:Lo/a;->s6(Ljava/lang/String; I I I Ljava/lang/String; I)I || 056e:Lo/a;->s6(Ljava/lang/String; I I I Ljava/lang/String; I)I || 058a:LscriptPages/game/m;->u(I I I Ljava/lang/String; Ljava/lang/String; I)V || 05a4:LscriptPages/data/f;->C(I I I I)I || 05b6:LscriptPages/game/m;->u(I I I Ljava/lang/String; Ljava/lang/String; I)V
LscriptPages/game/h0;->c0(Ljava/lang/String;)V,0x3b0c34,5,0000:readByte(Ljava/lang/String;)B || 0008:readByte(Ljava/lang/String;)B || 0026:readByte(Ljava/lang/String;)B || 0032:readInt(Ljava/lang/String;)I || 0040:readLong(Ljava/lang/String;)J,0048:LscriptPages/game/h0;->w(I J)I || 0066:LscriptPages/game/h0;->V(Ljava/lang/String; I Z)V || 007c:LscriptPages/game/h0;->O()V || 0082:LscriptPages/game/h0;->r0(I)V || 0096:LscriptPages/data/g;->I1(I Ljava/lang/String; [[Ljava/lang/String;)Ljava/lang/String; || 009e:LscriptPages/game/r0;->d0(Ljava/lang/String;)V
LscriptPages/game/h0;->h0(Ljava/lang/String;)V,0x3b0e88,2,0000:readByte(Ljava/lang/String;)B || 0008:readUTF(Ljava/lang/String;)Ljava/lang/String;,0018:LscriptPages/game/h0;->V(Ljava/lang/String; I Z)V || 0022:LscriptPages/game/r0;->Z(Ljava/lang/String; I)V
LscriptPages/game/h0;->f0(Ljava/lang/String;)V,0x3b0dfc,0,,0002:LscriptPages/game/h0;->M(I)V || 000a:LscriptPages/game/h0;->V(Ljava/lang/String; I Z)V || 0022:LscriptPages/game/h0;->R()V
LscriptPages/game/h0;->Y(Ljava/lang/String;)V,0x3b040c,8,0006:readByte(Ljava/lang/String;)B || 0012:readLong(Ljava/lang/String;)J || 001a:readInt(Ljava/lang/String;)I || 0050:readShort(Ljava/lang/String;)S || 005c:readShort(Ljava/lang/String;)S || 0076:readInt(Ljava/lang/String;)I || 007e:readByte(Ljava/lang/String;)B || 00ca:readUTF(Ljava/lang/String;)Ljava/lang/String;,0106:LscriptPages/game/b;->h(I I Ljava/lang/String; I)I || 011a:Lo/a;->R3(Ljava/lang/String;)[S || 0128:Lo/a;->R3(Ljava/lang/String;)[S || 0146:Lo/a;->P8(Ljava/lang/String; I I)V || 0158:LscriptPages/game/h0;->q0(I)V
LscriptPages/game/h0;->d0(Ljava/lang/String;)V,0x3b0cec,3,0000:readByte(Ljava/lang/String;)B || 000c:readLong(Ljava/lang/String;)J || 0026:readUTF(Ljava/lang/String;)Ljava/lang/String;,0016:LscriptPages/game/h0;->w(I J)I || 0032:LscriptPages/game/h0;->C()V
LscriptPages/data/i;->x(Ljava/lang/String;)V,0x28bf60,37,0004:readLong(Ljava/lang/String;)J || 0010:readUTF(Ljava/lang/String;)Ljava/lang/String; || 001c:readByte(Ljava/lang/String;)B || 0028:readByte(Ljava/lang/String;)B || 0034:readLong(Ljava/lang/String;)J || 0040:readLong(Ljava/lang/String;)J || 004c:readLong(Ljava/lang/String;)J || 0058:readByte(Ljava/lang/String;)B || 0064:readShort(Ljava/lang/String;)S || 0070:readByte(Ljava/lang/String;)B || 007c:readLong(Ljava/lang/String;)J || 0088:readLong(Ljava/lang/String;)J || 0094:readLong(Ljava/lang/String;)J || 00a0:readLong(Ljava/lang/String;)J || 00a6:readByte(Ljava/lang/String;)B || 00b2:readInt(Ljava/lang/String;)I || 00be:readInt(Ljava/lang/String;)I || 00ca:readLong(Ljava/lang/String;)J || 00d6:readLong(Ljava/lang/String;)J || 00e2:readLong(Ljava/lang/String;)J || 00ee:readLong(Ljava/lang/String;)J || 00fa:readByte(Ljava/lang/String;)B || 0106:readByte(Ljava/lang/String;)B || 0112:readByte(Ljava/lang/String;)B || 011e:readByte(Ljava/lang/String;)B || 012a:readByte(Ljava/lang/String;)B || 0130:readShort(Ljava/lang/String;)S || 013c:readInt(Ljava/lang/String;)I || 0148:readInt(Ljava/lang/String;)I || 014e:readInt(Ljava/lang/String;)I || 0154:readInt(Ljava/lang/String;)I || 015a:readInt(Ljava/lang/String;)I || 0160:readLong(Ljava/lang/String;)J || 016c:readLong(Ljava/lang/String;)J || 0172:readInt(Ljava/lang/String;)I || 017e:readLong(Ljava/lang/String;)J || 018a:readInt(Ljava/lang/String;)I,0178:LscriptPages/data/g;->h3(Ljava/lang/String;)V || 0196:LscriptPages/PageMain;->getCurTime()J || 01b2:LscriptPages/game/q0;->j(I I)V || 0200:LscriptPages/game/q0;->j(I I)V || 020e:LscriptPages/data/i;->B(J I)V
LscriptPages/game/w;->e0(Ljava/lang/String;)V,0x349f30,25,0008:readByte(Ljava/lang/String;)B || 0026:readByte(Ljava/lang/String;)B || 0032:readLong(Ljava/lang/String;)J || 003e:readUTF(Ljava/lang/String;)Ljava/lang/String; || 004a:readByte(Ljava/lang/String;)B || 0056:readShort(Ljava/lang/String;)S || 0062:readByte(Ljava/lang/String;)B || 0068:readByte(Ljava/lang/String;)B || 0074:readUTF(Ljava/lang/String;)Ljava/lang/String; || 0080:readUTF(Ljava/lang/String;)Ljava/lang/String; || 008c:readLong(Ljava/lang/String;)J || 0098:readInt(Ljava/lang/String;)I || 00a4:readUTF(Ljava/lang/String;)Ljava/lang/String; || 00b0:readUTF(Ljava/lang/String;)Ljava/lang/String; || 00bc:readByte(Ljava/lang/String;)B || 00c8:readLong(Ljava/lang/String;)J || 00d4:readLong(Ljava/lang/String;)J || 00e0:readShort(Ljava/lang/String;)S || 00ec:readByte(Ljava/lang/String;)B || 00f8:readByte(Ljava/lang/String;)B || 00fe:readByte(Ljava/lang/String;)B || 010a:readShort(Ljava/lang/String;)S || 0116:readShort(Ljava/lang/String;)S || 0122:readLong(Ljava/lang/String;)J || 012e:readInt(Ljava/lang/String;)I,0134:LscriptPages/PageMain;->getStatus()I || 014c:LscriptPages/PageMain;->getStatus()I || 015c:LscriptPages/PageMain;->getStatus()I || 0168:LscriptPages/PageMain;->getStatus()I || 01e0:LscriptPages/game/j;->a(J Ljava/lang/String; B J Ljava/lang/String; J B I I J I Ljava/lang/String;)Z || 01ec:LscriptPages/game/j;->A()V || 01f2:LscriptPages/game/j;->z()V || 01f8:LscriptPages/game/j;->u(J)V || 01fe:LscriptPages/game/j;->o()V || 023a:LscriptPages/game/i;->y(I)V || 0276:Lo/a;->X6(Ljava/lang/String; I)V || 02b4:Lo/a;->X6(Ljava/lang/String; I)V || 02cc:LscriptPages/game/w;->t0(Z)V || 02de:LscriptPages/data/g;->I1(I Ljava/lang/String; [[Ljava/lang/String;)Ljava/lang/String; || 02e6:LscriptPages/game/r0;->d0(Ljava/lang/String;)V || 02f2:LscriptPages/game/w;->B(I)V || 02fc:LscriptPages/game/w;->t0(Z)V || 0304:LscriptPages/PageMain;->getStatus()I || 0310:LscriptPages/PageMain;->getStatus()I || 0320:LscriptPages/PageMain;->getStatus()I || 0340:LscriptPages/game/w;->t0(Z)V || 0352:LscriptPages/data/g;->I1(I Ljava/lang/String; [[Ljava/lang/String;)Ljava/lang/String; || 035a:LscriptPages/game/r0;->d0(Ljava/lang/String;)V
LscriptPages/game/w;->T(Ljava/lang/String;)V,0x3494c0,3,0006:readByte(Ljava/lang/String;)B || 000e:readByte(Ljava/lang/String;)B || 0016:readInt(Ljava/lang/String;)I,0044:LscriptPages/data/g;->I1(I Ljava/lang/String; [[Ljava/lang/String;)Ljava/lang/String; || 004c:LscriptPages/game/r0;->Z(Ljava/lang/String; I)V || 0054:LscriptPages/data/g;->I1(I Ljava/lang/String; [[Ljava/lang/String;)Ljava/lang/String; || 005c:LscriptPages/game/r0;->Z(Ljava/lang/String; I)V || 0062:LscriptPages/data/g;->v3(Ljava/lang/String;)I || 006e:LscriptPages/data/g;->I1(I Ljava/lang/String; [[Ljava/lang/String;)Ljava/lang/String; || 0076:LscriptPages/game/r0;->Z(Ljava/lang/String; I)V || 0080:LscriptPages/data/g;->v3(Ljava/lang/String;)I || 0086:LscriptPages/data/g;->v3(Ljava/lang/String;)I || 008c:LscriptPages/data/g;->v3(Ljava/lang/String;)I || 0096:LscriptPages/data/g;->f1(I)[J || 00a4:LscriptPages/data/g;->I1(I Ljava/lang/String; [[Ljava/lang/String;)Ljava/lang/String; || 00ac:LscriptPages/game/r0;->Z(Ljava/lang/String; I)V || 00b2:LscriptPages/data/g;->v3(Ljava/lang/String;)I || 00bc:LscriptPages/data/g;->f1(I)[J || 00c8:LscriptPages/game/w;->G()V || 00ce:LscriptPages/PageMain;->getStatus()I || 00de:LscriptPages/game/w;->O()V || 00f4:LscriptPages/data/g;->I1(I Ljava/lang/String; [[Ljava/lang/String;)Ljava/lang/String; || 010c:LscriptPages/data/g;->I1(I Ljava/lang/String; [[Ljava/lang/String;)Ljava/lang/String; || 0124:LscriptPages/data/g;->I1(I Ljava/lang/String; [[Ljava/lang/String;)Ljava/lang/String; || 013c:LscriptPages/data/g;->I1(I Ljava/lang/String; [[Ljava/lang/String;)Ljava/lang/String; || 0154:LscriptPages/data/g;->I1(I Ljava/lang/String; [[Ljava/lang/String;)Ljava/lang/String; || 016c:LscriptPages/data/g;->I1(I Ljava/lang/String; [[Ljava/lang/String;)Ljava/lang/String; || 0184:LscriptPages/data/g;->I1(I Ljava/lang/String; [[Ljava/lang/String;)Ljava/lang/String; || 0192:LscriptPages/game/r0;->Z(Ljava/lang/String; I)V
LscriptPages/game/w;->R(Ljava/lang/String;)V,0x3491e4,3,0000:readByte(Ljava/lang/String;)B || 0008:readByte(Ljava/lang/String;)B || 0016:readByte(Ljava/lang/String;)B,0010:LscriptPages/data/g;->v3(Ljava/lang/String;)I || 0028:LscriptPages/game/w;->s(I Ljava/lang/String;)V || 0034:LscriptPages/game/w;->s(I Ljava/lang/String;)V || 0056:LscriptPages/data/g;->f1(I)[J || 0062:LscriptPages/game/w;->F()V || 0068:LscriptPages/game/w;->P()V || 007a:LscriptPages/data/g;->I1(I Ljava/lang/String; [[Ljava/lang/String;)Ljava/lang/String; || 0082:LscriptPages/game/r0;->d0(Ljava/lang/String;)V || 009a:LscriptPages/data/g;->I1(I Ljava/lang/String; [[Ljava/lang/String;)Ljava/lang/String; || 00b4:LscriptPages/data/g;->I1(I Ljava/lang/String; [[Ljava/lang/String;)Ljava/lang/String; || 00ce:LscriptPages/data/g;->I1(I Ljava/lang/String; [[Ljava/lang/String;)Ljava/lang/String; || 00e8:LscriptPages/data/g;->I1(I Ljava/lang/String; [[Ljava/lang/String;)Ljava/lang/String; || 0102:LscriptPages/data/g;->I1(I Ljava/lang/String; [[Ljava/lang/String;)Ljava/lang/String; || 011c:LscriptPages/data/g;->I1(I Ljava/lang/String; [[Ljava/lang/String;)Ljava/lang/String; || 0138:LscriptPages/data/g;->I1(I Ljava/lang/String; [[Ljava/lang/String;)Ljava/lang/String; || 0152:LscriptPages/data/g;->I1(I Ljava/lang/String; [[Ljava/lang/String;)Ljava/lang/String; || 016c:LscriptPages/data/g;->I1(I Ljava/lang/String; [[Ljava/lang/String;)Ljava/lang/String; || 0188:LscriptPages/data/g;->I1(I Ljava/lang/String; [[Ljava/lang/String;)Ljava/lang/String; || 01a4:LscriptPages/data/g;->I1(I Ljava/lang/String; [[Ljava/lang/String;)Ljava/lang/String; || 01be:LscriptPages/data/g;->I1(I Ljava/lang/String; [[Ljava/lang/String;)Ljava/lang/String; || 01d8:LscriptPages/data/g;->I1(I Ljava/lang/String; [[Ljava/lang/String;)Ljava/lang/String; || 01f2:LscriptPages/data/g;->I1(I Ljava/lang/String; [[Ljava/lang/String;)Ljava/lang/String; || 020c:LscriptPages/data/g;->I1(I Ljava/lang/String; [[Ljava/lang/String;)Ljava/lang/String; || 0226:LscriptPages/data/g;->I1(I Ljava/lang/String; [[Ljava/lang/String;)Ljava/lang/String; || 0240:LscriptPages/data/g;->I1(I Ljava/lang/String; [[Ljava/lang/String;)Ljava/lang/String; || 025a:LscriptPages/data/g;->I1(I Ljava/lang/String; [[Ljava/lang/String;)Ljava/lang/String; || 0264:LscriptPages/data/g;->I1(I Ljava/lang/String; [[Ljava/lang/String;)Ljava/lang/String; || 026c:LscriptPages/game/r0;->d0(Ljava/lang/String;)V
LscriptPages/game/w;->b(Ljava/lang/String;)V,0x3420c4,3,0000:readByte(Ljava/lang/String;)B || 0008:readByte(Ljava/lang/String;)B || 0010:readUTF(Ljava/lang/String;)Ljava/lang/String;,0020:LscriptPages/data/g;->v3(Ljava/lang/String;)I || 0026:LscriptPages/game/w;->I()V || 002c:LscriptPages/game/w;->s(I Ljava/lang/String;)V || 0038:LscriptPages/data/g;->v3(Ljava/lang/String;)I || 0046:LscriptPages/game/w;->I()V || 004c:LscriptPages/game/w;->s(I Ljava/lang/String;)V || 0064:LscriptPages/data/g;->I1(I Ljava/lang/String; [[Ljava/lang/String;)Ljava/lang/String; || 006c:LscriptPages/game/r0;->d0(Ljava/lang/String;)V || 007c:LscriptPages/game/r0;->d0(Ljava/lang/String;)V
LscriptPages/game/m0;->s(Ljava/lang/String;)V,0x3d2350,0,,0000:LscriptPages/PageMain;->getStatus()I || 0032:LscriptPages/game/m0;->b()V || 0038:LscriptPages/game/m0;->n(Ljava/lang/String;)V
Lo/a;->k7(Ljava/lang/String;)V,0x2454a0,8,000c:readInt(Ljava/lang/String;)I || 0066:readUTF(Ljava/lang/String;)Ljava/lang/String; || 0076:readLong(Ljava/lang/String;)J || 0086:readUTF(Ljava/lang/String;)Ljava/lang/String; || 0096:readLong(Ljava/lang/String;)J || 00a6:readLong(Ljava/lang/String;)J || 00b6:readBoolean(Ljava/lang/String;)Z || 00c6:readUTF(Ljava/lang/String;)Ljava/lang/String;,00d8:Lo/a;->Z8()V
LscriptPages/game/m0;->w(Ljava/lang/String;)V,0x3d26d4,14,0000:readByte(Ljava/lang/String;)B || 0012:readByte(Ljava/lang/String;)B || 001a:readLong(Ljava/lang/String;)J || 003c:readUTF(Ljava/lang/String;)Ljava/lang/String; || 0048:readByte(Ljava/lang/String;)B || 0072:readUTF(Ljava/lang/String;)Ljava/lang/String; || 008c:readUTF(Ljava/lang/String;)Ljava/lang/String; || 009c:readByte(Ljava/lang/String;)B || 00e2:readShort(Ljava/lang/String;)S || 0116:readShort(Ljava/lang/String;)S || 0144:readInt(Ljava/lang/String;)I || 015e:readShort(Ljava/lang/String;)S || 0184:readUTF(Ljava/lang/String;)Ljava/lang/String; || 0194:readUTF(Ljava/lang/String;)Ljava/lang/String;,0022:LscriptPages/game/m0;->i(I J)I || 019a:LscriptPages/game/m0;->C()V || 01e0:LscriptPages/game/q0;->Z0()V || 01f2:LscriptPages/data/g;->I1(I Ljava/lang/String; [[Ljava/lang/String;)Ljava/lang/String; || 01fa:LscriptPages/game/r0;->d0(Ljava/lang/String;)V
LscriptPages/game/m0;->u(Ljava/lang/String;)V,0x3d23ac,7,0006:readByte(Ljava/lang/String;)B || 0020:readByte(Ljava/lang/String;)B || 002e:readLong(Ljava/lang/String;)J || 003a:readLong(Ljava/lang/String;)J || 0046:readLong(Ljava/lang/String;)J || 0052:readLong(Ljava/lang/String;)J || 00d4:readUTF(Ljava/lang/String;)Ljava/lang/String;,000e:LscriptPages/game/m0;->n(Ljava/lang/String;)V || 0028:LscriptPages/data/i;->C(I)V || 005e:Lo/a;->V5(Ljava/lang/String;)V || 0064:LscriptPages/PageMain;->getStatus()I || 0070:LscriptPages/gameHD/a;->f(Z)V || 0104:LscriptPages/data/g;->I1(I Ljava/lang/String; [[Ljava/lang/String;)Ljava/lang/String; || 012a:LscriptPages/PageMain;->getStatus()I || 0162:LscriptPages/game/r0;->a0(Ljava/lang/String; I)V || 0180:LscriptPages/game/r0;->d0(Ljava/lang/String;)V || 018e:LscriptPages/game/m0;->x()V || 019e:LscriptPages/PageMain;->setStatus(I)V || 01a4:LscriptPages/game/s0;->C()V || 01ca:LscriptPages/data/g;->a2(J)V || 01d0:LscriptPages/PageMain;->setStatus(I)V || 01e0:LscriptPages/PageMain;->invokeReturn()V || 01f0:LscriptPages/game/r0;->d0(Ljava/lang/String;)V || 0200:LscriptPages/gameHD/l;->M(Ljava/lang/String; I)V || 020c:LscriptPages/gameHD/l;->M(Ljava/lang/String; I)V || 0212:LscriptPages/game/q0;->q0()V || 0266:Lo/a;->Z6(J Z)V || 0278:Lo/a;->q0()V
LscriptPages/game/m0;->y(Ljava/lang/String;)V,0x3d2a08,1,0006:readByte(Ljava/lang/String;)B,0012:LscriptPages/game/m0;->n(Ljava/lang/String;)V
Lo/a;->n7(Ljava/lang/String;)V,0x246da4,84,0000:readByte(Ljava/lang/String;)B || 0008:readLong(Ljava/lang/String;)J || 0038:readUTF(Ljava/lang/String;)Ljava/lang/String; || 017c:readUTF(Ljava/lang/String;)Ljava/lang/String; || 0182:readUTF(Ljava/lang/String;)Ljava/lang/String; || 018a:readUTF(Ljava/lang/String;)Ljava/lang/String; || 0192:readUTF(Ljava/lang/String;)Ljava/lang/String; || 019a:readUTF(Ljava/lang/String;)Ljava/lang/String; || 01a0:readUTF(Ljava/lang/String;)Ljava/lang/String; || 01a6:readUTF(Ljava/lang/String;)Ljava/lang/String; || 01ae:readInt(Ljava/lang/String;)I || 01b6:readInt(Ljava/lang/String;)I || 01be:readInt(Ljava/lang/String;)I || 01dc:readInt(Ljava/lang/String;)I || 01e8:readInt(Ljava/lang/String;)I || 020a:readByte(Ljava/lang/String;)B || 0216:readUTF(Ljava/lang/String;)Ljava/lang/String; || 022a:readInt(Ljava/lang/String;)I || 0456:readUTF(Ljava/lang/String;)Ljava/lang/String; || 045c:readUTF(Ljava/lang/String;)Ljava/lang/String; || 0464:readUTF(Ljava/lang/String;)Ljava/lang/String; || 046c:readUTF(Ljava/lang/String;)Ljava/lang/String; || 0474:readUTF(Ljava/lang/String;)Ljava/lang/String; || 047c:readUTF(Ljava/lang/String;)Ljava/lang/String; || 0484:readByte(Ljava/lang/String;)B || 048c:readInt(Ljava/lang/String;)I || 0494:readByte(Ljava/lang/String;)B || 04ce:readInt(Ljava/lang/String;)I || 04da:readByte(Ljava/lang/String;)B || 0514:readUTF(Ljava/lang/String;)Ljava/lang/String; || 0520:readByte(Ljava/lang/String;)B || 0556:readInt(Ljava/lang/String;)I || 0562:readInt(Ljava/lang/String;)I || 0584:readByte(Ljava/lang/String;)B || 0590:readUTF(Ljava/lang/String;)Ljava/lang/String; || 05a4:readInt(Ljava/lang/String;)I || 0622:readByte(Ljava/lang/String;)B || 09b8:readUTF(Ljava/lang/String;)Ljava/lang/String; || 09be:readUTF(Ljava/lang/String;)Ljava/lang/String; || 09c6:readUTF(Ljava/lang/String;)Ljava/lang/String; || 09ce:readUTF(Ljava/lang/String;)Ljava/lang/String; || 09d6:readUTF(Ljava/lang/String;)Ljava/lang/String; || 09dc:readUTF(Ljava/lang/String;)Ljava/lang/String; || 09e4:readInt(Ljava/lang/String;)I || 09ec:readByte(Ljava/lang/String;)B || 09f4:readInt(Ljava/lang/String;)I || 09fc:readInt(Ljava/lang/String;)I || 0a04:readInt(Ljava/lang/String;)I || 0a2a:readInt(Ljava/lang/String;)I || 0a36:readInt(Ljava/lang/String;)I || 0a58:readByte(Ljava/lang/String;)B || 0a64:readUTF(Ljava/lang/String;)Ljava/lang/String; || 0a78:readInt(Ljava/lang/String;)I || 0a96:readInt(Ljava/lang/String;)I || 0ac8:readInt(Ljava/lang/String;)I || 0ad4:readInt(Ljava/lang/String;)I || 0b0a:readInt(Ljava/lang/String;)I || 0b16:readInt(Ljava/lang/String;)I || 0b38:readByte(Ljava/lang/String;)B || 0b44:readUTF(Ljava/lang/String;)Ljava/lang/String; || 0b60:readInt(Ljava/lang/String;)I || 0bcc:readInt(Ljava/lang/String;)I || 0bd4:readInt(Ljava/lang/String;)I || 0bdc:readInt(Ljava/lang/String;)I || 0be4:readInt(Ljava/lang/String;)I || 0dac:readUTF(Ljava/lang/String;)Ljava/lang/String; || 0db2:readUTF(Ljava/lang/String;)Ljava/lang/String; || 0dba:readUTF(Ljava/lang/String;)Ljava/lang/String; || 0dc2:readUTF(Ljava/lang/String;)Ljava/lang/String; || 0dca:readUTF(Ljava/lang/String;)Ljava/lang/String; || 0dd0:readUTF(Ljava/lang/String;)Ljava/lang/String; || 0dd6:readUTF(Ljava/lang/String;)Ljava/lang/String; || 0dde:readInt(Ljava/lang/String;)I || 0f56:readUTF(Ljava/lang/String;)Ljava/lang/String; || 0f5c:readUTF(Ljava/lang/String;)Ljava/lang/String; || 0f64:readUTF(Ljava/lang/String;)Ljava/lang/String; || 0f6c:readUTF(Ljava/lang/String;)Ljava/lang/String; || 0f74:readUTF(Ljava/lang/String;)Ljava/lang/String; || 0f7c:readUTF(Ljava/lang/String;)Ljava/lang/String; || 0f82:readUTF(Ljava/lang/String;)Ljava/lang/String; || 0f8a:readLong(Ljava/lang/String;)J || 0f92:readLong(Ljava/lang/String;)J || 0f9a:readLong(Ljava/lang/String;)J || 1008:readByte(Ljava/lang/String;)B,021e:LscriptPages/data/g;->o1(Ljava/lang/String;)Ljava/lang/String; || 0598:LscriptPages/data/g;->o1(Ljava/lang/String;)Ljava/lang/String; || 0736:Lo/a;->Z6(J Z)V || 0a6c:LscriptPages/data/g;->o1(Ljava/lang/String;)Ljava/lang/String; || 0b4c:LscriptPages/data/g;->o1(Ljava/lang/String;)Ljava/lang/String; || 0cc8:Lo/a;->Z6(J Z)V
Lo/a;->N7(Ljava/lang/String;)V,0x249784,7,000c:readLong(Ljava/lang/String;)J || 0012:readByte(Ljava/lang/String;)B || 0048:readInt(Ljava/lang/String;)I || 006c:readInt(Ljava/lang/String;)I || 0074:readInt(Ljava/lang/String;)I || 008a:readUTF(Ljava/lang/String;)Ljava/lang/String; || 0096:readUTF(Ljava/lang/String;)Ljava/lang/String;,0038:LscriptPages/data/g;->I1(I Ljava/lang/String; [[Ljava/lang/String;)Ljava/lang/String;
Lo/a;->m7(Ljava/lang/String;)V,0x2455d4,8,000c:readInt(Ljava/lang/String;)I || 0066:readUTF(Ljava/lang/String;)Ljava/lang/String; || 0076:readLong(Ljava/lang/String;)J || 0086:readUTF(Ljava/lang/String;)Ljava/lang/String; || 0096:readLong(Ljava/lang/String;)J || 00a6:readLong(Ljava/lang/String;)J || 00b6:readBoolean(Ljava/lang/String;)Z || 00c6:readUTF(Ljava/lang/String;)Ljava/lang/String;,00d8:Lo/a;->a9()V
Lo/a;->o7(Ljava/lang/String;)V,0x2456c4,120,0004:readByte(Ljava/lang/String;)B || 000c:readLong(Ljava/lang/String;)J || 003c:readUTF(Ljava/lang/String;)Ljava/lang/String; || 0192:readUTF(Ljava/lang/String;)Ljava/lang/String; || 0198:readUTF(Ljava/lang/String;)Ljava/lang/String; || 01a0:readUTF(Ljava/lang/String;)Ljava/lang/String; || 01a8:readUTF(Ljava/lang/String;)Ljava/lang/String; || 01b0:readUTF(Ljava/lang/String;)Ljava/lang/String; || 01b8:readUTF(Ljava/lang/String;)Ljava/lang/String; || 01c0:readUTF(Ljava/lang/String;)Ljava/lang/String; || 01c8:readUTF(Ljava/lang/String;)Ljava/lang/String; || 01d0:readUTF(Ljava/lang/String;)Ljava/lang/String; || 01d8:readUTF(Ljava/lang/String;)Ljava/lang/String; || 01e0:readUTF(Ljava/lang/String;)Ljava/lang/String; || 01e8:readUTF(Ljava/lang/String;)Ljava/lang/String; || 01f0:readLong(Ljava/lang/String;)J || 01f8:readLong(Ljava/lang/String;)J || 0200:readShort(Ljava/lang/String;)S || 0206:readShort(Ljava/lang/String;)S || 020e:readShort(Ljava/lang/String;)S || 0216:readInt(Ljava/lang/String;)I || 023c:readShort(Ljava/lang/String;)S || 0244:readShort(Ljava/lang/String;)S || 026a:readInt(Ljava/lang/String;)I || 02a8:readInt(Ljava/lang/String;)I || 02b0:readInt(Ljava/lang/String;)I || 02c6:readByte(Ljava/lang/String;)B || 02ce:readUTF(Ljava/lang/String;)Ljava/lang/String; || 030c:readInt(Ljava/lang/String;)I || 0334:readInt(Ljava/lang/String;)I || 0372:readInt(Ljava/lang/String;)I || 037a:readInt(Ljava/lang/String;)I || 0398:readByte(Ljava/lang/String;)B || 03a0:readUTF(Ljava/lang/String;)Ljava/lang/String; || 03de:readInt(Ljava/lang/String;)I || 0406:readShort(Ljava/lang/String;)S || 040e:readByte(Ljava/lang/String;)B || 0416:readByte(Ljava/lang/String;)B || 041e:readUTF(Ljava/lang/String;)Ljava/lang/String; || 0426:readInt(Ljava/lang/String;)I || 0440:readUTF(Ljava/lang/String;)Ljava/lang/String; || 05fa:readUTF(Ljava/lang/String;)Ljava/lang/String; || 0600:readUTF(Ljava/lang/String;)Ljava/lang/String; || 0608:readUTF(Ljava/lang/String;)Ljava/lang/String; || 0610:readUTF(Ljava/lang/String;)Ljava/lang/String; || 0618:readUTF(Ljava/lang/String;)Ljava/lang/String; || 0620:readUTF(Ljava/lang/String;)Ljava/lang/String; || 0628:readUTF(Ljava/lang/String;)Ljava/lang/String; || 0630:readUTF(Ljava/lang/String;)Ljava/lang/String; || 0658:readUTF(Ljava/lang/String;)Ljava/lang/String; || 0660:readUTF(Ljava/lang/String;)Ljava/lang/String; || 0678:readInt(Ljava/lang/String;)I || 06c2:readInt(Ljava/lang/String;)I || 06ca:readInt(Ljava/lang/String;)I || 06e4:readByte(Ljava/lang/String;)B || 06ec:readUTF(Ljava/lang/String;)Ljava/lang/String; || 072a:readInt(Ljava/lang/String;)I || 075c:readByte(Ljava/lang/String;)B || 0890:readUTF(Ljava/lang/String;)Ljava/lang/String; || 0896:readUTF(Ljava/lang/String;)Ljava/lang/String; || 089e:readUTF(Ljava/lang/String;)Ljava/lang/String; || 08a6:readUTF(Ljava/lang/String;)Ljava/lang/String; || 08ae:readUTF(Ljava/lang/String;)Ljava/lang/String; || 08b6:readUTF(Ljava/lang/String;)Ljava/lang/String; || 08be:readUTF(Ljava/lang/String;)Ljava/lang/String; || 08c6:readUTF(Ljava/lang/String;)Ljava/lang/String; || 08ce:readByte(Ljava/lang/String;)B || 08fe:readInt(Ljava/lang/String;)I || 0942:readLong(Ljava/lang/String;)J || 095a:readShort(Ljava/lang/String;)S || 0994:readInt(Ljava/lang/String;)I || 099c:readInt(Ljava/lang/String;)I || 09ba:readByte(Ljava/lang/String;)B || 09c2:readUTF(Ljava/lang/String;)Ljava/lang/String; || 09f0:readInt(Ljava/lang/String;)I || 0a22:readByte(Ljava/lang/String;)B || 0bbe:readUTF(Ljava/lang/String;)Ljava/lang/String; || 0bc4:readUTF(Ljava/lang/String;)Ljava/lang/String; || 0bcc:readUTF(Ljava/lang/String;)Ljava/lang/String; || 0bd4:readUTF(Ljava/lang/String;)Ljava/lang/String; || 0bdc:readUTF(Ljava/lang/String;)Ljava/lang/String; || 0be4:readUTF(Ljava/lang/String;)Ljava/lang/String; || 0bec:readUTF(Ljava/lang/String;)Ljava/lang/String; || 0bf4:readUTF(Ljava/lang/String;)Ljava/lang/String; || 0bfc:readByte(Ljava/lang/String;)B || 0c04:readLong(Ljava/lang/String;)J || 0c0c:readByte(Ljava/lang/String;)B || 0c4c:readUTF(Ljava/lang/String;)Ljava/lang/String; || 0c54:readUTF(Ljava/lang/String;)Ljava/lang/String; || 0c6c:readInt(Ljava/lang/String;)I || 0cb6:readInt(Ljava/lang/String;)I || 0cbe:readInt(Ljava/lang/String;)I || 0cd8:readByte(Ljava/lang/String;)B || 0ce0:readUTF(Ljava/lang/String;)Ljava/lang/String; || 0d1c:readInt(Ljava/lang/String;)I || 0ef2:readUTF(Ljava/lang/String;)Ljava/lang/String; || 0ef8:readUTF(Ljava/lang/String;)Ljava/lang/String; || 0f00:readUTF(Ljava/lang/String;)Ljava/lang/String; || 0f08:readUTF(Ljava/lang/String;)Ljava/lang/String; || 0f10:readShort(Ljava/lang/String;)S || 0f66:readShort(Ljava/lang/String;)S || 0f76:readShort(Ljava/lang/String;)S || 0fb4:readInt(Ljava/lang/String;)I || 0fc0:readInt(Ljava/lang/String;)I || 0fec:readByte(Ljava/lang/String;)B || 0ff4:readUTF(Ljava/lang/String;)Ljava/lang/String; || 1014:readInt(Ljava/lang/String;)I || 1234:readShort(Ljava/lang/String;)S || 123c:readShort(Ljava/lang/String;)S || 1252:readShort(Ljava/lang/String;)S || 125e:readShort(Ljava/lang/String;)S || 1270:readShort(Ljava/lang/String;)S || 1278:readShort(Ljava/lang/String;)S || 1280:readShort(Ljava/lang/String;)S || 1288:readInt(Ljava/lang/String;)I || 1294:readShort(Ljava/lang/String;)S || 12da:readInt(Ljava/lang/String;)I || 12e6:readLong(Ljava/lang/String;)J || 12f2:readUTF(Ljava/lang/String;)Ljava/lang/String; || 12fe:readShort(Ljava/lang/String;)S,0518:Lo/a;->a7(J Z)V || 07a6:Lo/a;->a7(J Z)V || 0ac8:Lo/a;->a7(J Z)V || 0d88:Lo/a;->a7(J Z)V || 1008:LscriptPages/data/g;->o1(Ljava/lang/String;)Ljava/lang/String; || 11d0:LscriptPages/game/r0;->m0([I [I)[I || 11e0:LscriptPages/game/r0;->m0([I [I)[I || 11f0:LscriptPages/game/r0;->m0([I [I)[I || 1200:LscriptPages/game/r0;->m0([I [I)[I || 1210:LscriptPages/game/r0;->o0([Ljava/lang/String; [Ljava/lang/String;)[Ljava/lang/String; || 14fc:Lo/a;->a7(J Z)V || 1520:Lo/a;->X5(J Ljava/lang/String;)V || 153e:Lo/a;->W5(J Ljava/lang/String;)V || 1558:Lo/a;->l6(J Ljava/lang/String;)V || 1572:Lo/a;->g6(J Ljava/lang/String;)V || 158c:Lo/a;->j6(J Ljava/lang/String;)V || 16a8:Lo/a;->a7(J Z)V
LscriptPages/game/k0;->U(Ljava/lang/String;)V,0x3ccd84,0,,0000:LscriptPages/game/k0;->v(Ljava/lang/String;)V || 0006:LscriptPages/game/k0;->w()V
LscriptPages/game/k0;->W(Ljava/lang/String;)V,0x3ccdfc,2,0000:readByte(Ljava/lang/String;)B || 0008:readUTF(Ljava/lang/String;)Ljava/lang/String;,0010:Lo/a;->V5(Ljava/lang/String;)V || 0016:LscriptPages/game/k0;->v(Ljava/lang/String;)V || 0038:LscriptPages/data/g;->I1(I Ljava/lang/String; [[Ljava/lang/String;)Ljava/lang/String; || 0050:LscriptPages/data/g;->I1(I Ljava/lang/String; [[Ljava/lang/String;)Ljava/lang/String; || 0068:LscriptPages/data/g;->I1(I Ljava/lang/String; [[Ljava/lang/String;)Ljava/lang/String; || 0080:LscriptPages/data/g;->I1(I Ljava/lang/String; [[Ljava/lang/String;)Ljava/lang/String; || 0098:LscriptPages/data/g;->I1(I Ljava/lang/String; [[Ljava/lang/String;)Ljava/lang/String; || 00b0:LscriptPages/data/g;->I1(I Ljava/lang/String; [[Ljava/lang/String;)Ljava/lang/String; || 00c6:LscriptPages/game/r0;->d0(Ljava/lang/String;)V
LscriptPages/game/k0;->a0(Ljava/lang/String;)V,0x3cd024,4,0006:readByte(Ljava/lang/String;)B || 0022:readUTF(Ljava/lang/String;)Ljava/lang/String; || 0030:readLong(Ljava/lang/String;)J || 003c:readLong(Ljava/lang/String;)J,002a:Lo/a;->V5(Ljava/lang/String;)V || 0052:LscriptPages/game/k0;->v(Ljava/lang/String;)V || 0070:LscriptPages/game/k0;->x()V || 0078:LscriptPages/game/k0;->N()V || 0086:LscriptPages/game/k0;->R(Ljava/lang/String; Z)V || 0094:LscriptPages/game/r0;->a0(Ljava/lang/String; I)V || 00a6:LscriptPages/game/r0;->a0(Ljava/lang/String; I)V || 00ac:LscriptPages/gameHD/c;->m()V
LscriptPages/data/g;->a3(Ljava/lang/String;)V,0x282da0,4,0000:readByte(Ljava/lang/String;)B || 0024:readByte(Ljava/lang/String;)B || 0030:readByte(Ljava/lang/String;)B || 0052:readShort(Ljava/lang/String;)S,
LscriptPages/gameHD/i;->a(Ljava/lang/String;)V,0x434afc,2,000c:readLong(Ljava/lang/String;)J || 0014:readLong(Ljava/lang/String;)J,
LscriptPages/game/k0;->T(Ljava/lang/String;)V,0x3ccd0c,3,0006:readByte(Ljava/lang/String;)B || 0012:readUTF(Ljava/lang/String;)Ljava/lang/String; || 001e:readUTF(Ljava/lang/String;)Ljava/lang/String;,004e:LscriptPages/data/g;->I1(I Ljava/lang/String; [[Ljava/lang/String;)Ljava/lang/String; || 005e:LscriptPages/game/r0;->d0(Ljava/lang/String;)V
LscriptPages/gameHD/k;->I(Ljava/lang/String;)V,0x44bad8,4,0012:readByte(Ljava/lang/String;)B || 001e:readUTF(Ljava/lang/String;)Ljava/lang/String; || 002a:readByte(Ljava/lang/String;)B || 0030:readShort(Ljava/lang/String;)S,003e:LscriptPages/game/r0;->Z(Ljava/lang/String; I)V
Lo/a;->L7(Ljava/lang/String;)V,0x2496f4,4,000c:readByte(Ljava/lang/String;)B || 0014:readUTF(Ljava/lang/String;)Ljava/lang/String; || 0020:readShort(Ljava/lang/String;)S || 0028:readByte(Ljava/lang/String;)B,0034:LscriptPages/data/g;->c4(S B)V
LscriptPages/game/n;->l2(Ljava/lang/String;)V,0x2ed3ac,0,,0000:LscriptPages/data/i;->y(Ljava/lang/String;)V || 0006:LscriptPages/game/a0;->Y()V
LscriptPages/gameHD/k;->R(Ljava/lang/String;)V,0x44c948,2,0000:readLong(Ljava/lang/String;)J || 0008:readInt(Ljava/lang/String;)I,
LscriptPages/game/n;->m2(Ljava/lang/String;)V,0x2ed3cc,2,0000:readLong(Ljava/lang/String;)J || 0008:readUTF(Ljava/lang/String;)Ljava/lang/String;,0014:LscriptPages/PageMain;->initCountryExchangeTip(I)V
Lo/a;->P7(Ljava/lang/String;)V,0x24986c,2,000c:readByte(Ljava/lang/String;)B || 0012:readUTF(Ljava/lang/String;)Ljava/lang/String;,001e:LscriptPages/data/g;->h3(Ljava/lang/String;)V || 0024:Lo/a;->V5(Ljava/lang/String;)V
LscriptPages/game/w;->j0(Ljava/lang/String;)V,0x34a608,3,0000:readInt(Ljava/lang/String;)I || 0024:readInt(Ljava/lang/String;)I || 002c:readUTF(Ljava/lang/String;)Ljava/lang/String;,
LscriptPages/game/g0;->f(Ljava/lang/String;)V,0x3a0750,7,0000:readInt(Ljava/lang/String;)I || 000c:readLong(Ljava/lang/String;)J || 0018:readLong(Ljava/lang/String;)J || 0024:readInt(Ljava/lang/String;)I || 0030:readLong(Ljava/lang/String;)J || 003c:readLong(Ljava/lang/String;)J || 0048:readShort(Ljava/lang/String;)S,
LscriptPages/game/g0;->h(Ljava/lang/String;)V,0x3a07fc,6,0000:readByte(Ljava/lang/String;)B || 0008:readLong(Ljava/lang/String;)J || 0014:readLong(Ljava/lang/String;)J || 0020:readLong(Ljava/lang/String;)J || 002c:readLong(Ljava/lang/String;)J || 0038:readInt(Ljava/lang/String;)I,0060:LscriptPages/data/g;->I1(I Ljava/lang/String; [[Ljava/lang/String;)Ljava/lang/String; || 0068:LscriptPages/game/r0;->d0(Ljava/lang/String;)V || 0084:LscriptPages/data/g;->I1(I Ljava/lang/String; [[Ljava/lang/String;)Ljava/lang/String; || 008c:LscriptPages/game/r0;->d0(Ljava/lang/String;)V || 00a6:LscriptPages/data/g;->I1(I Ljava/lang/String; [[Ljava/lang/String;)Ljava/lang/String; || 00ae:LscriptPages/game/r0;->d0(Ljava/lang/String;)V || 00c8:LscriptPages/data/g;->I1(I Ljava/lang/String; [[Ljava/lang/String;)Ljava/lang/String; || 00d0:LscriptPages/game/r0;->d0(Ljava/lang/String;)V || 00ea:LscriptPages/data/g;->I1(I Ljava/lang/String; [[Ljava/lang/String;)Ljava/lang/String; || 00f2:LscriptPages/game/r0;->d0(Ljava/lang/String;)V || 0116:LscriptPages/data/g;->I1(I Ljava/lang/String; [[Ljava/lang/String;)Ljava/lang/String; || 0136:LscriptPages/game/r0;->d0(Ljava/lang/String;)V || 0150:LscriptPages/data/g;->I1(I Ljava/lang/String; [[Ljava/lang/String;)Ljava/lang/String; || 0158:LscriptPages/game/r0;->d0(Ljava/lang/String;)V
LscriptPages/game/k0;->S(Ljava/lang/String;)V,0x3ccccc,1,0000:readUTF(Ljava/lang/String;)Ljava/lang/String;,0008:Lo/a;->V5(Ljava/lang/String;)V || 0028:LscriptPages/game/k0;->C(Ljava/lang/String; S Ljava/lang/String; Ljava/lang/String; S Z)V
LscriptPages/game/n0;->P(Ljava/lang/String;)V,0x3dc190,8,0032:readByte(Ljava/lang/String;)B || 0044:readShort(Ljava/lang/String;)S || 0052:readShort(Ljava/lang/String;)S || 0064:readByte(Ljava/lang/String;)B || 0070:readLong(Ljava/lang/String;)J || 0080:readInt(Ljava/lang/String;)I || 00b2:readUTF(Ljava/lang/String;)Ljava/lang/String; || 00c6:readLong(Ljava/lang/String;)J,00e0:LscriptPages/game/n0;->x()V
LscriptPages/game/n0;->I(Ljava/lang/String;)V,0x3dbc78,23,0072:readByte(Ljava/lang/String;)B || 0082:readShort(Ljava/lang/String;)S || 0090:readShort(Ljava/lang/String;)S || 00a2:readByte(Ljava/lang/String;)B || 015e:readLong(Ljava/lang/String;)J || 0172:readUTF(Ljava/lang/String;)Ljava/lang/String; || 0186:readShort(Ljava/lang/String;)S || 019a:readByte(Ljava/lang/String;)B || 01ae:readShort(Ljava/lang/String;)S || 01c2:readByte(Ljava/lang/String;)B || 01d6:readBoolean(Ljava/lang/String;)Z || 01ee:readShort(Ljava/lang/String;)S || 0202:readShort(Ljava/lang/String;)S || 0216:readShort(Ljava/lang/String;)S || 022a:readShort(Ljava/lang/String;)S || 023e:readShort(Ljava/lang/String;)S || 0250:readShort(Ljava/lang/String;)S || 0260:readByte(Ljava/lang/String;)B || 0274:readShort(Ljava/lang/String;)S || 0288:readShort(Ljava/lang/String;)S || 029c:readShort(Ljava/lang/String;)S || 02b0:readShort(Ljava/lang/String;)S || 02c4:readShort(Ljava/lang/String;)S,02f6:LscriptPages/game/n0;->y()V
LscriptPages/game/n0;->H(Ljava/lang/String;)V,0x3dbaa8,14,0032:readByte(Ljava/lang/String;)B || 0044:readShort(Ljava/lang/String;)S || 0052:readShort(Ljava/lang/String;)S || 0064:readByte(Ljava/lang/String;)B || 00dc:readInt(Ljava/lang/String;)I || 00f6:readLong(Ljava/lang/String;)J || 010a:readUTF(Ljava/lang/String;)Ljava/lang/String; || 011e:readUTF(Ljava/lang/String;)Ljava/lang/String; || 0132:readByte(Ljava/lang/String;)B || 0142:readShort(Ljava/lang/String;)S || 0158:readShort(Ljava/lang/String;)S || 016e:readInt(Ljava/lang/String;)I || 0184:readInt(Ljava/lang/String;)I || 0194:readByte(Ljava/lang/String;)B,01b6:LscriptPages/game/n0;->w()V
LscriptPages/game/n0;->F(Ljava/lang/String;)V,0x3db954,7,002a:readByte(Ljava/lang/String;)B || 003a:readShort(Ljava/lang/String;)S || 0048:readShort(Ljava/lang/String;)S || 005a:readByte(Ljava/lang/String;)B || 0094:readLong(Ljava/lang/String;)J || 00a8:readUTF(Ljava/lang/String;)Ljava/lang/String; || 00bc:readLong(Ljava/lang/String;)J,00fe:LscriptPages/game/n0;->z()V || 010a:LscriptPages/game/n0;->v()V
LscriptPages/game/n0;->L(Ljava/lang/String;)V,0x3dc028,8,002a:readByte(Ljava/lang/String;)B || 0038:readShort(Ljava/lang/String;)S || 0044:readShort(Ljava/lang/String;)S || 0056:readByte(Ljava/lang/String;)B || 0072:readLong(Ljava/lang/String;)J || 0078:readLong(Ljava/lang/String;)J || 008e:readUTF(Ljava/lang/String;)Ljava/lang/String; || 009e:readLong(Ljava/lang/String;)J,00b0:LscriptPages/game/n0;->u()V
LscriptPages/game/n0;->Q(Ljava/lang/String;)V,0x3dc290,8,002a:readByte(Ljava/lang/String;)B || 0038:readShort(Ljava/lang/String;)S || 0044:readShort(Ljava/lang/String;)S || 0056:readByte(Ljava/lang/String;)B || 0072:readLong(Ljava/lang/String;)J || 0078:readLong(Ljava/lang/String;)J || 008e:readUTF(Ljava/lang/String;)Ljava/lang/String; || 009e:readLong(Ljava/lang/String;)J,00b0:LscriptPages/game/n0;->B()V
LscriptPages/game/q0;->P1(Ljava/lang/String;)V,0x401f50,7,0008:readLong(Ljava/lang/String;)J || 0010:readInt(Ljava/lang/String;)I || 0020:readInt(Ljava/lang/String;)I || 004e:readLong(Ljava/lang/String;)J || 0056:readInt(Ljava/lang/String;)I || 005e:readUTF(Ljava/lang/String;)Ljava/lang/String; || 0066:readLong(Ljava/lang/String;)J,
LscriptPages/game/n0;->R(Ljava/lang/String;)V,0x3dc35c,12,0022:readLong(Ljava/lang/String;)J || 002e:readByte(Ljava/lang/String;)B || 0034:readUTF(Ljava/lang/String;)Ljava/lang/String; || 0040:readShort(Ljava/lang/String;)S || 0048:readShort(Ljava/lang/String;)S || 0064:readByte(Ljava/lang/String;)B || 008a:readLong(Ljava/lang/String;)J || 0090:readInt(Ljava/lang/String;)I || 009a:readUTF(Ljava/lang/String;)Ljava/lang/String; || 00a6:readLong(Ljava/lang/String;)J || 00b6:readByte(Ljava/lang/String;)B || 00c0:readUTF(Ljava/lang/String;)Ljava/lang/String;,00d6:LscriptPages/game/n0;->A()V
LscriptPages/game/i0;->v(Ljava/lang/String;)V,0x3b6cac,11,0000:readBoolean(Ljava/lang/String;)Z || 0008:readBoolean(Ljava/lang/String;)Z || 0018:readShort(Ljava/lang/String;)S || 0020:readShort(Ljava/lang/String;)S || 0028:readByte(Ljava/lang/String;)B || 0034:readShort(Ljava/lang/String;)S || 0058:readLong(Ljava/lang/String;)J || 0064:readByte(Ljava/lang/String;)B || 0070:readUTF(Ljava/lang/String;)Ljava/lang/String; || 007c:readLong(Ljava/lang/String;)J || 0088:readLong(Ljava/lang/String;)J,044c:LscriptPages/game/i0;->k()V
LscriptPages/game/i0;->s(Ljava/lang/String;)V,0x3b6820,4,0000:readByte(Ljava/lang/String;)B || 0038:readLong(Ljava/lang/String;)J || 0048:readByte(Ljava/lang/String;)B || 0058:readUTF(Ljava/lang/String;)Ljava/lang/String;,
LscriptPages/game/i0;->u(Ljava/lang/String;)V,0x3b68e0,11,0000:readByte(Ljava/lang/String;)B || 0008:readLong(Ljava/lang/String;)J || 0010:readByte(Ljava/lang/String;)B || 0022:readByte(Ljava/lang/String;)B || 002a:readLong(Ljava/lang/String;)J || 0032:readLong(Ljava/lang/String;)J || 003a:readUTF(Ljava/lang/String;)Ljava/lang/String; || 0042:readUTF(Ljava/lang/String;)Ljava/lang/String; || 004a:readLong(Ljava/lang/String;)J || 0050:readUTF(Ljava/lang/String;)Ljava/lang/String; || 0058:readUTF(Ljava/lang/String;)Ljava/lang/String;,01be:LscriptPages/game/i0;->j(Ljava/lang/String; I)V || 028e:LscriptPages/game/e;->s(Ljava/lang/StringBuilder; Ljava/lang/String; I Ljava/lang/String; [[Ljava/lang/String;)V || 02c6:LscriptPages/game/i0;->j(Ljava/lang/String; I)V || 039a:LscriptPages/game/i0;->j(Ljava/lang/String; I)V || 03ac:LscriptPages/data/g;->I1(I Ljava/lang/String; [[Ljava/lang/String;)Ljava/lang/String; || 03b4:LscriptPages/game/r0;->d0(Ljava/lang/String;)V
LscriptPages/game/i0;->z(Ljava/lang/String;)V,0x3b7660,14,0000:readBoolean(Ljava/lang/String;)Z || 0008:readShort(Ljava/lang/String;)S || 0010:readLong(Ljava/lang/String;)J || 0018:readUTF(Ljava/lang/String;)Ljava/lang/String; || 0020:readShort(Ljava/lang/String;)S || 005e:readLong(Ljava/lang/String;)J || 006a:readByte(Ljava/lang/String;)B || 0076:readUTF(Ljava/lang/String;)Ljava/lang/String; || 0082:readUTF(Ljava/lang/String;)Ljava/lang/String; || 008e:readUTF(Ljava/lang/String;)Ljava/lang/String; || 009a:readUTF(Ljava/lang/String;)Ljava/lang/String; || 00a6:readBoolean(Ljava/lang/String;)Z || 00b2:readLong(Ljava/lang/String;)J || 00d2:readByte(Ljava/lang/String;)B,015a:LscriptPages/game/i0;->l()V
LscriptPages/game/i0;->w(Ljava/lang/String;)V,0x3b7110,7,000e:readByte(Ljava/lang/String;)B || 0016:readUTF(Ljava/lang/String;)Ljava/lang/String; || 002e:readByte(Ljava/lang/String;)B || 0060:readLong(Ljava/lang/String;)J || 006c:readUTF(Ljava/lang/String;)Ljava/lang/String; || 0078:readLong(Ljava/lang/String;)J || 0092:readLong(Ljava/lang/String;)J,0026:LscriptPages/PageMain;->getCurTime()J || 0142:LscriptPages/game/q0;->n(Ljava/lang/String; Z)V || 0174:Lo/a;->s6(Ljava/lang/String; I I I Ljava/lang/String; I)I || 019e:Lo/a;->s6(Ljava/lang/String; I I I Ljava/lang/String; I)I || 01c0:Lo/a;->s6(Ljava/lang/String; I I I Ljava/lang/String; I)I || 01ca:LscriptPages/game/q0;->g1(Ljava/lang/String;)I || 0220:LscriptPages/game/b;->B(I I I I)I || 022a:LscriptPages/game/q0;->l(Ljava/lang/String; Ljava/lang/String; I I)V || 023a:LscriptPages/game/q0;->g1(Ljava/lang/String;)I || 0278:LscriptPages/game/q0;->l(Ljava/lang/String; Ljava/lang/String; I I)V || 02b4:LscriptPages/game/q0;->l(Ljava/lang/String; Ljava/lang/String; I I)V || 0346:LscriptPages/game/m;->d(I I Ljava/lang/String; I I)I || 036c:LscriptPages/data/g;->I1(I Ljava/lang/String; [[Ljava/lang/String;)Ljava/lang/String; || 0374:LscriptPages/game/r0;->d0(Ljava/lang/String;)V || 038c:LscriptPages/data/g;->I1(I Ljava/lang/String; [[Ljava/lang/String;)Ljava/lang/String; || 0394:LscriptPages/game/r0;->d0(Ljava/lang/String;)V || 039c:LscriptPages/game/r0;->d0(Ljava/lang/String;)V
LscriptPages/game/i0;->x(Ljava/lang/String;)V,0x3b74d0,2,0006:readByte(Ljava/lang/String;)B || 000e:readUTF(Ljava/lang/String;)Ljava/lang/String;,0016:LscriptPages/game/r0;->d0(Ljava/lang/String;)V || 002e:LscriptPages/game/i0;->m()V || 0058:LscriptPages/game/q0;->l0(Ljava/lang/String;)B || 0070:LscriptPages/data/g;->I1(I Ljava/lang/String; [[Ljava/lang/String;)Ljava/lang/String; || 0078:LscriptPages/game/r0;->c0(Ljava/lang/String;)V || 0086:LscriptPages/game/q0;->l0(Ljava/lang/String;)B || 0092:LscriptPages/game/i0;->p(J)V
LscriptPages/game/i0;->t(Ljava/lang/String;)V,0x3b689c,3,0006:readByte(Ljava/lang/String;)B || 000e:readUTF(Ljava/lang/String;)Ljava/lang/String; || 0016:readBoolean(Ljava/lang/String;)Z,002a:LscriptPages/game/r0;->d0(Ljava/lang/String;)V
LscriptPages/game/s0;->Y(Ljava/lang/String;)V,0x410898,6,0000:readShort(Ljava/lang/String;)S || 0016:readShort(Ljava/lang/String;)S || 002c:readShort(Ljava/lang/String;)S || 0058:readLong(Ljava/lang/String;)J || 0068:readUTF(Ljava/lang/String;)Ljava/lang/String; || 0078:readShort(Ljava/lang/String;)S,00be:Lo/a;->d0(S [B)Z || 00ce:LscriptPages/data/g;->I1(I Ljava/lang/String; [[Ljava/lang/String;)Ljava/lang/String; || 00d6:LscriptPages/game/r0;->c0(Ljava/lang/String;)V
LscriptPages/game/s0;->X(Ljava/lang/String;)V,0x4106e8,6,0006:readShort(Ljava/lang/String;)S || 003a:readLong(Ljava/lang/String;)J || 004a:readByte(Ljava/lang/String;)B || 0056:readShort(Ljava/lang/String;)S || 00a2:readShort(Ljava/lang/String;)S || 00ba:readShort(Ljava/lang/String;)S,0198:LscriptPages/game/s0;->H()V
LscriptPages/game/q;->i(Ljava/lang/String;)V,0x316434,3,0000:readByte(Ljava/lang/String;)B || 0008:readByte(Ljava/lang/String;)B || 000e:readLong(Ljava/lang/String;)J,0016:Lo/a;->p3(J)I || 0022:Lo/a;->j1(J Ljava/lang/String;)V || 004c:LscriptPages/data/g;->I1(I Ljava/lang/String; [[Ljava/lang/String;)Ljava/lang/String; || 0064:LscriptPages/data/g;->I1(I Ljava/lang/String; [[Ljava/lang/String;)Ljava/lang/String; || 007e:LscriptPages/data/g;->I1(I Ljava/lang/String; [[Ljava/lang/String;)Ljava/lang/String; || 0098:LscriptPages/data/g;->I1(I Ljava/lang/String; [[Ljava/lang/String;)Ljava/lang/String; || 00b2:LscriptPages/data/g;->I1(I Ljava/lang/String; [[Ljava/lang/String;)Ljava/lang/String; || 00cc:LscriptPages/data/g;->I1(I Ljava/lang/String; [[Ljava/lang/String;)Ljava/lang/String; || 00e6:LscriptPages/data/g;->I1(I Ljava/lang/String; [[Ljava/lang/String;)Ljava/lang/String; || 0100:LscriptPages/data/g;->I1(I Ljava/lang/String; [[Ljava/lang/String;)Ljava/lang/String; || 0118:LscriptPages/data/g;->I1(I Ljava/lang/String; [[Ljava/lang/String;)Ljava/lang/String; || 0130:LscriptPages/data/g;->I1(I Ljava/lang/String; [[Ljava/lang/String;)Ljava/lang/String; || 0148:LscriptPages/data/g;->I1(I Ljava/lang/String; [[Ljava/lang/String;)Ljava/lang/String; || 0160:LscriptPages/data/g;->I1(I Ljava/lang/String; [[Ljava/lang/String;)Ljava/lang/String; || 017a:LscriptPages/data/g;->I1(I Ljava/lang/String; [[Ljava/lang/String;)Ljava/lang/String; || 0194:LscriptPages/data/g;->I1(I Ljava/lang/String; [[Ljava/lang/String;)Ljava/lang/String; || 01aa:LscriptPages/data/g;->I1(I Ljava/lang/String; [[Ljava/lang/String;)Ljava/lang/String; || 01c2:LscriptPages/data/g;->I1(I Ljava/lang/String; [[Ljava/lang/String;)Ljava/lang/String; || 01e0:LscriptPages/data/g;->I1(I Ljava/lang/String; [[Ljava/lang/String;)Ljava/lang/String; || 01fc:LscriptPages/game/r0;->a0(Ljava/lang/String; I)V || 0208:LscriptPages/game/r0;->d0(Ljava/lang/String;)V || 0214:LscriptPages/game/q;->s0()V
LscriptPages/game/q;->j(Ljava/lang/String;)V,0x316660,2,0000:readByte(Ljava/lang/String;)B || 0014:readLong(Ljava/lang/String;)J,001c:Lo/a;->p3(J)I || 0028:Lo/a;->j1(J Ljava/lang/String;)V
LscriptPages/game/q;->r(Ljava/lang/String;)V,0x3170b0,3,0000:readByte(Ljava/lang/String;)B || 0026:readLong(Ljava/lang/String;)J || 003a:readShort(Ljava/lang/String;)S,000e:Lo/a;->Z5(Ljava/lang/String;)V || 0014:LscriptPages/data/b;->L(Ljava/lang/String;)V || 0020:Lo/a;->V5(Ljava/lang/String;)V || 002e:Lo/a;->p3(J)I || 004c:Lo/a;->k1(I Ljava/lang/String;)V || 0070:LscriptPages/data/f;->k(I Ljava/lang/String; [[Ljava/lang/String; Ljava/lang/StringBuilder; Ljava/lang/String;)Ljava/lang/String; || 0082:LscriptPages/data/g;->T1(I)I || 00c4:LscriptPages/data/f;->k(I Ljava/lang/String; [[Ljava/lang/String; Ljava/lang/StringBuilder; Ljava/lang/String;)Ljava/lang/String; || 00de:LscriptPages/data/f;->k(I Ljava/lang/String; [[Ljava/lang/String; Ljava/lang/StringBuilder; Ljava/lang/String;)Ljava/lang/String; || 010a:Lo/a;->q2(I I)J || 0112:LscriptPages/game/r0;->w0(J)Ljava/lang/String; || 012e:LscriptPages/game/r0;->d0(Ljava/lang/String;)V || 013e:LscriptPages/data/g;->I1(I Ljava/lang/String; [[Ljava/lang/String;)Ljava/lang/String; || 0146:LscriptPages/game/r0;->d0(Ljava/lang/String;)V
LscriptPages/game/q;->b0(Ljava/lang/String;)V,0x323260,3,0000:readByte(Ljava/lang/String;)B || 0026:readLong(Ljava/lang/String;)J || 003a:readShort(Ljava/lang/String;)S,000e:Lo/a;->Z5(Ljava/lang/String;)V || 0014:LscriptPages/data/b;->L(Ljava/lang/String;)V || 0020:Lo/a;->V5(Ljava/lang/String;)V || 002e:Lo/a;->p3(J)I || 004c:Lo/a;->k1(I Ljava/lang/String;)V || 0070:LscriptPages/data/f;->k(I Ljava/lang/String; [[Ljava/lang/String; Ljava/lang/StringBuilder; Ljava/lang/String;)Ljava/lang/String; || 00b4:LscriptPages/data/f;->k(I Ljava/lang/String; [[Ljava/lang/String; Ljava/lang/StringBuilder; Ljava/lang/String;)Ljava/lang/String; || 00ce:LscriptPages/data/f;->k(I Ljava/lang/String; [[Ljava/lang/String; Ljava/lang/StringBuilder; Ljava/lang/String;)Ljava/lang/String; || 00fa:Lo/a;->J2(I I)J || 0102:LscriptPages/game/r0;->w0(J)Ljava/lang/String; || 011e:LscriptPages/game/r0;->d0(Ljava/lang/String;)V || 012e:LscriptPages/data/g;->I1(I Ljava/lang/String; [[Ljava/lang/String;)Ljava/lang/String; || 0136:LscriptPages/game/r0;->d0(Ljava/lang/String;)V
LscriptPages/game/q;->e(Ljava/lang/String;)V,0x3161c8,3,0000:readByte(Ljava/lang/String;)B || 0026:readLong(Ljava/lang/String;)J || 003a:readByte(Ljava/lang/String;)B,000e:Lo/a;->Z5(Ljava/lang/String;)V || 0014:LscriptPages/data/b;->L(Ljava/lang/String;)V || 0020:Lo/a;->V5(Ljava/lang/String;)V || 002e:Lo/a;->p3(J)I || 0040:Lo/a;->k1(I Ljava/lang/String;)V || 005e:LscriptPages/data/g;->I1(I Ljava/lang/String; [[Ljava/lang/String;)Ljava/lang/String; || 0070:Lo/a;->U1(I)I || 0090:LscriptPages/data/g;->I1(I Ljava/lang/String; [[Ljava/lang/String;)Ljava/lang/String; || 00ae:Lo/a;->V1(I I)J || 00b6:LscriptPages/game/r0;->w0(J)Ljava/lang/String; || 00ce:LscriptPages/game/r0;->a0(Ljava/lang/String; I)V || 00de:LscriptPages/data/g;->I1(I Ljava/lang/String; [[Ljava/lang/String;)Ljava/lang/String; || 00e6:LscriptPages/game/r0;->d0(Ljava/lang/String;)V
LscriptPages/game/q;->f(Ljava/lang/String;)V,0x3162c8,2,0000:readByte(Ljava/lang/String;)B || 0026:readLong(Ljava/lang/String;)J,000e:Lo/a;->Z5(Ljava/lang/String;)V || 0014:LscriptPages/data/b;->L(Ljava/lang/String;)V || 002e:Lo/a;->j1(J Ljava/lang/String;)V || 0038:Lo/a;->V5(Ljava/lang/String;)V || 0054:LscriptPages/data/g;->I1(I Ljava/lang/String; [[Ljava/lang/String;)Ljava/lang/String; || 005c:LscriptPages/game/r0;->d0(Ljava/lang/String;)V
LscriptPages/game/q;->Z1(Ljava/lang/String;)V,0x32ac60,20,0000:readByte(Ljava/lang/String;)B || 002a:readByte(Ljava/lang/String;)B || 0036:readByte(Ljava/lang/String;)B || 0044:readInt(Ljava/lang/String;)I || 0050:readByte(Ljava/lang/String;)B || 005e:readLong(Ljava/lang/String;)J || 0066:readInt(Ljava/lang/String;)I || 008e:readInt(Ljava/lang/String;)I || 009a:readByte(Ljava/lang/String;)B || 00a8:readLong(Ljava/lang/String;)J || 00b0:readInt(Ljava/lang/String;)I || 00da:readLong(Ljava/lang/String;)J || 00f0:readByte(Ljava/lang/String;)B || 00fe:readLong(Ljava/lang/String;)J || 0106:readShort(Ljava/lang/String;)S || 010e:readInt(Ljava/lang/String;)I || 014a:readByte(Ljava/lang/String;)B || 0158:readLong(Ljava/lang/String;)J || 0160:readInt(Ljava/lang/String;)I || 0194:readLong(Ljava/lang/String;)J,0010:Lo/a;->Z5(Ljava/lang/String;)V || 0016:LscriptPages/data/b;->L(Ljava/lang/String;)V || 0024:LscriptPages/data/g;->y3(Ljava/lang/String;)V || 006e:Lo/a;->p3(J)I || 00b8:Lo/a;->p3(J)I || 0116:Lo/a;->c3(I J)I || 0168:Lo/a;->c3(I J)I || 0186:Lo/a;->V5(Ljava/lang/String;)V || 019c:Lo/a;->j1(J Ljava/lang/String;)V || 01b6:LscriptPages/data/g;->I1(I Ljava/lang/String; [[Ljava/lang/String;)Ljava/lang/String; || 01be:LscriptPages/game/r0;->d0(Ljava/lang/String;)V
LscriptPages/game/q;->c(Ljava/lang/String;)V,0x316100,2,0000:readByte(Ljava/lang/String;)B || 0026:readLong(Ljava/lang/String;)J,000e:Lo/a;->Z5(Ljava/lang/String;)V || 0014:LscriptPages/data/b;->L(Ljava/lang/String;)V || 002e:Lo/a;->j1(J Ljava/lang/String;)V || 0038:Lo/a;->V5(Ljava/lang/String;)V || 0048:LscriptPages/game/q;->s0()V || 005a:LscriptPages/data/g;->I1(I Ljava/lang/String; [[Ljava/lang/String;)Ljava/lang/String; || 0062:LscriptPages/game/r0;->d0(Ljava/lang/String;)V
LscriptPages/game/q;->X(Ljava/lang/String;)V,0x322c6c,3,0000:readByte(Ljava/lang/String;)B || 000c:readLong(Ljava/lang/String;)J || 0014:readUTF(Ljava/lang/String;)Ljava/lang/String;,001c:Lo/a;->p3(J)I || 004c:LscriptPages/data/g;->I1(I Ljava/lang/String; [[Ljava/lang/String;)Ljava/lang/String; || 0054:LscriptPages/game/r0;->d0(Ljava/lang/String;)V || 006a:LscriptPages/data/g;->I1(I Ljava/lang/String; [[Ljava/lang/String;)Ljava/lang/String; || 0072:LscriptPages/game/r0;->d0(Ljava/lang/String;)V || 007c:LscriptPages/game/q;->M0()V
LscriptPages/game/q;->V(Ljava/lang/String;)V,0x3228b4,15,0000:readByte(Ljava/lang/String;)B || 0012:readShort(Ljava/lang/String;)S || 001e:readShort(Ljava/lang/String;)S || 002a:readByte(Ljava/lang/String;)B || 00a0:readLong(Ljava/lang/String;)J || 00b0:readUTF(Ljava/lang/String;)Ljava/lang/String; || 00c0:readByte(Ljava/lang/String;)B || 00d0:readUTF(Ljava/lang/String;)Ljava/lang/String; || 00e4:readInt(Ljava/lang/String;)I || 00f8:readInt(Ljava/lang/String;)I || 0108:readInt(Ljava/lang/String;)I || 0118:readInt(Ljava/lang/String;)I || 0124:readInt(Ljava/lang/String;)I || 0152:readByte(Ljava/lang/String;)B || 0166:readInt(Ljava/lang/String;)I,
LscriptPages/game/q;->W(Ljava/lang/String;)V,0x322a80,5,0000:readByte(Ljava/lang/String;)B || 000c:readLong(Ljava/lang/String;)J || 0018:readLong(Ljava/lang/String;)J || 0042:readByte(Ljava/lang/String;)B || 0054:readBoolean(Ljava/lang/String;)Z,0028:Lo/a;->p3(J)I || 004e:Lo/a;->V5(Ljava/lang/String;)V || 0060:LscriptPages/data/b;->L(Ljava/lang/String;)V || 007c:LscriptPages/data/g;->I1(I Ljava/lang/String; [[Ljava/lang/String;)Ljava/lang/String; || 0084:LscriptPages/game/r0;->d0(Ljava/lang/String;)V || 009c:LscriptPages/data/g;->I1(I Ljava/lang/String; [[Ljava/lang/String;)Ljava/lang/String; || 00a4:LscriptPages/game/r0;->d0(Ljava/lang/String;)V || 00bc:LscriptPages/data/g;->I1(I Ljava/lang/String; [[Ljava/lang/String;)Ljava/lang/String; || 00c4:LscriptPages/game/r0;->d0(Ljava/lang/String;)V || 00dc:LscriptPages/data/g;->I1(I Ljava/lang/String; [[Ljava/lang/String;)Ljava/lang/String; || 00e4:LscriptPages/game/r0;->d0(Ljava/lang/String;)V || 00fa:LscriptPages/data/g;->I1(I Ljava/lang/String; [[Ljava/lang/String;)Ljava/lang/String; || 0102:LscriptPages/game/r0;->d0(Ljava/lang/String;)V || 0118:LscriptPages/data/g;->I1(I Ljava/lang/String; [[Ljava/lang/String;)Ljava/lang/String; || 0120:LscriptPages/game/r0;->d0(Ljava/lang/String;)V || 0136:LscriptPages/data/g;->I1(I Ljava/lang/String; [[Ljava/lang/String;)Ljava/lang/String; || 013e:LscriptPages/game/r0;->d0(Ljava/lang/String;)V || 0154:LscriptPages/data/g;->I1(I Ljava/lang/String; [[Ljava/lang/String;)Ljava/lang/String; || 015c:LscriptPages/game/r0;->d0(Ljava/lang/String;)V || 0174:LscriptPages/data/g;->I1(I Ljava/lang/String; [[Ljava/lang/String;)Ljava/lang/String; || 017c:LscriptPages/game/r0;->d0(Ljava/lang/String;)V || 0190:LscriptPages/game/w;->d0(J Ljava/lang/String;)V || 019a:LscriptPages/game/q;->g1(I J)V || 01aa:LscriptPages/data/g;->I1(I Ljava/lang/String; [[Ljava/lang/String;)Ljava/lang/String; || 01b2:LscriptPages/game/r0;->d0(Ljava/lang/String;)V || 01c0:LscriptPages/game/q;->M0()V
LscriptPages/game/q;->Y(Ljava/lang/String;)V,0x322d00,2,0000:readByte(Ljava/lang/String;)B || 001a:readByte(Ljava/lang/String;)B,0014:Lo/a;->Z5(Ljava/lang/String;)V || 0026:LscriptPages/data/b;->L(Ljava/lang/String;)V || 002c:Lo/a;->M2(I)[J || 0034:Lo/a;->s2()[J || 004e:Lo/a;->Q3(I I)J || 008c:LscriptPages/data/g;->I1(I Ljava/lang/String; [[Ljava/lang/String;)Ljava/lang/String; || 0094:LscriptPages/game/r0;->d0(Ljava/lang/String;)V || 009e:LscriptPages/game/q;->M0()V || 00ac:LscriptPages/data/g;->p1()Ljava/lang/String; || 00cc:LscriptPages/game/l0;->e(I)V || 00d2:LscriptPages/game/q;->s()V || 00e4:Lo/a;->a3(I)J || 00f4:Lo/a;->p3(J)I || 0100:Lo/a;->a3(I)J || 0108:LscriptPages/game/q;->M1(J)V || 0112:Lo/a;->a3(I)J
LscriptPages/game/z;->O(Ljava/lang/String;)V,0x365db8,4,0000:readByte(Ljava/lang/String;)B || 0008:readUTF(Ljava/lang/String;)Ljava/lang/String; || 0014:readLong(Ljava/lang/String;)J || 001c:readUTF(Ljava/lang/String;)Ljava/lang/String;,0026:Lo/a;->c3(I J)I || 0046:LscriptPages/game/z;->i0(B)V || 0050:LscriptPages/game/r0;->a0(Ljava/lang/String; I)V || 005a:LscriptPages/game/z;->i0(B)V
Lo/a;->f6(I Ljava/lang/String;)V,0x240b38,2,07d8:readByte(Ljava/lang/String;)B || 07fa:readLong(Ljava/lang/String;)J,0806:Lo/a;->b6(I Ljava/lang/String; I)V
LscriptPages/game/z;->B(Ljava/lang/String;)V,0x365444,2,0000:readByte(Ljava/lang/String;)B || 0016:readLong(Ljava/lang/String;)J,0008:Lo/a;->V5(Ljava/lang/String;)V || 001e:Lo/a;->c3(I J)I || 002a:Lo/a;->a6(I Ljava/lang/String;)V || 003e:LscriptPages/data/g;->I1(I Ljava/lang/String; [[Ljava/lang/String;)Ljava/lang/String; || 0046:LscriptPages/game/r0;->d0(Ljava/lang/String;)V || 005e:LscriptPages/gameHD/h;->A(Z)V || 0068:LscriptPages/game/z;->i0(B)V || 007a:LscriptPages/game/z;->i0(B)V || 0084:LscriptPages/game/z;->Y(I I)V || 00e2:LscriptPages/data/g;->R0(I)Ljava/lang/String; || 010e:LscriptPages/data/g;->I1(I Ljava/lang/String; [[Ljava/lang/String;)Ljava/lang/String; || 011e:LscriptPages/data/g;->I1(I Ljava/lang/String; [[Ljava/lang/String;)Ljava/lang/String; || 0126:LscriptPages/game/n;->X(J J Ljava/lang/String; Ljava/lang/String;)V || 0132:LscriptPages/game/z;->i0(B)V
LscriptPages/game/z;->C(Ljava/lang/String;)V,0x365590,4,0000:readByte(Ljava/lang/String;)B || 0014:readLong(Ljava/lang/String;)J || 0028:readShort(Ljava/lang/String;)S || 003e:readShort(Ljava/lang/String;)S,0008:Lo/a;->V5(Ljava/lang/String;)V || 001c:Lo/a;->c3(I J)I || 005c:LscriptPages/game/z;->i0(B)V || 0078:LscriptPages/gameHD/h;->A(Z)V || 0086:LscriptPages/gameHD/g;->D(Z)V || 009a:LscriptPages/game/r0;->V([Ljava/lang/String; [[S I)V || 00aa:LscriptPages/data/g;->I1(I Ljava/lang/String; [[Ljava/lang/String;)Ljava/lang/String; || 00b2:LscriptPages/game/r0;->d0(Ljava/lang/String;)V || 00c2:LscriptPages/game/z;->g0()V || 00c8:LscriptPages/game/z;->s0()V
LscriptPages/game/z;->G(Ljava/lang/String;)V,0x365734,15,0000:readByte(Ljava/lang/String;)B || 0006:readUTF(Ljava/lang/String;)Ljava/lang/String; || 000c:readLong(Ljava/lang/String;)J || 0028:readByte(Ljava/lang/String;)B || 0094:readLong(Ljava/lang/String;)J || 00a4:readUTF(Ljava/lang/String;)Ljava/lang/String; || 00b4:readShort(Ljava/lang/String;)S || 00c4:readByte(Ljava/lang/String;)B || 00d8:readByte(Ljava/lang/String;)B || 00ea:readShort(Ljava/lang/String;)S || 00fa:readByte(Ljava/lang/String;)B || 010e:readShort(Ljava/lang/String;)S || 0122:readShort(Ljava/lang/String;)S || 0136:readShort(Ljava/lang/String;)S || 014c:readShort(Ljava/lang/String;)S,0014:LscriptPages/PageMain;->getCurTime()J || 0022:Lo/a;->V5(Ljava/lang/String;)V || 0184:LscriptPages/game/z;->j0()V
LscriptPages/game/z;->P(Ljava/lang/String;)V,0x365e2c,4,0012:readByte(Ljava/lang/String;)B || 0026:readLong(Ljava/lang/String;)J || 003e:readByte(Ljava/lang/String;)B || 004c:readInt(Ljava/lang/String;)I,000c:LscriptPages/game/r0;->V([Ljava/lang/String; [[S I)V || 0020:Lo/a;->a6(I Ljava/lang/String;)V || 002e:Lo/a;->c3(I J)I || 0036:Lo/a;->s1(I I)J || 0046:Lo/a;->T8(J I)V || 0054:Lo/a;->S8(J I)V || 0068:Lo/a;->f6(I Ljava/lang/String;)V || 0076:LscriptPages/data/g;->I1(I Ljava/lang/String; [[Ljava/lang/String;)Ljava/lang/String; || 007e:LscriptPages/game/r0;->d0(Ljava/lang/String;)V || 008e:LscriptPages/data/g;->I1(I Ljava/lang/String; [[Ljava/lang/String;)Ljava/lang/String; || 0096:LscriptPages/game/r0;->d0(Ljava/lang/String;)V || 009c:Lo/a;->V5(Ljava/lang/String;)V || 00be:LscriptPages/gameHD/g;->D(Z)V || 00c6:LscriptPages/gameHD/h;->A(Z)V
LscriptPages/game/z;->I(Ljava/lang/String;)V,0x365910,13,0000:readByte(Ljava/lang/String;)B || 0008:readByte(Ljava/lang/String;)B || 0010:readLong(Ljava/lang/String;)J || 0018:readLong(Ljava/lang/String;)J || 001e:readLong(Ljava/lang/String;)J || 0026:readLong(Ljava/lang/String;)J || 002e:readLong(Ljava/lang/String;)J || 0050:readByte(Ljava/lang/String;)B || 005e:readLong(Ljava/lang/String;)J || 0072:readShort(Ljava/lang/String;)S || 0088:readShort(Ljava/lang/String;)S || 00ca:readShort(Ljava/lang/String;)S || 00e0:readShort(Ljava/lang/String;)S,0066:Lo/a;->c3(I J)I || 00ac:LscriptPages/data/g;->I1(I Ljava/lang/String; [[Ljava/lang/String;)Ljava/lang/String; || 00b6:LscriptPages/game/r0;->Z(Ljava/lang/String; I)V || 00be:Lo/a;->c3(I J)I || 0104:LscriptPages/data/g;->I1(I Ljava/lang/String; [[Ljava/lang/String;)Ljava/lang/String; || 010c:LscriptPages/game/r0;->d0(Ljava/lang/String;)V || 0116:LscriptPages/game/z;->i0(B)V
LscriptPages/game/z;->E(Ljava/lang/String;)V,0x3656b0,1,0000:readByte(Ljava/lang/String;)B,000e:Lo/a;->a6(I Ljava/lang/String;)V || 0024:LscriptPages/data/g;->I1(I Ljava/lang/String; [[Ljava/lang/String;)Ljava/lang/String; || 002c:LscriptPages/game/r0;->d0(Ljava/lang/String;)V || 0036:LscriptPages/game/z;->i0(B)V || 003c:LscriptPages/game/z;->s0()V
LscriptPages/game/z;->L(Ljava/lang/String;)V,0x365ac4,8,0000:readByte(Ljava/lang/String;)B || 0008:readByte(Ljava/lang/String;)B || 0010:readLong(Ljava/lang/String;)J || 0018:readInt(Ljava/lang/String;)I || 001e:readLong(Ljava/lang/String;)J || 0026:readLong(Ljava/lang/String;)J || 002e:readByte(Ljava/lang/String;)B || 0048:readByte(Ljava/lang/String;)B,003c:Lo/a;->c3(I J)I || 0050:Lo/a;->U8(I I I)V || 0056:LscriptPages/PageMain;->getCurTime()J || 008a:LscriptPages/game/z;->n0()V || 00a6:LscriptPages/data/g;->I1(I Ljava/lang/String; [[Ljava/lang/String;)Ljava/lang/String; || 00ca:LscriptPages/data/g;->I1(I Ljava/lang/String; [[Ljava/lang/String;)Ljava/lang/String; || 00d8:LscriptPages/data/g;->I1(I Ljava/lang/String; [[Ljava/lang/String;)Ljava/lang/String; || 00e8:LscriptPages/data/g;->I1(I Ljava/lang/String; [[Ljava/lang/String;)Ljava/lang/String; || 0100:LscriptPages/data/g;->I1(I Ljava/lang/String; [[Ljava/lang/String;)Ljava/lang/String; || 0118:LscriptPages/data/g;->I1(I Ljava/lang/String; [[Ljava/lang/String;)Ljava/lang/String; || 0130:LscriptPages/data/g;->I1(I Ljava/lang/String; [[Ljava/lang/String;)Ljava/lang/String; || 0148:LscriptPages/data/g;->I1(I Ljava/lang/String; [[Ljava/lang/String;)Ljava/lang/String; || 0156:LscriptPages/game/r0;->Z(Ljava/lang/String; I)V || 0160:LscriptPages/game/z;->i0(B)V
LscriptPages/game/z;->L0(Ljava/lang/String;)V,0x369b70,4,0000:readByte(Ljava/lang/String;)B || 000c:readLong(Ljava/lang/String;)J || 0018:readLong(Ljava/lang/String;)J || 0024:readInt(Ljava/lang/String;)I,
LscriptPages/game/z;->Q(Ljava/lang/String;)V,0x365f0c,8,0000:readByte(Ljava/lang/String;)B || 0008:readUTF(Ljava/lang/String;)Ljava/lang/String; || 0010:readLong(Ljava/lang/String;)J || 0018:readLong(Ljava/lang/String;)J || 00a2:readLong(Ljava/lang/String;)J || 00b2:readByte(Ljava/lang/String;)B || 00d0:readInt(Ljava/lang/String;)I || 00de:readInt(Ljava/lang/String;)I,002c:LscriptPages/data/d;->a(J)V || 0090:Lo/a;->f6(I Ljava/lang/String;)V || 0096:Lo/a;->V5(Ljava/lang/String;)V || 009c:Lo/a;->k0(J)V || 00aa:Lo/a;->p3(J)I || 0104:LscriptPages/game/r0;->Z(Ljava/lang/String; I)V || 0116:LscriptPages/data/g;->I1(I Ljava/lang/String; [[Ljava/lang/String;)Ljava/lang/String; || 011e:LscriptPages/game/r0;->d0(Ljava/lang/String;)V || 0148:LscriptPages/PageMain;->setStatus(I)V || 014e:LscriptPages/game/r0;->a0(Ljava/lang/String; I)V || 0154:LscriptPages/gameHD/g;->y(Z)V || 0164:LscriptPages/game/z;->l0(B)V || 0174:LscriptPages/game/z;->l0(B)V || 0190:LscriptPages/gameHD/h;->A(Z)V || 01a4:LscriptPages/gameHD/g;->D(Z)V
LscriptPages/game/z;->K0(Ljava/lang/String;)V,0x369afc,3,0000:readByte(Ljava/lang/String;)B || 0008:readUTF(Ljava/lang/String;)Ljava/lang/String; || 0010:readByte(Ljava/lang/String;)B,0020:Lo/a;->a6(I Ljava/lang/String;)V || 0030:LscriptPages/data/g;->I1(I Ljava/lang/String; [[Ljava/lang/String;)Ljava/lang/String; || 0038:LscriptPages/game/r0;->d0(Ljava/lang/String;)V || 0044:LscriptPages/game/r0;->a0(Ljava/lang/String; I)V || 0054:LscriptPages/data/g;->I1(I Ljava/lang/String; [[Ljava/lang/String;)Ljava/lang/String; || 005c:LscriptPages/game/r0;->d0(Ljava/lang/String;)V
LscriptPages/game/z;->S(Ljava/lang/String;)V,0x366118,9,0000:readByte(Ljava/lang/String;)B || 0008:readLong(Ljava/lang/String;)J || 0010:readShort(Ljava/lang/String;)S || 0016:readShort(Ljava/lang/String;)S || 001c:readShort(Ljava/lang/String;)S || 0024:readShort(Ljava/lang/String;)S || 00a6:readByte(Ljava/lang/String;)B || 00bc:readByte(Ljava/lang/String;)B || 00c8:readInt(Ljava/lang/String;)I,002e:Lo/a;->c3(I J)I || 0036:Lo/a;->s1(I I)J || 003e:Lo/a;->h3(J)I || 0084:Lo/a;->T8(J I)V || 008a:Lo/a;->S8(J I)V || 0096:Lo/a;->Q3(I I)J || 009e:Lo/a;->p3(J)I || 0102:LscriptPages/gameHD/h;->A(Z)V || 0110:LscriptPages/gameHD/g;->D(Z)V || 0134:LscriptPages/game/q;->h0()V || 013e:Lo/a;->Q3(I I)J || 0146:LscriptPages/game/q;->M1(J)V || 014c:LscriptPages/gameHD/g;->y(Z)V || 0158:LscriptPages/game/z;->i0(B)V || 016e:LscriptPages/data/g;->I1(I Ljava/lang/String; [[Ljava/lang/String;)Ljava/lang/String; || 0176:LscriptPages/game/r0;->d0(Ljava/lang/String;)V || 017c:LscriptPages/game/z;->r0()V
LscriptPages/game/z;->N(Ljava/lang/String;)V,0x365d38,1,0000:readByte(Ljava/lang/String;)B,000e:Lo/a;->f6(I Ljava/lang/String;)V || 0024:LscriptPages/game/z;->l0(B)V || 003e:LscriptPages/data/g;->I1(I Ljava/lang/String; [[Ljava/lang/String;)Ljava/lang/String; || 0046:LscriptPages/game/r0;->d0(Ljava/lang/String;)V || 005a:LscriptPages/data/g;->I1(I Ljava/lang/String; [[Ljava/lang/String;)Ljava/lang/String; || 0062:LscriptPages/game/r0;->d0(Ljava/lang/String;)V
LscriptPages/game/p;->M0(Ljava/lang/String;)V,0x30cad4,10,0000:readByte(Ljava/lang/String;)B || 0008:readUTF(Ljava/lang/String;)Ljava/lang/String; || 001a:readByte(Ljava/lang/String;)B || 002c:readLong(Ljava/lang/String;)J || 0044:readByte(Ljava/lang/String;)B || 004c:readInt(Ljava/lang/String;)I || 0072:readLong(Ljava/lang/String;)J || 0082:readByte(Ljava/lang/String;)B || 0096:readByte(Ljava/lang/String;)B || 00a2:readInt(Ljava/lang/String;)I,003c:Lo/a;->q1(J)J || 0060:Lo/a;->T8(J I)V || 0066:Lo/a;->S8(J I)V || 007a:Lo/a;->p3(J)I || 00c6:LscriptPages/game/r0;->d0(Ljava/lang/String;)V
LscriptPages/game/z;->P0(Ljava/lang/String;)V,0x369c94,2,0000:readByte(Ljava/lang/String;)B || 000c:readByte(Ljava/lang/String;)B,0006:Lo/a;->V5(Ljava/lang/String;)V || 001a:Lo/a;->a6(I Ljava/lang/String;)V || 0022:Lo/a;->f6(I Ljava/lang/String;)V || 0030:LscriptPages/game/z;->i0(B)V
LscriptPages/game/q;->Q1(Ljava/lang/String;)V,0x32a7cc,5,0000:readByte(Ljava/lang/String;)B || 0008:readLong(Ljava/lang/String;)J || 0018:readByte(Ljava/lang/String;)B || 0030:readByte(Ljava/lang/String;)B || 003c:readInt(Ljava/lang/String;)I,0010:Lo/a;->p3(J)I || 0072:LscriptPages/data/g;->I1(I Ljava/lang/String; [[Ljava/lang/String;)Ljava/lang/String; || 007a:LscriptPages/game/r0;->d0(Ljava/lang/String;)V || 0080:LscriptPages/game/q;->p1()V
LscriptPages/game/q;->j1(Ljava/lang/String;)V,0x328210,2,0000:readLong(Ljava/lang/String;)J || 0006:readByte(Ljava/lang/String;)B,0012:LscriptPages/game/q;->a0(Ljava/lang/String;)V || 001a:Lo/a;->Z5(Ljava/lang/String;)V
LscriptPages/game/q;->R(Ljava/lang/String;)V,0x322710,7,0000:readByte(Ljava/lang/String;)B || 0008:readLong(Ljava/lang/String;)J || 000e:readByte(Ljava/lang/String;)B || 001a:readByte(Ljava/lang/String;)B || 0034:readByte(Ljava/lang/String;)B || 0042:readLong(Ljava/lang/String;)J || 0056:readByte(Ljava/lang/String;)B,0026:LscriptPages/game/q;->a0(Ljava/lang/String;)V || 002e:Lo/a;->Z5(Ljava/lang/String;)V || 004a:Lo/a;->c3(I J)I || 005e:Lo/a;->U8(I I I)V || 0072:LscriptPages/game/q;->I0(I)V
LscriptPages/game/q;->Q(Ljava/lang/String;)V,0x32268c,6,0000:readByte(Ljava/lang/String;)B || 0006:readLong(Ljava/lang/String;)J || 000c:readByte(Ljava/lang/String;)B || 001a:readByte(Ljava/lang/String;)B || 0028:readLong(Ljava/lang/String;)J || 0030:readByte(Ljava/lang/String;)B,0038:Lo/a;->c3(I J)I || 0044:Lo/a;->U8(I I I)V || 005a:LscriptPages/game/q;->I0(I)V || 0060:LscriptPages/game/q;->a0(Ljava/lang/String;)V || 0068:Lo/a;->Z5(Ljava/lang/String;)V
LscriptPages/game/q;->e0(Ljava/lang/String;)V,0x3233f4,4,0000:readByte(Ljava/lang/String;)B || 0008:readLong(Ljava/lang/String;)J || 000e:readLong(Ljava/lang/String;)J || 0014:readByte(Ljava/lang/String;)B,0020:LscriptPages/game/q;->Z(Ljava/lang/String;)V || 0026:LscriptPages/game/q;->q1()V || 005c:LscriptPages/data/f;->j(I Ljava/lang/String; [[Ljava/lang/String; Ljava/lang/StringBuilder; I Ljava/lang/String; [[Ljava/lang/String;)Ljava/lang/String; || 006c:LscriptPages/data/g;->I1(I Ljava/lang/String; [[Ljava/lang/String;)Ljava/lang/String; || 0090:LscriptPages/data/f;->j(I Ljava/lang/String; [[Ljava/lang/String; Ljava/lang/StringBuilder; I Ljava/lang/String; [[Ljava/lang/String;)Ljava/lang/String; || 009e:LscriptPages/game/r0;->d0(Ljava/lang/String;)V
LscriptPages/game/q;->l1(Ljava/lang/String;)V,0x32828c,4,0000:readLong(Ljava/lang/String;)J || 0006:readShort(Ljava/lang/String;)S || 000e:readLong(Ljava/lang/String;)J || 001a:readLong(Ljava/lang/String;)J,005c:LscriptPages/data/g;->I1(I Ljava/lang/String; [[Ljava/lang/String;)Ljava/lang/String; || 0074:LscriptPages/game/e;->s(Ljava/lang/StringBuilder; Ljava/lang/String; I Ljava/lang/String; [[Ljava/lang/String;)V || 009a:LscriptPages/game/g;->l(J Ljava/lang/String;)Ljava/lang/String; || 00d4:LscriptPages/data/g;->I1(I Ljava/lang/String; [[Ljava/lang/String;)Ljava/lang/String; || 00ec:LscriptPages/data/g;->u1(I)Ljava/lang/String; || 00fe:LscriptPages/data/g;->I1(I Ljava/lang/String; [[Ljava/lang/String;)Ljava/lang/String; || 0116:LscriptPages/game/e;->s(Ljava/lang/StringBuilder; Ljava/lang/String; I Ljava/lang/String; [[Ljava/lang/String;)V || 0180:LscriptPages/game/g;->l(J Ljava/lang/String;)Ljava/lang/String; || 01c0:LscriptPages/data/g;->I1(I Ljava/lang/String; [[Ljava/lang/String;)Ljava/lang/String;
LscriptPages/game/q;->g0(Ljava/lang/String;)V,0x3234e4,1,0000:readByte(Ljava/lang/String;)B,000c:LscriptPages/game/q;->Z(Ljava/lang/String;)V || 0018:LscriptPages/game/q;->q1()V
LscriptPages/game/q;->o1(Ljava/lang/String;)V,0x3286dc,6,0000:readByte(Ljava/lang/String;)B || 0008:readByte(Ljava/lang/String;)B || 0050:readLong(Ljava/lang/String;)J || 005c:readLong(Ljava/lang/String;)J || 00fe:readLong(Ljava/lang/String;)J || 010a:readLong(Ljava/lang/String;)J,0020:LscriptPages/data/g;->I1(I Ljava/lang/String; [[Ljava/lang/String;)Ljava/lang/String; || 0028:LscriptPages/game/r0;->Z(Ljava/lang/String; I)V || 006c:Lo/a;->c3(I J)I || 0084:Lo/a;->K3(I I)Ljava/lang/String; || 00e4:LscriptPages/data/g;->I1(I Ljava/lang/String; [[Ljava/lang/String;)Ljava/lang/String; || 00ec:LscriptPages/game/z;->k0(Ljava/lang/String; I)V || 011a:Lo/a;->c3(I J)I || 0132:Lo/a;->K3(I I)Ljava/lang/String; || 0192:LscriptPages/data/g;->I1(I Ljava/lang/String; [[Ljava/lang/String;)Ljava/lang/String; || 019a:LscriptPages/game/z;->k0(Ljava/lang/String; I)V
LscriptPages/game/q;->b1(Ljava/lang/String;)V,0x327d50,2,0000:readByte(Ljava/lang/String;)B || 0008:readUTF(Ljava/lang/String;)Ljava/lang/String;,001e:Lo/a;->f6(I Ljava/lang/String;)V || 0026:Lo/a;->f6(I Ljava/lang/String;)V || 002c:Lo/a;->f6(I Ljava/lang/String;)V || 0060:LscriptPages/data/g;->I1(I Ljava/lang/String; [[Ljava/lang/String;)Ljava/lang/String; || 007a:LscriptPages/data/g;->I1(I Ljava/lang/String; [[Ljava/lang/String;)Ljava/lang/String; || 0094:LscriptPages/data/g;->I1(I Ljava/lang/String; [[Ljava/lang/String;)Ljava/lang/String; || 00ae:LscriptPages/data/g;->I1(I Ljava/lang/String; [[Ljava/lang/String;)Ljava/lang/String; || 00c8:LscriptPages/data/g;->I1(I Ljava/lang/String; [[Ljava/lang/String;)Ljava/lang/String; || 00e0:LscriptPages/data/g;->I1(I Ljava/lang/String; [[Ljava/lang/String;)Ljava/lang/String; || 00f8:LscriptPages/data/g;->I1(I Ljava/lang/String; [[Ljava/lang/String;)Ljava/lang/String; || 0110:LscriptPages/data/g;->I1(I Ljava/lang/String; [[Ljava/lang/String;)Ljava/lang/String; || 012a:LscriptPages/data/g;->I1(I Ljava/lang/String; [[Ljava/lang/String;)Ljava/lang/String; || 0144:LscriptPages/data/g;->I1(I Ljava/lang/String; [[Ljava/lang/String;)Ljava/lang/String; || 015e:LscriptPages/data/g;->I1(I Ljava/lang/String; [[Ljava/lang/String;)Ljava/lang/String; || 0178:LscriptPages/data/g;->I1(I Ljava/lang/String; [[Ljava/lang/String;)Ljava/lang/String; || 018a:LscriptPages/data/g;->I1(I Ljava/lang/String; [[Ljava/lang/String;)Ljava/lang/String; || 0196:LscriptPages/game/r0;->Z(Ljava/lang/String; I)V || 01a4:LscriptPages/game/q;->R0()V
LscriptPages/game/q;->c1(Ljava/lang/String;)V,0x327f0c,1,0000:readByte(Ljava/lang/String;)B,000e:Lo/a;->f6(I Ljava/lang/String;)V || 0028:LscriptPages/data/g;->I1(I Ljava/lang/String; [[Ljava/lang/String;)Ljava/lang/String; || 0030:LscriptPages/game/r0;->Z(Ljava/lang/String; I)V || 0040:LscriptPages/data/g;->I1(I Ljava/lang/String; [[Ljava/lang/String;)Ljava/lang/String; || 0048:LscriptPages/game/r0;->Z(Ljava/lang/String; I)V || 0056:LscriptPages/game/q;->R0()V
LscriptPages/game/q;->d1(Ljava/lang/String;)V,0x327f7c,2,0000:readByte(Ljava/lang/String;)B || 0008:readBoolean(Ljava/lang/String;)Z,0016:Lo/a;->f6(I Ljava/lang/String;)V || 001e:Lo/a;->a6(I Ljava/lang/String;)V || 0040:LscriptPages/data/g;->I1(I Ljava/lang/String; [[Ljava/lang/String;)Ljava/lang/String; || 0048:LscriptPages/game/r0;->Z(Ljava/lang/String; I)V || 005c:LscriptPages/data/g;->I1(I Ljava/lang/String; [[Ljava/lang/String;)Ljava/lang/String; || 0064:LscriptPages/game/r0;->Z(Ljava/lang/String; I)V || 0076:LscriptPages/data/g;->I1(I Ljava/lang/String; [[Ljava/lang/String;)Ljava/lang/String; || 007e:LscriptPages/game/r0;->Z(Ljava/lang/String; I)V || 008a:LscriptPages/game/z;->l0(B)V || 00a0:LscriptPages/gameHD/h;->A(Z)V || 00ae:LscriptPages/gameHD/g;->D(Z)V
LscriptPages/game/q;->a1(Ljava/lang/String;)V,0x327cb4,1,0000:readByte(Ljava/lang/String;)B,000e:Lo/a;->f6(I Ljava/lang/String;)V || 0026:LscriptPages/data/g;->I1(I Ljava/lang/String; [[Ljava/lang/String;)Ljava/lang/String; || 002e:LscriptPages/game/r0;->d0(Ljava/lang/String;)V || 003e:LscriptPages/data/g;->I1(I Ljava/lang/String; [[Ljava/lang/String;)Ljava/lang/String; || 0046:LscriptPages/game/r0;->d0(Ljava/lang/String;)V || 0050:LscriptPages/game/z;->l0(B)V || 006e:LscriptPages/gameHD/h;->A(Z)V || 0082:LscriptPages/gameHD/g;->D(Z)V
LscriptPages/game/q;->U1(Ljava/lang/String;)V,0x32a98c,5,0000:readByte(Ljava/lang/String;)B || 0008:readLong(Ljava/lang/String;)J || 000e:readInt(Ljava/lang/String;)I || 002a:readLong(Ljava/lang/String;)J || 0036:readLong(Ljava/lang/String;)J,001e:Lo/a;->T5(Ljava/lang/String;)V || 005c:LscriptPages/data/g;->I1(I Ljava/lang/String; [[Ljava/lang/String;)Ljava/lang/String; || 0074:LscriptPages/data/g;->I1(I Ljava/lang/String; [[Ljava/lang/String;)Ljava/lang/String; || 008c:LscriptPages/data/g;->I1(I Ljava/lang/String; [[Ljava/lang/String;)Ljava/lang/String; || 00a4:LscriptPages/data/g;->I1(I Ljava/lang/String; [[Ljava/lang/String;)Ljava/lang/String; || 00b6:LscriptPages/data/g;->I1(I Ljava/lang/String; [[Ljava/lang/String;)Ljava/lang/String; || 00be:LscriptPages/game/r0;->d0(Ljava/lang/String;)V
LscriptPages/game/q;->Y1(Ljava/lang/String;)V,0x32ac24,2,0000:readByte(Ljava/lang/String;)B || 0008:readUTF(Ljava/lang/String;)Ljava/lang/String;,0010:LscriptPages/data/g;->m0(Ljava/lang/String;)V || 0024:LscriptPages/game/r0;->a0(Ljava/lang/String; I)V
LscriptPages/game/q;->V1(Ljava/lang/String;)V,0x32aa64,5,0000:readByte(Ljava/lang/String;)B || 0024:readLong(Ljava/lang/String;)J || 0044:readByte(Ljava/lang/String;)B || 005a:readByte(Ljava/lang/String;)B || 0066:readInt(Ljava/lang/String;)I,0010:Lo/a;->Z5(Ljava/lang/String;)V || 0016:LscriptPages/data/b;->L(Ljava/lang/String;)V || 002c:Lo/a;->j1(J Ljava/lang/String;)V || 0038:Lo/a;->T5(Ljava/lang/String;)V || 003e:Lo/a;->V5(Ljava/lang/String;)V || 00a0:LscriptPages/data/g;->I1(I Ljava/lang/String; [[Ljava/lang/String;)Ljava/lang/String; || 00a8:LscriptPages/game/r0;->d0(Ljava/lang/String;)V || 00b4:LscriptPages/game/q;->j0()V
LscriptPages/game/q;->T1(Ljava/lang/String;)V,0x32a8f0,4,0000:readByte(Ljava/lang/String;)B || 0022:readLong(Ljava/lang/String;)J || 003c:readLong(Ljava/lang/String;)J || 0048:readLong(Ljava/lang/String;)J,000e:Lo/a;->Z5(Ljava/lang/String;)V || 0014:LscriptPages/data/b;->L(Ljava/lang/String;)V || 002a:Lo/a;->j1(J Ljava/lang/String;)V || 0036:Lo/a;->V5(Ljava/lang/String;)V || 0054:Lo/a;->T5(Ljava/lang/String;)V || 0070:LscriptPages/data/g;->I1(I Ljava/lang/String; [[Ljava/lang/String;)Ljava/lang/String; || 0078:LscriptPages/game/r0;->d0(Ljava/lang/String;)V || 0084:LscriptPages/game/q;->j0()V
LscriptPages/game/q;->X1(Ljava/lang/String;)V,0x32ab80,4,0000:readByte(Ljava/lang/String;)B || 0022:readLong(Ljava/lang/String;)J || 003c:readLong(Ljava/lang/String;)J || 0048:readLong(Ljava/lang/String;)J,000e:Lo/a;->Z5(Ljava/lang/String;)V || 0014:LscriptPages/data/b;->L(Ljava/lang/String;)V || 002a:Lo/a;->j1(J Ljava/lang/String;)V || 0036:Lo/a;->V5(Ljava/lang/String;)V || 005a:LscriptPages/data/g;->m0(Ljava/lang/String;)V || 006a:LscriptPages/game/q;->V0()V || 007c:LscriptPages/data/g;->I1(I Ljava/lang/String; [[Ljava/lang/String;)Ljava/lang/String; || 0084:LscriptPages/game/r0;->d0(Ljava/lang/String;)V || 008a:LscriptPages/game/q;->V0()V
LscriptPages/game/q;->h1(Ljava/lang/String;)V,0x3281a0,2,0000:readByte(Ljava/lang/String;)B || 000c:readLong(Ljava/lang/String;)J,0020:Lo/a;->Y5(J Ljava/lang/String;)V || 0026:Lo/a;->j1(J Ljava/lang/String;)V
LscriptPages/game/q;->P1(Ljava/lang/String;)V,0x32a784,2,0000:readInt(Ljava/lang/String;)I || 0008:readUTF(Ljava/lang/String;)Ljava/lang/String;,001a:LscriptPages/game/r0;->a0(Ljava/lang/String; I)V || 0030:LscriptPages/game/r0;->a0(Ljava/lang/String; I)V
Lo/a;->O7(Ljava/lang/String;)V,0x249854,0,,0000:LscriptPages/data/g;->y3(Ljava/lang/String;)V
Lo/a;->I6(Ljava/lang/String;)V,0x243150,1,0000:readLong(Ljava/lang/String;)J,0008:Lo/a;->j1(J Ljava/lang/String;)V
LscriptPages/game/z;->M(Ljava/lang/String;)V,0x365c3c,4,0000:readByte(Ljava/lang/String;)B || 0008:readUTF(Ljava/lang/String;)Ljava/lang/String; || 0010:readLong(Ljava/lang/String;)J || 0018:readLong(Ljava/lang/String;)J,002c:LscriptPages/data/d;->a(J)V || 0032:Lo/a;->f6(I Ljava/lang/String;)V || 0038:Lo/a;->V5(Ljava/lang/String;)V || 003e:Lo/a;->k0(J)V || 0044:LscriptPages/game/r0;->a0(Ljava/lang/String; I)V || 0056:LscriptPages/data/g;->I1(I Ljava/lang/String; [[Ljava/lang/String;)Ljava/lang/String; || 005e:LscriptPages/game/r0;->d0(Ljava/lang/String;)V || 0088:LscriptPages/PageMain;->setStatus(I)V || 008e:LscriptPages/game/r0;->a0(Ljava/lang/String; I)V || 0094:LscriptPages/gameHD/g;->y(Z)V || 00a4:LscriptPages/game/z;->l0(B)V || 00b4:LscriptPages/game/z;->l0(B)V || 00d0:LscriptPages/gameHD/h;->A(Z)V || 00e4:LscriptPages/gameHD/g;->D(Z)V
LscriptPages/game/z;->F0(Ljava/lang/String;)V,0x36976c,1,0000:readByte(Ljava/lang/String;)B,000c:Lo/a;->c6(Ljava/lang/String;)V || 0016:Lo/a;->f6(I Ljava/lang/String;)V || 0020:Lo/a;->z2(J)[J
LscriptPages/game/z;->D0(Ljava/lang/String;)V,0x36950c,3,0000:readBoolean(Ljava/lang/String;)Z || 0008:readUTF(Ljava/lang/String;)Ljava/lang/String; || 0010:readByte(Ljava/lang/String;)B,001e:Lo/a;->c6(Ljava/lang/String;)V || 0024:Lo/a;->a6(I Ljava/lang/String;)V || 002c:Lo/a;->f6(I Ljava/lang/String;)V || 0032:Lo/a;->V5(Ljava/lang/String;)V || 0038:Lo/a;->S5(Ljava/lang/String;)V || 0042:Lo/a;->z2(J)[J || 006a:LscriptPages/game/k0;->t()V || 0074:LscriptPages/game/r0;->Z(Ljava/lang/String; I)V || 007e:LscriptPages/gameHD/c;->m()V || 0094:LscriptPages/game/k0;->t()V || 009a:LscriptPages/game/r0;->d0(Ljava/lang/String;)V || 00b4:LscriptPages/game/k0;->t()V || 00ba:LscriptPages/game/r0;->d0(Ljava/lang/String;)V || 00e0:LscriptPages/game/z;->i0(B)V || 00ea:LscriptPages/game/k0;->t()V || 0104:LscriptPages/game/r0;->F(I)I || 0120:LscriptPages/data/f;->c(I I I I)I || 0148:LscriptPages/game/m;->D(I I I I)I || 0156:LscriptPages/game/g;->b(I I I I)I || 015e:LscriptPages/game/r0;->F(I)I || 01ae:LscriptPages/game/m;->D(I I I I)I || 01ba:LscriptPages/game/g;->b(I I I I)I || 01c2:LscriptPages/game/r0;->F(I)I || 0200:LscriptPages/game/r0;->a0(Ljava/lang/String; I)V || 0214:LscriptPages/game/r0;->a0(Ljava/lang/String; I)V || 0220:LscriptPages/game/r0;->d0(Ljava/lang/String;)V
LscriptPages/game/z;->H0(Ljava/lang/String;)V,0x3697e8,3,0006:readBoolean(Ljava/lang/String;)Z || 000e:readUTF(Ljava/lang/String;)Ljava/lang/String; || 0016:readByte(Ljava/lang/String;)B,0024:Lo/a;->c6(Ljava/lang/String;)V || 002a:Lo/a;->a6(I Ljava/lang/String;)V || 0036:Lo/a;->f6(I Ljava/lang/String;)V || 003c:Lo/a;->V5(Ljava/lang/String;)V || 0046:Lo/a;->z2(J)[J || 006c:LscriptPages/gameHD/c;->m()V || 013c:LscriptPages/game/r0;->Z(Ljava/lang/String; I)V || 0148:LscriptPages/game/r0;->Z(Ljava/lang/String; I)V
LscriptPages/game/z;->N0(Ljava/lang/String;)V,0x369c10,1,0000:readByte(Ljava/lang/String;)B,0010:Lo/a;->f6(I Ljava/lang/String;)V || 0018:Lo/a;->d6(Ljava/lang/String;)V || 001e:LscriptPages/game/z;->t0()V
LscriptPages/game/z;->M0(Ljava/lang/String;)V,0x369bb4,3,0000:readByte(Ljava/lang/String;)B || 0006:readUTF(Ljava/lang/String;)Ljava/lang/String; || 000e:readByte(Ljava/lang/String;)B,001e:Lo/a;->f6(I Ljava/lang/String;)V || 0026:Lo/a;->a6(I Ljava/lang/String;)V || 002c:Lo/a;->d6(Ljava/lang/String;)V || 0032:Lo/a;->V5(Ljava/lang/String;)V || 0038:LscriptPages/game/r0;->a0(Ljava/lang/String; I)V || 003e:LscriptPages/game/z;->t0()V || 0044:LscriptPages/game/z;->q0()V
LscriptPages/game/z;->J0(Ljava/lang/String;)V,0x369998,15,0006:readByte(Ljava/lang/String;)B || 0014:readShort(Ljava/lang/String;)S || 0020:readShort(Ljava/lang/String;)S || 002e:readByte(Ljava/lang/String;)B || 0066:readUTF(Ljava/lang/String;)Ljava/lang/String; || 0072:readShort(Ljava/lang/String;)S || 007e:readShort(Ljava/lang/String;)S || 008a:readByte(Ljava/lang/String;)B || 0096:readShort(Ljava/lang/String;)S || 00a2:readShort(Ljava/lang/String;)S || 00ae:readShort(Ljava/lang/String;)S || 00ba:readShort(Ljava/lang/String;)S || 00c6:readShort(Ljava/lang/String;)S || 00d2:readShort(Ljava/lang/String;)S || 00de:readShort(Ljava/lang/String;)S,
LscriptPages/game/z;->B0(Ljava/lang/String;)V,0x369110,11,0006:readByte(Ljava/lang/String;)B || 0048:readUTF(Ljava/lang/String;)Ljava/lang/String; || 0050:readShort(Ljava/lang/String;)S || 0058:readByte(Ljava/lang/String;)B || 005e:readShort(Ljava/lang/String;)S || 0064:readShort(Ljava/lang/String;)S || 006a:readShort(Ljava/lang/String;)S || 0070:readShort(Ljava/lang/String;)S || 0078:readShort(Ljava/lang/String;)S || 0080:readShort(Ljava/lang/String;)S || 0088:readBoolean(Ljava/lang/String;)Z,0022:LscriptPages/data/g;->I1(I Ljava/lang/String; [[Ljava/lang/String;)Ljava/lang/String; || 003e:LscriptPages/game/k0;->C(Ljava/lang/String; S Ljava/lang/String; Ljava/lang/String; S Z)V || 0100:LscriptPages/data/g;->I1(I Ljava/lang/String; [[Ljava/lang/String;)Ljava/lang/String; || 013a:LscriptPages/data/g;->I1(I Ljava/lang/String; [[Ljava/lang/String;)Ljava/lang/String; || 0156:LscriptPages/data/f;->i(I Ljava/lang/String; [[Ljava/lang/String; Ljava/lang/StringBuilder;)Ljava/lang/String; || 01ba:LscriptPages/data/g;->s1(I)Ljava/lang/String; || 01ce:LscriptPages/data/g;->I1(I Ljava/lang/String; [[Ljava/lang/String;)Ljava/lang/String; || 01ea:LscriptPages/data/g;->s1(I)Ljava/lang/String; || 0224:LscriptPages/data/g;->I1(I Ljava/lang/String; [[Ljava/lang/String;)Ljava/lang/String; || 023c:LscriptPages/data/f;->i(I Ljava/lang/String; [[Ljava/lang/String; Ljava/lang/StringBuilder;)Ljava/lang/String; || 0254:LscriptPages/game/r0;->G(I)I || 0260:LscriptPages/game/r0;->G(I)I || 0268:LscriptPages/game/r0;->F(I)I || 0270:LscriptPages/game/r0;->F(I)I || 028a:LscriptPages/game/r0;->T(Ljava/lang/String; I)I || 02a2:LscriptPages/game/r0;->T(Ljava/lang/String; I)I || 02b6:LscriptPages/game/r0;->T(Ljava/lang/String; I)I || 02f6:LscriptPages/data/f;->x(I I I I)I || 032a:LscriptPages/data/f;->x(I I I I)I || 039a:LscriptPages/game/r0;->G(I)I
LscriptPages/game/z;->x0(Ljava/lang/String;)V,0x368d28,2,0006:readByte(Ljava/lang/String;)B || 000e:readUTF(Ljava/lang/String;)Ljava/lang/String;,001c:Lo/a;->V5(Ljava/lang/String;)V || 0022:LscriptPages/game/z;->A(Ljava/lang/String;)V || 005c:LscriptPages/game/k0;->C(Ljava/lang/String; S Ljava/lang/String; Ljava/lang/String; S Z)V || 0080:LscriptPages/game/k0;->C(Ljava/lang/String; S Ljava/lang/String; Ljava/lang/String; S Z)V || 0100:LscriptPages/data/g;->I1(I Ljava/lang/String; [[Ljava/lang/String;)Ljava/lang/String; || 0164:LscriptPages/data/g;->s1(I)Ljava/lang/String; || 0178:LscriptPages/data/g;->I1(I Ljava/lang/String; [[Ljava/lang/String;)Ljava/lang/String; || 01a6:LscriptPages/game/k0;->C(Ljava/lang/String; S Ljava/lang/String; Ljava/lang/String; S Z)V || 01b6:LscriptPages/game/r0;->d0(Ljava/lang/String;)V
LscriptPages/gameHD/g;->E(Ljava/lang/String;)V,0x433b7c,8,0042:readByte(Ljava/lang/String;)B || 004e:readLong(Ljava/lang/String;)J || 007e:readLong(Ljava/lang/String;)J || 00b2:readLong(Ljava/lang/String;)J || 01b6:readByte(Ljava/lang/String;)B || 01c2:readLong(Ljava/lang/String;)J || 0226:readLong(Ljava/lang/String;)J || 028e:readLong(Ljava/lang/String;)J,0056:Lo/a;->c3(I J)I || 0062:Lo/a;->a6(I Ljava/lang/String;)V || 0068:LscriptPages/data/g;->I1(I Ljava/lang/String; [[Ljava/lang/String;)Ljava/lang/String; || 0070:LscriptPages/gameHD/l;->M(Ljava/lang/String; I)V || 0086:Lo/a;->c3(I J)I || 0092:Lo/a;->a6(I Ljava/lang/String;)V || 009c:LscriptPages/data/g;->I1(I Ljava/lang/String; [[Ljava/lang/String;)Ljava/lang/String; || 00a4:LscriptPages/gameHD/l;->M(Ljava/lang/String; I)V || 00ba:Lo/a;->c3(I J)I || 00c6:Lo/a;->a6(I Ljava/lang/String;)V || 00da:LscriptPages/data/g;->I1(I Ljava/lang/String; [[Ljava/lang/String;)Ljava/lang/String; || 00ec:Lo/a;->Q2(I I)I || 0102:LscriptPages/gameHD/l;->M(Ljava/lang/String; I)V || 0112:LscriptPages/data/g;->I1(I Ljava/lang/String; [[Ljava/lang/String;)Ljava/lang/String; || 011a:LscriptPages/gameHD/l;->M(Ljava/lang/String; I)V || 012c:LscriptPages/data/g;->I1(I Ljava/lang/String; [[Ljava/lang/String;)Ljava/lang/String; || 0134:LscriptPages/gameHD/l;->M(Ljava/lang/String; I)V || 014a:LscriptPages/data/g;->I1(I Ljava/lang/String; [[Ljava/lang/String;)Ljava/lang/String; || 0152:LscriptPages/gameHD/l;->M(Ljava/lang/String; I)V || 0168:LscriptPages/data/g;->I1(I Ljava/lang/String; [[Ljava/lang/String;)Ljava/lang/String; || 0170:LscriptPages/gameHD/l;->M(Ljava/lang/String; I)V || 0186:LscriptPages/data/g;->I1(I Ljava/lang/String; [[Ljava/lang/String;)Ljava/lang/String; || 018e:LscriptPages/gameHD/l;->M(Ljava/lang/String; I)V || 019a:LscriptPages/data/g;->I1(I Ljava/lang/String; [[Ljava/lang/String;)Ljava/lang/String; || 01a2:LscriptPages/gameHD/l;->M(Ljava/lang/String; I)V || 01ca:Lo/a;->c3(I J)I || 020a:Lo/a;->a6(I Ljava/lang/String;)V || 0210:LscriptPages/data/g;->I1(I Ljava/lang/String; [[Ljava/lang/String;)Ljava/lang/String; || 0218:LscriptPages/gameHD/l;->M(Ljava/lang/String; I)V || 022e:Lo/a;->c3(I J)I || 026e:Lo/a;->a6(I Ljava/lang/String;)V || 0278:LscriptPages/data/g;->I1(I Ljava/lang/String; [[Ljava/lang/String;)Ljava/lang/String; || 0280:LscriptPages/gameHD/l;->M(Ljava/lang/String; I)V || 0296:Lo/a;->c3(I J)I || 02a2:Lo/a;->a6(I Ljava/lang/String;)V || 02b6:LscriptPages/data/g;->I1(I Ljava/lang/String; [[Ljava/lang/String;)Ljava/lang/String; || 02c8:Lo/a;->Q2(I I)I || 02de:LscriptPages/gameHD/l;->M(Ljava/lang/String; I)V || 02ee:LscriptPages/data/g;->I1(I Ljava/lang/String; [[Ljava/lang/String;)Ljava/lang/String; || 02f6:LscriptPages/gameHD/l;->M(Ljava/lang/String; I)V || 0308:LscriptPages/data/g;->I1(I Ljava/lang/String; [[Ljava/lang/String;)Ljava/lang/String; || 0310:LscriptPages/gameHD/l;->M(Ljava/lang/String; I)V || 0326:LscriptPages/data/g;->I1(I Ljava/lang/String; [[Ljava/lang/String;)Ljava/lang/String; || 032e:LscriptPages/gameHD/l;->M(Ljava/lang/String; I)V || 0344:LscriptPages/data/g;->I1(I Ljava/lang/String; [[Ljava/lang/String;)Ljava/lang/String; || 034c:LscriptPages/gameHD/l;->M(Ljava/lang/String; I)V || 0362:LscriptPages/data/g;->I1(I Ljava/lang/String; [[Ljava/lang/String;)Ljava/lang/String; || 036a:LscriptPages/gameHD/l;->M(Ljava/lang/String; I)V || 0376:LscriptPages/data/g;->I1(I Ljava/lang/String; [[Ljava/lang/String;)Ljava/lang/String; || 037e:LscriptPages/gameHD/l;->M(Ljava/lang/String; I)V
LscriptPages/game/z;->z0(Ljava/lang/String;)V,0x368f3c,28,0006:readByte(Ljava/lang/String;)B || 0030:readUTF(Ljava/lang/String;)Ljava/lang/String; || 0038:readLong(Ljava/lang/String;)J || 0050:readUTF(Ljava/lang/String;)Ljava/lang/String; || 0058:readLong(Ljava/lang/String;)J || 005e:readUTF(Ljava/lang/String;)Ljava/lang/String; || 0066:readByte(Ljava/lang/String;)B || 006e:readShort(Ljava/lang/String;)S || 0076:readShort(Ljava/lang/String;)S || 0092:readUTF(Ljava/lang/String;)Ljava/lang/String; || 009a:readUTF(Ljava/lang/String;)Ljava/lang/String; || 00a2:readByte(Ljava/lang/String;)B || 00ae:readLong(Ljava/lang/String;)J || 00b4:readUTF(Ljava/lang/String;)Ljava/lang/String; || 00bc:readByte(Ljava/lang/String;)B || 00c4:readShort(Ljava/lang/String;)S || 00cc:readShort(Ljava/lang/String;)S || 00ea:readLong(Ljava/lang/String;)J || 00f0:readUTF(Ljava/lang/String;)Ljava/lang/String; || 00f8:readLong(Ljava/lang/String;)J || 00fe:readUTF(Ljava/lang/String;)Ljava/lang/String; || 0106:readByte(Ljava/lang/String;)B || 010e:readShort(Ljava/lang/String;)S || 0116:readShort(Ljava/lang/String;)S || 013a:readLong(Ljava/lang/String;)J || 0140:readUTF(Ljava/lang/String;)Ljava/lang/String; || 0148:readShort(Ljava/lang/String;)S || 0150:readShort(Ljava/lang/String;)S,001e:LscriptPages/data/g;->I1(I Ljava/lang/String; [[Ljava/lang/String;)Ljava/lang/String; || 0026:LscriptPages/game/r0;->Z(Ljava/lang/String; I)V
LscriptPages/game/z;->Q0(Ljava/lang/String;)V,0x369cdc,0,,0000:LscriptPages/game/z;->A(Ljava/lang/String;)V || 000e:LscriptPages/game/z;->o0()V
Lo/a;->e6(Ljava/lang/String;)V,0x240a00,7,0000:readByte(Ljava/lang/String;)B || 005c:readByte(Ljava/lang/String;)B || 0072:readByte(Ljava/lang/String;)B || 0078:readUTF(Ljava/lang/String;)Ljava/lang/String; || 007e:readByte(Ljava/lang/String;)B || 0098:readByte(Ljava/lang/String;)B || 00a6:readLong(Ljava/lang/String;)J,0024:LscriptPages/data/g;->I1(I Ljava/lang/String; [[Ljava/lang/String;)Ljava/lang/String; || 002c:LscriptPages/game/r0;->Z(Ljava/lang/String; I)V || 004a:LscriptPages/data/g;->I1(I Ljava/lang/String; [[Ljava/lang/String;)Ljava/lang/String; || 0052:LscriptPages/game/r0;->Z(Ljava/lang/String; I)V || 00d2:Lo/a;->c3(I J)I || 00fa:LscriptPages/gameHD/g;->C()V || 0114:LscriptPages/gameHD/l;->b()V || 0120:LscriptPages/PageMain;->CloseReturn()V
LscriptPages/game/k;->E0(Ljava/lang/String;)V,0x2c9624,15,0000:readByte(Ljava/lang/String;)B || 000e:readUTF(Ljava/lang/String;)Ljava/lang/String; || 001a:readShort(Ljava/lang/String;)S || 0026:readShort(Ljava/lang/String;)S || 0032:readUTF(Ljava/lang/String;)Ljava/lang/String; || 003e:readInt(Ljava/lang/String;)I || 004a:readInt(Ljava/lang/String;)I || 0066:readByte(Ljava/lang/String;)B || 00be:readLong(Ljava/lang/String;)J || 00ce:readUTF(Ljava/lang/String;)Ljava/lang/String; || 00de:readByte(Ljava/lang/String;)B || 00ee:readUTF(Ljava/lang/String;)Ljava/lang/String; || 00fe:readByte(Ljava/lang/String;)B || 010e:readByte(Ljava/lang/String;)B || 011a:readByte(Ljava/lang/String;)B,0172:LscriptPages/game/r0;->G(I)I || 01b8:LscriptPages/data/b;->E(J)I || 01be:LscriptPages/game/r0;->F(I)I || 0256:LscriptPages/game/e;->B(I I I)I || 0266:LscriptPages/game/g;->a(I I I)I || 0272:LscriptPages/game/p0;->x()I || 027e:LscriptPages/game/p0;->y()I || 028e:LscriptPages/game/k0;->y()V || 02a2:LscriptPages/game/q;->C0(I I)V || 02b2:LscriptPages/game/k0;->y()V || 02be:LscriptPages/game/q;->C0(I I)V || 02d4:LscriptPages/data/g;->I1(I Ljava/lang/String; [[Ljava/lang/String;)Ljava/lang/String; || 02dc:LscriptPages/game/r0;->d0(Ljava/lang/String;)V
LscriptPages/game/p;->P0(Ljava/lang/String;)V,0x30cd34,15,0000:readByte(Ljava/lang/String;)B || 0016:readUTF(Ljava/lang/String;)Ljava/lang/String; || 0022:readShort(Ljava/lang/String;)S || 002e:readShort(Ljava/lang/String;)S || 003a:readUTF(Ljava/lang/String;)Ljava/lang/String; || 0046:readInt(Ljava/lang/String;)I || 0052:readInt(Ljava/lang/String;)I || 005e:readByte(Ljava/lang/String;)B || 00b0:readLong(Ljava/lang/String;)J || 00c0:readUTF(Ljava/lang/String;)Ljava/lang/String; || 00d0:readByte(Ljava/lang/String;)B || 00e0:readUTF(Ljava/lang/String;)Ljava/lang/String; || 00f0:readByte(Ljava/lang/String;)B || 0100:readByte(Ljava/lang/String;)B || 010c:readByte(Ljava/lang/String;)B,015c:LscriptPages/game/q;->C0(I I)V || 0182:LscriptPages/game/p;->h0()V || 01a0:LscriptPages/game/p;->u0()V || 01b0:LscriptPages/game/q;->C0(I I)V || 01c8:LscriptPages/game/q;->C0(I I)V || 0204:LscriptPages/game/q;->C0(I I)V
LscriptPages/game/k;->p1(Ljava/lang/String;)V,0x2cb714,0,,0008:LscriptPages/game/k;->I(Ljava/lang/String;)J
LscriptPages/game/k;->J0(Ljava/lang/String;)V,0x2c9adc,3,0000:readByte(Ljava/lang/String;)B || 000e:readLong(Ljava/lang/String;)J || 0016:readByte(Ljava/lang/String;)B,001e:LscriptPages/data/b;->Q(J I)V || 0024:LscriptPages/game/k;->K(Ljava/lang/String;)V || 0048:LscriptPages/game/k0;->H()V
LscriptPages/game/k;->o1(Ljava/lang/String;)V,0x2cb634,6,0008:readByte(Ljava/lang/String;)B || 0010:readUTF(Ljava/lang/String;)Ljava/lang/String; || 0020:readInt(Ljava/lang/String;)I || 0036:readInt(Ljava/lang/String;)I || 003e:readInt(Ljava/lang/String;)I || 0046:readInt(Ljava/lang/String;)I,0026:LscriptPages/game/k;->I(Ljava/lang/String;)J || 005a:LscriptPages/data/b;->A(J)[I || 0062:LscriptPages/data/b;->k(J)[I || 006a:LscriptPages/data/b;->v(J)[I || 0080:LscriptPages/data/b;->l(J)I || 0094:LscriptPages/data/b;->l(J)I || 00a8:LscriptPages/data/b;->l(J)I || 00c8:LscriptPages/game/s0;->h0(J I I I I I I)V
LscriptPages/game/k;->r0(Ljava/lang/String;)V,0x2c8958,21,0000:readByte(Ljava/lang/String;)B || 0008:readUTF(Ljava/lang/String;)Ljava/lang/String; || 0010:readByte(Ljava/lang/String;)B || 0016:readInt(Ljava/lang/String;)I || 001c:readInt(Ljava/lang/String;)I || 0022:readLong(Ljava/lang/String;)J || 002e:readLong(Ljava/lang/String;)J || 003a:readLong(Ljava/lang/String;)J || 0046:readLong(Ljava/lang/String;)J || 006a:readInt(Ljava/lang/String;)I || 0076:readInt(Ljava/lang/String;)I || 0088:readInt(Ljava/lang/String;)I || 0094:readInt(Ljava/lang/String;)I || 00a4:readInt(Ljava/lang/String;)I || 00b0:readInt(Ljava/lang/String;)I || 00bc:readInt(Ljava/lang/String;)I || 00c4:readInt(Ljava/lang/String;)I || 00cc:readInt(Ljava/lang/String;)I || 00d4:readInt(Ljava/lang/String;)I || 00dc:readInt(Ljava/lang/String;)I || 00e4:readInt(Ljava/lang/String;)I,005c:LscriptPages/data/b;->l(J)I || 0118:LscriptPages/data/b;->l(J)I || 012c:LscriptPages/data/b;->l(J)I || 0140:LscriptPages/data/b;->l(J)I || 0154:LscriptPages/data/b;->l(J)I || 0180:LscriptPages/game/k;->n1([I [I [I I [I [I [I)V || 01a2:LscriptPages/game/k;->n1([I [I [I I [I [I [I)V || 02d4:LscriptPages/game/s0;->h0(J I I I I I I)V || 02f4:Lo/a;->f6(I Ljava/lang/String;)V || 0306:LscriptPages/game/r0;->d0(Ljava/lang/String;)V
LscriptPages/game/k;->s0(Ljava/lang/String;)V,0x2c8c78,3,0000:readByte(Ljava/lang/String;)B || 0010:readLong(Ljava/lang/String;)J || 0018:readInt(Ljava/lang/String;)I,0020:LscriptPages/data/b;->l(J)I
LscriptPages/game/k;->q0(Ljava/lang/String;)V,0x2c87dc,10,005a:readByte(Ljava/lang/String;)B || 0066:readInt(Ljava/lang/String;)I || 0076:readLong(Ljava/lang/String;)J || 008a:readShort(Ljava/lang/String;)S || 00a0:readShort(Ljava/lang/String;)S || 00ae:readShort(Ljava/lang/String;)S || 00f4:readInt(Ljava/lang/String;)I || 0108:readLong(Ljava/lang/String;)J || 011c:readUTF(Ljava/lang/String;)Ljava/lang/String; || 0130:readLong(Ljava/lang/String;)J,014a:LscriptPages/game/k;->l0()V
LscriptPages/game/k;->h1(Ljava/lang/String;)V,0x2cb218,3,0000:readByte(Ljava/lang/String;)B || 0012:readLong(Ljava/lang/String;)J || 001a:readUTF(Ljava/lang/String;)Ljava/lang/String;,0026:LscriptPages/data/b;->l(J)I || 0046:LscriptPages/data/g;->I1(I Ljava/lang/String; [[Ljava/lang/String;)Ljava/lang/String; || 004e:LscriptPages/game/r0;->d0(Ljava/lang/String;)V
LscriptPages/game/k;->a(Ljava/lang/String;)V,0x2bc09c,2,0000:readByte(Ljava/lang/String;)B || 0012:readBoolean(Ljava/lang/String;)Z,000c:Lo/a;->Z5(Ljava/lang/String;)V || 001e:LscriptPages/data/b;->L(Ljava/lang/String;)V || 0056:LscriptPages/data/b;->n(J)Ljava/lang/String; || 006a:LscriptPages/data/g;->I1(I Ljava/lang/String; [[Ljava/lang/String;)Ljava/lang/String; || 0072:LscriptPages/game/r0;->a0(Ljava/lang/String; I)V || 008e:LscriptPages/data/g;->I1(I Ljava/lang/String; [[Ljava/lang/String;)Ljava/lang/String; || 0096:LscriptPages/game/r0;->d0(Ljava/lang/String;)V || 00ac:LscriptPages/data/g;->I1(I Ljava/lang/String; [[Ljava/lang/String;)Ljava/lang/String; || 00b4:LscriptPages/game/r0;->d0(Ljava/lang/String;)V || 00ca:LscriptPages/data/g;->I1(I Ljava/lang/String; [[Ljava/lang/String;)Ljava/lang/String; || 00d2:LscriptPages/game/r0;->d0(Ljava/lang/String;)V || 00e8:LscriptPages/data/g;->I1(I Ljava/lang/String; [[Ljava/lang/String;)Ljava/lang/String; || 00f0:LscriptPages/game/r0;->d0(Ljava/lang/String;)V || 0106:LscriptPages/data/g;->I1(I Ljava/lang/String; [[Ljava/lang/String;)Ljava/lang/String; || 010e:LscriptPages/game/r0;->d0(Ljava/lang/String;)V || 0126:LscriptPages/data/g;->I1(I Ljava/lang/String; [[Ljava/lang/String;)Ljava/lang/String; || 012e:LscriptPages/game/r0;->d0(Ljava/lang/String;)V || 013e:LscriptPages/data/g;->I1(I Ljava/lang/String; [[Ljava/lang/String;)Ljava/lang/String; || 0146:LscriptPages/game/r0;->d0(Ljava/lang/String;)V
LscriptPages/game/k;->Y0(Ljava/lang/String;)V,0x2caae0,28,0000:readByte(Ljava/lang/String;)B || 0018:readInt(Ljava/lang/String;)I || 0024:readInt(Ljava/lang/String;)I || 0030:readByte(Ljava/lang/String;)B || 0102:readByte(Ljava/lang/String;)B || 0112:readLong(Ljava/lang/String;)J || 0122:readUTF(Ljava/lang/String;)Ljava/lang/String; || 0132:readByte(Ljava/lang/String;)B || 0142:readShort(Ljava/lang/String;)S || 0152:readByte(Ljava/lang/String;)B || 0162:readByte(Ljava/lang/String;)B || 0172:readUTF(Ljava/lang/String;)Ljava/lang/String; || 0182:readUTF(Ljava/lang/String;)Ljava/lang/String; || 0192:readLong(Ljava/lang/String;)J || 01a2:readInt(Ljava/lang/String;)I || 01b2:readUTF(Ljava/lang/String;)Ljava/lang/String; || 01c2:readUTF(Ljava/lang/String;)Ljava/lang/String; || 01d2:readByte(Ljava/lang/String;)B || 01e2:readLong(Ljava/lang/String;)J || 01f2:readLong(Ljava/lang/String;)J || 0202:readShort(Ljava/lang/String;)S || 0212:readByte(Ljava/lang/String;)B || 0222:readByte(Ljava/lang/String;)B || 0232:readByte(Ljava/lang/String;)B || 0242:readShort(Ljava/lang/String;)S || 0252:readShort(Ljava/lang/String;)S || 0262:readLong(Ljava/lang/String;)J || 0272:readInt(Ljava/lang/String;)I,0290:LscriptPages/data/g;->I1(I Ljava/lang/String; [[Ljava/lang/String;)Ljava/lang/String; || 02ce:LscriptPages/data/g;->I1(I Ljava/lang/String; [[Ljava/lang/String;)Ljava/lang/String; || 02da:LscriptPages/game/k;->o0()V
LscriptPages/game/w;->b0(Ljava/lang/String;)V,0x34994c,31,0000:readByte(Ljava/lang/String;)B || 000c:readByte(Ljava/lang/String;)B || 0022:readByte(Ljava/lang/String;)B || 002e:readByte(Ljava/lang/String;)B || 003a:readByte(Ljava/lang/String;)B || 0046:readByte(Ljava/lang/String;)B || 0122:readLong(Ljava/lang/String;)J || 0132:readByte(Ljava/lang/String;)B || 0142:readUTF(Ljava/lang/String;)Ljava/lang/String; || 0152:readShort(Ljava/lang/String;)S || 0162:readShort(Ljava/lang/String;)S || 0172:readByte(Ljava/lang/String;)B || 0182:readByte(Ljava/lang/String;)B || 0192:readByte(Ljava/lang/String;)B || 01a2:readInt(Ljava/lang/String;)I || 01b2:readInt(Ljava/lang/String;)I || 01c2:readInt(Ljava/lang/String;)I || 01d2:readInt(Ljava/lang/String;)I || 01e2:readInt(Ljava/lang/String;)I || 01f2:readInt(Ljava/lang/String;)I || 0202:readInt(Ljava/lang/String;)I || 0212:readInt(Ljava/lang/String;)I || 021e:readInt(Ljava/lang/String;)I || 0232:readShort(Ljava/lang/String;)S || 0242:readShort(Ljava/lang/String;)S || 0252:readUTF(Ljava/lang/String;)Ljava/lang/String; || 0262:readByte(Ljava/lang/String;)B || 0272:readUTF(Ljava/lang/String;)Ljava/lang/String; || 0282:readUTF(Ljava/lang/String;)Ljava/lang/String; || 0292:readShort(Ljava/lang/String;)S || 02a2:readLong(Ljava/lang/String;)J,0018:LscriptPages/data/b;->L(Ljava/lang/String;)V || 02f6:LscriptPages/game/r0;->G(I)I || 0302:LscriptPages/game/q0;->n(Ljava/lang/String; Z)V || 0322:Lo/a;->s6(Ljava/lang/String; I I I Ljava/lang/String; I)I || 0338:Lo/a;->s6(Ljava/lang/String; I I I Ljava/lang/String; I)I || 0352:Lo/a;->s6(Ljava/lang/String; I I I Ljava/lang/String; I)I || 0358:LscriptPages/game/q0;->g1(Ljava/lang/String;)I || 0382:LscriptPages/game/q0;->l(Ljava/lang/String; Ljava/lang/String; I I)V || 039c:LscriptPages/game/q0;->l(Ljava/lang/String; Ljava/lang/String; I I)V || 03ba:LscriptPages/game/q0;->l(Ljava/lang/String; Ljava/lang/String; I I)V || 0454:LscriptPages/data/g;->I1(I Ljava/lang/String; [[Ljava/lang/String;)Ljava/lang/String; || 045c:LscriptPages/game/r0;->d0(Ljava/lang/String;)V
LscriptPages/game/w;->c0(Ljava/lang/String;)V,0x349dc0,11,0000:readByte(Ljava/lang/String;)B || 000c:readUTF(Ljava/lang/String;)Ljava/lang/String; || 0018:readUTF(Ljava/lang/String;)Ljava/lang/String; || 0024:readByte(Ljava/lang/String;)B || 0070:readLong(Ljava/lang/String;)J || 0080:readUTF(Ljava/lang/String;)Ljava/lang/String; || 0090:readByte(Ljava/lang/String;)B || 00a0:readUTF(Ljava/lang/String;)Ljava/lang/String; || 00b0:readByte(Ljava/lang/String;)B || 00c0:readShort(Ljava/lang/String;)S || 00d0:readShort(Ljava/lang/String;)S,00ec:LscriptPages/game/q;->C0(I I)V || 00f8:LscriptPages/game/r0;->d0(Ljava/lang/String;)V
LscriptPages/game/p;->X0(Ljava/lang/String;)V,0x30d558,11,0000:readByte(Ljava/lang/String;)B || 0010:readUTF(Ljava/lang/String;)Ljava/lang/String; || 0016:readUTF(Ljava/lang/String;)Ljava/lang/String; || 0022:readByte(Ljava/lang/String;)B || 006a:readLong(Ljava/lang/String;)J || 007a:readUTF(Ljava/lang/String;)Ljava/lang/String; || 008a:readByte(Ljava/lang/String;)B || 009a:readUTF(Ljava/lang/String;)Ljava/lang/String; || 00aa:readByte(Ljava/lang/String;)B || 00ba:readShort(Ljava/lang/String;)S || 00ca:readShort(Ljava/lang/String;)S,00ee:LscriptPages/game/p;->h0()V
LscriptPages/game/k;->G0(Ljava/lang/String;)V,0x2c9964,1,0000:readByte(Ljava/lang/String;)B,0008:LscriptPages/game/k;->K(Ljava/lang/String;)V || 0022:LscriptPages/data/g;->I1(I Ljava/lang/String; [[Ljava/lang/String;)Ljava/lang/String; || 002a:LscriptPages/game/r0;->d0(Ljava/lang/String;)V || 0038:LscriptPages/game/k0;->H()V || 004e:LscriptPages/data/g;->I1(I Ljava/lang/String; [[Ljava/lang/String;)Ljava/lang/String; || 0066:LscriptPages/data/g;->I1(I Ljava/lang/String; [[Ljava/lang/String;)Ljava/lang/String; || 007c:LscriptPages/data/g;->I1(I Ljava/lang/String; [[Ljava/lang/String;)Ljava/lang/String; || 008a:LscriptPages/game/r0;->d0(Ljava/lang/String;)V
LscriptPages/game/k;->H0(Ljava/lang/String;)V,0x2c9a08,1,0000:readByte(Ljava/lang/String;)B,0008:LscriptPages/game/k;->K(Ljava/lang/String;)V || 0018:Lo/a;->a6(I Ljava/lang/String;)V || 0030:LscriptPages/data/g;->I1(I Ljava/lang/String; [[Ljava/lang/String;)Ljava/lang/String; || 0048:LscriptPages/data/g;->I1(I Ljava/lang/String; [[Ljava/lang/String;)Ljava/lang/String; || 0060:LscriptPages/data/g;->I1(I Ljava/lang/String; [[Ljava/lang/String;)Ljava/lang/String; || 006e:LscriptPages/game/r0;->d0(Ljava/lang/String;)V
LscriptPages/game/k;->K0(Ljava/lang/String;)V,0x2c9b3c,4,0000:readByte(Ljava/lang/String;)B || 0018:readByte(Ljava/lang/String;)B || 0026:readLong(Ljava/lang/String;)J || 003a:readByte(Ljava/lang/String;)B,0008:LscriptPages/game/k;->K(Ljava/lang/String;)V || 002e:Lo/a;->c3(I J)I || 0042:Lo/a;->U8(I I I)V || 0058:LscriptPages/data/g;->I1(I Ljava/lang/String; [[Ljava/lang/String;)Ljava/lang/String; || 0060:LscriptPages/game/r0;->d0(Ljava/lang/String;)V
LscriptPages/game/k;->M0(Ljava/lang/String;)V,0x2c9c0c,51,0010:readByte(Ljava/lang/String;)B || 004c:readByte(Ljava/lang/String;)B || 005c:readLong(Ljava/lang/String;)J || 0076:readByte(Ljava/lang/String;)B || 0086:readUTF(Ljava/lang/String;)Ljava/lang/String; || 0096:readShort(Ljava/lang/String;)S || 00a6:readShort(Ljava/lang/String;)S || 00b6:readByte(Ljava/lang/String;)B || 00c6:readByte(Ljava/lang/String;)B || 00d6:readShort(Ljava/lang/String;)S || 00e6:readInt(Ljava/lang/String;)I || 00f6:readInt(Ljava/lang/String;)I || 0102:readInt(Ljava/lang/String;)I || 0116:readShort(Ljava/lang/String;)S || 0126:readShort(Ljava/lang/String;)S || 0136:readUTF(Ljava/lang/String;)Ljava/lang/String; || 0166:readByte(Ljava/lang/String;)B || 0176:readUTF(Ljava/lang/String;)Ljava/lang/String; || 018a:readInt(Ljava/lang/String;)I || 0196:readInt(Ljava/lang/String;)I || 01ae:readInt(Ljava/lang/String;)I || 01ba:readInt(Ljava/lang/String;)I || 01d2:readInt(Ljava/lang/String;)I || 01de:readInt(Ljava/lang/String;)I || 01f2:readShort(Ljava/lang/String;)S || 0202:readLong(Ljava/lang/String;)J || 0530:readLong(Ljava/lang/String;)J || 053c:readByte(Ljava/lang/String;)B || 0548:readUTF(Ljava/lang/String;)Ljava/lang/String; || 0554:readShort(Ljava/lang/String;)S || 0560:readShort(Ljava/lang/String;)S || 056c:readByte(Ljava/lang/String;)B || 0578:readByte(Ljava/lang/String;)B || 0584:readByte(Ljava/lang/String;)B || 0590:readInt(Ljava/lang/String;)I || 059c:readInt(Ljava/lang/String;)I || 05a8:readInt(Ljava/lang/String;)I || 05b4:readInt(Ljava/lang/String;)I || 05c0:readInt(Ljava/lang/String;)I || 05cc:readInt(Ljava/lang/String;)I || 05d8:readInt(Ljava/lang/String;)I || 05e4:readInt(Ljava/lang/String;)I || 05f0:readInt(Ljava/lang/String;)I || 05fc:readShort(Ljava/lang/String;)S || 0608:readShort(Ljava/lang/String;)S || 0614:readUTF(Ljava/lang/String;)Ljava/lang/String; || 0620:readByte(Ljava/lang/String;)B || 062c:readUTF(Ljava/lang/String;)Ljava/lang/String; || 0638:readUTF(Ljava/lang/String;)Ljava/lang/String; || 0644:readShort(Ljava/lang/String;)S || 0650:readLong(Ljava/lang/String;)J,0000:LscriptPages/PageMain;->getStatus()I || 0028:LscriptPages/data/g;->I1(I Ljava/lang/String; [[Ljava/lang/String;)Ljava/lang/String; || 0030:LscriptPages/game/r0;->d0(Ljava/lang/String;)V || 0064:LscriptPages/data/b;->l(J)I || 0220:LscriptPages/game/k;->M()V || 0226:LscriptPages/game/k;->L1(J)V || 022c:LscriptPages/PageMain;->setStatus(I)V || 0242:LscriptPages/data/b;->B(J)I || 0250:LscriptPages/data/b;->n(J)Ljava/lang/String; || 025c:LscriptPages/data/b;->g(J)I || 026a:LscriptPages/data/b;->h(J)I || 0278:LscriptPages/data/b;->r(J)I || 0286:LscriptPages/data/b;->z(J)I || 0294:LscriptPages/data/b;->w(J)I || 02a2:LscriptPages/data/b;->v(J)[I || 02b2:LscriptPages/data/b;->v(J)[I || 02c2:LscriptPages/data/b;->k(J)[I || 02d2:LscriptPages/data/b;->k(J)[I || 02e2:LscriptPages/data/b;->E(J)I || 02f0:LscriptPages/data/b;->F(J)I || 02fe:LscriptPages/data/b;->G(J)I || 0316:LscriptPages/data/b;->c(J)Ljava/lang/String; || 032e:LscriptPages/data/b;->b(J)I || 0344:LscriptPages/data/g;->I1(I Ljava/lang/String; [[Ljava/lang/String;)Ljava/lang/String; || 0368:LscriptPages/data/b;->b(J)I || 0386:LscriptPages/data/b;->H(J)I || 0392:LscriptPages/data/b;->I(J)I || 039e:LscriptPages/data/b;->o(J)Ljava/lang/String; || 03a4:LscriptPages/data/b;->A(J)[I || 03b4:LscriptPages/data/b;->A(J)[I || 03c4:LscriptPages/data/b;->d(J)S || 03d0:LscriptPages/data/b;->e(J)J || 03dc:LscriptPages/game/k;->P()V || 03e2:LscriptPages/game/k;->M()V || 03ec:LscriptPages/game/k;->L1(J)V || 03f2:LscriptPages/PageMain;->setStatus(I)V || 0408:LscriptPages/PageMain;->setStatus(I)V || 040e:LscriptPages/game/k;->M()V || 0418:LscriptPages/game/k;->L1(J)V || 0420:LscriptPages/game/k;->N1(I)V || 0434:LscriptPages/data/b;->l(J)I || 0440:LscriptPages/data/b;->n(J)Ljava/lang/String; || 044c:LscriptPages/data/b;->B(J)I || 045a:LscriptPages/data/b;->z(J)I || 0468:LscriptPages/data/b;->w(J)I || 0476:LscriptPages/data/b;->g(J)I || 0484:LscriptPages/data/b;->h(J)I || 0492:LscriptPages/data/b;->F(J)I || 04a0:LscriptPages/data/b;->E(J)I || 04ba:LscriptPages/data/b;->c(J)Ljava/lang/String; || 04c6:LscriptPages/data/b;->b(J)I || 04d8:LscriptPages/data/b;->H(J)I || 04e4:LscriptPages/data/b;->I(J)I || 04f0:LscriptPages/data/b;->k(J)[I || 0500:LscriptPages/data/b;->v(J)[I || 050c:LscriptPages/game/p;->q0(J Ljava/lang/String; B B B S S I I Ljava/lang/String; Ljava/lang/String; Ljava/lang/String; S I I I I)V || 0516:LscriptPages/game/p;->s0()V || 065c:LscriptPages/game/k;->P()V
LscriptPages/game/k;->x0(Ljava/lang/String;)V,0x2c8e2c,27,0000:readByte(Ljava/lang/String;)B || 000c:readByte(Ljava/lang/String;)B || 00aa:readLong(Ljava/lang/String;)J || 00b6:readByte(Ljava/lang/String;)B || 00c2:readUTF(Ljava/lang/String;)Ljava/lang/String; || 00ce:readShort(Ljava/lang/String;)S || 00da:readShort(Ljava/lang/String;)S || 00e6:readByte(Ljava/lang/String;)B || 00f2:readByte(Ljava/lang/String;)B || 00fe:readByte(Ljava/lang/String;)B || 010a:readInt(Ljava/lang/String;)I || 0116:readInt(Ljava/lang/String;)I || 0122:readInt(Ljava/lang/String;)I || 012e:readInt(Ljava/lang/String;)I || 013a:readInt(Ljava/lang/String;)I || 0146:readInt(Ljava/lang/String;)I || 0152:readInt(Ljava/lang/String;)I || 015e:readInt(Ljava/lang/String;)I || 016a:readInt(Ljava/lang/String;)I || 0176:readShort(Ljava/lang/String;)S || 0182:readShort(Ljava/lang/String;)S || 018e:readUTF(Ljava/lang/String;)Ljava/lang/String; || 019a:readByte(Ljava/lang/String;)B || 01a6:readUTF(Ljava/lang/String;)Ljava/lang/String; || 01b2:readUTF(Ljava/lang/String;)Ljava/lang/String; || 01be:readShort(Ljava/lang/String;)S || 01ca:readLong(Ljava/lang/String;)J,0232:LscriptPages/data/g;->I1(I Ljava/lang/String; [[Ljava/lang/String;)Ljava/lang/String; || 023a:LscriptPages/game/r0;->d0(Ljava/lang/String;)V || 025e:LscriptPages/data/g;->I1(I Ljava/lang/String; [[Ljava/lang/String;)Ljava/lang/String; || 0296:LscriptPages/data/g;->I1(I Ljava/lang/String; [[Ljava/lang/String;)Ljava/lang/String; || 02ac:LscriptPages/game/r0;->d0(Ljava/lang/String;)V || 02be:LscriptPages/game/k;->R0(J Ljava/lang/String;)V || 02cc:LscriptPages/game/k;->P0(J Ljava/lang/String;)V || 032a:LscriptPages/data/g;->I1(I Ljava/lang/String; [[Ljava/lang/String;)Ljava/lang/String; || 0336:LscriptPages/game/r0;->d0(Ljava/lang/String;)V || 0352:LscriptPages/data/g;->I1(I Ljava/lang/String; [[Ljava/lang/String;)Ljava/lang/String; || 035a:LscriptPages/game/r0;->c0(Ljava/lang/String;)V || 0368:LscriptPages/game/k;->y0(J Ljava/lang/String;)V || 03e0:LscriptPages/game/k;->n0()V || 03f8:LscriptPages/game/k;->n0()V || 0404:LscriptPages/game/r0;->d0(Ljava/lang/String;)V
LscriptPages/game/p;->N0(Ljava/lang/String;)V,0x30cbb4,12,0006:readInt(Ljava/lang/String;)I || 0014:readByte(Ljava/lang/String;)B || 0026:readShort(Ljava/lang/String;)S || 0032:readShort(Ljava/lang/String;)S || 0048:readLong(Ljava/lang/String;)J || 0054:readLong(Ljava/lang/String;)J || 0060:readLong(Ljava/lang/String;)J || 0070:readInt(Ljava/lang/String;)I || 007c:readInt(Ljava/lang/String;)I || 0088:readInt(Ljava/lang/String;)I || 008e:readShort(Ljava/lang/String;)S || 0094:readLong(Ljava/lang/String;)J,00e6:LscriptPages/game/p;->d0(J Ljava/lang/String; B B B S S I I Ljava/lang/String; Ljava/lang/String; B I I I I B [S [J)V || 00ec:LscriptPages/game/p;->c0()V || 010e:LscriptPages/data/g;->I1(I Ljava/lang/String; [[Ljava/lang/String;)Ljava/lang/String; || 0116:LscriptPages/game/r0;->Z(Ljava/lang/String; I)V
LscriptPages/game/k;->C0(Ljava/lang/String;)V,0x2c94ec,2,000c:readByte(Ljava/lang/String;)B || 0014:readUTF(Ljava/lang/String;)Ljava/lang/String;,0022:LscriptPages/game/r0;->Z(Ljava/lang/String; I)V || 002c:LscriptPages/game/q;->t0(I)V || 0040:LscriptPages/game/r0;->d0(Ljava/lang/String;)V || 0046:LscriptPages/game/q;->a()[J || 00b6:LscriptPages/game/r0;->d0(Ljava/lang/String;)V
LscriptPages/game/k;->c1(Ljava/lang/String;)V,0x2caf2c,1,0000:readByte(Ljava/lang/String;)B,000c:LscriptPages/game/k;->m1(Ljava/lang/String;)V
LscriptPages/game/k;->d1(Ljava/lang/String;)V,0x2caf50,2,0000:readByte(Ljava/lang/String;)B || 0012:readByte(Ljava/lang/String;)B,0022:LscriptPages/game/k;->m1(Ljava/lang/String;)V || 0030:LscriptPages/data/g;->I1(I Ljava/lang/String; [[Ljava/lang/String;)Ljava/lang/String; || 004c:LscriptPages/data/g;->I1(I Ljava/lang/String; [[Ljava/lang/String;)Ljava/lang/String; || 0064:LscriptPages/data/g;->I1(I Ljava/lang/String; [[Ljava/lang/String;)Ljava/lang/String; || 007c:LscriptPages/data/g;->I1(I Ljava/lang/String; [[Ljava/lang/String;)Ljava/lang/String; || 0094:LscriptPages/data/g;->I1(I Ljava/lang/String; [[Ljava/lang/String;)Ljava/lang/String; || 00ac:LscriptPages/data/g;->I1(I Ljava/lang/String; [[Ljava/lang/String;)Ljava/lang/String; || 00ba:LscriptPages/game/r0;->Z(Ljava/lang/String; I)V
LscriptPages/game/k;->W0(Ljava/lang/String;)V,0x2ca9f0,3,0006:readByte(Ljava/lang/String;)B || 0016:readLong(Ljava/lang/String;)J || 001e:readInt(Ljava/lang/String;)I,0026:LscriptPages/data/b;->l(J)I || 0044:LscriptPages/data/g;->I1(I Ljava/lang/String; [[Ljava/lang/String;)Ljava/lang/String; || 004c:LscriptPages/game/r0;->d0(Ljava/lang/String;)V || 0064:LscriptPages/data/g;->I1(I Ljava/lang/String; [[Ljava/lang/String;)Ljava/lang/String; || 006c:LscriptPages/game/r0;->d0(Ljava/lang/String;)V || 0082:LscriptPages/data/g;->I1(I Ljava/lang/String; [[Ljava/lang/String;)Ljava/lang/String; || 008a:LscriptPages/game/r0;->d0(Ljava/lang/String;)V
LscriptPages/game/k;->t0(Ljava/lang/String;)V,0x2c8cc0,3,0000:readByte(Ljava/lang/String;)B || 0012:readLong(Ljava/lang/String;)J || 001a:readByte(Ljava/lang/String;)B,0022:LscriptPages/data/b;->Q(J I)V || 0036:LscriptPages/data/b;->Q(J I)V
LscriptPages/game/k;->f1(Ljava/lang/String;)V,0x2cb024,1,0006:readByte(Ljava/lang/String;)B,000e:LscriptPages/data/b;->L(Ljava/lang/String;)V || 0024:LscriptPages/data/g;->I1(I Ljava/lang/String; [[Ljava/lang/String;)Ljava/lang/String; || 002c:LscriptPages/game/r0;->d0(Ljava/lang/String;)V || 005c:LscriptPages/data/g;->I1(I Ljava/lang/String; [[Ljava/lang/String;)Ljava/lang/String; || 008a:LscriptPages/data/g;->I1(I Ljava/lang/String; [[Ljava/lang/String;)Ljava/lang/String; || 00ae:LscriptPages/game/r0;->d0(Ljava/lang/String;)V || 00c8:LscriptPages/data/g;->I1(I Ljava/lang/String; [[Ljava/lang/String;)Ljava/lang/String; || 00d0:LscriptPages/game/r0;->d0(Ljava/lang/String;)V || 00e6:LscriptPages/data/g;->I1(I Ljava/lang/String; [[Ljava/lang/String;)Ljava/lang/String; || 00ee:LscriptPages/game/r0;->d0(Ljava/lang/String;)V || 0104:LscriptPages/data/g;->I1(I Ljava/lang/String; [[Ljava/lang/String;)Ljava/lang/String; || 010c:LscriptPages/game/r0;->d0(Ljava/lang/String;)V || 0122:LscriptPages/data/g;->I1(I Ljava/lang/String; [[Ljava/lang/String;)Ljava/lang/String; || 012a:LscriptPages/game/r0;->d0(Ljava/lang/String;)V
LscriptPages/game/k;->v0(Ljava/lang/String;)V,0x2c8d58,6,0006:readBoolean(Ljava/lang/String;)Z || 000e:readUTF(Ljava/lang/String;)Ljava/lang/String; || 0016:readByte(Ljava/lang/String;)B || 001e:readByte(Ljava/lang/String;)B || 0034:readLong(Ljava/lang/String;)J || 0040:readLong(Ljava/lang/String;)J,002c:LscriptPages/data/b;->L(Ljava/lang/String;)V || 0050:LscriptPages/game/r0;->Z(Ljava/lang/String; I)V || 0064:LscriptPages/game/k0;->G()V || 0074:LscriptPages/game/k0;->G()V
LscriptPages/game/k;->z0(Ljava/lang/String;)V,0x2c9290,8,0006:readByte(Ljava/lang/String;)B || 001e:readByte(Ljava/lang/String;)B || 0026:readByte(Ljava/lang/String;)B || 002e:readByte(Ljava/lang/String;)B || 0036:readLong(Ljava/lang/String;)J || 003e:readLong(Ljava/lang/String;)J || 0046:readLong(Ljava/lang/String;)J || 004e:readLong(Ljava/lang/String;)J,0014:LscriptPages/data/b;->L(Ljava/lang/String;)V || 0082:LscriptPages/game/r0;->G(I)I || 008a:LscriptPages/game/r0;->F(I)I
LscriptPages/game/k;->A0(Ljava/lang/String;)V,0x2c93e0,7,0000:readBoolean(Ljava/lang/String;)Z || 0008:readUTF(Ljava/lang/String;)Ljava/lang/String; || 0010:readByte(Ljava/lang/String;)B || 0026:readLong(Ljava/lang/String;)J || 0032:readLong(Ljava/lang/String;)J || 003e:readLong(Ljava/lang/String;)J || 004a:readLong(Ljava/lang/String;)J,001e:LscriptPages/data/b;->L(Ljava/lang/String;)V || 006c:LscriptPages/data/g;->I1(I Ljava/lang/String; [[Ljava/lang/String;)Ljava/lang/String; || 0082:LscriptPages/data/g;->I1(I Ljava/lang/String; [[Ljava/lang/String;)Ljava/lang/String;
LscriptPages/game/k;->b1(Ljava/lang/String;)V,0x2caebc,3,0000:readByte(Ljava/lang/String;)B || 0010:readShort(Ljava/lang/String;)S || 0018:readLong(Ljava/lang/String;)J,0024:LscriptPages/data/b;->l(J)I || 0034:LscriptPages/data/b;->N(J S)V || 003e:LscriptPages/data/b;->O(J J)V || 0048:LscriptPages/game/k;->k1(J S J)V || 0052:LscriptPages/game/k;->p0()V
LscriptPages/game/k;->a1(Ljava/lang/String;)V,0x2cae1c,6,0000:readBoolean(Ljava/lang/String;)Z || 0008:readUTF(Ljava/lang/String;)Ljava/lang/String; || 0010:readByte(Ljava/lang/String;)B || 001e:readShort(Ljava/lang/String;)S || 0026:readLong(Ljava/lang/String;)J || 002e:readInt(Ljava/lang/String;)I,003a:Lo/a;->I8(J I)V || 0044:LscriptPages/data/b;->l(J)I || 0054:LscriptPages/data/b;->N(J S)V || 005e:LscriptPages/data/b;->O(J J)V || 0068:LscriptPages/game/k;->k1(J S J)V || 0074:LscriptPages/game/k;->p0()V || 007e:LscriptPages/game/r0;->d0(Ljava/lang/String;)V || 0086:LscriptPages/game/r0;->d0(Ljava/lang/String;)V
LscriptPages/game/k;->Q0(Ljava/lang/String;)V,0x2ca38c,1,0000:readByte(Ljava/lang/String;)B,000e:LscriptPages/data/b;->L(Ljava/lang/String;)V || 0016:LscriptPages/game/k;->G(Ljava/lang/String;)V
LscriptPages/game/k;->U0(Ljava/lang/String;)V,0x2ca884,2,0006:readByte(Ljava/lang/String;)B || 0016:readByte(Ljava/lang/String;)B,0022:LscriptPages/data/b;->L(Ljava/lang/String;)V || 0036:LscriptPages/game/k;->H(I Ljava/lang/String;)V || 004a:LscriptPages/game/k;->H(I Ljava/lang/String;)V || 0052:LscriptPages/game/k;->H(I Ljava/lang/String;)V || 0068:LscriptPages/game/k;->Z()V || 0086:LscriptPages/game/k;->Z()V
LscriptPages/game/k;->S0(Ljava/lang/String;)V,0x2ca404,23,0000:readByte(Ljava/lang/String;)B || 0020:readByte(Ljava/lang/String;)B || 002e:readShort(Ljava/lang/String;)S || 0060:readUTF(Ljava/lang/String;)Ljava/lang/String; || 0070:readShort(Ljava/lang/String;)S || 0080:readByte(Ljava/lang/String;)B || 0090:readShort(Ljava/lang/String;)S || 00a6:readShort(Ljava/lang/String;)S || 00e0:readUTF(Ljava/lang/String;)Ljava/lang/String; || 00f0:readShort(Ljava/lang/String;)S || 0100:readByte(Ljava/lang/String;)B || 0110:readShort(Ljava/lang/String;)S || 0120:readInt(Ljava/lang/String;)I || 0136:readShort(Ljava/lang/String;)S || 0190:readUTF(Ljava/lang/String;)Ljava/lang/String; || 01a0:readShort(Ljava/lang/String;)S || 01b0:readByte(Ljava/lang/String;)B || 01c0:readLong(Ljava/lang/String;)J || 01d0:readLong(Ljava/lang/String;)J || 01e0:readBoolean(Ljava/lang/String;)Z || 01fc:readShort(Ljava/lang/String;)S || 020c:readInt(Ljava/lang/String;)I || 021c:readInt(Ljava/lang/String;)I,0010:LscriptPages/data/b;->L(Ljava/lang/String;)V || 001a:LscriptPages/game/k;->G(Ljava/lang/String;)V || 0258:LscriptPages/game/r0;->G(I)I || 0260:LscriptPages/game/r0;->G(I)I || 0268:LscriptPages/game/r0;->F(I)I || 02c0:LscriptPages/game/k;->J()V || 02e0:LscriptPages/game/r0;->G(I)I || 02e8:LscriptPages/game/r0;->G(I)I || 02f2:LscriptPages/game/r0;->G(I)I || 02fa:LscriptPages/game/r0;->F(I)I || 030e:LscriptPages/game/r0;->F(I)I || 03a0:LscriptPages/game/e;->w(I I I I I)I || 03b8:LscriptPages/data/f;->c(I I I I)I || 03cc:LscriptPages/data/f;->C(I I I I)I || 0418:LscriptPages/data/f;->D(I I I I)I
LscriptPages/game/k;->O0(Ljava/lang/String;)V,0x2ca2f4,3,0006:readByte(Ljava/lang/String;)B || 001c:readBoolean(Ljava/lang/String;)Z || 0022:readUTF(Ljava/lang/String;)Ljava/lang/String;,0014:LscriptPages/data/b;->L(Ljava/lang/String;)V || 002a:LscriptPages/game/k;->G(Ljava/lang/String;)V || 0038:LscriptPages/game/k;->T(Ljava/lang/String;)V
LscriptPages/game/w;->Z(Ljava/lang/String;)V,0x3498c0,1,0000:readByte(Ljava/lang/String;)B,001e:LscriptPages/data/g;->I1(I Ljava/lang/String; [[Ljava/lang/String;)Ljava/lang/String; || 0026:LscriptPages/game/r0;->d0(Ljava/lang/String;)V
LscriptPages/game/n;->O0(Ljava/lang/String;)V,0x2e9acc,21,0000:readByte(Ljava/lang/String;)B || 000c:readByte(Ljava/lang/String;)B || 00be:readShort(Ljava/lang/String;)S || 00d4:readShort(Ljava/lang/String;)S || 00e2:readByte(Ljava/lang/String;)B || 01ac:readUTF(Ljava/lang/String;)Ljava/lang/String; || 01c0:readByte(Ljava/lang/String;)B || 01d4:readShort(Ljava/lang/String;)S || 01e8:readShort(Ljava/lang/String;)S || 01fc:readUTF(Ljava/lang/String;)Ljava/lang/String; || 0210:readShort(Ljava/lang/String;)S || 0224:readShort(Ljava/lang/String;)S || 0238:readInt(Ljava/lang/String;)I || 024c:readInt(Ljava/lang/String;)I || 0258:readByte(Ljava/lang/String;)B || 0292:readByte(Ljava/lang/String;)B || 02aa:readInt(Ljava/lang/String;)I || 02c6:readInt(Ljava/lang/String;)I || 02da:readInt(Ljava/lang/String;)I || 02ee:readInt(Ljava/lang/String;)I || 0302:readInt(Ljava/lang/String;)I,0382:Lo/a;->Y6(Ljava/lang/String; Ljava/lang/String;)V
LscriptPages/game/n;->o2(Ljava/lang/String;)V,0x2ed438,1,0000:readByte(Ljava/lang/String;)B,000c:LscriptPages/game/n;->U(Ljava/lang/String;)V || 0024:LscriptPages/data/g;->I1(I Ljava/lang/String; [[Ljava/lang/String;)Ljava/lang/String; || 002c:LscriptPages/game/r0;->d0(Ljava/lang/String;)V
LscriptPages/game/o;->i(Ljava/lang/String;)V,0x2ef400,12,0000:readByte(Ljava/lang/String;)B || 000c:readByte(Ljava/lang/String;)B || 0066:readShort(Ljava/lang/String;)S || 007a:readShort(Ljava/lang/String;)S || 0088:readByte(Ljava/lang/String;)B || 0102:readUTF(Ljava/lang/String;)Ljava/lang/String; || 0116:readByte(Ljava/lang/String;)B || 012a:readByte(Ljava/lang/String;)B || 013e:readShort(Ljava/lang/String;)S || 0154:readLong(Ljava/lang/String;)J || 016a:readLong(Ljava/lang/String;)J || 0180:readLong(Ljava/lang/String;)J,01f4:LscriptPages/game/e;->u(I I I)I || 0220:LscriptPages/game/m;->d(I I Ljava/lang/String; I I)I || 0294:LscriptPages/game/m;->d(I I Ljava/lang/String; I I)I || 02ca:LscriptPages/data/g;->I1(I Ljava/lang/String; [[Ljava/lang/String;)Ljava/lang/String; || 02d2:LscriptPages/game/r0;->d0(Ljava/lang/String;)V
LscriptPages/game/n;->k2(Ljava/lang/String;)V,0x2ed280,3,0000:readByte(Ljava/lang/String;)B || 0008:readUTF(Ljava/lang/String;)Ljava/lang/String; || 0016:readByte(Ljava/lang/String;)B,0010:LscriptPages/game/n;->T(Ljava/lang/String;)V || 0024:LscriptPages/game/n;->O(Ljava/lang/String;)V || 003a:LscriptPages/game/r0;->Z(Ljava/lang/String; I)V || 004e:LscriptPages/data/g;->I1(I Ljava/lang/String; [[Ljava/lang/String;)Ljava/lang/String; || 0056:LscriptPages/game/r0;->d0(Ljava/lang/String;)V || 006c:LscriptPages/data/g;->I1(I Ljava/lang/String; [[Ljava/lang/String;)Ljava/lang/String; || 0074:LscriptPages/game/r0;->d0(Ljava/lang/String;)V || 008a:LscriptPages/data/g;->I1(I Ljava/lang/String; [[Ljava/lang/String;)Ljava/lang/String; || 0092:LscriptPages/game/r0;->d0(Ljava/lang/String;)V || 00a8:LscriptPages/data/g;->I1(I Ljava/lang/String; [[Ljava/lang/String;)Ljava/lang/String; || 00b0:LscriptPages/game/r0;->d0(Ljava/lang/String;)V || 00c6:LscriptPages/data/g;->I1(I Ljava/lang/String; [[Ljava/lang/String;)Ljava/lang/String; || 00ce:LscriptPages/game/r0;->d0(Ljava/lang/String;)V || 00e4:LscriptPages/data/g;->I1(I Ljava/lang/String; [[Ljava/lang/String;)Ljava/lang/String; || 00ec:LscriptPages/game/r0;->d0(Ljava/lang/String;)V || 00fa:LscriptPages/game/r0;->d0(Ljava/lang/String;)V || 010a:LscriptPages/data/g;->I1(I Ljava/lang/String; [[Ljava/lang/String;)Ljava/lang/String; || 0112:LscriptPages/game/r0;->d0(Ljava/lang/String;)V
LscriptPages/game/n;->s2(Ljava/lang/String;)V,0x2ed5e8,7,0008:readByte(Ljava/lang/String;)B || 0014:readUTF(Ljava/lang/String;)Ljava/lang/String; || 0020:readShort(Ljava/lang/String;)S || 002c:readByte(Ljava/lang/String;)B || 0038:readShort(Ljava/lang/String;)S || 0040:readShort(Ljava/lang/String;)S || 0048:readShort(Ljava/lang/String;)S,006e:LscriptPages/data/g;->I1(I Ljava/lang/String; [[Ljava/lang/String;)Ljava/lang/String;
LscriptPages/game/n;->y1(Ljava/lang/String;)V,0x2eb534,3,0000:readByte(Ljava/lang/String;)B || 000e:readLong(Ljava/lang/String;)J || 001a:readByte(Ljava/lang/String;)B,0008:LscriptPages/game/n;->T(Ljava/lang/String;)V || 0026:LscriptPages/game/n;->O(Ljava/lang/String;)V || 002c:LscriptPages/data/c;->d(Ljava/lang/String;)V || 017c:LscriptPages/data/g;->I1(I Ljava/lang/String; [[Ljava/lang/String;)Ljava/lang/String; || 019a:LscriptPages/data/g;->I1(I Ljava/lang/String; [[Ljava/lang/String;)Ljava/lang/String; || 01b2:LscriptPages/data/g;->I1(I Ljava/lang/String; [[Ljava/lang/String;)Ljava/lang/String; || 01ca:LscriptPages/data/g;->I1(I Ljava/lang/String; [[Ljava/lang/String;)Ljava/lang/String; || 01e2:LscriptPages/data/g;->I1(I Ljava/lang/String; [[Ljava/lang/String;)Ljava/lang/String; || 01fa:LscriptPages/data/g;->I1(I Ljava/lang/String; [[Ljava/lang/String;)Ljava/lang/String; || 0212:LscriptPages/data/g;->I1(I Ljava/lang/String; [[Ljava/lang/String;)Ljava/lang/String; || 021a:LscriptPages/game/r0;->d0(Ljava/lang/String;)V
LscriptPages/game/n;->A1(Ljava/lang/String;)V,0x2eb7b0,3,0000:readByte(Ljava/lang/String;)B || 000e:readLong(Ljava/lang/String;)J || 001a:readByte(Ljava/lang/String;)B,0008:LscriptPages/game/n;->T(Ljava/lang/String;)V || 0028:LscriptPages/game/n;->O(Ljava/lang/String;)V || 002e:LscriptPages/data/c;->d(Ljava/lang/String;)V || 003e:LscriptPages/data/g;->I1(I Ljava/lang/String; [[Ljava/lang/String;)Ljava/lang/String; || 0046:LscriptPages/game/r0;->d0(Ljava/lang/String;)V || 0062:LscriptPages/data/g;->I1(I Ljava/lang/String; [[Ljava/lang/String;)Ljava/lang/String; || 0082:LscriptPages/game/r0;->d0(Ljava/lang/String;)V || 0098:LscriptPages/data/g;->I1(I Ljava/lang/String; [[Ljava/lang/String;)Ljava/lang/String; || 00b0:LscriptPages/data/g;->I1(I Ljava/lang/String; [[Ljava/lang/String;)Ljava/lang/String; || 00c8:LscriptPages/data/g;->I1(I Ljava/lang/String; [[Ljava/lang/String;)Ljava/lang/String; || 00e0:LscriptPages/data/g;->I1(I Ljava/lang/String; [[Ljava/lang/String;)Ljava/lang/String; || 00f8:LscriptPages/data/g;->I1(I Ljava/lang/String; [[Ljava/lang/String;)Ljava/lang/String; || 0110:LscriptPages/data/g;->I1(I Ljava/lang/String; [[Ljava/lang/String;)Ljava/lang/String; || 011e:LscriptPages/game/r0;->d0(Ljava/lang/String;)V
LscriptPages/game/n;->N1(Ljava/lang/String;)V,0x2ec604,3,0000:readByte(Ljava/lang/String;)B || 0008:readByte(Ljava/lang/String;)B || 0010:readUTF(Ljava/lang/String;)Ljava/lang/String;,0050:LscriptPages/data/g;->I1(I Ljava/lang/String; [[Ljava/lang/String;)Ljava/lang/String; || 0068:LscriptPages/data/g;->I1(I Ljava/lang/String; [[Ljava/lang/String;)Ljava/lang/String; || 0080:LscriptPages/data/g;->I1(I Ljava/lang/String; [[Ljava/lang/String;)Ljava/lang/String; || 0098:LscriptPages/data/g;->I1(I Ljava/lang/String; [[Ljava/lang/String;)Ljava/lang/String; || 00a6:LscriptPages/game/r0;->d0(Ljava/lang/String;)V
LscriptPages/game/n;->X1(Ljava/lang/String;)V,0x2ecb98,2,0000:readByte(Ljava/lang/String;)B || 000c:readByte(Ljava/lang/String;)B,0018:LscriptPages/game/n;->Q(Ljava/lang/String;)V
LscriptPages/game/n;->Z1(Ljava/lang/String;)V,0x2ecbf8,3,0000:readByte(Ljava/lang/String;)B || 0008:readByte(Ljava/lang/String;)B || 0014:readUTF(Ljava/lang/String;)Ljava/lang/String;,0026:LscriptPages/game/n;->t0()V || 002e:LscriptPages/game/r0;->d0(Ljava/lang/String;)V
LscriptPages/game/n;->V1(Ljava/lang/String;)V,0x2eca80,2,0000:readByte(Ljava/lang/String;)B || 0008:readByte(Ljava/lang/String;)B,0018:LscriptPages/game/n;->Q(Ljava/lang/String;)V || 002c:LscriptPages/data/g;->I1(I Ljava/lang/String; [[Ljava/lang/String;)Ljava/lang/String; || 0034:LscriptPages/game/r0;->d0(Ljava/lang/String;)V || 0044:LscriptPages/game/n;->k0()V || 0060:LscriptPages/data/g;->I1(I Ljava/lang/String; [[Ljava/lang/String;)Ljava/lang/String; || 0068:LscriptPages/game/r0;->d0(Ljava/lang/String;)V || 007c:LscriptPages/data/g;->I1(I Ljava/lang/String; [[Ljava/lang/String;)Ljava/lang/String; || 0084:LscriptPages/game/r0;->d0(Ljava/lang/String;)V || 009a:LscriptPages/data/g;->I1(I Ljava/lang/String; [[Ljava/lang/String;)Ljava/lang/String; || 00a2:LscriptPages/game/r0;->d0(Ljava/lang/String;)V || 00b8:LscriptPages/data/g;->I1(I Ljava/lang/String; [[Ljava/lang/String;)Ljava/lang/String; || 00c0:LscriptPages/game/r0;->d0(Ljava/lang/String;)V || 00d0:LscriptPages/data/g;->I1(I Ljava/lang/String; [[Ljava/lang/String;)Ljava/lang/String; || 00d8:LscriptPages/game/r0;->d0(Ljava/lang/String;)V
LscriptPages/game/n;->D1(Ljava/lang/String;)V,0x2eba40,10,0000:readByte(Ljava/lang/String;)B || 000e:readByte(Ljava/lang/String;)B || 0050:readUTF(Ljava/lang/String;)Ljava/lang/String; || 0060:readByte(Ljava/lang/String;)B || 006c:readByte(Ljava/lang/String;)B || 00b2:readShort(Ljava/lang/String;)S || 00c6:readUTF(Ljava/lang/String;)Ljava/lang/String; || 00d2:readByte(Ljava/lang/String;)B || 00e6:readUTF(Ljava/lang/String;)Ljava/lang/String; || 00fa:readByte(Ljava/lang/String;)B,01d0:LscriptPages/game/m;->d(I I Ljava/lang/String; I I)I
LscriptPages/game/n;->C1(Ljava/lang/String;)V,0x2eb938,4,0000:readByte(Ljava/lang/String;)B || 0012:readShort(Ljava/lang/String;)S || 0044:readUTF(Ljava/lang/String;)Ljava/lang/String; || 006e:readByte(Ljava/lang/String;)B,009c:LscriptPages/data/g;->I1(I Ljava/lang/String; [[Ljava/lang/String;)Ljava/lang/String; || 00b4:LscriptPages/data/g;->I1(I Ljava/lang/String; [[Ljava/lang/String;)Ljava/lang/String; || 00cc:LscriptPages/data/g;->I1(I Ljava/lang/String; [[Ljava/lang/String;)Ljava/lang/String; || 00e6:LscriptPages/data/g;->I1(I Ljava/lang/String; [[Ljava/lang/String;)Ljava/lang/String; || 00ee:LscriptPages/game/r0;->d0(Ljava/lang/String;)V
LscriptPages/game/n;->c2(Ljava/lang/String;)V,0x2eccb8,1,0000:readByte(Ljava/lang/String;)B,000c:LscriptPages/game/n;->R(Ljava/lang/String;)V
LscriptPages/game/n;->e2(Ljava/lang/String;)V,0x2ecd60,2,0000:readByte(Ljava/lang/String;)B || 000e:readByte(Ljava/lang/String;)B,0016:LscriptPages/game/n;->R(Ljava/lang/String;)V || 001c:LscriptPages/game/n;->U(Ljava/lang/String;)V || 0022:LscriptPages/game/n;->U(Ljava/lang/String;)V || 0028:LscriptPages/game/n;->U(Ljava/lang/String;)V || 002e:LscriptPages/game/n;->U(Ljava/lang/String;)V || 004e:LscriptPages/data/g;->I1(I Ljava/lang/String; [[Ljava/lang/String;)Ljava/lang/String; || 0056:LscriptPages/game/r0;->d0(Ljava/lang/String;)V || 0066:LscriptPages/data/g;->I1(I Ljava/lang/String; [[Ljava/lang/String;)Ljava/lang/String; || 006e:LscriptPages/game/r0;->d0(Ljava/lang/String;)V
LscriptPages/game/n;->F1(Ljava/lang/String;)V,0x2ebc84,6,0000:readByte(Ljava/lang/String;)B || 0006:readUTF(Ljava/lang/String;)Ljava/lang/String; || 000e:readLong(Ljava/lang/String;)J || 0014:readLong(Ljava/lang/String;)J || 001a:readLong(Ljava/lang/String;)J || 0026:readLong(Ljava/lang/String;)J,0032:LscriptPages/data/c;->d(Ljava/lang/String;)V || 003a:LscriptPages/game/r0;->a0(Ljava/lang/String; I)V
LscriptPages/game/n;->E1(Ljava/lang/String;)V,0x2ebc30,6,0000:readByte(Ljava/lang/String;)B || 0006:readUTF(Ljava/lang/String;)Ljava/lang/String; || 000e:readLong(Ljava/lang/String;)J || 0014:readLong(Ljava/lang/String;)J || 001a:readLong(Ljava/lang/String;)J || 0026:readLong(Ljava/lang/String;)J,0032:LscriptPages/data/c;->d(Ljava/lang/String;)V || 003a:LscriptPages/game/r0;->a0(Ljava/lang/String; I)V
LscriptPages/game/n;->P1(Ljava/lang/String;)V,0x2ec6ec,1,0000:readByte(Ljava/lang/String;)B,000c:LscriptPages/game/n;->P(Ljava/lang/String;)V
LscriptPages/game/n;->S0(Ljava/lang/String;)V,0x2ea08c,1,0000:readByte(Ljava/lang/String;)B,0016:LscriptPages/data/g;->I1(I Ljava/lang/String; [[Ljava/lang/String;)Ljava/lang/String; || 0020:LscriptPages/game/r0;->a0(Ljava/lang/String; I)V || 0030:LscriptPages/data/g;->I1(I Ljava/lang/String; [[Ljava/lang/String;)Ljava/lang/String; || 0038:LscriptPages/game/r0;->d0(Ljava/lang/String;)V
LscriptPages/game/n;->R1(Ljava/lang/String;)V,0x2ec794,2,0000:readByte(Ljava/lang/String;)B || 000e:readByte(Ljava/lang/String;)B,0016:LscriptPages/game/n;->R(Ljava/lang/String;)V || 001c:LscriptPages/game/n;->U(Ljava/lang/String;)V || 0022:LscriptPages/game/n;->U(Ljava/lang/String;)V || 0028:LscriptPages/game/n;->U(Ljava/lang/String;)V || 002e:LscriptPages/game/n;->U(Ljava/lang/String;)V || 0054:LscriptPages/data/g;->I1(I Ljava/lang/String; [[Ljava/lang/String;)Ljava/lang/String; || 005c:LscriptPages/game/n;->P(Ljava/lang/String;)V || 0066:LscriptPages/game/r0;->d0(Ljava/lang/String;)V || 0076:LscriptPages/data/g;->I1(I Ljava/lang/String; [[Ljava/lang/String;)Ljava/lang/String; || 007e:LscriptPages/game/r0;->d0(Ljava/lang/String;)V
LscriptPages/game/n;->R0(Ljava/lang/String;)V,0x2ea070,0,,0002:LscriptPages/game/n;->I(I Ljava/lang/String;)V
LscriptPages/game/b0;->S0(Ljava/lang/String;)V,0x3850cc,1,0000:readByte(Ljava/lang/String;)B,000c:LscriptPages/game/n;->I(I Ljava/lang/String;)V || 011c:LscriptPages/game/b0;->d0()V || 01de:LscriptPages/data/g;->I1(I Ljava/lang/String; [[Ljava/lang/String;)Ljava/lang/String; || 01e6:LscriptPages/game/r0;->d0(Ljava/lang/String;)V || 01f4:LscriptPages/game/b0;->n0()V || 0202:LscriptPages/game/b0;->g0()V || 0218:LscriptPages/game/b0;->d0()V || 0244:LscriptPages/game/r0;->F(I)I || 025a:LscriptPages/game/r0;->F(I)I || 03e4:LscriptPages/game/q0;->n(Ljava/lang/String; Z)V || 03ee:LscriptPages/game/q0;->g1(Ljava/lang/String;)I || 040c:Lo/a;->s6(Ljava/lang/String; I I I Ljava/lang/String; I)I || 043e:LscriptPages/game/q0;->l(Ljava/lang/String; Ljava/lang/String; I I)V || 045c:Lo/a;->q6(Ljava/lang/String; I I)I || 047e:LscriptPages/game/q0;->l(Ljava/lang/String; Ljava/lang/String; I I)V || 04ea:LscriptPages/game/b0;->K0(J Ljava/lang/String; I)V || 04fa:LscriptPages/data/g;->I1(I Ljava/lang/String; [[Ljava/lang/String;)Ljava/lang/String; || 0502:LscriptPages/game/r0;->d0(Ljava/lang/String;)V || 0510:LscriptPages/game/b0;->n0()V || 051c:LscriptPages/game/b0;->g0()V
LscriptPages/game/n;->j2(Ljava/lang/String;)V,0x2ecf20,1,0000:readByte(Ljava/lang/String;)B,000e:LscriptPages/game/n;->I(I Ljava/lang/String;)V || 004a:LscriptPages/game/r0;->G(I)I || 0052:Lo/a;->l0()V || 005c:LscriptPages/game/q0;->n(Ljava/lang/String; Z)V || 007c:Lo/a;->s6(Ljava/lang/String; I I I Ljava/lang/String; I)I || 0086:LscriptPages/game/p0;->x()I || 008e:LscriptPages/game/p0;->y()I || 0096:Lo/a;->q6(Ljava/lang/String; I I)I || 00b4:Lo/a;->s6(Ljava/lang/String; I I I Ljava/lang/String; I)I || 00ce:Lo/a;->s6(Ljava/lang/String; I I I Ljava/lang/String; I)I || 00d4:LscriptPages/game/q0;->g1(Ljava/lang/String;)I || 0106:LscriptPages/game/q0;->l(Ljava/lang/String; Ljava/lang/String; I I)V || 011a:LscriptPages/game/e;->B(I I I)I || 0122:LscriptPages/game/r0;->F(I)I || 0140:LscriptPages/game/m;->A(I I I Ljava/lang/String; Ljava/lang/String; I)V || 015a:LscriptPages/game/e;->m(I I I I Ljava/lang/String; Ljava/lang/String; I)V || 0176:LscriptPages/game/e;->A(I I I Ljava/lang/String; Ljava/lang/String; I)V || 02c6:LscriptPages/game/e;->u(I I I)I
LscriptPages/game/n;->T1(Ljava/lang/String;)V,0x2ec864,3,0000:readByte(Ljava/lang/String;)B || 0008:readByte(Ljava/lang/String;)B || 0038:readLong(Ljava/lang/String;)J,0016:LscriptPages/game/n;->J(I Ljava/lang/String;)V || 0024:LscriptPages/game/n;->J(I Ljava/lang/String;)V || 0032:LscriptPages/game/n;->I(I Ljava/lang/String;)V || 004e:LscriptPages/data/g;->I1(I Ljava/lang/String; [[Ljava/lang/String;)Ljava/lang/String; || 0056:LscriptPages/game/r0;->d0(Ljava/lang/String;)V || 006e:LscriptPages/data/g;->I1(I Ljava/lang/String; [[Ljava/lang/String;)Ljava/lang/String; || 0088:LscriptPages/data/g;->I1(I Ljava/lang/String; [[Ljava/lang/String;)Ljava/lang/String; || 00a2:LscriptPages/data/g;->I1(I Ljava/lang/String; [[Ljava/lang/String;)Ljava/lang/String; || 00bc:LscriptPages/data/g;->I1(I Ljava/lang/String; [[Ljava/lang/String;)Ljava/lang/String; || 00d6:LscriptPages/data/g;->I1(I Ljava/lang/String; [[Ljava/lang/String;)Ljava/lang/String; || 00ee:LscriptPages/data/g;->I1(I Ljava/lang/String; [[Ljava/lang/String;)Ljava/lang/String; || 0106:LscriptPages/data/g;->I1(I Ljava/lang/String; [[Ljava/lang/String;)Ljava/lang/String; || 0120:LscriptPages/data/g;->I1(I Ljava/lang/String; [[Ljava/lang/String;)Ljava/lang/String; || 0144:LscriptPages/gameHD/l;->k0(J)Ljava/lang/String; || 016a:LscriptPages/data/g;->I1(I Ljava/lang/String; [[Ljava/lang/String;)Ljava/lang/String; || 0184:LscriptPages/data/g;->I1(I Ljava/lang/String; [[Ljava/lang/String;)Ljava/lang/String; || 019c:LscriptPages/data/g;->I1(I Ljava/lang/String; [[Ljava/lang/String;)Ljava/lang/String; || 01aa:LscriptPages/game/r0;->d0(Ljava/lang/String;)V
LscriptPages/game/n;->Q0(Ljava/lang/String;)V,0x2e9f24,7,0000:readByte(Ljava/lang/String;)B || 002a:readByte(Ljava/lang/String;)B || 005e:readByte(Ljava/lang/String;)B || 0072:readUTF(Ljava/lang/String;)Ljava/lang/String; || 0086:readUTF(Ljava/lang/String;)Ljava/lang/String; || 0092:readUTF(Ljava/lang/String;)Ljava/lang/String; || 00a0:readLong(Ljava/lang/String;)J,00c0:LscriptPages/data/g;->I1(I Ljava/lang/String; [[Ljava/lang/String;)Ljava/lang/String; || 00d4:LscriptPages/data/g;->I1(I Ljava/lang/String; [[Ljava/lang/String;)Ljava/lang/String;
LscriptPages/game/n;->L1(Ljava/lang/String;)V,0x2ec474,9,0028:readByte(Ljava/lang/String;)B || 0030:readByte(Ljava/lang/String;)B || 0046:readShort(Ljava/lang/String;)S || 005a:readShort(Ljava/lang/String;)S || 0068:readByte(Ljava/lang/String;)B || 00a8:readLong(Ljava/lang/String;)J || 00b8:readUTF(Ljava/lang/String;)Ljava/lang/String; || 00ce:readLong(Ljava/lang/String;)J || 00de:readUTF(Ljava/lang/String;)Ljava/lang/String;,0100:LscriptPages/game/n;->G0()V || 0118:LscriptPages/game/n;->H0()V
LscriptPages/game/n;->X0(Ljava/lang/String;)V,0x2ea8ec,3,0006:readInt(Ljava/lang/String;)I || 000e:readUTF(Ljava/lang/String;)Ljava/lang/String; || 0016:readLong(Ljava/lang/String;)J,0034:LscriptPages/data/g;->I1(I Ljava/lang/String; [[Ljava/lang/String;)Ljava/lang/String; || 003c:LscriptPages/game/r0;->d0(Ljava/lang/String;)V || 004c:LscriptPages/data/g;->I1(I Ljava/lang/String; [[Ljava/lang/String;)Ljava/lang/String; || 0054:LscriptPages/game/r0;->d0(Ljava/lang/String;)V
LscriptPages/game/n;->J1(Ljava/lang/String;)V,0x2ebed0,15,0000:readInt(Ljava/lang/String;)I || 0014:readLong(Ljava/lang/String;)J || 0020:readByte(Ljava/lang/String;)B || 002c:readUTF(Ljava/lang/String;)Ljava/lang/String; || 0038:readUTF(Ljava/lang/String;)Ljava/lang/String; || 0044:readUTF(Ljava/lang/String;)Ljava/lang/String; || 0050:readInt(Ljava/lang/String;)I || 005c:readInt(Ljava/lang/String;)I || 0086:readInt(Ljava/lang/String;)I || 0096:readInt(Ljava/lang/String;)I || 00a2:readInt(Ljava/lang/String;)I || 00bc:readUTF(Ljava/lang/String;)Ljava/lang/String; || 00ce:readLong(Ljava/lang/String;)J || 00da:readLong(Ljava/lang/String;)J || 00e6:readLong(Ljava/lang/String;)J,0160:LscriptPages/game/r0;->G(I)I || 0168:LscriptPages/game/q0;->n(Ljava/lang/String; Z)V || 0172:LscriptPages/game/r0;->G(I)I || 018a:Lo/a;->s6(Ljava/lang/String; I I I Ljava/lang/String; I)I || 0194:LscriptPages/game/r0;->G(I)I || 01ac:Lo/a;->s6(Ljava/lang/String; I I I Ljava/lang/String; I)I || 01c8:Lo/a;->s6(Ljava/lang/String; I I I Ljava/lang/String; I)I || 01d2:LscriptPages/game/p0;->x()I || 01da:LscriptPages/game/p0;->y()I || 01e2:Lo/a;->q6(Ljava/lang/String; I I)I || 0200:Lo/a;->s6(Ljava/lang/String; I I I Ljava/lang/String; I)I || 021a:Lo/a;->s6(Ljava/lang/String; I I I Ljava/lang/String; I)I || 0220:LscriptPages/game/q0;->g1(Ljava/lang/String;)I || 0264:LscriptPages/game/m;->r(I I I I Ljava/lang/String; Ljava/lang/String; I)V || 027e:LscriptPages/data/f;->c(I I I I)I || 0296:LscriptPages/game/m;->r(I I I I Ljava/lang/String; Ljava/lang/String; I)V || 02ba:LscriptPages/game/q0;->l(Ljava/lang/String; Ljava/lang/String; I I)V || 02cc:LscriptPages/game/e;->B(I I I)I || 02dc:LscriptPages/game/r0;->F(I)I || 02e8:LscriptPages/game/m;->A(I I I Ljava/lang/String; Ljava/lang/String; I)V || 02fc:LscriptPages/game/q0;->l(Ljava/lang/String; Ljava/lang/String; I I)V || 031a:LscriptPages/game/q0;->l(Ljava/lang/String; Ljava/lang/String; I I)V || 03a2:LscriptPages/game/r0;->T(Ljava/lang/String; I)I || 0412:LscriptPages/game/r0;->G(I)I || 041a:LscriptPages/game/q0;->n(Ljava/lang/String; Z)V || 0424:LscriptPages/game/r0;->G(I)I || 0440:Lo/a;->s6(Ljava/lang/String; I I I Ljava/lang/String; I)I || 045a:Lo/a;->s6(Ljava/lang/String; I I I Ljava/lang/String; I)I || 0474:Lo/a;->s6(Ljava/lang/String; I I I Ljava/lang/String; I)I || 047a:LscriptPages/game/q0;->g1(Ljava/lang/String;)I || 04b8:LscriptPages/game/m;->r(I I I I Ljava/lang/String; Ljava/lang/String; I)V || 04d2:LscriptPages/data/f;->c(I I I I)I || 04ea:LscriptPages/game/m;->r(I I I I Ljava/lang/String; Ljava/lang/String; I)V || 0508:LscriptPages/game/q0;->l(Ljava/lang/String; Ljava/lang/String; I I)V || 0526:LscriptPages/data/g;->I1(I Ljava/lang/String; [[Ljava/lang/String;)Ljava/lang/String; || 052e:LscriptPages/game/r0;->d0(Ljava/lang/String;)V || 0542:LscriptPages/game/n;->K1(I I)V
LscriptPages/game/n;->P0(Ljava/lang/String;)V,0x2e9e80,4,0006:readByte(Ljava/lang/String;)B || 000e:readUTF(Ljava/lang/String;)Ljava/lang/String; || 001a:readUTF(Ljava/lang/String;)Ljava/lang/String; || 0022:readLong(Ljava/lang/String;)J,0056:LscriptPages/data/g;->I1(I Ljava/lang/String; [[Ljava/lang/String;)Ljava/lang/String; || 006c:LscriptPages/game/e;->g(J J Ljava/lang/StringBuilder;)Ljava/lang/String; || 0082:LscriptPages/game/k0;->C(Ljava/lang/String; S Ljava/lang/String; Ljava/lang/String; S Z)V || 008a:LscriptPages/game/r0;->d0(Ljava/lang/String;)V
LscriptPages/game/n;->b(Ljava/lang/String;)V,0x2d9188,13,0000:readByte(Ljava/lang/String;)B || 0076:readByte(Ljava/lang/String;)B || 0086:readShort(Ljava/lang/String;)S || 009a:readShort(Ljava/lang/String;)S || 00a8:readByte(Ljava/lang/String;)B || 011e:readLong(Ljava/lang/String;)J || 0132:readUTF(Ljava/lang/String;)Ljava/lang/String; || 0146:readUTF(Ljava/lang/String;)Ljava/lang/String; || 015a:readShort(Ljava/lang/String;)S || 016e:readShort(Ljava/lang/String;)S || 0182:readUTF(Ljava/lang/String;)Ljava/lang/String; || 0196:readByte(Ljava/lang/String;)B || 01aa:readByte(Ljava/lang/String;)B,01dc:LscriptPages/game/n;->D0()V || 01f8:LscriptPages/game/n;->C0()V
LscriptPages/game/n;->a1(Ljava/lang/String;)V,0x2eaa28,2,0000:readByte(Ljava/lang/String;)B || 0012:readBoolean(Ljava/lang/String;)Z,0018:LscriptPages/data/c;->b(Ljava/lang/String;)V || 001e:LscriptPages/game/n;->V(Ljava/lang/String;)V || 003c:LscriptPages/game/n;->E0()V || 0046:LscriptPages/game/n;->B0()V || 005e:LscriptPages/data/g;->I1(I Ljava/lang/String; [[Ljava/lang/String;)Ljava/lang/String; || 0076:LscriptPages/data/g;->I1(I Ljava/lang/String; [[Ljava/lang/String;)Ljava/lang/String; || 008e:LscriptPages/data/g;->I1(I Ljava/lang/String; [[Ljava/lang/String;)Ljava/lang/String; || 00a6:LscriptPages/data/g;->I1(I Ljava/lang/String; [[Ljava/lang/String;)Ljava/lang/String; || 00be:LscriptPages/data/g;->I1(I Ljava/lang/String; [[Ljava/lang/String;)Ljava/lang/String; || 00d4:LscriptPages/game/q;->O0(I)V || 00ee:LscriptPages/data/g;->I1(I Ljava/lang/String; [[Ljava/lang/String;)Ljava/lang/String; || 0106:LscriptPages/data/g;->I1(I Ljava/lang/String; [[Ljava/lang/String;)Ljava/lang/String; || 0114:LscriptPages/game/r0;->d0(Ljava/lang/String;)V
LscriptPages/game/n;->c1(Ljava/lang/String;)V,0x2eab7c,15,0006:readByte(Ljava/lang/String;)B || 0012:readBoolean(Ljava/lang/String;)Z || 0034:readLong(Ljava/lang/String;)J || 003a:readUTF(Ljava/lang/String;)Ljava/lang/String; || 0040:readShort(Ljava/lang/String;)S || 0046:readUTF(Ljava/lang/String;)Ljava/lang/String; || 004c:readShort(Ljava/lang/String;)S || 0058:readShort(Ljava/lang/String;)S || 0064:readLong(Ljava/lang/String;)J || 0070:readShort(Ljava/lang/String;)S || 007c:readShort(Ljava/lang/String;)S || 0088:readUTF(Ljava/lang/String;)Ljava/lang/String; || 0094:readUTF(Ljava/lang/String;)Ljava/lang/String; || 00a0:readByte(Ljava/lang/String;)B || 00a6:readByte(Ljava/lang/String;)B,0022:LscriptPages/data/c;->b(Ljava/lang/String;)V || 0028:LscriptPages/game/n;->V(Ljava/lang/String;)V || 00c6:LscriptPages/game/r0;->G(I)I || 00f2:LscriptPages/game/q0;->n(Ljava/lang/String; Z)V || 010e:Lo/a;->s6(Ljava/lang/String; I I I Ljava/lang/String; I)I || 0114:LscriptPages/game/q0;->g1(Ljava/lang/String;)I || 0138:LscriptPages/game/q0;->l(Ljava/lang/String; Ljava/lang/String; I I)V || 013e:Lo/a;->p0(Ljava/lang/String;)V || 0164:LscriptPages/game/g;->z(I I I)I || 01a2:Lo/a;->w6(Ljava/lang/String; [S)I || 01cc:LscriptPages/game/r0;->T(Ljava/lang/String; I)I || 01f4:LscriptPages/game/r0;->T(Ljava/lang/String; I)I || 0208:LscriptPages/game/r0;->T(Ljava/lang/String; I)I || 0216:Lo/a;->P8(Ljava/lang/String; I I)V || 022c:LscriptPages/data/g;->I1(I Ljava/lang/String; [[Ljava/lang/String;)Ljava/lang/String; || 0234:LscriptPages/game/r0;->d0(Ljava/lang/String;)V
LscriptPages/game/n;->k1(Ljava/lang/String;)V,0x2eb060,1,0000:readByte(Ljava/lang/String;)B,000c:LscriptPages/game/n;->L(Ljava/lang/String;)V || 0024:LscriptPages/data/g;->I1(I Ljava/lang/String; [[Ljava/lang/String;)Ljava/lang/String; || 002c:LscriptPages/game/r0;->d0(Ljava/lang/String;)V
LscriptPages/game/n;->i1(Ljava/lang/String;)V,0x2eafe0,2,0000:readByte(Ljava/lang/String;)B || 000c:readByte(Ljava/lang/String;)B,002c:LscriptPages/game/n;->K(Ljava/lang/String;)V
LscriptPages/game/n;->f1(Ljava/lang/String;)V,0x2eae68,6,0000:readByte(Ljava/lang/String;)B || 0006:readUTF(Ljava/lang/String;)Ljava/lang/String; || 000e:readByte(Ljava/lang/String;)B || 001c:readByte(Ljava/lang/String;)B || 0052:readBoolean(Ljava/lang/String;)Z || 006a:readByte(Ljava/lang/String;)B,002c:LscriptPages/data/c;->k(J)V || 0044:LscriptPages/game/n;->E0()V || 004a:LscriptPages/game/n;->D0()V || 005e:LscriptPages/data/c;->b(Ljava/lang/String;)V || 0064:LscriptPages/game/n;->V(Ljava/lang/String;)V || 007c:LscriptPages/game/n;->L(Ljava/lang/String;)V || 0082:LscriptPages/game/n;->L(Ljava/lang/String;)V || 0090:LscriptPages/game/n;->K(Ljava/lang/String;)V || 00b8:LscriptPages/game/r0;->a0(Ljava/lang/String; I)V
LscriptPages/game/n;->Z0(Ljava/lang/String;)V,0x2ea988,2,0000:readByte(Ljava/lang/String;)B || 0008:readByte(Ljava/lang/String;)B,003e:LscriptPages/data/g;->I1(I Ljava/lang/String; [[Ljava/lang/String;)Ljava/lang/String; || 0046:LscriptPages/game/r0;->d0(Ljava/lang/String;)V || 0064:LscriptPages/data/g;->I1(I Ljava/lang/String; [[Ljava/lang/String;)Ljava/lang/String; || 006c:LscriptPages/game/r0;->d0(Ljava/lang/String;)V
LscriptPages/game/n;->g1(Ljava/lang/String;)V,0x2eaf38,3,0000:readByte(Ljava/lang/String;)B || 000c:readByte(Ljava/lang/String;)B || 0014:readUTF(Ljava/lang/String;)Ljava/lang/String;,0042:LscriptPages/data/g;->I1(I Ljava/lang/String; [[Ljava/lang/String;)Ljava/lang/String; || 005a:LscriptPages/data/g;->I1(I Ljava/lang/String; [[Ljava/lang/String;)Ljava/lang/String; || 0068:LscriptPages/game/r0;->d0(Ljava/lang/String;)V
LscriptPages/game/n;->d1(Ljava/lang/String;)V,0x2eadc8,3,0000:readUTF(Ljava/lang/String;)Ljava/lang/String; || 0008:readByte(Ljava/lang/String;)B || 0014:readBoolean(Ljava/lang/String;)Z,0020:LscriptPages/data/c;->b(Ljava/lang/String;)V || 0026:LscriptPages/game/n;->V(Ljava/lang/String;)V || 002e:LscriptPages/game/r0;->a0(Ljava/lang/String; I)V
LscriptPages/game/n;->h2(Ljava/lang/String;)V,0x2ece78,3,0000:readByte(Ljava/lang/String;)B || 0008:readUTF(Ljava/lang/String;)Ljava/lang/String; || 0014:readLong(Ljava/lang/String;)J,003e:LscriptPages/data/g;->I1(I Ljava/lang/String; [[Ljava/lang/String;)Ljava/lang/String; || 0054:LscriptPages/game/r0;->a0(Ljava/lang/String; I)V || 005e:LscriptPages/game/r0;->a0(Ljava/lang/String; I)V
LscriptPages/game/n;->g2(Ljava/lang/String;)V,0x2ece30,2,0000:readByte(Ljava/lang/String;)B || 0018:readBoolean(Ljava/lang/String;)Z,0024:LscriptPages/game/n;->S(Ljava/lang/String;)V || 0030:LscriptPages/game/n;->b0()V
LscriptPages/game/n;->w1(Ljava/lang/String;)V,0x2eb448,1,0000:readByte(Ljava/lang/String;)B,0010:LscriptPages/game/n;->N(Ljava/lang/String;)V || 0024:LscriptPages/game/n;->r0(I)V
LscriptPages/game/n;->o1(Ljava/lang/String;)V,0x2eb180,1,0000:readByte(Ljava/lang/String;)B,0010:LscriptPages/game/n;->M(Ljava/lang/String;)V || 0024:LscriptPages/game/n;->r0(I)V
LscriptPages/game/n;->u1(Ljava/lang/String;)V,0x2eb344,6,0000:readByte(Ljava/lang/String;)B || 0034:readShort(Ljava/lang/String;)S || 0042:readShort(Ljava/lang/String;)S || 0054:readByte(Ljava/lang/String;)B || 0082:readUTF(Ljava/lang/String;)Ljava/lang/String; || 0096:readShort(Ljava/lang/String;)S,00b4:LscriptPages/game/n;->p2()V
LscriptPages/game/n;->m1(Ljava/lang/String;)V,0x2eb0f8,5,0000:readByte(Ljava/lang/String;)B || 0006:readUTF(Ljava/lang/String;)Ljava/lang/String; || 000e:readByte(Ljava/lang/String;)B || 0020:readInt(Ljava/lang/String;)I || 002c:readShort(Ljava/lang/String;)S,001a:LscriptPages/game/n;->M(Ljava/lang/String;)V || 003a:LscriptPages/game/r0;->a0(Ljava/lang/String; I)V || 0048:LscriptPages/game/n;->r0(I)V
LscriptPages/game/n;->r1(Ljava/lang/String;)V,0x2eb274,2,0000:readByte(Ljava/lang/String;)B || 0006:readUTF(Ljava/lang/String;)Ljava/lang/String;,000e:LscriptPages/game/n;->S(Ljava/lang/String;)V || 0016:LscriptPages/game/r0;->a0(Ljava/lang/String; I)V
LscriptPages/game/n;->s1(Ljava/lang/String;)V,0x2eb2a4,5,0000:readByte(Ljava/lang/String;)B || 0008:readUTF(Ljava/lang/String;)Ljava/lang/String; || 0010:readByte(Ljava/lang/String;)B || 0022:readInt(Ljava/lang/String;)I || 002e:readShort(Ljava/lang/String;)S,001c:LscriptPages/game/n;->N(Ljava/lang/String;)V || 004c:LscriptPages/game/n;->r0(I)V || 0056:LscriptPages/game/r0;->a0(Ljava/lang/String; I)V
LscriptPages/game/n;->q1(Ljava/lang/String;)V,0x2eb1e4,4,0000:readByte(Ljava/lang/String;)B || 0022:readByte(Ljava/lang/String;)B || 0050:readShort(Ljava/lang/String;)S || 0064:readShort(Ljava/lang/String;)S,0076:LscriptPages/game/n;->v0(I)V
LscriptPages/game/n;->x1(Ljava/lang/String;)V,0x2eb484,9,0000:readByte(Ljava/lang/String;)B || 0008:readUTF(Ljava/lang/String;)Ljava/lang/String; || 0014:readByte(Ljava/lang/String;)B || 0026:readLong(Ljava/lang/String;)J || 0032:readLong(Ljava/lang/String;)J || 003e:readLong(Ljava/lang/String;)J || 0052:readByte(Ljava/lang/String;)B || 0068:readByte(Ljava/lang/String;)B || 0074:readInt(Ljava/lang/String;)I,0020:Lo/a;->V5(Ljava/lang/String;)V || 0046:Lo/a;->p3(J)I || 0098:LscriptPages/game/r0;->a0(Ljava/lang/String; I)V
LscriptPages/game/n;->r2(Ljava/lang/String;)V,0x2ed590,4,000c:readByte(Ljava/lang/String;)B || 0018:readUTF(Ljava/lang/String;)Ljava/lang/String; || 002c:readUTF(Ljava/lang/String;)Ljava/lang/String; || 0034:readUTF(Ljava/lang/String;)Ljava/lang/String;,
LscriptPages/game/n;->q2(Ljava/lang/String;)V,0x2ed544,3,000c:readByte(Ljava/lang/String;)B || 0018:readUTF(Ljava/lang/String;)Ljava/lang/String; || 002c:readUTF(Ljava/lang/String;)Ljava/lang/String;,
LscriptPages/game/p;->f(Ljava/lang/String;)V,0x2f75f4,39,0000:readByte(Ljava/lang/String;)B || 002c:readShort(Ljava/lang/String;)S || 0038:readShort(Ljava/lang/String;)S || 0048:readByte(Ljava/lang/String;)B || 0132:readLong(Ljava/lang/String;)J || 0142:readByte(Ljava/lang/String;)B || 0152:readUTF(Ljava/lang/String;)Ljava/lang/String; || 0162:readShort(Ljava/lang/String;)S || 0172:readShort(Ljava/lang/String;)S || 0182:readByte(Ljava/lang/String;)B || 0192:readByte(Ljava/lang/String;)B || 01a2:readByte(Ljava/lang/String;)B || 01b2:readInt(Ljava/lang/String;)I || 01c2:readInt(Ljava/lang/String;)I || 01d2:readInt(Ljava/lang/String;)I || 01e2:readInt(Ljava/lang/String;)I || 01f2:readInt(Ljava/lang/String;)I || 0202:readInt(Ljava/lang/String;)I || 0212:readInt(Ljava/lang/String;)I || 0222:readInt(Ljava/lang/String;)I || 022e:readInt(Ljava/lang/String;)I || 0238:readShort(Ljava/lang/String;)S || 0248:readShort(Ljava/lang/String;)S || 0258:readUTF(Ljava/lang/String;)Ljava/lang/String; || 0268:readByte(Ljava/lang/String;)B || 0278:readUTF(Ljava/lang/String;)Ljava/lang/String; || 0288:readUTF(Ljava/lang/String;)Ljava/lang/String; || 0294:readShort(Ljava/lang/String;)S || 029a:readLong(Ljava/lang/String;)J || 02a4:readByte(Ljava/lang/String;)B || 02b8:readByte(Ljava/lang/String;)B || 02c6:readByte(Ljava/lang/String;)B || 02e2:readLong(Ljava/lang/String;)J || 02ee:readLong(Ljava/lang/String;)J || 02fa:readLong(Ljava/lang/String;)J || 030e:readLong(Ljava/lang/String;)J || 031e:readLong(Ljava/lang/String;)J || 0332:readLong(Ljava/lang/String;)J || 0370:readLong(Ljava/lang/String;)J,0010:Lo/a;->Z5(Ljava/lang/String;)V || 03a0:LscriptPages/game/r0;->M(J [J)I || 03d6:LscriptPages/game/p;->f0()V
LscriptPages/game/p;->c1(Ljava/lang/String;)V,0x30d7c0,33,0000:readByte(Ljava/lang/String;)B || 00ee:readLong(Ljava/lang/String;)J || 00fe:readByte(Ljava/lang/String;)B || 010e:readUTF(Ljava/lang/String;)Ljava/lang/String; || 011e:readShort(Ljava/lang/String;)S || 012e:readShort(Ljava/lang/String;)S || 013e:readByte(Ljava/lang/String;)B || 014e:readByte(Ljava/lang/String;)B || 015e:readByte(Ljava/lang/String;)B || 016e:readInt(Ljava/lang/String;)I || 017e:readInt(Ljava/lang/String;)I || 018e:readInt(Ljava/lang/String;)I || 019e:readInt(Ljava/lang/String;)I || 01ae:readInt(Ljava/lang/String;)I || 01be:readInt(Ljava/lang/String;)I || 01ce:readInt(Ljava/lang/String;)I || 01de:readInt(Ljava/lang/String;)I || 01ee:readShort(Ljava/lang/String;)S || 01fe:readShort(Ljava/lang/String;)S || 020e:readUTF(Ljava/lang/String;)Ljava/lang/String; || 021e:readByte(Ljava/lang/String;)B || 022e:readUTF(Ljava/lang/String;)Ljava/lang/String; || 023e:readUTF(Ljava/lang/String;)Ljava/lang/String; || 024a:readShort(Ljava/lang/String;)S || 0250:readLong(Ljava/lang/String;)J || 025a:readByte(Ljava/lang/String;)B || 0270:readByte(Ljava/lang/String;)B || 027e:readByte(Ljava/lang/String;)B || 029a:readLong(Ljava/lang/String;)J || 02a6:readLong(Ljava/lang/String;)J || 02b2:readLong(Ljava/lang/String;)J || 02c6:readLong(Ljava/lang/String;)J || 02d6:readLong(Ljava/lang/String;)J,02fc:LscriptPages/game/p;->f0()V
LscriptPages/game/p;->a1(Ljava/lang/String;)V,0x30d778,0,,0000:LscriptPages/game/p;->T(Ljava/lang/String;)V
LscriptPages/game/p;->e(Ljava/lang/String;)V,0x2f7428,1,0000:readByte(Ljava/lang/String;)B,001c:LscriptPages/game/p;->T(Ljava/lang/String;)V || 0032:LscriptPages/data/g;->I1(I Ljava/lang/String; [[Ljava/lang/String;)Ljava/lang/String; || 003a:LscriptPages/game/r0;->Z(Ljava/lang/String; I)V || 004c:LscriptPages/data/g;->I1(I Ljava/lang/String; [[Ljava/lang/String;)Ljava/lang/String; || 0054:LscriptPages/game/r0;->Z(Ljava/lang/String; I)V || 00cc:LscriptPages/data/g;->I1(I Ljava/lang/String; [[Ljava/lang/String;)Ljava/lang/String; || 00d4:LscriptPages/game/r0;->Z(Ljava/lang/String; I)V || 00fa:LscriptPages/data/g;->I1(I Ljava/lang/String; [[Ljava/lang/String;)Ljava/lang/String; || 0110:LscriptPages/game/k0;->C(Ljava/lang/String; S Ljava/lang/String; Ljava/lang/String; S Z)V || 0118:LscriptPages/data/g;->I1(I Ljava/lang/String; [[Ljava/lang/String;)Ljava/lang/String; || 012e:LscriptPages/game/k0;->C(Ljava/lang/String; S Ljava/lang/String; Ljava/lang/String; S Z)V || 0148:LscriptPages/game/r0;->Z(Ljava/lang/String; I)V || 0158:LscriptPages/game/r0;->Z(Ljava/lang/String; I)V || 0168:LscriptPages/game/r0;->Z(Ljava/lang/String; I)V || 0174:LscriptPages/game/r0;->Z(Ljava/lang/String; I)V || 0186:LscriptPages/game/r0;->Z(Ljava/lang/String; I)V || 019c:LscriptPages/data/g;->I1(I Ljava/lang/String; [[Ljava/lang/String;)Ljava/lang/String; || 01a4:LscriptPages/game/r0;->Z(Ljava/lang/String; I)V || 01ac:LscriptPages/data/g;->I1(I Ljava/lang/String; [[Ljava/lang/String;)Ljava/lang/String; || 01b4:LscriptPages/game/r0;->Z(Ljava/lang/String; I)V
LscriptPages/game/p;->P(Ljava/lang/String;)V,0x307c08,6,0000:readInt(Ljava/lang/String;)I || 000c:readLong(Ljava/lang/String;)J || 0018:readLong(Ljava/lang/String;)J || 0024:readByte(Ljava/lang/String;)B || 0030:readShort(Ljava/lang/String;)S || 003c:readShort(Ljava/lang/String;)S,0068:LscriptPages/game/p;->n0()V || 006e:LscriptPages/game/p;->I0()[Ljava/lang/String; || 008e:LscriptPages/game/p;->n0()V || 0094:LscriptPages/game/p;->I0()[Ljava/lang/String; || 00a0:LscriptPages/game/p;->n0()V || 00a6:LscriptPages/game/p;->I0()[Ljava/lang/String;
LscriptPages/game/p;->Q(Ljava/lang/String;)V,0x307cc8,3,0000:readByte(Ljava/lang/String;)B || 0008:readUTF(Ljava/lang/String;)Ljava/lang/String; || 001a:readLong(Ljava/lang/String;)J,0026:LscriptPages/data/a;->B(Ljava/lang/String;)V || 003a:LscriptPages/PageMain;->getStatus()I || 0052:LscriptPages/PageMain;->getStatus()I || 0062:LscriptPages/game/x;->y(I)V || 006c:LscriptPages/PageMain;->getStatus()I || 0080:LscriptPages/game/c;->r(J I)V || 0090:LscriptPages/data/g;->I1(I Ljava/lang/String; [[Ljava/lang/String;)Ljava/lang/String; || 009a:LscriptPages/game/r0;->Z(Ljava/lang/String; I)V || 00c8:LscriptPages/game/p;->o0()V || 00d8:LscriptPages/game/x;->y(I)V || 00e8:LscriptPages/game/x;->y(I)V || 00f8:LscriptPages/game/x;->E()V || 0110:LscriptPages/data/g;->I1(I Ljava/lang/String; [[Ljava/lang/String;)Ljava/lang/String; || 0130:LscriptPages/game/r0;->c0(Ljava/lang/String;)V || 0140:LscriptPages/game/r0;->d0(Ljava/lang/String;)V || 0148:LscriptPages/game/p;->M(I Ljava/lang/String;)V
LscriptPages/game/p;->R(Ljava/lang/String;)V,0x307e28,1,0000:readByte(Ljava/lang/String;)B,0008:LscriptPages/data/a;->B(Ljava/lang/String;)V || 000e:Lo/a;->V5(Ljava/lang/String;)V || 002a:LscriptPages/data/g;->I1(I Ljava/lang/String; [[Ljava/lang/String;)Ljava/lang/String; || 0032:LscriptPages/game/r0;->d0(Ljava/lang/String;)V || 0048:LscriptPages/data/g;->I1(I Ljava/lang/String; [[Ljava/lang/String;)Ljava/lang/String; || 0050:LscriptPages/game/r0;->d0(Ljava/lang/String;)V || 0062:LscriptPages/game/r0;->d0(Ljava/lang/String;)V
LscriptPages/game/p;->V(Ljava/lang/String;)V,0x308a98,2,000c:readByte(Ljava/lang/String;)B || 001a:readLong(Ljava/lang/String;)J,0020:LscriptPages/data/a;->B(Ljava/lang/String;)V || 0026:Lo/a;->V5(Ljava/lang/String;)V || 0060:LscriptPages/game/p;->w0()V || 0072:LscriptPages/data/a;->h(J)I || 0082:LscriptPages/game/p;->w0()V || 0094:LscriptPages/game/p;->Z()V || 00a6:LscriptPages/game/c;->A()V || 00ba:LscriptPages/game/c;->A()V || 00cc:LscriptPages/game/p;->f1()V || 00de:LscriptPages/game/p;->f1()V || 00ec:LscriptPages/game/q;->m(I)V || 0138:LscriptPages/data/a;->p(J)I || 0180:LscriptPages/PageMain;->getCurTime()J || 018e:LscriptPages/data/g;->s1(I)Ljava/lang/String; || 01ac:LscriptPages/PageMain;->getStatus()I || 0200:LscriptPages/data/g;->I1(I Ljava/lang/String; [[Ljava/lang/String;)Ljava/lang/String; || 0208:LscriptPages/game/r0;->a0(Ljava/lang/String; I)V || 0230:LscriptPages/data/g;->I1(I Ljava/lang/String; [[Ljava/lang/String;)Ljava/lang/String; || 0238:LscriptPages/game/r0;->d0(Ljava/lang/String;)V || 0248:LscriptPages/game/p;->M(I Ljava/lang/String;)V || 025e:LscriptPages/game/p;->M(I Ljava/lang/String;)V
LscriptPages/game/p;->j(Ljava/lang/String;)V,0x2f7bd4,1,000c:readByte(Ljava/lang/String;)B,0018:LscriptPages/data/a;->B(Ljava/lang/String;)V
LscriptPages/game/p;->T0(Ljava/lang/String;)V,0x30d0ec,4,0000:readByte(Ljava/lang/String;)B || 0008:readInt(Ljava/lang/String;)I || 000e:readLong(Ljava/lang/String;)J || 0014:readLong(Ljava/lang/String;)J,002e:LscriptPages/data/g;->I1(I Ljava/lang/String; [[Ljava/lang/String;)Ljava/lang/String; || 0038:LscriptPages/game/r0;->Z(Ljava/lang/String; I)V || 004a:LscriptPages/game/p;->M(I Ljava/lang/String;)V
LscriptPages/game/p;->S0(Ljava/lang/String;)V,0x30d000,2,0000:readInt(Ljava/lang/String;)I || 000c:readInt(Ljava/lang/String;)I,008e:LscriptPages/game/r0;->w0(J)Ljava/lang/String; || 00cc:LscriptPages/data/g;->I1(I Ljava/lang/String; [[Ljava/lang/String;)Ljava/lang/String; || 00d4:LscriptPages/game/r0;->a0(Ljava/lang/String; I)V
LscriptPages/game/p;->l1(Ljava/lang/String;)V,0x30e7c0,24,000c:readShort(Ljava/lang/String;)S || 0018:readShort(Ljava/lang/String;)S || 0024:readByte(Ljava/lang/String;)B || 00d0:readLong(Ljava/lang/String;)J || 00e0:readUTF(Ljava/lang/String;)Ljava/lang/String; || 00f0:readShort(Ljava/lang/String;)S || 0100:readByte(Ljava/lang/String;)B || 0110:readShort(Ljava/lang/String;)S || 0120:readShort(Ljava/lang/String;)S || 0130:readUTF(Ljava/lang/String;)Ljava/lang/String; || 0140:readInt(Ljava/lang/String;)I || 0150:readInt(Ljava/lang/String;)I || 015c:readByte(Ljava/lang/String;)B || 0196:readByte(Ljava/lang/String;)B || 01aa:readShort(Ljava/lang/String;)S || 01be:readByte(Ljava/lang/String;)B || 01d0:readByte(Ljava/lang/String;)B || 023a:readUTF(Ljava/lang/String;)Ljava/lang/String; || 024e:readShort(Ljava/lang/String;)S || 0262:readShort(Ljava/lang/String;)S || 0276:readByte(Ljava/lang/String;)B || 028a:readByte(Ljava/lang/String;)B || 029e:readByte(Ljava/lang/String;)B || 02b2:readInt(Ljava/lang/String;)I,034c:LscriptPages/game/p;->B0()V
LscriptPages/game/p;->i1(Ljava/lang/String;)V,0x30e3d0,28,000a:readShort(Ljava/lang/String;)S || 0016:readShort(Ljava/lang/String;)S || 0022:readByte(Ljava/lang/String;)B || 00ee:readLong(Ljava/lang/String;)J || 00fe:readByte(Ljava/lang/String;)B || 0126:readByte(Ljava/lang/String;)B || 0136:readShort(Ljava/lang/String;)S || 0146:readShort(Ljava/lang/String;)S || 0152:readByte(Ljava/lang/String;)B || 0162:readUTF(Ljava/lang/String;)Ljava/lang/String; || 0172:readUTF(Ljava/lang/String;)Ljava/lang/String; || 0182:readInt(Ljava/lang/String;)I || 0192:readInt(Ljava/lang/String;)I || 01a2:readUTF(Ljava/lang/String;)Ljava/lang/String; || 01b2:readInt(Ljava/lang/String;)I || 01c2:readInt(Ljava/lang/String;)I || 01ce:readByte(Ljava/lang/String;)B || 0208:readByte(Ljava/lang/String;)B || 021c:readShort(Ljava/lang/String;)S || 0230:readByte(Ljava/lang/String;)B || 0242:readByte(Ljava/lang/String;)B || 02ac:readUTF(Ljava/lang/String;)Ljava/lang/String; || 02c0:readShort(Ljava/lang/String;)S || 02d4:readShort(Ljava/lang/String;)S || 02e8:readByte(Ljava/lang/String;)B || 02fc:readByte(Ljava/lang/String;)B || 0310:readByte(Ljava/lang/String;)B || 0324:readInt(Ljava/lang/String;)I,0116:Lo/a;->I3(I)Ljava/lang/String; || 035e:LscriptPages/game/p;->B0()V
LscriptPages/game/p;->W0(Ljava/lang/String;)V,0x30d4b8,6,0000:readByte(Ljava/lang/String;)B || 000c:readByte(Ljava/lang/String;)B || 0018:readByte(Ljava/lang/String;)B || 0042:readUTF(Ljava/lang/String;)Ljava/lang/String; || 0052:readUTF(Ljava/lang/String;)Ljava/lang/String; || 0062:readShort(Ljava/lang/String;)S,0086:LscriptPages/game/p;->h0()V
LscriptPages/game/p;->V0(Ljava/lang/String;)V,0x30d3b4,11,0000:readByte(Ljava/lang/String;)B || 000c:readUTF(Ljava/lang/String;)Ljava/lang/String; || 0018:readUTF(Ljava/lang/String;)Ljava/lang/String; || 0024:readInt(Ljava/lang/String;)I || 0030:readInt(Ljava/lang/String;)I || 003c:readByte(Ljava/lang/String;)B || 0076:readUTF(Ljava/lang/String;)Ljava/lang/String; || 0086:readByte(Ljava/lang/String;)B || 0096:readShort(Ljava/lang/String;)S || 00a6:readShort(Ljava/lang/String;)S || 00b6:readShort(Ljava/lang/String;)S,00da:LscriptPages/game/p;->h0()V
LscriptPages/game/p;->Y0(Ljava/lang/String;)V,0x30d66c,8,0000:readByte(Ljava/lang/String;)B || 004a:readUTF(Ljava/lang/String;)Ljava/lang/String; || 005a:readByte(Ljava/lang/String;)B || 006a:readByte(Ljava/lang/String;)B || 007a:readUTF(Ljava/lang/String;)Ljava/lang/String; || 008a:readUTF(Ljava/lang/String;)Ljava/lang/String; || 009a:readByte(Ljava/lang/String;)B || 00aa:readShort(Ljava/lang/String;)S,00d0:LscriptPages/game/p;->h0()V
LscriptPages/game/p;->d1(Ljava/lang/String;)V,0x30dad4,11,0000:readByte(Ljava/lang/String;)B || 006a:readLong(Ljava/lang/String;)J || 007a:readUTF(Ljava/lang/String;)Ljava/lang/String; || 008a:readUTF(Ljava/lang/String;)Ljava/lang/String; || 009a:readByte(Ljava/lang/String;)B || 00aa:readUTF(Ljava/lang/String;)Ljava/lang/String; || 00ba:readByte(Ljava/lang/String;)B || 00ca:readByte(Ljava/lang/String;)B || 0100:readUTF(Ljava/lang/String;)Ljava/lang/String; || 0110:readShort(Ljava/lang/String;)S || 0120:readShort(Ljava/lang/String;)S,0146:LscriptPages/game/p;->h0()V
LscriptPages/game/p;->e1(Ljava/lang/String;)V,0x30dc34,63,0000:readByte(Ljava/lang/String;)B || 00c4:readLong(Ljava/lang/String;)J || 00d4:readByte(Ljava/lang/String;)B || 00e4:readUTF(Ljava/lang/String;)Ljava/lang/String; || 00f4:readShort(Ljava/lang/String;)S || 0104:readShort(Ljava/lang/String;)S || 0114:readByte(Ljava/lang/String;)B || 0124:readByte(Ljava/lang/String;)B || 0134:readByte(Ljava/lang/String;)B || 0144:readInt(Ljava/lang/String;)I || 0154:readInt(Ljava/lang/String;)I || 0164:readInt(Ljava/lang/String;)I || 0174:readInt(Ljava/lang/String;)I || 0184:readInt(Ljava/lang/String;)I || 0194:readInt(Ljava/lang/String;)I || 01a4:readInt(Ljava/lang/String;)I || 01b4:readInt(Ljava/lang/String;)I || 01c0:readInt(Ljava/lang/String;)I || 01ca:readShort(Ljava/lang/String;)S || 01da:readShort(Ljava/lang/String;)S || 01ea:readUTF(Ljava/lang/String;)Ljava/lang/String; || 01fa:readByte(Ljava/lang/String;)B || 020a:readUTF(Ljava/lang/String;)Ljava/lang/String; || 021a:readUTF(Ljava/lang/String;)Ljava/lang/String; || 0226:readShort(Ljava/lang/String;)S || 022c:readLong(Ljava/lang/String;)J || 023a:readByte(Ljava/lang/String;)B || 02a4:readLong(Ljava/lang/String;)J || 02b4:readUTF(Ljava/lang/String;)Ljava/lang/String; || 02c4:readUTF(Ljava/lang/String;)Ljava/lang/String; || 02d4:readByte(Ljava/lang/String;)B || 02e4:readUTF(Ljava/lang/String;)Ljava/lang/String; || 02f4:readByte(Ljava/lang/String;)B || 0304:readByte(Ljava/lang/String;)B || 0334:readUTF(Ljava/lang/String;)Ljava/lang/String; || 0344:readShort(Ljava/lang/String;)S || 0354:readShort(Ljava/lang/String;)S || 0366:readByte(Ljava/lang/String;)B || 0430:readLong(Ljava/lang/String;)J || 0440:readByte(Ljava/lang/String;)B || 0468:readByte(Ljava/lang/String;)B || 0478:readShort(Ljava/lang/String;)S || 0488:readShort(Ljava/lang/String;)S || 0494:readByte(Ljava/lang/String;)B || 04a4:readUTF(Ljava/lang/String;)Ljava/lang/String; || 04b4:readUTF(Ljava/lang/String;)Ljava/lang/String; || 04c4:readInt(Ljava/lang/String;)I || 04d4:readInt(Ljava/lang/String;)I || 04e4:readUTF(Ljava/lang/String;)Ljava/lang/String; || 04f4:readInt(Ljava/lang/String;)I || 0504:readInt(Ljava/lang/String;)I || 0510:readByte(Ljava/lang/String;)B || 054a:readByte(Ljava/lang/String;)B || 055e:readShort(Ljava/lang/String;)S || 0572:readByte(Ljava/lang/String;)B || 0584:readByte(Ljava/lang/String;)B || 05ee:readUTF(Ljava/lang/String;)Ljava/lang/String; || 0602:readShort(Ljava/lang/String;)S || 0616:readShort(Ljava/lang/String;)S || 062a:readByte(Ljava/lang/String;)B || 063e:readByte(Ljava/lang/String;)B || 0652:readByte(Ljava/lang/String;)B || 0666:readInt(Ljava/lang/String;)I,0458:Lo/a;->I3(I)Ljava/lang/String; || 06a4:LscriptPages/game/p;->u0()V
LscriptPages/game/p;->U0(Ljava/lang/String;)V,0x30d150,26,0000:readByte(Ljava/lang/String;)B || 00c2:readLong(Ljava/lang/String;)J || 00d2:readByte(Ljava/lang/String;)B || 00e2:readUTF(Ljava/lang/String;)Ljava/lang/String; || 00f2:readShort(Ljava/lang/String;)S || 0102:readShort(Ljava/lang/String;)S || 0112:readByte(Ljava/lang/String;)B || 0122:readByte(Ljava/lang/String;)B || 0132:readByte(Ljava/lang/String;)B || 0142:readInt(Ljava/lang/String;)I || 0152:readInt(Ljava/lang/String;)I || 0162:readInt(Ljava/lang/String;)I || 0172:readInt(Ljava/lang/String;)I || 0182:readInt(Ljava/lang/String;)I || 0192:readInt(Ljava/lang/String;)I || 01a2:readInt(Ljava/lang/String;)I || 01b2:readInt(Ljava/lang/String;)I || 01be:readInt(Ljava/lang/String;)I || 01c8:readShort(Ljava/lang/String;)S || 01d8:readShort(Ljava/lang/String;)S || 01e8:readUTF(Ljava/lang/String;)Ljava/lang/String; || 01f8:readByte(Ljava/lang/String;)B || 0208:readUTF(Ljava/lang/String;)Ljava/lang/String; || 0218:readUTF(Ljava/lang/String;)Ljava/lang/String; || 0224:readShort(Ljava/lang/String;)S || 022a:readLong(Ljava/lang/String;)J,024c:LscriptPages/game/p;->u0()V
LscriptPages/game/p;->g1(Ljava/lang/String;)V,0x30e314,0,,0000:Lo/a;->h6(Ljava/lang/String;)V || 0016:LscriptPages/game/p;->u0()V || 0024:LscriptPages/game/k0;->J()V || 0032:LscriptPages/game/k0;->J()V || 004c:LscriptPages/game/p;->H0(J I)V
LscriptPages/game/p;->b1(Ljava/lang/String;)V,0x30d790,1,0000:readByte(Ljava/lang/String;)B,0006:Lo/a;->h6(Ljava/lang/String;)V || 000c:LscriptPages/game/k0;->J()V || 0012:LscriptPages/game/k0;->M()V
LscriptPages/game/c;->I(Ljava/lang/String;)V,0x29644c,0,,0006:LscriptPages/data/a;->B(Ljava/lang/String;)V || 0018:LscriptPages/game/c;->C()V
LscriptPages/game/c;->c(Ljava/lang/String;)V,0x2915a4,9,0000:readInt(Ljava/lang/String;)I || 000c:readShort(Ljava/lang/String;)S || 0066:readUTF(Ljava/lang/String;)Ljava/lang/String; || 0072:readShort(Ljava/lang/String;)S || 00b0:readLong(Ljava/lang/String;)J || 00bc:readShort(Ljava/lang/String;)S || 00c8:readShort(Ljava/lang/String;)S || 00d4:readShort(Ljava/lang/String;)S || 00e2:readShort(Ljava/lang/String;)S,0146:LscriptPages/data/a;->C(I Ljava/lang/String;)V || 01a0:LscriptPages/game/c;->v(I I Z)V || 01bc:LscriptPages/game/c;->v(I I Z)V || 01da:LscriptPages/game/c;->v(I I Z)V || 01e4:LscriptPages/game/c;->J(I Z Z)V
LscriptPages/game/d;->b(Ljava/lang/String;)V,0x2a1644,43,0008:readByte(Ljava/lang/String;)B || 0038:readBoolean(Ljava/lang/String;)Z || 009c:readLong(Ljava/lang/String;)J || 00a2:readLong(Ljava/lang/String;)J || 00aa:readBoolean(Ljava/lang/String;)Z || 00d0:readInt(Ljava/lang/String;)I || 00d6:readInt(Ljava/lang/String;)I || 01a0:readShort(Ljava/lang/String;)S || 029a:readByte(Ljava/lang/String;)B || 02ac:readInt(Ljava/lang/String;)I || 02b4:readInt(Ljava/lang/String;)I || 02c0:readByte(Ljava/lang/String;)B || 0304:readLong(Ljava/lang/String;)J || 030c:readUTF(Ljava/lang/String;)Ljava/lang/String; || 0314:readByte(Ljava/lang/String;)B || 0660:readByte(Ljava/lang/String;)B || 06d2:readByte(Ljava/lang/String;)B || 0700:readByte(Ljava/lang/String;)B || 0746:readLong(Ljava/lang/String;)J || 0782:readShort(Ljava/lang/String;)S || 07b2:readUTF(Ljava/lang/String;)Ljava/lang/String; || 07c2:readByte(Ljava/lang/String;)B || 0832:readByte(Ljava/lang/String;)B || 0880:readByte(Ljava/lang/String;)B || 08ee:readLong(Ljava/lang/String;)J || 092a:readShort(Ljava/lang/String;)S || 0946:readShort(Ljava/lang/String;)S || 0976:readUTF(Ljava/lang/String;)Ljava/lang/String; || 0986:readByte(Ljava/lang/String;)B || 0a36:readByte(Ljava/lang/String;)B || 0a64:readByte(Ljava/lang/String;)B || 0a94:readByte(Ljava/lang/String;)B || 0aa4:readByte(Ljava/lang/String;)B || 0ab4:readShort(Ljava/lang/String;)S || 0bfe:readByte(Ljava/lang/String;)B || 0c10:readByte(Ljava/lang/String;)B || 0c20:readByte(Ljava/lang/String;)B || 0c30:readShort(Ljava/lang/String;)S || 0c80:readByte(Ljava/lang/String;)B || 0c90:readByte(Ljava/lang/String;)B || 0d6e:readByte(Ljava/lang/String;)B || 0d9a:readBoolean(Ljava/lang/String;)Z || 0da6:readBoolean(Ljava/lang/String;)Z,0020:LscriptPages/data/g;->I1(I Ljava/lang/String; [[Ljava/lang/String;)Ljava/lang/String; || 0028:LscriptPages/game/r0;->d0(Ljava/lang/String;)V || 0044:LscriptPages/data/a;->B(Ljava/lang/String;)V || 0054:LscriptPages/PageMain;->getStatus()I || 00c2:LscriptPages/PageMain;->getCurTime()J || 033c:LscriptPages/PageMain;->getCurTime()J || 036e:LscriptPages/PageMain;->getCurTime()J || 039a:LscriptPages/PageMain;->getCurTime()J || 07d6:LscriptPages/PageMain;->getCurTime()J || 099a:LscriptPages/PageMain;->getCurTime()J || 0b3c:LscriptPages/game/d;->a(J)Ljava/lang/String; || 0d18:LscriptPages/game/d;->a(J)Ljava/lang/String; || 0db2:LscriptPages/data/a;->B(Ljava/lang/String;)V || 0db8:LscriptPages/PageMain;->getStatus()I || 0dc8:LscriptPages/PageMain;->setStatus(I)V
LscriptPages/game/s;->Y(Ljava/lang/String;)V,0x3380fc,47,0000:readByte(Ljava/lang/String;)B || 006c:readBoolean(Ljava/lang/String;)Z || 01ba:readByte(Ljava/lang/String;)B || 01c2:readShort(Ljava/lang/String;)S || 01de:readBoolean(Ljava/lang/String;)Z || 0212:readByte(Ljava/lang/String;)B || 02c8:readLong(Ljava/lang/String;)J || 02d4:readInt(Ljava/lang/String;)I || 030a:readShort(Ljava/lang/String;)S || 0316:readShort(Ljava/lang/String;)S || 03a0:readInt(Ljava/lang/String;)I || 03a8:readInt(Ljava/lang/String;)I || 03b0:readByte(Ljava/lang/String;)B || 03c4:readLong(Ljava/lang/String;)J || 03cc:readUTF(Ljava/lang/String;)Ljava/lang/String; || 03d4:readShort(Ljava/lang/String;)S || 03dc:readShort(Ljava/lang/String;)S || 03e4:readByte(Ljava/lang/String;)B || 03ec:readInt(Ljava/lang/String;)I || 03f4:readShort(Ljava/lang/String;)S || 03fc:readShort(Ljava/lang/String;)S || 0736:readByte(Ljava/lang/String;)B || 075c:readByte(Ljava/lang/String;)B || 078a:readLong(Ljava/lang/String;)J || 07bc:readUTF(Ljava/lang/String;)Ljava/lang/String; || 07c4:readShort(Ljava/lang/String;)S || 07cc:readShort(Ljava/lang/String;)S || 07d4:readByte(Ljava/lang/String;)B || 07dc:readInt(Ljava/lang/String;)I || 07e4:readShort(Ljava/lang/String;)S || 07ec:readShort(Ljava/lang/String;)S || 08ba:readByte(Ljava/lang/String;)B || 08d6:readByte(Ljava/lang/String;)B || 08f6:readLong(Ljava/lang/String;)J || 091e:readUTF(Ljava/lang/String;)Ljava/lang/String; || 0926:readShort(Ljava/lang/String;)S || 092e:readShort(Ljava/lang/String;)S || 0936:readByte(Ljava/lang/String;)B || 093e:readInt(Ljava/lang/String;)I || 0946:readShort(Ljava/lang/String;)S || 094e:readShort(Ljava/lang/String;)S || 0956:readInt(Ljava/lang/String;)I || 0970:readShort(Ljava/lang/String;)S || 0a7e:readBoolean(Ljava/lang/String;)Z || 0a8e:readInt(Ljava/lang/String;)I || 0a9a:readInt(Ljava/lang/String;)I || 0ab2:readInt(Ljava/lang/String;)I,0024:LscriptPages/data/g;->I1(I Ljava/lang/String; [[Ljava/lang/String;)Ljava/lang/String; || 002c:LscriptPages/game/r0;->d0(Ljava/lang/String;)V || 0040:LscriptPages/data/g;->I1(I Ljava/lang/String; [[Ljava/lang/String;)Ljava/lang/String; || 0048:LscriptPages/game/r0;->d0(Ljava/lang/String;)V || 0058:LscriptPages/data/g;->I1(I Ljava/lang/String; [[Ljava/lang/String;)Ljava/lang/String; || 0060:LscriptPages/game/r0;->d0(Ljava/lang/String;)V || 0078:LscriptPages/data/a;->B(Ljava/lang/String;)V || 020c:LscriptPages/PageMain;->setStatus(I Z)V || 0250:LscriptPages/data/g;->J5(Ljava/lang/String; I I I I I)V || 0288:LscriptPages/data/g;->J5(Ljava/lang/String; I I I I I)V || 028e:LscriptPages/game/s;->N()V || 02dc:LscriptPages/PageMain;->getCurTime()J || 04ba:LscriptPages/game/s;->h(I J Ljava/lang/String; S I B I I I I S [S)I || 04e6:Lo/a;->c3(I J)I || 07f4:LscriptPages/game/s;->v0(I)I || 07fc:LscriptPages/game/s;->I(I I I)I || 0810:LscriptPages/game/s;->J(I)I || 084a:LscriptPages/game/s;->h(I J Ljava/lang/String; S I B I I I I S [S)I || 0864:LscriptPages/game/s;->G(I)I || 08fe:LscriptPages/game/s;->v0(I)I || 0988:LscriptPages/game/s;->B(I I I)I || 099a:LscriptPages/game/s;->C(I)I || 09d6:LscriptPages/game/s;->h(I J Ljava/lang/String; S I B I I I I S [S)I || 09dc:LscriptPages/game/s;->e0(J)V || 09fa:LscriptPages/game/s;->G(I)I || 0a78:LscriptPages/game/s;->Z(Ljava/lang/String;)V || 0aba:LscriptPages/PageMain;->getCurTime()J
LscriptPages/game/s;->d0(Ljava/lang/String;)V,0x33a9ec,1,0000:readByte(Ljava/lang/String;)B,
LscriptPages/game/s;->V(Ljava/lang/String;)V,0x337748,1,0008:readByte(Ljava/lang/String;)B,003a:LscriptPages/data/g;->I1(I Ljava/lang/String; [[Ljava/lang/String;)Ljava/lang/String; || 0042:LscriptPages/game/r0;->d0(Ljava/lang/String;)V || 0230:LscriptPages/game/s;->X(Ljava/lang/String;)V || 0236:LscriptPages/game/s;->Z(Ljava/lang/String;)V
LscriptPages/game/s;->W(Ljava/lang/String;)V,0x3379fc,2,0008:readByte(Ljava/lang/String;)B || 023c:readLong(Ljava/lang/String;)J,003a:LscriptPages/data/g;->I1(I Ljava/lang/String; [[Ljava/lang/String;)Ljava/lang/String; || 0042:LscriptPages/game/r0;->d0(Ljava/lang/String;)V || 0230:LscriptPages/game/s;->X(Ljava/lang/String;)V || 0236:LscriptPages/game/s;->Z(Ljava/lang/String;)V
LscriptPages/game/w;->g0(Ljava/lang/String;)V,0x34a2d4,0,,0012:LscriptPages/data/g;->v3(Ljava/lang/String;)I || 003c:LscriptPages/game/w;->O()V || 0050:LscriptPages/game/w;->P()V || 0062:LscriptPages/game/w;->N()V || 0074:LscriptPages/game/w;->O()V || 0080:LscriptPages/data/g;->f1(I)[J || 00ba:LscriptPages/data/g;->f1(I)[J || 00ca:LscriptPages/data/g;->t1(I J)Ljava/lang/String; || 00da:LscriptPages/data/g;->J1(I J)I || 00ec:LscriptPages/data/g;->n1(I J)I || 00fe:LscriptPages/data/g;->J0(I J)Ljava/lang/String; || 0130:LscriptPages/game/h0;->T()V || 0144:LscriptPages/data/g;->f1(I)[J || 016c:LscriptPages/data/g;->t1(I J)Ljava/lang/String; || 01a0:LscriptPages/data/g;->I1(I Ljava/lang/String; [[Ljava/lang/String;)Ljava/lang/String; || 01a8:LscriptPages/game/r0;->d0(Ljava/lang/String;)V || 01ba:LscriptPages/game/p;->k0([J I J Ljava/lang/String;)V
LscriptPages/game/w;->X(Ljava/lang/String;)V,0x349778,1,0006:readByte(Ljava/lang/String;)B,0000:LscriptPages/game/w;->I()V || 000e:LscriptPages/game/w;->s(I Ljava/lang/String;)V
LscriptPages/game/w;->Y(Ljava/lang/String;)V,0x3497a0,8,0000:readByte(Ljava/lang/String;)B || 0008:readByte(Ljava/lang/String;)B || 008e:readLong(Ljava/lang/String;)J || 00a2:readUTF(Ljava/lang/String;)Ljava/lang/String; || 00ae:readShort(Ljava/lang/String;)S || 00bc:readByte(Ljava/lang/String;)B || 00d0:readByte(Ljava/lang/String;)B || 00e4:readUTF(Ljava/lang/String;)Ljava/lang/String;,00fc:LscriptPages/game/w;->i0(I)V || 0108:LscriptPages/game/w;->L()V
LscriptPages/game/w;->V(Ljava/lang/String;)V,0x34968c,5,002a:readByte(Ljava/lang/String;)B || 0032:readByte(Ljava/lang/String;)B || 006e:readLong(Ljava/lang/String;)J || 0082:readUTF(Ljava/lang/String;)Ljava/lang/String; || 0096:readByte(Ljava/lang/String;)B,00a8:LscriptPages/game/w;->x()V
LscriptPages/game/w;->U(Ljava/lang/String;)V,0x34966c,0,,0000:LscriptPages/game/w;->I()V || 0008:LscriptPages/game/w;->s(I Ljava/lang/String;)V
LscriptPages/game/h0;->e0(Ljava/lang/String;)V,0x3b0d38,7,0000:readByte(Ljava/lang/String;)B || 0044:readLong(Ljava/lang/String;)J || 0054:readUTF(Ljava/lang/String;)Ljava/lang/String; || 0064:readShort(Ljava/lang/String;)S || 0074:readByte(Ljava/lang/String;)B || 0084:readByte(Ljava/lang/String;)B || 0094:readUTF(Ljava/lang/String;)Ljava/lang/String;,00aa:LscriptPages/game/h0;->T()V
LscriptPages/game/w;->h0(Ljava/lang/String;)V,0x34a4ac,7,0018:readByte(Ljava/lang/String;)B || 0028:readByte(Ljava/lang/String;)B || 003a:readShort(Ljava/lang/String;)S || 005c:readShort(Ljava/lang/String;)S || 008c:readShort(Ljava/lang/String;)S || 00e2:readBoolean(Ljava/lang/String;)Z || 00ee:readBoolean(Ljava/lang/String;)Z,000a:LscriptPages/data/g;->I1(I Ljava/lang/String; [[Ljava/lang/String;)Ljava/lang/String; || 004a:LscriptPages/game/q0;->y2(I)V || 006c:LscriptPages/game/q0;->y2(I)V || 007a:LscriptPages/data/g;->F5(I)V || 009c:LscriptPages/game/q0;->y2(I)V || 00aa:LscriptPages/data/g;->F5(I)V || 00b8:LscriptPages/data/g;->F5(I)V || 00c6:LscriptPages/data/g;->F5(I)V || 00d6:LscriptPages/data/g;->F5(I)V
LscriptPages/game/f;->P(Ljava/lang/String;)V,0x2a014c,14,0012:readLong(Ljava/lang/String;)J || 001e:readByte(Ljava/lang/String;)B || 002a:readByte(Ljava/lang/String;)B || 0036:readByte(Ljava/lang/String;)B || 0042:readByte(Ljava/lang/String;)B || 004e:readBoolean(Ljava/lang/String;)Z || 0066:readLong(Ljava/lang/String;)J || 0072:readInt(Ljava/lang/String;)I || 00ac:readLong(Ljava/lang/String;)J || 00b8:readShort(Ljava/lang/String;)S || 00c4:readByte(Ljava/lang/String;)B || 00ca:readUTF(Ljava/lang/String;)Ljava/lang/String; || 00e2:readLong(Ljava/lang/String;)J || 00ee:readShort(Ljava/lang/String;)S,008a:LscriptPages/game/f;->Q()V || 0198:LscriptPages/game/f;->r()V || 01ba:LscriptPages/game/f;->r()V || 01c8:LscriptPages/data/g;->U2(I)V || 01f8:LscriptPages/game/f;->r()V || 0212:LscriptPages/game/f;->Q()V || 0226:LscriptPages/game/f;->W(I)V
LscriptPages/game/f;->X(Ljava/lang/String;)V,0x2a08f0,6,0006:readByte(Ljava/lang/String;)B || 0034:readByte(Ljava/lang/String;)B || 0040:readLong(Ljava/lang/String;)J || 004c:readUTF(Ljava/lang/String;)Ljava/lang/String; || 0058:readUTF(Ljava/lang/String;)Ljava/lang/String; || 0064:readUTF(Ljava/lang/String;)Ljava/lang/String;,001e:LscriptPages/data/g;->I1(I Ljava/lang/String; [[Ljava/lang/String;)Ljava/lang/String; || 0026:LscriptPages/game/r0;->d0(Ljava/lang/String;)V || 00a2:LscriptPages/game/r0;->F(I)I || 00be:LscriptPages/game/r0;->G(I)I || 00e0:LscriptPages/data/f;->D(I I I I)I || 00f0:LscriptPages/game/r0;->G(I)I || 0120:LscriptPages/data/f;->D(I I I I)I || 012c:LscriptPages/game/r0;->G(I)I || 0150:LscriptPages/game/b;->D(I I I I)I || 0168:LscriptPages/data/f;->D(I I I I)I || 0174:LscriptPages/game/r0;->G(I)I || 018c:Lo/a;->p0(Ljava/lang/String;)V || 01e6:LscriptPages/game/e;->s(Ljava/lang/StringBuilder; Ljava/lang/String; I Ljava/lang/String; [[Ljava/lang/String;)V || 023a:Lo/a;->w6(Ljava/lang/String; [S)I || 0248:LscriptPages/game/r0;->T(Ljava/lang/String; I)I || 0258:Lo/a;->P8(Ljava/lang/String; I I)V
LscriptPages/game/f;->T(Ljava/lang/String;)V,0x2a0508,7,0006:readInt(Ljava/lang/String;)I || 0040:readLong(Ljava/lang/String;)J || 0050:readByte(Ljava/lang/String;)B || 0060:readUTF(Ljava/lang/String;)Ljava/lang/String; || 006c:readInt(Ljava/lang/String;)I || 009a:readShort(Ljava/lang/String;)S || 00ae:readUTF(Ljava/lang/String;)Ljava/lang/String;,00dc:LscriptPages/game/f;->p()V || 00f4:LscriptPages/game/f;->m(J)[I || 0108:LscriptPages/game/f;->n(J)I || 0124:LscriptPages/game/f;->u()V || 0130:LscriptPages/game/f;->n(J)I || 014c:LscriptPages/game/f;->u()V || 016c:LscriptPages/game/f;->W(I)V || 0184:LscriptPages/game/f;->n(J)I
LscriptPages/game/f;->S(Ljava/lang/String;)V,0x2a03dc,11,0006:readByte(Ljava/lang/String;)B || 002e:readShort(Ljava/lang/String;)S || 0034:readUTF(Ljava/lang/String;)Ljava/lang/String; || 003a:readUTF(Ljava/lang/String;)Ljava/lang/String; || 0046:readInt(Ljava/lang/String;)I || 0086:readUTF(Ljava/lang/String;)Ljava/lang/String; || 0096:readShort(Ljava/lang/String;)S || 00a6:readInt(Ljava/lang/String;)I || 00b6:readInt(Ljava/lang/String;)I || 00c6:readUTF(Ljava/lang/String;)Ljava/lang/String; || 00d6:readInt(Ljava/lang/String;)I,001e:LscriptPages/data/g;->I1(I Ljava/lang/String; [[Ljava/lang/String;)Ljava/lang/String; || 0026:LscriptPages/game/r0;->d0(Ljava/lang/String;)V || 00fc:LscriptPages/game/f;->B()V || 010c:LscriptPages/game/f;->B()V
LscriptPages/game/f;->a0(Ljava/lang/String;)V,0x2a1034,4,0006:readInt(Ljava/lang/String;)I || 000e:readUTF(Ljava/lang/String;)Ljava/lang/String; || 001c:readLong(Ljava/lang/String;)J || 0028:readShort(Ljava/lang/String;)S,004c:LscriptPages/game/f;->u()V || 0054:LscriptPages/game/r0;->d0(Ljava/lang/String;)V
LscriptPages/game/f;->Y(Ljava/lang/String;)V,0x2a0b68,3,0006:readInt(Ljava/lang/String;)I || 000e:readUTF(Ljava/lang/String;)Ljava/lang/String; || 0016:readLong(Ljava/lang/String;)J,0038:LscriptPages/data/g;->I1(I Ljava/lang/String; [[Ljava/lang/String;)Ljava/lang/String; || 0040:LscriptPages/game/r0;->a0(Ljava/lang/String; I)V || 0050:LscriptPages/game/r0;->a0(Ljava/lang/String; I)V
LscriptPages/game/f;->V(Ljava/lang/String;)V,0x2a06dc,11,0006:readInt(Ljava/lang/String;)I || 0012:readInt(Ljava/lang/String;)I || 0058:readInt(Ljava/lang/String;)I || 00c2:readLong(Ljava/lang/String;)J || 00d6:readUTF(Ljava/lang/String;)Ljava/lang/String; || 00ea:readUTF(Ljava/lang/String;)Ljava/lang/String; || 00fe:readUTF(Ljava/lang/String;)Ljava/lang/String; || 0112:readUTF(Ljava/lang/String;)Ljava/lang/String; || 0126:readUTF(Ljava/lang/String;)Ljava/lang/String; || 0132:readInt(Ljava/lang/String;)I || 015c:readUTF(Ljava/lang/String;)Ljava/lang/String;,0190:LscriptPages/game/f;->s(I)V || 01a0:LscriptPages/game/f;->s(I)V || 01b8:LscriptPages/data/g;->I1(I Ljava/lang/String; [[Ljava/lang/String;)Ljava/lang/String; || 01c0:LscriptPages/game/r0;->d0(Ljava/lang/String;)V
LscriptPages/game/f;->M(Ljava/lang/String;)V,0x29fcd0,10,0000:readInt(Ljava/lang/String;)I || 001a:readInt(Ljava/lang/String;)I || 008c:readLong(Ljava/lang/String;)J || 009c:readShort(Ljava/lang/String;)S || 00ac:readUTF(Ljava/lang/String;)Ljava/lang/String; || 016a:readByte(Ljava/lang/String;)B || 017e:readByte(Ljava/lang/String;)B || 018e:readLong(Ljava/lang/String;)J || 019e:readByte(Ljava/lang/String;)B || 01ae:readLong(Ljava/lang/String;)J,0220:LscriptPages/game/f;->x()V || 0230:LscriptPages/game/c;->r(J I)V || 027e:LscriptPages/game/f;->K(J I)V || 028c:LscriptPages/data/g;->I1(I Ljava/lang/String; [[Ljava/lang/String;)Ljava/lang/String; || 0294:LscriptPages/game/r0;->c0(Ljava/lang/String;)V || 02a4:LscriptPages/game/f;->y()V
LscriptPages/game/f;->Z(Ljava/lang/String;)V,0x2a0bd0,13,0068:readInt(Ljava/lang/String;)I || 0074:readLong(Ljava/lang/String;)J || 008c:readByte(Ljava/lang/String;)B || 009c:readLong(Ljava/lang/String;)J || 00ca:readShort(Ljava/lang/String;)S || 00de:readShort(Ljava/lang/String;)S || 00ea:readInt(Ljava/lang/String;)I || 0148:readUTF(Ljava/lang/String;)Ljava/lang/String; || 015c:readShort(Ljava/lang/String;)S || 0170:readInt(Ljava/lang/String;)I || 0184:readInt(Ljava/lang/String;)I || 0198:readUTF(Ljava/lang/String;)Ljava/lang/String; || 01ac:readLong(Ljava/lang/String;)J,007c:LscriptPages/game/f;->l(J)I || 0230:LscriptPages/gameHD/l;->w(I)I || 0238:LscriptPages/gameHD/l;->v(I)I || 0256:Lo/a;->n0(Ljava/lang/String; Z)V || 025c:Lo/a;->u6(Ljava/lang/String;)I || 0270:Lo/a;->r6(Ljava/lang/String; I I I)I || 027e:Lo/a;->r6(Ljava/lang/String; I I I)I || 0284:LscriptPages/game/p0;->x()I || 028c:LscriptPages/game/p0;->y()I || 0298:Lo/a;->t6(Ljava/lang/String; I I)I || 02a6:Lo/a;->r6(Ljava/lang/String; I I I)I || 02d8:LscriptPages/game/e;->z(I I I I Ljava/lang/String; Ljava/lang/String; I)V || 030c:LscriptPages/game/e;->z(I I I I Ljava/lang/String; Ljava/lang/String; I)V || 031e:LscriptPages/game/e;->B(I I I)I || 0336:LscriptPages/data/f;->D(I I I I)I || 033e:LscriptPages/game/p0;->y()I || 034e:Lo/a;->b0(Ljava/lang/String; Ljava/lang/String; I I)V || 0378:LscriptPages/game/e;->z(I I I I Ljava/lang/String; Ljava/lang/String; I)V || 0444:LscriptPages/data/g;->I1(I Ljava/lang/String; [[Ljava/lang/String;)Ljava/lang/String; || 044c:LscriptPages/game/r0;->d0(Ljava/lang/String;)V
LscriptPages/game/f;->J(Ljava/lang/String;)V,0x29fb78,10,0006:readInt(Ljava/lang/String;)I || 0012:readLong(Ljava/lang/String;)J || 002a:readByte(Ljava/lang/String;)B || 003a:readLong(Ljava/lang/String;)J || 0060:readLong(Ljava/lang/String;)J || 006c:readLong(Ljava/lang/String;)J || 0078:readInt(Ljava/lang/String;)I || 0084:readUTF(Ljava/lang/String;)Ljava/lang/String; || 0090:readUTF(Ljava/lang/String;)Ljava/lang/String; || 009c:readBoolean(Ljava/lang/String;)Z,001a:LscriptPages/game/f;->l(J)I || 00b8:LscriptPages/game/f;->x()V || 00c8:LscriptPages/game/f;->A()V || 00e0:LscriptPages/data/g;->I1(I Ljava/lang/String; [[Ljava/lang/String;)Ljava/lang/String; || 00e8:LscriptPages/game/r0;->d0(Ljava/lang/String;)V
LscriptPages/game/f;->N(Ljava/lang/String;)V,0x29ff8c,3,0006:readInt(Ljava/lang/String;)I || 001c:readInt(Ljava/lang/String;)I || 002e:readUTF(Ljava/lang/String;)Ljava/lang/String;,0064:LscriptPages/data/g;->I1(I Ljava/lang/String; [[Ljava/lang/String;)Ljava/lang/String; || 0078:LscriptPages/data/g;->I1(I Ljava/lang/String; [[Ljava/lang/String;)Ljava/lang/String; || 0090:LscriptPages/data/g;->I1(I Ljava/lang/String; [[Ljava/lang/String;)Ljava/lang/String; || 00a6:LscriptPages/data/g;->I1(I Ljava/lang/String; [[Ljava/lang/String;)Ljava/lang/String; || 00bc:LscriptPages/data/g;->I1(I Ljava/lang/String; [[Ljava/lang/String;)Ljava/lang/String; || 0100:LscriptPages/data/g;->I1(I Ljava/lang/String; [[Ljava/lang/String;)Ljava/lang/String; || 016a:LscriptPages/game/f;->w(Ljava/lang/String;)V || 0178:LscriptPages/data/g;->I1(I Ljava/lang/String; [[Ljava/lang/String;)Ljava/lang/String; || 0180:LscriptPages/game/r0;->d0(Ljava/lang/String;)V
LscriptPages/game/f;->b(Ljava/lang/String;)V,0x2994f0,1,0000:readUTF(Ljava/lang/String;)Ljava/lang/String;,0030:LscriptPages/game/f;->w(Ljava/lang/String;)V
LscriptPages/data/g;->y4(Ljava/lang/String;)V,0x28877c,3,0000:readInt(Ljava/lang/String;)I || 0006:readInt(Ljava/lang/String;)I || 000e:readUTF(Ljava/lang/String;)Ljava/lang/String;,0040:LscriptPages/PageMain;->getStatus()I || 0058:LscriptPages/game/p0;->C(Ljava/lang/String; I)V || 0078:LscriptPages/game/p0;->B(Ljava/lang/String; S Ljava/lang/String; I)V
La0/a;->b2(Ljava/lang/String;)V,0xe5d08,9,000c:readByte(Ljava/lang/String;)B || 001a:readByte(Ljava/lang/String;)B || 006c:readUTF(Ljava/lang/String;)Ljava/lang/String; || 0074:readUTF(Ljava/lang/String;)Ljava/lang/String; || 007c:readInt(Ljava/lang/String;)I || 0084:readUTF(Ljava/lang/String;)Ljava/lang/String; || 008c:readLong(Ljava/lang/String;)J || 0094:readLong(Ljava/lang/String;)J || 009c:readUTF(Ljava/lang/String;)Ljava/lang/String;,
LscriptPages/data/g;->x4(Ljava/lang/String;)V,0x2885c4,5,0018:readInt(Ljava/lang/String;)I || 0020:readUTF(Ljava/lang/String;)Ljava/lang/String; || 0050:readShort(Ljava/lang/String;)S || 006e:readUTF(Ljava/lang/String;)Ljava/lang/String; || 010a:readUTF(Ljava/lang/String;)Ljava/lang/String;,0012:LscriptPages/data/g;->z2()V || 0042:LscriptPages/data/g;->I1(I Ljava/lang/String; [[Ljava/lang/String;)Ljava/lang/String; || 004a:LscriptPages/game/r0;->a0(Ljava/lang/String; I)V || 019e:LscriptPages/game/r0;->Z(Ljava/lang/String; I)V
La0/a;->Z1(Ljava/lang/String;)V,0xe5b0c,14,000c:readInt(Ljava/lang/String;)I || 0018:readUTF(Ljava/lang/String;)Ljava/lang/String; || 002c:readUTF(Ljava/lang/String;)Ljava/lang/String; || 0032:readUTF(Ljava/lang/String;)Ljava/lang/String; || 0038:readUTF(Ljava/lang/String;)Ljava/lang/String; || 003e:readUTF(Ljava/lang/String;)Ljava/lang/String; || 0044:readShort(Ljava/lang/String;)S || 0096:readLong(Ljava/lang/String;)J || 009e:readUTF(Ljava/lang/String;)Ljava/lang/String; || 00a6:readShort(Ljava/lang/String;)S || 00ae:readByte(Ljava/lang/String;)B || 00b6:readShort(Ljava/lang/String;)S || 00be:readUTF(Ljava/lang/String;)Ljava/lang/String; || 00c6:readLong(Ljava/lang/String;)J,0084:LscriptPages/PageMain;->getCurTime()J
LscriptPages/data/g;->z4(Ljava/lang/String;)V,0x28880c,2,0000:readShort(Ljava/lang/String;)S || 0008:readUTF(Ljava/lang/String;)Ljava/lang/String;,0010:LscriptPages/game/r0;->d0(Ljava/lang/String;)V
La0/a;->a2(Ljava/lang/String;)V,0xe5c2c,6,000c:readShort(Ljava/lang/String;)S || 0020:readShort(Ljava/lang/String;)S || 0052:readLong(Ljava/lang/String;)J || 005a:readUTF(Ljava/lang/String;)Ljava/lang/String; || 0062:readByte(Ljava/lang/String;)B || 006a:readUTF(Ljava/lang/String;)Ljava/lang/String;,
LscriptPages/data/g;->A4(Ljava/lang/String;)V,0x288848,5,0018:readByte(Ljava/lang/String;)B || 0020:readUTF(Ljava/lang/String;)Ljava/lang/String; || 0028:readUTF(Ljava/lang/String;)Ljava/lang/String; || 0030:readLong(Ljava/lang/String;)J || 021a:readLong(Ljava/lang/String;)J,0012:LscriptPages/data/g;->z2()V || 003c:LscriptPages/PageMain;->getCurTime()J || 00c2:LscriptPages/game/r0;->w0(J)Ljava/lang/String; || 00d6:LscriptPages/data/g;->I1(I Ljava/lang/String; [[Ljava/lang/String;)Ljava/lang/String; || 0102:LscriptPages/game/r0;->w0(J)Ljava/lang/String; || 0116:LscriptPages/data/g;->I1(I Ljava/lang/String; [[Ljava/lang/String;)Ljava/lang/String; || 018c:LscriptPages/data/g;->I1(I Ljava/lang/String; [[Ljava/lang/String;)Ljava/lang/String; || 01b6:LscriptPages/data/f;->k(I Ljava/lang/String; [[Ljava/lang/String; Ljava/lang/StringBuilder; Ljava/lang/String;)Ljava/lang/String; || 01f0:LscriptPages/game/b0;->s0(Ljava/lang/String; I I)V || 01fe:LscriptPages/PageMain;->setTempStatus(I)V || 0206:LscriptPages/PageMain;->setStatus(I)V || 0210:LscriptPages/data/g;->O2(I Ljava/lang/String;)V
LscriptPages/data/g;->j(Ljava/lang/String;)V,0x271c48,2,000c:readShort(Ljava/lang/String;)S || 0014:readUTF(Ljava/lang/String;)Ljava/lang/String;,0052:LscriptPages/data/g;->I1(I Ljava/lang/String; [[Ljava/lang/String;)Ljava/lang/String; || 0068:LscriptPages/game/r0;->a0(Ljava/lang/String; I)V || 007a:LscriptPages/game/r0;->d0(Ljava/lang/String;)V || 0098:LscriptPages/data/g;->I1(I Ljava/lang/String; [[Ljava/lang/String;)Ljava/lang/String; || 00ae:LscriptPages/game/r0;->a0(Ljava/lang/String; I)V || 00c2:LscriptPages/game/r0;->d0(Ljava/lang/String;)V
LscriptPages/game/x;->M(Ljava/lang/String;)V,0x355eb0,12,0006:readByte(Ljava/lang/String;)B || 0014:readByte(Ljava/lang/String;)B || 006e:readShort(Ljava/lang/String;)S || 007e:readShort(Ljava/lang/String;)S || 008e:readShort(Ljava/lang/String;)S || 009e:readShort(Ljava/lang/String;)S || 00ae:readUTF(Ljava/lang/String;)Ljava/lang/String; || 00be:readBoolean(Ljava/lang/String;)Z || 00d6:readByte(Ljava/lang/String;)B || 0110:readShort(Ljava/lang/String;)S || 0124:readBoolean(Ljava/lang/String;)Z || 0138:readByte(Ljava/lang/String;)B,01d8:LscriptPages/game/x;->h(S)[S || 0232:LscriptPages/game/x;->t()V || 0244:LscriptPages/game/x;->i(B)V || 024a:LscriptPages/PageMain;->setStatus(I)V || 0296:LscriptPages/game/r0;->N(Z [Z)Z || 02e2:LscriptPages/game/x;->w(B)V || 02e8:LscriptPages/game/x;->l()V || 0308:LscriptPages/game/x;->Y(I)V || 030e:LscriptPages/PageMain;->setStatus(I)V || 0320:LscriptPages/PageMain;->setStatus(I)V || 03bc:LscriptPages/game/x;->w(B)V || 03c2:LscriptPages/game/x;->l()V || 03c8:LscriptPages/game/x;->Y(I)V || 03d8:LscriptPages/data/g;->I1(I Ljava/lang/String; [[Ljava/lang/String;)Ljava/lang/String; || 03e0:LscriptPages/game/r0;->d0(Ljava/lang/String;)V || 03f0:LscriptPages/data/g;->I1(I Ljava/lang/String; [[Ljava/lang/String;)Ljava/lang/String; || 03f8:LscriptPages/game/r0;->d0(Ljava/lang/String;)V
LscriptPages/game/x;->I(Ljava/lang/String;)V,0x355b84,6,0006:readByte(Ljava/lang/String;)B || 0012:readShort(Ljava/lang/String;)S || 0030:readInt(Ljava/lang/String;)I || 003c:readByte(Ljava/lang/String;)B || 0048:readUTF(Ljava/lang/String;)Ljava/lang/String; || 0054:readUTF(Ljava/lang/String;)Ljava/lang/String;,00d4:LscriptPages/game/x;->q()V || 00de:LscriptPages/game/q0;->e0(Ljava/lang/String;)I || 00f4:LscriptPages/game/q0;->w2(Ljava/lang/String; I)V
LscriptPages/game/x;->J(Ljava/lang/String;)V,0x355c90,2,0000:readByte(Ljava/lang/String;)B || 0008:readUTF(Ljava/lang/String;)Ljava/lang/String;,0014:LscriptPages/game/x;->E()V || 001c:LscriptPages/game/r0;->d0(Ljava/lang/String;)V
LscriptPages/game/x;->P(Ljava/lang/String;)V,0x3564ac,20,0006:readByte(Ljava/lang/String;)B || 0012:readByte(Ljava/lang/String;)B || 0024:readInt(Ljava/lang/String;)I || 0030:readShort(Ljava/lang/String;)S || 003c:readUTF(Ljava/lang/String;)Ljava/lang/String; || 0048:readByte(Ljava/lang/String;)B || 00c4:readLong(Ljava/lang/String;)J || 00d4:readUTF(Ljava/lang/String;)Ljava/lang/String; || 00e4:readByte(Ljava/lang/String;)B || 00f0:readByte(Ljava/lang/String;)B || 0192:readUTF(Ljava/lang/String;)Ljava/lang/String; || 01a6:readShort(Ljava/lang/String;)S || 01ba:readShort(Ljava/lang/String;)S || 01ce:readByte(Ljava/lang/String;)B || 01e2:readByte(Ljava/lang/String;)B || 01f6:readInt(Ljava/lang/String;)I || 020a:readInt(Ljava/lang/String;)I || 021e:readByte(Ljava/lang/String;)B || 0236:readInt(Ljava/lang/String;)I || 024e:readInt(Ljava/lang/String;)I,02c4:LscriptPages/data/e;->d(S)[B || 02e0:LscriptPages/data/e;->d(S)[B || 02fc:LscriptPages/data/e;->d(S)[B || 033e:LscriptPages/PageMain;->setStatus(I)V || 0370:LscriptPages/game/x;->r()V || 0388:LscriptPages/PageMain;->getCurTime()J || 039c:LscriptPages/PageMain;->getCurTime()J || 03e4:LscriptPages/game/x;->u(B)V || 03f4:LscriptPages/PageMain;->getStatus()I || 041a:LscriptPages/data/g;->I1(I Ljava/lang/String; [[Ljava/lang/String;)Ljava/lang/String; || 0422:LscriptPages/game/r0;->d0(Ljava/lang/String;)V
LscriptPages/game/x;->O(Ljava/lang/String;)V,0x3562f4,4,0000:readByte(Ljava/lang/String;)B || 00f4:readShort(Ljava/lang/String;)S || 00fc:readInt(Ljava/lang/String;)I || 0172:readUTF(Ljava/lang/String;)Ljava/lang/String;,002a:LscriptPages/game/x;->T()Z || 006c:LscriptPages/data/g;->I1(I Ljava/lang/String; [[Ljava/lang/String;)Ljava/lang/String; || 0074:LscriptPages/game/r0;->d0(Ljava/lang/String;)V || 007a:LscriptPages/game/x;->T()Z || 0086:LscriptPages/game/x;->C()V || 0090:LscriptPages/game/x;->i(B)V || 0096:LscriptPages/PageMain;->setStatus(I)V || 00b0:LscriptPages/game/x;->B(I)V || 00b6:LscriptPages/game/x;->T()Z || 010c:LscriptPages/game/x;->D(S I Z)V || 0124:LscriptPages/data/g;->I1(I Ljava/lang/String; [[Ljava/lang/String;)Ljava/lang/String; || 0144:LscriptPages/game/r0;->c0(Ljava/lang/String;)V || 014c:LscriptPages/game/x;->F(S I Z)V || 0162:LscriptPages/data/g;->I1(I Ljava/lang/String; [[Ljava/lang/String;)Ljava/lang/String; || 016a:LscriptPages/game/x;->m(B Ljava/lang/String;)V || 017e:LscriptPages/PageMain;->setStatus(I)V || 0188:LscriptPages/game/x;->j(B)V || 018e:LscriptPages/game/x;->T()Z || 019e:Lo/a;->d0(S [B)Z
LscriptPages/game/x;->G(Ljava/lang/String;)V,0x355964,2,0000:readByte(Ljava/lang/String;)B || 0008:readUTF(Ljava/lang/String;)Ljava/lang/String;,0014:LscriptPages/game/x;->E()V || 0022:LscriptPages/game/r0;->d0(Ljava/lang/String;)V
LscriptPages/game/x;->N(Ljava/lang/String;)V,0x3562c0,2,0000:readByte(Ljava/lang/String;)B || 0008:readUTF(Ljava/lang/String;)Ljava/lang/String;,0014:LscriptPages/game/x;->E()V || 001c:LscriptPages/game/r0;->d0(Ljava/lang/String;)V
LscriptPages/game/x;->K(Ljava/lang/String;)V,0x355cc4,7,0000:readShort(Ljava/lang/String;)S || 000e:readByte(Ljava/lang/String;)B || 0046:readLong(Ljava/lang/String;)J || 0056:readUTF(Ljava/lang/String;)Ljava/lang/String; || 0066:readUTF(Ljava/lang/String;)Ljava/lang/String; || 0076:readLong(Ljava/lang/String;)J || 0086:readLong(Ljava/lang/String;)J,
LscriptPages/game/x;->H(Ljava/lang/String;)V,0x3559a0,5,0006:readByte(Ljava/lang/String;)B || 0054:readLong(Ljava/lang/String;)J || 0060:readByte(Ljava/lang/String;)B || 006c:readShort(Ljava/lang/String;)S || 0078:readInt(Ljava/lang/String;)I,0024:LscriptPages/PageMain;->getStatus()I || 0042:LscriptPages/data/g;->I1(I Ljava/lang/String; [[Ljava/lang/String;)Ljava/lang/String; || 004a:LscriptPages/game/r0;->d0(Ljava/lang/String;)V || 008e:LscriptPages/game/x;->T()Z || 0094:LscriptPages/PageMain;->getStatus()I || 00b2:LscriptPages/PageMain;->setTempStatus(I)V || 00bc:LscriptPages/game/c;->r(J I)V || 00ca:LscriptPages/data/g;->l3()V || 00fc:LscriptPages/data/g;->r1()Ljava/lang/String; || 0128:LscriptPages/game/b0;->F0()Z || 0134:LscriptPages/data/g;->B0()Ljava/lang/String; || 014c:LscriptPages/data/g;->D0()Ljava/lang/String; || 0164:LscriptPages/PageMain;->setStatus(I)V || 017c:LscriptPages/data/e;->c(S)I || 019a:LscriptPages/game/h;->g(Ljava/lang/String;)I || 01b6:LscriptPages/data/g;->t(I [[I I I)V || 01c2:LscriptPages/game/c;->r(J I)V
LscriptPages/game/x;->L(Ljava/lang/String;)V,0x355d78,14,0010:readByte(Ljava/lang/String;)B || 001c:readShort(Ljava/lang/String;)S || 0028:readInt(Ljava/lang/String;)I || 0034:readInt(Ljava/lang/String;)I || 0040:readLong(Ljava/lang/String;)J || 004c:readByte(Ljava/lang/String;)B || 0058:readUTF(Ljava/lang/String;)Ljava/lang/String; || 0064:readBoolean(Ljava/lang/String;)Z || 0074:readUTF(Ljava/lang/String;)Ljava/lang/String; || 0080:readBoolean(Ljava/lang/String;)Z || 008c:readByte(Ljava/lang/String;)B || 00a6:readByte(Ljava/lang/String;)B || 00b8:readByte(Ljava/lang/String;)B || 00d2:readUTF(Ljava/lang/String;)Ljava/lang/String;,00f2:LscriptPages/PageMain;->setStatus(I)V || 00fe:LscriptPages/game/x;->j(B)V || 0106:LscriptPages/game/x;->E()V || 0116:LscriptPages/data/g;->I1(I Ljava/lang/String; [[Ljava/lang/String;)Ljava/lang/String; || 011e:LscriptPages/game/r0;->c0(Ljava/lang/String;)V
LscriptPages/game/n;->U0(Ljava/lang/String;)V,0x2ea134,2,0000:readByte(Ljava/lang/String;)B || 0008:readUTF(Ljava/lang/String;)Ljava/lang/String;,0016:LscriptPages/data/c;->d(Ljava/lang/String;)V || 0022:LscriptPages/game/r0;->a0(Ljava/lang/String; I)V || 003a:LscriptPages/data/g;->I1(I Ljava/lang/String; [[Ljava/lang/String;)Ljava/lang/String; || 0042:LscriptPages/game/r0;->d0(Ljava/lang/String;)V || 0058:LscriptPages/data/g;->I1(I Ljava/lang/String; [[Ljava/lang/String;)Ljava/lang/String; || 0060:LscriptPages/game/r0;->d0(Ljava/lang/String;)V || 0076:LscriptPages/data/g;->I1(I Ljava/lang/String; [[Ljava/lang/String;)Ljava/lang/String; || 007e:LscriptPages/game/r0;->d0(Ljava/lang/String;)V || 0094:LscriptPages/data/g;->I1(I Ljava/lang/String; [[Ljava/lang/String;)Ljava/lang/String; || 009c:LscriptPages/game/r0;->d0(Ljava/lang/String;)V || 00b2:LscriptPages/data/g;->I1(I Ljava/lang/String; [[Ljava/lang/String;)Ljava/lang/String; || 00ba:LscriptPages/game/r0;->d0(Ljava/lang/String;)V || 00d0:LscriptPages/data/g;->I1(I Ljava/lang/String; [[Ljava/lang/String;)Ljava/lang/String; || 00d8:LscriptPages/game/r0;->d0(Ljava/lang/String;)V
LscriptPages/game/n;->W0(Ljava/lang/String;)V,0x2ea274,6,0000:readInt(Ljava/lang/String;)I || 0034:readByte(Ljava/lang/String;)B || 0040:readByte(Ljava/lang/String;)B || 0050:readUTF(Ljava/lang/String;)Ljava/lang/String; || 0060:readLong(Ljava/lang/String;)J || 0070:readLong(Ljava/lang/String;)J,01f8:LscriptPages/data/g;->I1(I Ljava/lang/String; [[Ljava/lang/String;)Ljava/lang/String; || 02b8:LscriptPages/game/r0;->T(Ljava/lang/String; I)I || 02d4:Lo/a;->P8(Ljava/lang/String; I I)V || 0344:LscriptPages/game/o;->e()[Ljava/lang/String; || 036e:LscriptPages/game/r0;->F(I)I || 037a:LscriptPages/game/r0;->G(I)I || 03f6:LscriptPages/data/f;->C(I I I I)I || 0478:LscriptPages/game/q0;->n(Ljava/lang/String; Z)V || 04a2:Lo/a;->m0(Ljava/lang/String;)V || 04d4:LscriptPages/game/r0;->G(I)I || 04dc:Lo/a;->s6(Ljava/lang/String; I I I Ljava/lang/String; I)I || 04e8:LscriptPages/game/q0;->g1(Ljava/lang/String;)I || 0510:LscriptPages/game/q0;->l(Ljava/lang/String; Ljava/lang/String; I I)V || 052e:LscriptPages/data/f;->w(I I I)I || 053e:LscriptPages/game/q0;->l(Ljava/lang/String; Ljava/lang/String; I I)V || 05de:LscriptPages/game/o;->f()V || 05f4:LscriptPages/data/g;->I1(I Ljava/lang/String; [[Ljava/lang/String;)Ljava/lang/String; || 05fc:LscriptPages/game/r0;->d0(Ljava/lang/String;)V || 061e:LscriptPages/data/g;->I1(I Ljava/lang/String; [[Ljava/lang/String;)Ljava/lang/String; || 0626:LscriptPages/game/r0;->d0(Ljava/lang/String;)V || 0638:LscriptPages/data/g;->I1(I Ljava/lang/String; [[Ljava/lang/String;)Ljava/lang/String; || 0640:LscriptPages/game/r0;->d0(Ljava/lang/String;)V || 0648:LscriptPages/data/g;->I1(I Ljava/lang/String; [[Ljava/lang/String;)Ljava/lang/String; || 0650:LscriptPages/game/r0;->d0(Ljava/lang/String;)V
LscriptPages/game/p;->j1(Ljava/lang/String;)V,0x30e750,0,,000a:LscriptPages/game/p;->l1(Ljava/lang/String;)V || 0026:LscriptPages/game/p;->m1(I)V
La0/a;->D1(Ljava/lang/String;)V,0xe4d1c,27,001a:readByte(Ljava/lang/String;)B || 0048:readBoolean(Ljava/lang/String;)Z || 0054:readBoolean(Ljava/lang/String;)Z || 0066:readBoolean(Ljava/lang/String;)Z || 0072:readBoolean(Ljava/lang/String;)Z || 0090:readUTF(Ljava/lang/String;)Ljava/lang/String; || 009e:readUTF(Ljava/lang/String;)Ljava/lang/String; || 00ac:readBoolean(Ljava/lang/String;)Z || 00cc:readBoolean(Ljava/lang/String;)Z || 00da:readLong(Ljava/lang/String;)J || 00e8:readBoolean(Ljava/lang/String;)Z || 00f2:readBoolean(Ljava/lang/String;)Z || 00fe:readByte(Ljava/lang/String;)B || 010a:readUTF(Ljava/lang/String;)Ljava/lang/String; || 0116:readByte(Ljava/lang/String;)B || 0120:readShort(Ljava/lang/String;)S || 012e:readShort(Ljava/lang/String;)S || 0142:readByte(Ljava/lang/String;)B || 0150:readByte(Ljava/lang/String;)B || 0164:readByte(Ljava/lang/String;)B || 017a:readLong(Ljava/lang/String;)J || 0186:readInt(Ljava/lang/String;)I || 019e:readByte(Ljava/lang/String;)B || 01b2:readInt(Ljava/lang/String;)I || 01c6:readLong(Ljava/lang/String;)J || 01d2:readInt(Ljava/lang/String;)I || 01f0:readBoolean(Ljava/lang/String;)Z,0000:LscriptPages/PageMain;->resetLiveCount()V || 0006:LscriptPages/PageMain;->flushLiveTime()V || 000c:LscriptPages/PageMain;->getStatus()I || 0028:LscriptPages/data/i;->b(Ljava/lang/String;)V || 002e:LscriptPages/data/c;->c(Ljava/lang/String;)V || 0034:LscriptPages/game/i;->v(Ljava/lang/String;)V || 003c:LscriptPages/game/h0;->V(Ljava/lang/String; I Z)V || 0042:LscriptPages/game/m0;->o(Ljava/lang/String;)V || 0084:Lo/a;->n1(Ljava/lang/String;)V || 008a:Lo/a;->l1(Ljava/lang/String;)V || 0098:LscriptPages/game/s0;->d(Ljava/lang/String;)V || 00a6:LscriptPages/game/s0;->c(Ljava/lang/String;)V || 00b8:LscriptPages/data/a;->B(Ljava/lang/String;)V || 00c0:LscriptPages/data/a;->a(Ljava/lang/String;)V || 00c6:LscriptPages/data/a;->b(Ljava/lang/String;)V || 00d4:LscriptPages/data/b;->P(Z)V || 00e2:LscriptPages/PageMain;->setCurTime(J)V || 013c:LscriptPages/game/h0;->g(Ljava/lang/String;)V || 014a:LscriptPages/gameHD/g;->s(B)V || 015e:LscriptPages/data/g;->L5(Ljava/lang/String;)V || 01e4:LscriptPages/game/s0;->V([J [I)V
La0/a;->I1(Ljava/lang/String;)V,0xe507c,1,0000:readInt(Ljava/lang/String;)I,
La0/a;->F1(Ljava/lang/String;)V,0xe4f68,0,,0064:LscriptPages/gameHD/k;->m()V
La0/a;->H1(Ljava/lang/String;)V,0xe5024,2,0006:readByte(Ljava/lang/String;)B || 000e:readUTF(Ljava/lang/String;)Ljava/lang/String;,0016:Lo/a;->V5(Ljava/lang/String;)V || 002c:LscriptPages/gameHD/k;->m()V || 0038:LscriptPages/gameHD/l;->M(Ljava/lang/String; I)V
LscriptPages/gameHD/k;->K(Ljava/lang/String;)V,0x44bb50,9,0038:readByte(Ljava/lang/String;)B || 0072:readShort(Ljava/lang/String;)S || 0082:readByte(Ljava/lang/String;)B || 0092:readUTF(Ljava/lang/String;)Ljava/lang/String; || 00a2:readLong(Ljava/lang/String;)J || 00c6:readLong(Ljava/lang/String;)J || 00da:readByte(Ljava/lang/String;)B || 0142:readBoolean(Ljava/lang/String;)Z || 0152:readUTF(Ljava/lang/String;)Ljava/lang/String;,0000:LscriptPages/PageMain;->getStatus()I || 0030:LscriptPages/PageMain;->getCurTime()J || 0100:LscriptPages/data/g;->I1(I Ljava/lang/String; [[Ljava/lang/String;)Ljava/lang/String; || 0114:LscriptPages/data/g;->I1(I Ljava/lang/String; [[Ljava/lang/String;)Ljava/lang/String; || 012c:LscriptPages/data/g;->I1(I Ljava/lang/String; [[Ljava/lang/String;)Ljava/lang/String; || 01d0:LscriptPages/gameHD/k;->m()V
La0/a;->N1(Ljava/lang/String;)V,0xe5190,4,0000:readByte(Ljava/lang/String;)B || 0006:readUTF(Ljava/lang/String;)Ljava/lang/String; || 0014:readLong(Ljava/lang/String;)J || 0020:readLong(Ljava/lang/String;)J,000e:Lo/a;->V5(Ljava/lang/String;)V || 0044:LscriptPages/gameHD/l;->M(Ljava/lang/String; I)V || 004a:LscriptPages/gameHD/c;->m()V
LscriptPages/gameHD/k;->E(Ljava/lang/String;)V,0x44b940,9,0010:readBoolean(Ljava/lang/String;)Z || 0018:readByte(Ljava/lang/String;)B || 001e:readLong(Ljava/lang/String;)J || 002a:readLong(Ljava/lang/String;)J || 00a0:readByte(Ljava/lang/String;)B || 00a6:readByte(Ljava/lang/String;)B || 00ac:readUTF(Ljava/lang/String;)Ljava/lang/String; || 00b4:readLong(Ljava/lang/String;)J || 00c0:readLong(Ljava/lang/String;)J,0046:LscriptPages/data/i;->e()I || 0080:LscriptPages/data/g;->m(J J Z Z)V || 00cc:LscriptPages/gameHD/l;->M(Ljava/lang/String; I)V || 00d2:LscriptPages/data/c;->d(Ljava/lang/String;)V
LscriptPages/gameHD/i;->p(Ljava/lang/String;)V,0x437874,17,0006:readByte(Ljava/lang/String;)B || 0060:readShort(Ljava/lang/String;)S || 006c:readShort(Ljava/lang/String;)S || 007c:readByte(Ljava/lang/String;)B || 00cc:readLong(Ljava/lang/String;)J || 00e0:readShort(Ljava/lang/String;)S || 00f4:readInt(Ljava/lang/String;)I || 0108:readShort(Ljava/lang/String;)S || 011c:readShort(Ljava/lang/String;)S || 0172:readShort(Ljava/lang/String;)S || 017e:readShort(Ljava/lang/String;)S || 018e:readByte(Ljava/lang/String;)B || 01de:readLong(Ljava/lang/String;)J || 01f2:readShort(Ljava/lang/String;)S || 0206:readInt(Ljava/lang/String;)I || 021a:readShort(Ljava/lang/String;)S || 022e:readShort(Ljava/lang/String;)S,0240:LscriptPages/gameHD/i;->m()V
LscriptPages/gameHD/i;->r(Ljava/lang/String;)V,0x437b04,6,0000:readByte(Ljava/lang/String;)B || 0006:readUTF(Ljava/lang/String;)Ljava/lang/String; || 0014:readLong(Ljava/lang/String;)J || 001c:readInt(Ljava/lang/String;)I || 0024:readShort(Ljava/lang/String;)S || 002c:readShort(Ljava/lang/String;)S,000e:Lo/a;->V5(Ljava/lang/String;)V || 00a8:LscriptPages/gameHD/l;->M(Ljava/lang/String; I)V
LscriptPages/gameHD/k;->N(Ljava/lang/String;)V,0x44bf40,13,0000:readBoolean(Ljava/lang/String;)Z || 0008:readBoolean(Ljava/lang/String;)Z || 0026:readShort(Ljava/lang/String;)S || 002e:readShort(Ljava/lang/String;)S || 0036:readByte(Ljava/lang/String;)B || 0042:readShort(Ljava/lang/String;)S || 006e:readLong(Ljava/lang/String;)J || 007a:readByte(Ljava/lang/String;)B || 0086:readUTF(Ljava/lang/String;)Ljava/lang/String; || 0092:readLong(Ljava/lang/String;)J || 009e:readLong(Ljava/lang/String;)J || 00aa:readShort(Ljava/lang/String;)S || 00b6:readUTF(Ljava/lang/String;)Ljava/lang/String;,0538:LscriptPages/gameHD/k;->r(Ljava/lang/String; I I I I S I)V || 0556:LscriptPages/game/r0;->M(J [J)I || 057a:LscriptPages/gameHD/k;->a(I Ljava/lang/String;)V
LscriptPages/game/i0;->y(Ljava/lang/String;)V,0x3b7584,5,0000:readByte(Ljava/lang/String;)B || 0052:readLong(Ljava/lang/String;)J || 0062:readByte(Ljava/lang/String;)B || 0072:readUTF(Ljava/lang/String;)Ljava/lang/String; || 0082:readShort(Ljava/lang/String;)S,
LscriptPages/gameHD/k;->M(Ljava/lang/String;)V,0x44bdbc,11,0006:readByte(Ljava/lang/String;)B || 000e:readLong(Ljava/lang/String;)J || 0016:readByte(Ljava/lang/String;)B || 0028:readByte(Ljava/lang/String;)B || 0030:readLong(Ljava/lang/String;)J || 0038:readLong(Ljava/lang/String;)J || 0040:readUTF(Ljava/lang/String;)Ljava/lang/String; || 0048:readUTF(Ljava/lang/String;)Ljava/lang/String; || 0050:readLong(Ljava/lang/String;)J || 0056:readUTF(Ljava/lang/String;)Ljava/lang/String; || 005e:readUTF(Ljava/lang/String;)Ljava/lang/String;,016a:LscriptPages/gameHD/k;->b(I)V
LscriptPages/gameHD/k;->Q(Ljava/lang/String;)V,0x44c704,16,000a:readBoolean(Ljava/lang/String;)Z || 0012:readShort(Ljava/lang/String;)S || 001a:readLong(Ljava/lang/String;)J || 0022:readUTF(Ljava/lang/String;)Ljava/lang/String; || 002a:readShort(Ljava/lang/String;)S || 0078:readLong(Ljava/lang/String;)J || 0084:readByte(Ljava/lang/String;)B || 0090:readUTF(Ljava/lang/String;)Ljava/lang/String; || 009c:readUTF(Ljava/lang/String;)Ljava/lang/String; || 00a8:readUTF(Ljava/lang/String;)Ljava/lang/String; || 00b4:readUTF(Ljava/lang/String;)Ljava/lang/String; || 00c0:readBoolean(Ljava/lang/String;)Z || 00cc:readShort(Ljava/lang/String;)S || 00d8:readLong(Ljava/lang/String;)J || 00f8:readByte(Ljava/lang/String;)B || 0100:readUTF(Ljava/lang/String;)Ljava/lang/String;,01a2:LscriptPages/game/r0;->S(Ljava/lang/String; [Ljava/lang/String;)I || 01f4:LscriptPages/gameHD/k;->p(Ljava/lang/String; I)V || 022c:LscriptPages/gameHD/k;->r(Ljava/lang/String; I I I I S I)V
LscriptPages/gameHD/k;->O(Ljava/lang/String;)V,0x44c4d4,7,000e:readByte(Ljava/lang/String;)B || 0016:readUTF(Ljava/lang/String;)Ljava/lang/String; || 002e:readByte(Ljava/lang/String;)B || 0056:readLong(Ljava/lang/String;)J || 0062:readUTF(Ljava/lang/String;)Ljava/lang/String; || 006e:readLong(Ljava/lang/String;)J || 0088:readLong(Ljava/lang/String;)J,0026:LscriptPages/PageMain;->getCurTime()J || 012a:LscriptPages/data/g;->I1(I Ljava/lang/String; [[Ljava/lang/String;)Ljava/lang/String; || 0132:LscriptPages/game/r0;->Z(Ljava/lang/String; I)V || 013a:LscriptPages/game/r0;->Z(Ljava/lang/String; I)V
LscriptPages/gameHD/k;->L(Ljava/lang/String;)V,0x44bd3c,3,0006:readByte(Ljava/lang/String;)B || 000e:readUTF(Ljava/lang/String;)Ljava/lang/String; || 0016:readBoolean(Ljava/lang/String;)Z,0046:LscriptPages/data/g;->I1(I Ljava/lang/String; [[Ljava/lang/String;)Ljava/lang/String; || 0058:LscriptPages/data/g;->I1(I Ljava/lang/String; [[Ljava/lang/String;)Ljava/lang/String; || 0060:LscriptPages/game/r0;->Z(Ljava/lang/String; I)V || 0068:LscriptPages/game/r0;->Z(Ljava/lang/String; I)V
LscriptPages/gameHD/k;->P(Ljava/lang/String;)V,0x44c630,6,0000:readByte(Ljava/lang/String;)B || 0012:readByte(Ljava/lang/String;)B || 0020:readLong(Ljava/lang/String;)J || 002c:readLong(Ljava/lang/String;)J || 0038:readLong(Ljava/lang/String;)J || 004a:readUTF(Ljava/lang/String;)Ljava/lang/String;,0008:LscriptPages/game/m0;->n(Ljava/lang/String;)V || 001a:LscriptPages/data/i;->C(I)V || 0044:Lo/a;->V5(Ljava/lang/String;)V || 0092:LscriptPages/data/g;->I1(I Ljava/lang/String; [[Ljava/lang/String;)Ljava/lang/String; || 00b8:LscriptPages/gameHD/l;->M(Ljava/lang/String; I)V
La0/a;->C1(Ljava/lang/String;)V,0xe4c8c,3,0000:readBoolean(Ljava/lang/String;)Z || 0006:readUTF(Ljava/lang/String;)Ljava/lang/String; || 000e:readByte(Ljava/lang/String;)B,001c:Lo/a;->c6(Ljava/lang/String;)V || 0022:Lo/a;->a6(I Ljava/lang/String;)V || 002a:Lo/a;->f6(I Ljava/lang/String;)V || 0030:Lo/a;->V5(Ljava/lang/String;)V || 0036:Lo/a;->S5(Ljava/lang/String;)V || 005a:LscriptPages/gameHD/l;->M(Ljava/lang/String; I)V || 0076:LscriptPages/gameHD/l;->M(Ljava/lang/String; I)V
La0/a;->z1(Ljava/lang/String;)V,0xe4bc4,2,0006:readByte(Ljava/lang/String;)B || 000e:readUTF(Ljava/lang/String;)Ljava/lang/String;,001a:LscriptPages/gameHD/d;->c(I Ljava/lang/String;)V || 002c:LscriptPages/gameHD/d;->c(I Ljava/lang/String;)V
La0/a;->A1(Ljava/lang/String;)V,0xe4c08,2,0000:readInt(Ljava/lang/String;)I || 0008:readUTF(Ljava/lang/String;)Ljava/lang/String;,001e:Lo/a;->f6(I Ljava/lang/String;)V || 002c:LscriptPages/game/r0;->d0(Ljava/lang/String;)V || 0032:LscriptPages/gameHD/d;->b()I
Lo/a;->i7(Ljava/lang/String;)V,0x244df0,5,0000:readByte(Ljava/lang/String;)B || 0008:readByte(Ljava/lang/String;)B || 006e:readLong(Ljava/lang/String;)J || 007e:readUTF(Ljava/lang/String;)Ljava/lang/String; || 008e:readUTF(Ljava/lang/String;)Ljava/lang/String;,0430:LscriptPages/game/q0;->Y(I)V || 0446:LscriptPages/game/q0;->p0(J)V
Lo/a;->h7(Ljava/lang/String;)V,0x2441d8,86,0004:readByte(Ljava/lang/String;)B || 0010:readUTF(Ljava/lang/String;)Ljava/lang/String; || 0024:readUTF(Ljava/lang/String;)Ljava/lang/String; || 0034:readUTF(Ljava/lang/String;)Ljava/lang/String; || 0044:readUTF(Ljava/lang/String;)Ljava/lang/String; || 004c:readLong(Ljava/lang/String;)J || 0054:readLong(Ljava/lang/String;)J || 005c:readUTF(Ljava/lang/String;)Ljava/lang/String; || 0064:readByte(Ljava/lang/String;)B || 006c:readUTF(Ljava/lang/String;)Ljava/lang/String; || 0080:readByte(Ljava/lang/String;)B || 0094:readUTF(Ljava/lang/String;)Ljava/lang/String; || 00b0:readLong(Ljava/lang/String;)J || 00c0:readLong(Ljava/lang/String;)J || 00cc:readInt(Ljava/lang/String;)I || 00f2:readInt(Ljava/lang/String;)I || 0104:readInt(Ljava/lang/String;)I || 012e:readInt(Ljava/lang/String;)I || 0164:readInt(Ljava/lang/String;)I || 016c:readLong(Ljava/lang/String;)J || 01b0:readShort(Ljava/lang/String;)S || 01c0:readShort(Ljava/lang/String;)S || 01d0:readShort(Ljava/lang/String;)S || 01e0:readInt(Ljava/lang/String;)I || 020c:readLong(Ljava/lang/String;)J || 021c:readLong(Ljava/lang/String;)J || 022c:readInt(Ljava/lang/String;)I || 023c:readLong(Ljava/lang/String;)J || 0248:readInt(Ljava/lang/String;)I || 0276:readInt(Ljava/lang/String;)I || 028a:readLong(Ljava/lang/String;)J || 029c:readInt(Ljava/lang/String;)I || 02ca:readInt(Ljava/lang/String;)I || 02de:readLong(Ljava/lang/String;)J || 02f4:readInt(Ljava/lang/String;)I || 0304:readLong(Ljava/lang/String;)J || 031e:readInt(Ljava/lang/String;)I || 032e:readLong(Ljava/lang/String;)J || 033e:readLong(Ljava/lang/String;)J || 034e:readInt(Ljava/lang/String;)I || 035e:readLong(Ljava/lang/String;)J || 036a:readInt(Ljava/lang/String;)I || 0398:readInt(Ljava/lang/String;)I || 03ac:readLong(Ljava/lang/String;)J || 03be:readInt(Ljava/lang/String;)I || 03ec:readInt(Ljava/lang/String;)I || 0400:readLong(Ljava/lang/String;)J || 0416:readInt(Ljava/lang/String;)I || 0426:readLong(Ljava/lang/String;)J || 0450:readInt(Ljava/lang/String;)I || 045c:readByte(Ljava/lang/String;)B || 04b2:readInt(Ljava/lang/String;)I || 04c6:readByte(Ljava/lang/String;)B || 0508:readUTF(Ljava/lang/String;)Ljava/lang/String; || 0514:readByte(Ljava/lang/String;)B || 055e:readShort(Ljava/lang/String;)S || 0566:readInt(Ljava/lang/String;)I || 05b6:readByte(Ljava/lang/String;)B || 05ca:readByte(Ljava/lang/String;)B || 0628:readShort(Ljava/lang/String;)S || 0716:readInt(Ljava/lang/String;)I || 072a:readByte(Ljava/lang/String;)B || 0740:readByte(Ljava/lang/String;)B || 0756:readByte(Ljava/lang/String;)B || 076a:readByte(Ljava/lang/String;)B || 077e:readByte(Ljava/lang/String;)B || 0792:readByte(Ljava/lang/String;)B || 07a6:readByte(Ljava/lang/String;)B || 07ba:readUTF(Ljava/lang/String;)Ljava/lang/String; || 07ce:readByte(Ljava/lang/String;)B || 07e2:readByte(Ljava/lang/String;)B || 07f6:readLong(Ljava/lang/String;)J || 080a:readLong(Ljava/lang/String;)J || 0816:readByte(Ljava/lang/String;)B || 0864:readShort(Ljava/lang/String;)S || 0896:readInt(Ljava/lang/String;)I || 09ae:readBoolean(Ljava/lang/String;)Z || 09c6:readUTF(Ljava/lang/String;)Ljava/lang/String; || 09ce:readUTF(Ljava/lang/String;)Ljava/lang/String; || 09d6:readInt(Ljava/lang/String;)I || 0a20:readInt(Ljava/lang/String;)I || 0a28:readInt(Ljava/lang/String;)I || 0a42:readByte(Ljava/lang/String;)B || 0a4e:readUTF(Ljava/lang/String;)Ljava/lang/String; || 0ae4:readInt(Ljava/lang/String;)I || 0b4a:readBoolean(Ljava/lang/String;)Z,00a0:LscriptPages/game/q0;->c1(Ljava/lang/String;)I || 01ec:LscriptPages/game/q0;->M0()V || 0608:LscriptPages/game/q0;->j1(Ljava/lang/String;)V || 08ae:LscriptPages/data/d;->o(I)Ljava/lang/String; || 08c6:LscriptPages/data/d;->l(I)I || 08d8:LscriptPages/PageMain;->getCurTime()J || 095c:LscriptPages/game/q0;->l1(Ljava/lang/String; I)V || 099a:LscriptPages/game/q0;->k1(Ljava/lang/String;)V || 0bda:LscriptPages/data/g;->I1(I Ljava/lang/String; [[Ljava/lang/String;)Ljava/lang/String; || 0bf6:LscriptPages/game/q0;->I0()V || 0bfe:LscriptPages/game/q0;->D0()V
LscriptPages/game/q0;->F1(Ljava/lang/String;)V,0x401720,10,0000:readLong(Ljava/lang/String;)J || 0006:readUTF(Ljava/lang/String;)Ljava/lang/String; || 0012:readInt(Ljava/lang/String;)I || 0036:readLong(Ljava/lang/String;)J || 0046:readUTF(Ljava/lang/String;)Ljava/lang/String; || 0058:readByte(Ljava/lang/String;)B || 008a:readLong(Ljava/lang/String;)J || 009a:readUTF(Ljava/lang/String;)Ljava/lang/String; || 00aa:readUTF(Ljava/lang/String;)Ljava/lang/String; || 00ba:readUTF(Ljava/lang/String;)Ljava/lang/String;,00d0:LscriptPages/game/q0;->U0()V
LscriptPages/game/q0;->G1(Ljava/lang/String;)V,0x401810,0,,0000:LscriptPages/game/q0;->A2(Ljava/lang/String;)V
LscriptPages/game/q0;->D1(Ljava/lang/String;)V,0x401684,6,0000:readByte(Ljava/lang/String;)B || 000c:readByte(Ljava/lang/String;)B || 001a:readLong(Ljava/lang/String;)J || 0026:readLong(Ljava/lang/String;)J || 0032:readLong(Ljava/lang/String;)J || 0044:readUTF(Ljava/lang/String;)Ljava/lang/String;,0014:LscriptPages/data/i;->C(I)V || 003e:Lo/a;->V5(Ljava/lang/String;)V || 004c:LscriptPages/game/q0;->A2(Ljava/lang/String;)V || 0052:LscriptPages/game/q0;->M1()V || 006a:LscriptPages/game/r0;->a0(Ljava/lang/String; I)V
LscriptPages/game/q0;->t1(Ljava/lang/String;)V,0x4010e0,2,0000:readInt(Ljava/lang/String;)I || 001a:readUTF(Ljava/lang/String;)Ljava/lang/String;,002c:LscriptPages/game/q0;->V0()V
LscriptPages/game/q0;->E1(Ljava/lang/String;)V,0x401708,1,0000:readByte(Ljava/lang/String;)B,
LscriptPages/game/q0;->o1(Ljava/lang/String;)V,0x400878,7,0000:readByte(Ljava/lang/String;)B || 0012:readByte(Ljava/lang/String;)B || 0034:readShort(Ljava/lang/String;)S || 0066:readByte(Ljava/lang/String;)B || 0098:readByte(Ljava/lang/String;)B || 00c6:readByte(Ljava/lang/String;)B || 00d2:readShort(Ljava/lang/String;)S,004c:LscriptPages/game/r0;->d0(Ljava/lang/String;)V || 0052:LscriptPages/game/q0;->b1(I)V || 007a:LscriptPages/game/r0;->d0(Ljava/lang/String;)V || 0080:LscriptPages/game/q0;->b1(I)V || 0114:LscriptPages/game/q0;->b1(I)V || 0124:LscriptPages/game/r0;->d0(Ljava/lang/String;)V || 012a:LscriptPages/game/q0;->b1(I)V
LscriptPages/game/q0;->v1(Ljava/lang/String;)V,0x401124,6,0000:readByte(Ljava/lang/String;)B || 000c:readByte(Ljava/lang/String;)B || 001a:readLong(Ljava/lang/String;)J || 0026:readLong(Ljava/lang/String;)J || 0032:readLong(Ljava/lang/String;)J || 0044:readUTF(Ljava/lang/String;)Ljava/lang/String;,0014:LscriptPages/data/i;->C(I)V || 003e:Lo/a;->V5(Ljava/lang/String;)V || 0062:LscriptPages/game/r0;->a0(Ljava/lang/String; I)V || 007a:Lo/a;->d0(S [B)Z
LscriptPages/game/q0;->z1(Ljava/lang/String;)V,0x401388,3,0000:readByte(Ljava/lang/String;)B || 0028:readByte(Ljava/lang/String;)B || 0036:readShort(Ljava/lang/String;)S,001a:LscriptPages/game/r0;->d0(Ljava/lang/String;)V || 0020:LscriptPages/game/q0;->b1(I)V || 0046:LscriptPages/game/r0;->d0(Ljava/lang/String;)V || 004c:LscriptPages/game/q0;->b1(I)V || 0062:LscriptPages/game/q0;->b1(I)V || 007a:LscriptPages/game/q0;->b1(I)V || 00c6:LscriptPages/game/r0;->d0(Ljava/lang/String;)V || 00cc:LscriptPages/game/q0;->b1(I)V
LscriptPages/game/q0;->x1(Ljava/lang/String;)V,0x401258,6,0000:readByte(Ljava/lang/String;)B || 000c:readByte(Ljava/lang/String;)B || 001a:readLong(Ljava/lang/String;)J || 0026:readLong(Ljava/lang/String;)J || 0032:readLong(Ljava/lang/String;)J || 0044:readUTF(Ljava/lang/String;)Ljava/lang/String;,0014:LscriptPages/data/i;->C(I)V || 003e:Lo/a;->V5(Ljava/lang/String;)V || 0062:LscriptPages/game/r0;->a0(Ljava/lang/String; I)V || 007e:Lo/a;->d0(S [B)Z
LscriptPages/game/q0;->s1(Ljava/lang/String;)V,0x401000,3,0000:readByte(Ljava/lang/String;)B || 0008:readUTF(Ljava/lang/String;)Ljava/lang/String; || 0010:readUTF(Ljava/lang/String;)Ljava/lang/String;,009c:Lo/a;->c0(I Ljava/lang/String;)Z || 00a6:LscriptPages/game/r0;->c0(Ljava/lang/String;)V || 00ac:LscriptPages/gameHD/l;->l0(Z)V || 00b4:LscriptPages/game/r0;->d0(Ljava/lang/String;)V || 00ba:LscriptPages/gameHD/l;->l0(Z)V || 00c2:LscriptPages/game/r0;->d0(Ljava/lang/String;)V || 00c8:LscriptPages/gameHD/l;->l0(Z)V
LscriptPages/game/q0;->I1(Ljava/lang/String;)V,0x401828,2,0000:readInt(Ljava/lang/String;)I || 000c:readInt(Ljava/lang/String;)I,
LscriptPages/game/q0;->n1(Ljava/lang/String;)V,0x4009bc,7,0000:readByte(Ljava/lang/String;)B || 0012:readByte(Ljava/lang/String;)B || 0034:readShort(Ljava/lang/String;)S || 0066:readByte(Ljava/lang/String;)B || 0098:readByte(Ljava/lang/String;)B || 00c6:readByte(Ljava/lang/String;)B || 00d2:readShort(Ljava/lang/String;)S,004c:LscriptPages/game/r0;->d0(Ljava/lang/String;)V || 0052:LscriptPages/game/q0;->a1(I)V || 007a:LscriptPages/game/r0;->d0(Ljava/lang/String;)V || 0080:LscriptPages/game/q0;->a1(I)V || 0114:LscriptPages/game/q0;->a1(I)V || 0124:LscriptPages/game/r0;->d0(Ljava/lang/String;)V || 012a:LscriptPages/game/q0;->a1(I)V
LscriptPages/game/q0;->u1(Ljava/lang/String;)V,0x4011b8,6,0000:readByte(Ljava/lang/String;)B || 000c:readByte(Ljava/lang/String;)B || 001a:readLong(Ljava/lang/String;)J || 0026:readLong(Ljava/lang/String;)J || 0032:readLong(Ljava/lang/String;)J || 0044:readUTF(Ljava/lang/String;)Ljava/lang/String;,0014:LscriptPages/data/i;->C(I)V || 003e:Lo/a;->V5(Ljava/lang/String;)V || 0070:LscriptPages/game/r0;->a0(Ljava/lang/String; I)V || 0088:Lo/a;->d0(S [B)Z
LscriptPages/game/q0;->y1(Ljava/lang/String;)V,0x401470,3,0000:readByte(Ljava/lang/String;)B || 0028:readByte(Ljava/lang/String;)B || 0038:readShort(Ljava/lang/String;)S,001a:LscriptPages/game/r0;->d0(Ljava/lang/String;)V || 0020:LscriptPages/game/q0;->a1(I)V || 0048:LscriptPages/game/r0;->d0(Ljava/lang/String;)V || 004e:LscriptPages/game/q0;->a1(I)V || 0062:LscriptPages/game/q0;->a1(I)V || 007a:LscriptPages/game/q0;->a1(I)V || 00ca:LscriptPages/game/r0;->Z(Ljava/lang/String; I)V || 00d0:LscriptPages/game/q0;->a1(I)V
LscriptPages/game/q0;->w1(Ljava/lang/String;)V,0x4012f0,6,0000:readByte(Ljava/lang/String;)B || 000c:readByte(Ljava/lang/String;)B || 001a:readLong(Ljava/lang/String;)J || 0026:readLong(Ljava/lang/String;)J || 0032:readLong(Ljava/lang/String;)J || 0044:readUTF(Ljava/lang/String;)Ljava/lang/String;,0014:LscriptPages/data/i;->C(I)V || 003e:Lo/a;->V5(Ljava/lang/String;)V || 0062:LscriptPages/game/r0;->a0(Ljava/lang/String; I)V || 007e:Lo/a;->d0(S [B)Z
LscriptPages/game/q0;->H1(Ljava/lang/String;)V,0x401854,2,0000:readInt(Ljava/lang/String;)I || 000c:readInt(Ljava/lang/String;)I,
LscriptPages/gameHD/a;->h(Ljava/lang/String;)V,0x4145c4,38,000e:readByte(Ljava/lang/String;)B || 0048:readLong(Ljava/lang/String;)J || 0054:readShort(Ljava/lang/String;)S || 0060:readByte(Ljava/lang/String;)B || 006c:readByte(Ljava/lang/String;)B || 0078:readByte(Ljava/lang/String;)B || 0084:readByte(Ljava/lang/String;)B || 0090:readByte(Ljava/lang/String;)B || 00b0:readByte(Ljava/lang/String;)B || 00d8:readByte(Ljava/lang/String;)B || 00f4:readByte(Ljava/lang/String;)B || 0108:readByte(Ljava/lang/String;)B || 0132:readByte(Ljava/lang/String;)B || 0142:readUTF(Ljava/lang/String;)Ljava/lang/String; || 0152:readByte(Ljava/lang/String;)B || 0166:readUTF(Ljava/lang/String;)Ljava/lang/String; || 018a:readLong(Ljava/lang/String;)J || 0190:readShort(Ljava/lang/String;)S || 019c:readShort(Ljava/lang/String;)S || 01d2:readUTF(Ljava/lang/String;)Ljava/lang/String; || 01e6:readUTF(Ljava/lang/String;)Ljava/lang/String; || 01fa:readUTF(Ljava/lang/String;)Ljava/lang/String; || 020c:readShort(Ljava/lang/String;)S || 023e:readUTF(Ljava/lang/String;)Ljava/lang/String; || 0252:readUTF(Ljava/lang/String;)Ljava/lang/String; || 0266:readUTF(Ljava/lang/String;)Ljava/lang/String; || 0278:readByte(Ljava/lang/String;)B || 02a2:readShort(Ljava/lang/String;)S || 02b2:readUTF(Ljava/lang/String;)Ljava/lang/String; || 02c2:readShort(Ljava/lang/String;)S || 02d6:readShort(Ljava/lang/String;)S || 02e2:readShort(Ljava/lang/String;)S || 02ee:readBoolean(Ljava/lang/String;)Z || 02fa:readUTF(Ljava/lang/String;)Ljava/lang/String; || 0306:readShort(Ljava/lang/String;)S || 0312:readShort(Ljava/lang/String;)S || 031e:readBoolean(Ljava/lang/String;)Z || 032a:readUTF(Ljava/lang/String;)Ljava/lang/String;,0032:LscriptPages/data/g;->I1(I Ljava/lang/String; [[Ljava/lang/String;)Ljava/lang/String; || 003a:LscriptPages/game/r0;->a0(Ljava/lang/String; I)V || 03c6:LscriptPages/PageMain;->getCurTime()J || 03de:LscriptPages/game/m;->n(I)V || 03ec:LscriptPages/game/p0;->b()[S || 04b2:LscriptPages/data/f;->C(I I I I)I || 0500:LscriptPages/game/b;->v(I I I I)I || 054c:LscriptPages/game/b;->b(I I I I)I || 063c:Lo/a;->n0(Ljava/lang/String; Z)V || 0642:Lo/a;->u6(Ljava/lang/String;)I || 066c:Lo/a;->t6(Ljava/lang/String; I I)I || 06ae:Lo/a;->b0(Ljava/lang/String; Ljava/lang/String; I I)V || 06be:LscriptPages/game/q0;->n(Ljava/lang/String; Z)V || 06c4:LscriptPages/game/r0;->G(I)I || 06cc:LscriptPages/game/q0;->g1(Ljava/lang/String;)I || 06f4:Lo/a;->s6(Ljava/lang/String; I I I Ljava/lang/String; I)I || 0734:LscriptPages/data/f;->p(I I I I Ljava/lang/String; Ljava/lang/String; I)V || 0752:Lo/a;->s6(Ljava/lang/String; I I I Ljava/lang/String; I)I || 076c:LscriptPages/data/f;->D(I I I I)I || 078c:LscriptPages/data/f;->p(I I I I Ljava/lang/String; Ljava/lang/String; I)V || 07b0:LscriptPages/data/g;->I1(I Ljava/lang/String; [[Ljava/lang/String;)Ljava/lang/String; || 07e6:LscriptPages/data/g;->I1(I Ljava/lang/String; [[Ljava/lang/String;)Ljava/lang/String; || 0800:LscriptPages/game/b;->l(Ljava/lang/StringBuilder; I I Ljava/lang/String; [[Ljava/lang/String;)Ljava/lang/String; || 083c:LscriptPages/game/b;->l(Ljava/lang/StringBuilder; I I Ljava/lang/String; [[Ljava/lang/String;)Ljava/lang/String; || 0884:Lo/a;->n0(Ljava/lang/String; Z)V || 088a:Lo/a;->u6(Ljava/lang/String;)I || 08a6:LscriptPages/data/f;->c(I I I I)I || 08dc:Lo/a;->t6(Ljava/lang/String; I I)I || 08fc:Lo/a;->b0(Ljava/lang/String; Ljava/lang/String; I I)V || 0a02:Lo/a;->v0(Ljava/lang/String;)V || 0a36:Lo/a;->z6(Ljava/lang/String; [S)I || 0a5a:LscriptPages/game/b;->a(I I)I || 0a74:LscriptPages/game/b;->a(I I)I || 0a92:LscriptPages/game/b;->a(I I)I || 0aac:LscriptPages/game/b;->a(I I)I || 0aba:Lo/a;->T3(Ljava/lang/String;)[S || 0ac6:Lo/a;->T3(Ljava/lang/String;)[S || 0aea:LscriptPages/game/b;->a(I I)I || 0afe:Lo/a;->R8(Ljava/lang/String; I I)V || 0b32:LscriptPages/data/g;->I1(I Ljava/lang/String; [[Ljava/lang/String;)Ljava/lang/String; || 0b5c:LscriptPages/game/r0;->T(Ljava/lang/String; I)I || 0d54:Lo/a;->n0(Ljava/lang/String; Z)V || 0d5a:Lo/a;->u6(Ljava/lang/String;)I || 0d8e:Lo/a;->t6(Ljava/lang/String; I I)I || 0daa:Lo/a;->b0(Ljava/lang/String; Ljava/lang/String; I I)V || 0e4e:Lo/a;->t6(Ljava/lang/String; I I)I || 0e64:Lo/a;->b0(Ljava/lang/String; Ljava/lang/String; I I)V || 0ee0:Lo/a;->t6(Ljava/lang/String; I I)I || 0ef6:Lo/a;->b0(Ljava/lang/String; Ljava/lang/String; I I)V || 0efc:LscriptPages/gameHD/l;->c()V
LscriptPages/gameHD/a;->g(Ljava/lang/String;)V,0x414588,2,0000:readByte(Ljava/lang/String;)B || 001a:readUTF(Ljava/lang/String;)Ljava/lang/String;,0012:LscriptPages/gameHD/a;->f(Z)V || 0024:LscriptPages/game/r0;->a0(Ljava/lang/String; I)V
LscriptPages/gameHD/a;->j(Ljava/lang/String;)V,0x415524,2,0000:readByte(Ljava/lang/String;)B || 0020:readUTF(Ljava/lang/String;)Ljava/lang/String;,0018:LscriptPages/game/m0;->t(J Ljava/lang/String;)V || 002a:LscriptPages/game/r0;->a0(Ljava/lang/String; I)V
LscriptPages/gameHD/a;->i(Ljava/lang/String;)V,0x4154ec,2,0000:readByte(Ljava/lang/String;)B || 0014:readUTF(Ljava/lang/String;)Ljava/lang/String;,001e:LscriptPages/game/r0;->a0(Ljava/lang/String; I)V
LscriptPages/data/g;->B0()Ljava/lang/String;,0x26f8a0,0,,0004:LscriptPages/data/g;->G1(Ljava/lang/String;)Ljava/lang/String;
LscriptPages/data/g;->D0()Ljava/lang/String;,0x26f8e0,0,,0004:LscriptPages/data/g;->G1(Ljava/lang/String;)Ljava/lang/String;
LscriptPages/game/q0;->p1(Ljava/lang/String;)V,0x400d5c,5,0000:readByte(Ljava/lang/String;)B || 000c:readLong(Ljava/lang/String;)J || 0012:readUTF(Ljava/lang/String;)Ljava/lang/String; || 001e:readByte(Ljava/lang/String;)B || 002a:readByte(Ljava/lang/String;)B,00d4:LscriptPages/data/g;->I1(I Ljava/lang/String; [[Ljava/lang/String;)Ljava/lang/String; || 00ec:LscriptPages/game/p0;->B(Ljava/lang/String; S Ljava/lang/String; I)V || 011c:LscriptPages/game/r0;->T(Ljava/lang/String; I)I || 012e:Lo/a;->p0(Ljava/lang/String;)V || 0168:Lo/a;->w6(Ljava/lang/String; [S)I || 0172:Lo/a;->P8(Ljava/lang/String; I I)V || 0178:LscriptPages/game/q0;->n(Ljava/lang/String; Z)V || 0194:Lo/a;->s6(Ljava/lang/String; I I I Ljava/lang/String; I)I || 01b0:Lo/a;->s6(Ljava/lang/String; I I I Ljava/lang/String; I)I || 01b6:LscriptPages/game/q0;->g1(Ljava/lang/String;)I || 01de:LscriptPages/game/q0;->l(Ljava/lang/String; Ljava/lang/String; I I)V || 0208:LscriptPages/game/q0;->l(Ljava/lang/String; Ljava/lang/String; I I)V || 020e:LscriptPages/PageMain;->getStatus()I || 022a:LscriptPages/data/g;->U2(I)V || 023c:LscriptPages/data/g;->I1(I Ljava/lang/String; [[Ljava/lang/String;)Ljava/lang/String; || 0244:LscriptPages/game/r0;->d0(Ljava/lang/String;)V
LscriptPages/game/q0;->q1(Ljava/lang/String;)V,0x400b00,5,0000:readByte(Ljava/lang/String;)B || 000c:readLong(Ljava/lang/String;)J || 0012:readUTF(Ljava/lang/String;)Ljava/lang/String; || 001e:readByte(Ljava/lang/String;)B || 002a:readByte(Ljava/lang/String;)B,00d4:LscriptPages/data/g;->I1(I Ljava/lang/String; [[Ljava/lang/String;)Ljava/lang/String; || 00ec:LscriptPages/game/p0;->B(Ljava/lang/String; S Ljava/lang/String; I)V || 011c:LscriptPages/game/r0;->T(Ljava/lang/String; I)I || 012e:Lo/a;->p0(Ljava/lang/String;)V || 0168:Lo/a;->w6(Ljava/lang/String; [S)I || 0172:Lo/a;->P8(Ljava/lang/String; I I)V || 0178:LscriptPages/game/q0;->n(Ljava/lang/String; Z)V || 0194:Lo/a;->s6(Ljava/lang/String; I I I Ljava/lang/String; I)I || 01b0:Lo/a;->s6(Ljava/lang/String; I I I Ljava/lang/String; I)I || 01b6:LscriptPages/game/q0;->g1(Ljava/lang/String;)I || 01de:LscriptPages/game/q0;->l(Ljava/lang/String; Ljava/lang/String; I I)V || 0208:LscriptPages/game/q0;->l(Ljava/lang/String; Ljava/lang/String; I I)V || 020e:LscriptPages/PageMain;->getStatus()I || 022a:LscriptPages/data/g;->U2(I)V || 023c:LscriptPages/data/g;->I1(I Ljava/lang/String; [[Ljava/lang/String;)Ljava/lang/String; || 0244:LscriptPages/game/r0;->d0(Ljava/lang/String;)V
LscriptPages/gameHD/m;->C(Ljava/lang/String;)V,0x459ac4,19,0000:readByte(Ljava/lang/String;)B || 0010:readUTF(Ljava/lang/String;)Ljava/lang/String; || 0020:readByte(Ljava/lang/String;)B || 002c:readLong(Ljava/lang/String;)J || 0038:readByte(Ljava/lang/String;)B || 0044:readLong(Ljava/lang/String;)J || 0060:readByte(Ljava/lang/String;)B || 006c:readLong(Ljava/lang/String;)J || 0078:readShort(Ljava/lang/String;)S || 00a4:readShort(Ljava/lang/String;)S || 00b4:readShort(Ljava/lang/String;)S || 00c4:readByte(Ljava/lang/String;)B || 00d6:readShort(Ljava/lang/String;)S || 00f8:readShort(Ljava/lang/String;)S || 0108:readShort(Ljava/lang/String;)S || 011a:readShort(Ljava/lang/String;)S || 013c:readUTF(Ljava/lang/String;)Ljava/lang/String; || 015e:readShort(Ljava/lang/String;)S || 0180:readUTF(Ljava/lang/String;)Ljava/lang/String;,0018:LscriptPages/game/r0;->a0(Ljava/lang/String; I)V || 0278:LscriptPages/data/g;->I1(I Ljava/lang/String; [[Ljava/lang/String;)Ljava/lang/String; || 028c:LscriptPages/PageMain;->getStatus()I || 0294:LscriptPages/PageMain;->setTempStatus(I)V || 029e:LscriptPages/PageMain;->setStatus(I)V || 02be:LscriptPages/game/p0;->b()[S || 0352:LscriptPages/data/f;->b(I I I)I || 0378:LscriptPages/gameHD/l;->c()V || 0394:LscriptPages/game/r0;->G(I)I || 03b2:LscriptPages/game/r0;->G(I)I || 03be:LscriptPages/game/r0;->F(I)I || 03e4:LscriptPages/game/r0;->G(I)I || 0404:LscriptPages/game/r0;->F(I)I || 0412:LscriptPages/game/r0;->G(I)I || 041e:LscriptPages/game/r0;->F(I)I || 0432:LscriptPages/game/q0;->n(Ljava/lang/String; Z)V || 043c:LscriptPages/game/q0;->g1(Ljava/lang/String;)I || 044c:LscriptPages/data/g;->I1(I Ljava/lang/String; [[Ljava/lang/String;)Ljava/lang/String; || 0458:LscriptPages/game/r0;->G(I)I || 0474:Lo/a;->s6(Ljava/lang/String; I I I Ljava/lang/String; I)I || 048e:LscriptPages/game/q0;->l(Ljava/lang/String; Ljava/lang/String; I I)V || 0494:LscriptPages/game/r0;->G(I)I || 04ac:Lo/a;->s6(Ljava/lang/String; I I I Ljava/lang/String; I)I || 04c6:LscriptPages/game/q0;->l(Ljava/lang/String; Ljava/lang/String; I I)V || 0540:LscriptPages/game/b0;->b()Z || 0570:LscriptPages/gameHD/m;->o()V
LscriptPages/gameHD/m;->u(Ljava/lang/String;)V,0x4585e8,60,0000:readByte(Ljava/lang/String;)B || 0012:readUTF(Ljava/lang/String;)Ljava/lang/String; || 0026:readShort(Ljava/lang/String;)S || 003c:readUTF(Ljava/lang/String;)Ljava/lang/String; || 0048:readLong(Ljava/lang/String;)J || 0054:readLong(Ljava/lang/String;)J || 0060:readLong(Ljava/lang/String;)J || 0066:readLong(Ljava/lang/String;)J || 0148:readByte(Ljava/lang/String;)B || 0150:readByte(Ljava/lang/String;)B || 01a0:readByte(Ljava/lang/String;)B || 01a8:readShort(Ljava/lang/String;)S || 0324:readByte(Ljava/lang/String;)B || 032c:readByte(Ljava/lang/String;)B || 0334:readByte(Ljava/lang/String;)B || 0340:readByte(Ljava/lang/String;)B || 037e:readInt(Ljava/lang/String;)I || 038e:readUTF(Ljava/lang/String;)Ljava/lang/String; || 0528:readByte(Ljava/lang/String;)B || 0530:readByte(Ljava/lang/String;)B || 0538:readByte(Ljava/lang/String;)B || 0540:readByte(Ljava/lang/String;)B || 0548:readByte(Ljava/lang/String;)B || 0598:readInt(Ljava/lang/String;)I || 05a8:readUTF(Ljava/lang/String;)Ljava/lang/String; || 05c6:readByte(Ljava/lang/String;)B || 07ea:readByte(Ljava/lang/String;)B || 07f2:readByte(Ljava/lang/String;)B || 08f0:readByte(Ljava/lang/String;)B || 08f8:readInt(Ljava/lang/String;)I || 0904:readInt(Ljava/lang/String;)I || 0910:readLong(Ljava/lang/String;)J || 091c:readByte(Ljava/lang/String;)B || 0928:readByte(Ljava/lang/String;)B || 096a:readLong(Ljava/lang/String;)J || 097a:readShort(Ljava/lang/String;)S || 098a:readShort(Ljava/lang/String;)S || 09e8:readByte(Ljava/lang/String;)B || 09f0:readInt(Ljava/lang/String;)I || 09fc:readInt(Ljava/lang/String;)I || 0a08:readLong(Ljava/lang/String;)J || 0a14:readByte(Ljava/lang/String;)B || 0a20:readByte(Ljava/lang/String;)B || 0a66:readLong(Ljava/lang/String;)J || 0a76:readShort(Ljava/lang/String;)S || 0a86:readShort(Ljava/lang/String;)S || 0a98:readByte(Ljava/lang/String;)B || 0aee:readByte(Ljava/lang/String;)B || 0af6:readShort(Ljava/lang/String;)S || 0afe:readByte(Ljava/lang/String;)B || 0c86:readByte(Ljava/lang/String;)B || 0c8e:readByte(Ljava/lang/String;)B || 0d90:readByte(Ljava/lang/String;)B || 0e7e:readByte(Ljava/lang/String;)B || 0e9a:readByte(Ljava/lang/String;)B || 0ec4:readUTF(Ljava/lang/String;)Ljava/lang/String; || 0ed0:readShort(Ljava/lang/String;)S || 0edc:readShort(Ljava/lang/String;)S || 0ee8:readBoolean(Ljava/lang/String;)Z || 0ef0:readShort(Ljava/lang/String;)S,001a:LscriptPages/game/r0;->Z(Ljava/lang/String; I)V || 008c:Lo/a;->n0(Ljava/lang/String; Z)V || 0092:Lo/a;->u6(Ljava/lang/String;)I || 00a8:Lo/a;->r6(Ljava/lang/String; I I I)I || 00be:Lo/a;->b0(Ljava/lang/String; Ljava/lang/String; I I)V || 00d4:Lo/a;->r6(Ljava/lang/String; I I I)I || 00ee:Lo/a;->b0(Ljava/lang/String; Ljava/lang/String; I I)V || 0108:Lo/a;->r6(Ljava/lang/String; I I I)I || 012a:Lo/a;->b0(Ljava/lang/String; Ljava/lang/String; I I)V || 015c:LscriptPages/gameHD/m;->l(S [S)S || 0182:LscriptPages/gameHD/m;->p()V || 01b4:LscriptPages/gameHD/m;->l(S [S)S || 01e8:Lo/a;->n0(Ljava/lang/String; Z)V || 01ee:Lo/a;->u6(Ljava/lang/String;)I || 0200:Lo/a;->t6(Ljava/lang/String; I I)I || 0216:Lo/a;->b0(Ljava/lang/String; Ljava/lang/String; I I)V || 0228:Lo/a;->t6(Ljava/lang/String; I I)I || 024e:Lo/a;->b0(Ljava/lang/String; Ljava/lang/String; I I)V || 0260:Lo/a;->t6(Ljava/lang/String; I I)I || 0282:Lo/a;->b0(Ljava/lang/String; Ljava/lang/String; I I)V || 02cc:LscriptPages/game/r0;->F(I)I || 02e6:LscriptPages/game/r0;->F(I)I || 0364:LscriptPages/data/g;->I1(I Ljava/lang/String; [[Ljava/lang/String;)Ljava/lang/String; || 03b6:LscriptPages/gameHD/m;->l(S [S)S || 03fe:Lo/a;->n0(Ljava/lang/String; Z)V || 0404:Lo/a;->u6(Ljava/lang/String;)I || 0416:Lo/a;->t6(Ljava/lang/String; I I)I || 042c:Lo/a;->b0(Ljava/lang/String; Ljava/lang/String; I I)V || 043e:Lo/a;->t6(Ljava/lang/String; I I)I || 0464:Lo/a;->b0(Ljava/lang/String; Ljava/lang/String; I I)V || 0478:LscriptPages/data/f;->h(Ljava/lang/String; I I)I || 048a:LscriptPages/game/b0;->F0()Z || 04c8:Lo/a;->t6(Ljava/lang/String; I I)I || 04de:Lo/a;->b0(Ljava/lang/String; Ljava/lang/String; I I)V || 04f0:Lo/a;->t6(Ljava/lang/String; I I)I || 0512:Lo/a;->b0(Ljava/lang/String; Ljava/lang/String; I I)V || 057a:LscriptPages/data/g;->I1(I Ljava/lang/String; [[Ljava/lang/String;)Ljava/lang/String; || 05ee:LscriptPages/gameHD/m;->l(S [S)S || 0638:LscriptPages/game/r0;->G(I)I || 0640:LscriptPages/game/r0;->F(I)I || 064c:LscriptPages/game/r0;->G(I)I || 0652:LscriptPages/game/r0;->F(I)I || 0796:LscriptPages/data/f;->C(I I I I)I || 080c:LscriptPages/gameHD/m;->l(S [S)S || 083c:Lo/a;->n0(Ljava/lang/String; Z)V || 0842:Lo/a;->u6(Ljava/lang/String;)I || 0854:Lo/a;->t6(Ljava/lang/String; I I)I || 086a:Lo/a;->b0(Ljava/lang/String; Ljava/lang/String; I I)V || 087c:Lo/a;->t6(Ljava/lang/String; I I)I || 08a2:Lo/a;->b0(Ljava/lang/String; Ljava/lang/String; I I)V || 08b4:Lo/a;->t6(Ljava/lang/String; I I)I || 08d6:Lo/a;->b0(Ljava/lang/String; Ljava/lang/String; I I)V || 0934:LscriptPages/gameHD/m;->l(S [S)S || 09a0:LscriptPages/gameHD/m;->l(S [S)S || 09c4:LscriptPages/game/p;->j0([J I I I J B)V || 0a30:LscriptPages/gameHD/m;->l(S [S)S || 0aac:LscriptPages/gameHD/m;->l(S [S)S || 0ad0:LscriptPages/game/p;->j0([J I I I J B)V || 0b0a:LscriptPages/gameHD/m;->l(S [S)S || 0b4c:Lo/a;->n0(Ljava/lang/String; Z)V || 0b52:Lo/a;->u6(Ljava/lang/String;)I || 0b64:Lo/a;->t6(Ljava/lang/String; I I)I || 0b7a:Lo/a;->b0(Ljava/lang/String; Ljava/lang/String; I I)V || 0b8c:Lo/a;->t6(Ljava/lang/String; I I)I || 0bb2:Lo/a;->b0(Ljava/lang/String; Ljava/lang/String; I I)V || 0bc4:Lo/a;->t6(Ljava/lang/String; I I)I || 0be6:Lo/a;->b0(Ljava/lang/String; Ljava/lang/String; I I)V || 0bfe:LscriptPages/data/f;->h(Ljava/lang/String; I I)I || 0c1a:LscriptPages/game/r0;->F(I)I || 0c4e:LscriptPages/game/r0;->F(I)I || 0c9a:LscriptPages/gameHD/m;->l(S [S)S || 0cdc:Lo/a;->n0(Ljava/lang/String; Z)V || 0ce2:Lo/a;->u6(Ljava/lang/String;)I || 0cf4:Lo/a;->t6(Ljava/lang/String; I I)I || 0d0a:Lo/a;->b0(Ljava/lang/String; Ljava/lang/String; I I)V || 0d1c:Lo/a;->t6(Ljava/lang/String; I I)I || 0d42:Lo/a;->b0(Ljava/lang/String; Ljava/lang/String; I I)V || 0d54:Lo/a;->t6(Ljava/lang/String; I I)I || 0d76:Lo/a;->b0(Ljava/lang/String; Ljava/lang/String; I I)V || 0d9c:LscriptPages/gameHD/m;->l(S [S)S
LscriptPages/gameHD/m;->w(Ljava/lang/String;)V,0x459770,3,000c:readShort(Ljava/lang/String;)S || 0014:readByte(Ljava/lang/String;)B || 001c:readUTF(Ljava/lang/String;)Ljava/lang/String;,0042:LscriptPages/game/r0;->Z(Ljava/lang/String; I)V || 004c:LscriptPages/gameHD/m;->l(S [S)S || 0094:LscriptPages/data/g;->I1(I Ljava/lang/String; [[Ljava/lang/String;)Ljava/lang/String; || 00b6:LscriptPages/data/g;->I1(I Ljava/lang/String; [[Ljava/lang/String;)Ljava/lang/String;
LscriptPages/gameHD/m;->y(Ljava/lang/String;)V,0x45989c,3,000c:readByte(Ljava/lang/String;)B || 001c:readInt(Ljava/lang/String;)I || 0038:readUTF(Ljava/lang/String;)Ljava/lang/String;,0054:LscriptPages/gameHD/m;->r()V
LscriptPages/gameHD/m;->s(Ljava/lang/String;)V,0x458568,2,0000:readByte(Ljava/lang/String;)B || 0006:readUTF(Ljava/lang/String;)Ljava/lang/String;,
LscriptPages/game/h0;->e(Ljava/lang/String;)V,0x3a61bc,23,0006:readShort(Ljava/lang/String;)S || 000e:readByte(Ljava/lang/String;)B || 0198:readByte(Ljava/lang/String;)B || 0292:readLong(Ljava/lang/String;)J || 02a2:readUTF(Ljava/lang/String;)Ljava/lang/String; || 02b2:readByte(Ljava/lang/String;)B || 02c2:readByte(Ljava/lang/String;)B || 02d2:readLong(Ljava/lang/String;)J || 043a:readLong(Ljava/lang/String;)J || 044a:readUTF(Ljava/lang/String;)Ljava/lang/String; || 045a:readByte(Ljava/lang/String;)B || 046a:readByte(Ljava/lang/String;)B || 047a:readLong(Ljava/lang/String;)J || 063c:readLong(Ljava/lang/String;)J || 0682:readUTF(Ljava/lang/String;)Ljava/lang/String; || 068c:readByte(Ljava/lang/String;)B || 069c:readByte(Ljava/lang/String;)B || 06ac:readLong(Ljava/lang/String;)J || 083c:readLong(Ljava/lang/String;)J || 084c:readUTF(Ljava/lang/String;)Ljava/lang/String; || 085c:readByte(Ljava/lang/String;)B || 086c:readByte(Ljava/lang/String;)B || 087c:readLong(Ljava/lang/String;)J,002c:LscriptPages/data/g;->I1(I Ljava/lang/String; [[Ljava/lang/String;)Ljava/lang/String; || 004a:LscriptPages/data/g;->I1(I Ljava/lang/String; [[Ljava/lang/String;)Ljava/lang/String; || 0068:LscriptPages/data/g;->I1(I Ljava/lang/String; [[Ljava/lang/String;)Ljava/lang/String; || 0088:LscriptPages/data/g;->I1(I Ljava/lang/String; [[Ljava/lang/String;)Ljava/lang/String; || 00a8:LscriptPages/data/g;->I1(I Ljava/lang/String; [[Ljava/lang/String;)Ljava/lang/String; || 00c4:LscriptPages/data/g;->I1(I Ljava/lang/String; [[Ljava/lang/String;)Ljava/lang/String; || 00e0:LscriptPages/data/g;->I1(I Ljava/lang/String; [[Ljava/lang/String;)Ljava/lang/String; || 00fc:LscriptPages/data/g;->I1(I Ljava/lang/String; [[Ljava/lang/String;)Ljava/lang/String; || 0118:LscriptPages/data/g;->I1(I Ljava/lang/String; [[Ljava/lang/String;)Ljava/lang/String; || 0134:LscriptPages/data/g;->I1(I Ljava/lang/String; [[Ljava/lang/String;)Ljava/lang/String; || 0150:LscriptPages/data/g;->I1(I Ljava/lang/String; [[Ljava/lang/String;)Ljava/lang/String; || 016c:LscriptPages/data/g;->I1(I Ljava/lang/String; [[Ljava/lang/String;)Ljava/lang/String; || 0188:LscriptPages/data/g;->I1(I Ljava/lang/String; [[Ljava/lang/String;)Ljava/lang/String; || 02f4:LscriptPages/game/y;->k(J I Ljava/lang/StringBuilder; Ljava/lang/String;)V || 0302:LscriptPages/game/y;->k(J I Ljava/lang/StringBuilder; Ljava/lang/String;)V || 0310:LscriptPages/game/y;->k(J I Ljava/lang/StringBuilder; Ljava/lang/String;)V || 031e:LscriptPages/game/y;->k(J I Ljava/lang/StringBuilder; Ljava/lang/String;)V || 034e:LscriptPages/game/y;->k(J I Ljava/lang/StringBuilder; Ljava/lang/String;)V || 04a0:LscriptPages/game/y;->k(J I Ljava/lang/StringBuilder; Ljava/lang/String;)V || 04b0:LscriptPages/game/y;->k(J I Ljava/lang/StringBuilder; Ljava/lang/String;)V || 04c0:LscriptPages/game/y;->k(J I Ljava/lang/StringBuilder; Ljava/lang/String;)V || 04d2:LscriptPages/game/y;->k(J I Ljava/lang/StringBuilder; Ljava/lang/String;)V || 0506:LscriptPages/game/y;->k(J I Ljava/lang/StringBuilder; Ljava/lang/String;)V || 067a:LscriptPages/game/r0;->d0(Ljava/lang/String;)V || 06d0:LscriptPages/game/y;->k(J I Ljava/lang/StringBuilder; Ljava/lang/String;)V || 06e0:LscriptPages/game/y;->k(J I Ljava/lang/StringBuilder; Ljava/lang/String;)V || 06f0:LscriptPages/game/y;->k(J I Ljava/lang/StringBuilder; Ljava/lang/String;)V || 0702:LscriptPages/game/y;->k(J I Ljava/lang/StringBuilder; Ljava/lang/String;)V || 0736:LscriptPages/game/y;->k(J I Ljava/lang/StringBuilder; Ljava/lang/String;)V || 0780:LscriptPages/game/h0;->J()V || 07ac:LscriptPages/data/g;->I1(I Ljava/lang/String; [[Ljava/lang/String;)Ljava/lang/String; || 07b4:LscriptPages/game/r0;->Z(Ljava/lang/String; I)V || 08a0:LscriptPages/game/y;->k(J I Ljava/lang/StringBuilder; Ljava/lang/String;)V || 08ae:LscriptPages/game/y;->k(J I Ljava/lang/StringBuilder; Ljava/lang/String;)V || 08be:LscriptPages/game/y;->k(J I Ljava/lang/StringBuilder; Ljava/lang/String;)V || 08d0:LscriptPages/game/y;->k(J I Ljava/lang/StringBuilder; Ljava/lang/String;)V || 0904:LscriptPages/game/y;->k(J I Ljava/lang/StringBuilder; Ljava/lang/String;)V || 098e:LscriptPages/game/r0;->Z(Ljava/lang/String; I)V
LscriptPages/game/h0;->f(Ljava/lang/String;)V,0x3a6b64,12,0000:readShort(Ljava/lang/String;)S || 001a:readLong(Ljava/lang/String;)J || 0048:readByte(Ljava/lang/String;)B || 0054:readUTF(Ljava/lang/String;)Ljava/lang/String; || 0062:readLong(Ljava/lang/String;)J || 0178:readLong(Ljava/lang/String;)J || 01ac:readShort(Ljava/lang/String;)S || 0252:readByte(Ljava/lang/String;)B || 026a:readByte(Ljava/lang/String;)B || 0282:readUTF(Ljava/lang/String;)Ljava/lang/String; || 029a:readUTF(Ljava/lang/String;)Ljava/lang/String; || 02b2:readLong(Ljava/lang/String;)J,0090:LscriptPages/game/y;->k(J I Ljava/lang/StringBuilder; Ljava/lang/String;)V || 00a4:LscriptPages/game/y;->k(J I Ljava/lang/StringBuilder; Ljava/lang/String;)V || 00bc:LscriptPages/game/y;->k(J I Ljava/lang/StringBuilder; Ljava/lang/String;)V || 00d6:LscriptPages/game/y;->k(J I Ljava/lang/StringBuilder; Ljava/lang/String;)V || 02e4:LscriptPages/game/y;->k(J I Ljava/lang/StringBuilder; Ljava/lang/String;)V || 02fa:LscriptPages/game/y;->k(J I Ljava/lang/StringBuilder; Ljava/lang/String;)V || 0312:LscriptPages/game/y;->k(J I Ljava/lang/StringBuilder; Ljava/lang/String;)V || 0330:LscriptPages/game/y;->k(J I Ljava/lang/StringBuilder; Ljava/lang/String;)V || 0370:LscriptPages/game/y;->k(J I Ljava/lang/StringBuilder; Ljava/lang/String;)V || 03fc:LscriptPages/game/r0;->G(I)I || 0418:LscriptPages/game/r0;->G(I)I || 0426:LscriptPages/game/r0;->F(I)I || 045e:LscriptPages/data/f;->c(I I I I)I || 04b2:LscriptPages/game/r0;->F(I)I || 04e6:LscriptPages/game/e;->u(I I I)I || 050e:Lo/a;->p0(Ljava/lang/String;)V || 0514:Lo/a;->w6(Ljava/lang/String; [S)I || 058e:LscriptPages/game/r0;->T(Ljava/lang/String; I)I || 05b0:Lo/a;->P8(Ljava/lang/String; I I)V || 05c4:Lo/a;->M8(Ljava/lang/String; I)V || 0604:LscriptPages/data/g;->I1(I Ljava/lang/String; [[Ljava/lang/String;)Ljava/lang/String; || 061e:LscriptPages/data/g;->I1(I Ljava/lang/String; [[Ljava/lang/String;)Ljava/lang/String; || 0638:LscriptPages/data/g;->I1(I Ljava/lang/String; [[Ljava/lang/String;)Ljava/lang/String; || 0652:LscriptPages/game/r0;->Z(Ljava/lang/String; I)V
LscriptPages/game/h0;->d(Ljava/lang/String;)V,0x3a613c,4,0000:readByte(Ljava/lang/String;)B || 0024:readUTF(Ljava/lang/String;)Ljava/lang/String; || 0030:readByte(Ljava/lang/String;)B || 0052:readUTF(Ljava/lang/String;)Ljava/lang/String;,
LscriptPages/game/q;->r1(Ljava/lang/String;)V,0x328a40,32,0006:readByte(Ljava/lang/String;)B || 0148:readByte(Ljava/lang/String;)B || 0150:readLong(Ljava/lang/String;)J || 015c:readLong(Ljava/lang/String;)J || 0168:readByte(Ljava/lang/String;)B || 01ea:readByte(Ljava/lang/String;)B || 01fa:readInt(Ljava/lang/String;)I || 020a:readByte(Ljava/lang/String;)B || 021a:readInt(Ljava/lang/String;)I || 022a:readInt(Ljava/lang/String;)I || 023a:readLong(Ljava/lang/String;)J || 0256:readByte(Ljava/lang/String;)B || 02c8:readLong(Ljava/lang/String;)J || 02d4:readByte(Ljava/lang/String;)B || 0356:readInt(Ljava/lang/String;)I || 036e:readInt(Ljava/lang/String;)I || 0386:readUTF(Ljava/lang/String;)Ljava/lang/String; || 039e:readShort(Ljava/lang/String;)S || 03b6:readByte(Ljava/lang/String;)B || 03ce:readShort(Ljava/lang/String;)S || 03f6:readLong(Ljava/lang/String;)J || 03fc:readByte(Ljava/lang/String;)B || 0462:readLong(Ljava/lang/String;)J || 0472:readLong(Ljava/lang/String;)J || 0492:readByte(Ljava/lang/String;)B || 049e:readByte(Ljava/lang/String;)B || 0502:readInt(Ljava/lang/String;)I || 0516:readInt(Ljava/lang/String;)I || 052a:readUTF(Ljava/lang/String;)Ljava/lang/String; || 053e:readShort(Ljava/lang/String;)S || 0552:readByte(Ljava/lang/String;)B || 0566:readShort(Ljava/lang/String;)S,0022:LscriptPages/data/g;->I1(I Ljava/lang/String; [[Ljava/lang/String;)Ljava/lang/String; || 002a:LscriptPages/game/r0;->Z(Ljava/lang/String; I)V || 0044:LscriptPages/data/g;->I1(I Ljava/lang/String; [[Ljava/lang/String;)Ljava/lang/String; || 004c:LscriptPages/game/r0;->Z(Ljava/lang/String; I)V || 0066:LscriptPages/data/g;->I1(I Ljava/lang/String; [[Ljava/lang/String;)Ljava/lang/String; || 006e:LscriptPages/game/r0;->Z(Ljava/lang/String; I)V || 0088:LscriptPages/data/g;->I1(I Ljava/lang/String; [[Ljava/lang/String;)Ljava/lang/String; || 0090:LscriptPages/game/r0;->Z(Ljava/lang/String; I)V || 00aa:LscriptPages/data/g;->I1(I Ljava/lang/String; [[Ljava/lang/String;)Ljava/lang/String; || 00b2:LscriptPages/game/r0;->Z(Ljava/lang/String; I)V || 00cc:LscriptPages/data/g;->I1(I Ljava/lang/String; [[Ljava/lang/String;)Ljava/lang/String; || 00d4:LscriptPages/game/r0;->Z(Ljava/lang/String; I)V || 00ee:LscriptPages/data/g;->I1(I Ljava/lang/String; [[Ljava/lang/String;)Ljava/lang/String; || 00f6:LscriptPages/game/r0;->Z(Ljava/lang/String; I)V || 0110:LscriptPages/data/g;->I1(I Ljava/lang/String; [[Ljava/lang/String;)Ljava/lang/String; || 0118:LscriptPages/game/r0;->Z(Ljava/lang/String; I)V || 0132:LscriptPages/data/g;->I1(I Ljava/lang/String; [[Ljava/lang/String;)Ljava/lang/String; || 013a:LscriptPages/game/r0;->Z(Ljava/lang/String; I)V || 05c6:LscriptPages/data/g;->I1(I Ljava/lang/String; [[Ljava/lang/String;)Ljava/lang/String; || 05e0:LscriptPages/data/g;->I1(I Ljava/lang/String; [[Ljava/lang/String;)Ljava/lang/String; || 05f6:LscriptPages/data/g;->I1(I Ljava/lang/String; [[Ljava/lang/String;)Ljava/lang/String; || 060e:LscriptPages/game/r0;->G(I)I || 0616:LscriptPages/game/r0;->F(I)I || 0622:Lo/a;->n0(Ljava/lang/String; Z)V || 0628:Lo/a;->u6(Ljava/lang/String;)I || 0644:Lo/a;->r6(Ljava/lang/String; I I I)I || 065a:LscriptPages/data/f;->D(I I I I)I || 0672:Lo/a;->b0(Ljava/lang/String; Ljava/lang/String; I I)V || 0684:Lo/a;->r6(Ljava/lang/String; I I I)I || 06a2:LscriptPages/game/e;->z(I I I I Ljava/lang/String; Ljava/lang/String; I)V || 06a8:LscriptPages/game/p0;->b()[S || 06f4:LscriptPages/data/f;->b(I I I)I || 0772:LscriptPages/game/q;->D0()V || 077e:LscriptPages/game/q;->E0()V || 0786:LscriptPages/game/q;->D0()V || 07b6:LscriptPages/game/q;->E0()V || 07c8:LscriptPages/game/r0;->Z(Ljava/lang/String; I)V
LscriptPages/gameHD/b;->u(Ljava/lang/String;)V,0x418414,5,0000:readByte(Ljava/lang/String;)B || 005e:readByte(Ljava/lang/String;)B || 00ba:readByte(Ljava/lang/String;)B || 00c6:readInt(Ljava/lang/String;)I || 00d2:readUTF(Ljava/lang/String;)Ljava/lang/String;,0024:LscriptPages/data/g;->I1(I Ljava/lang/String; [[Ljava/lang/String;)Ljava/lang/String; || 002c:LscriptPages/game/r0;->Z(Ljava/lang/String; I)V || 0044:LscriptPages/data/g;->I1(I Ljava/lang/String; [[Ljava/lang/String;)Ljava/lang/String; || 004c:LscriptPages/game/r0;->Z(Ljava/lang/String; I)V || 0092:LscriptPages/data/g;->I1(I Ljava/lang/String; [[Ljava/lang/String;)Ljava/lang/String; || 009a:LscriptPages/game/r0;->d0(Ljava/lang/String;)V || 00a8:LscriptPages/gameHD/b;->f(Ljava/lang/String;)V || 00ae:LscriptPages/gameHD/b;->d(Ljava/lang/String;)V || 00b4:LscriptPages/gameHD/b;->e(Ljava/lang/String;)V || 00e2:LscriptPages/gameHD/l;->w(I)I || 00ee:LscriptPages/gameHD/l;->v(I)I || 00fa:LscriptPages/game/p0;->b()[S || 0232:LscriptPages/gameHD/l;->w(I)I || 023e:LscriptPages/gameHD/l;->w(I)I || 0296:Lo/a;->n0(Ljava/lang/String; Z)V || 02b2:Lo/a;->u6(Ljava/lang/String;)I || 02cc:Lo/a;->r6(Ljava/lang/String; I I I)I || 02de:Lo/a;->r6(Ljava/lang/String; I I I)I || 02ec:Lo/a;->r6(Ljava/lang/String; I I I)I || 02fa:Lo/a;->r6(Ljava/lang/String; I I I)I || 030c:Lo/a;->r6(Ljava/lang/String; I I I)I || 0318:Lo/a;->r6(Ljava/lang/String; I I I)I || 0322:Lo/a;->r6(Ljava/lang/String; I I I)I || 0332:Lo/a;->r6(Ljava/lang/String; I I I)I || 0344:Lo/a;->r6(Ljava/lang/String; I I I)I || 035a:Lo/a;->r6(Ljava/lang/String; I I I)I || 0368:Lo/a;->r6(Ljava/lang/String; I I I)I || 037e:Lo/a;->r6(Ljava/lang/String; I I I)I || 0394:Lo/a;->r6(Ljava/lang/String; I I I)I || 03be:LscriptPages/gameHD/l;->v(I)I || 03ca:Lo/a;->b0(Ljava/lang/String; Ljava/lang/String; I I)V || 0400:Lo/a;->b0(Ljava/lang/String; Ljava/lang/String; I I)V || 0428:Lo/a;->b0(Ljava/lang/String; Ljava/lang/String; I I)V || 0450:Lo/a;->b0(Ljava/lang/String; Ljava/lang/String; I I)V || 0464:LscriptPages/data/f;->x(I I I I)I || 0470:LscriptPages/gameHD/l;->v(I)I || 0498:Lo/a;->b0(Ljava/lang/String; Ljava/lang/String; I I)V || 04be:Lo/a;->b0(Ljava/lang/String; Ljava/lang/String; I I)V || 04e8:Lo/a;->b0(Ljava/lang/String; Ljava/lang/String; I I)V || 0510:Lo/a;->b0(Ljava/lang/String; Ljava/lang/String; I I)V || 053c:Lo/a;->b0(Ljava/lang/String; Ljava/lang/String; I I)V || 0558:LscriptPages/gameHD/l;->v(I)I || 0574:Lo/a;->b0(Ljava/lang/String; Ljava/lang/String; I I)V || 058e:LscriptPages/gameHD/l;->w(I)I || 059c:Lo/a;->b0(Ljava/lang/String; Ljava/lang/String; I I)V || 05be:Lo/a;->b0(Ljava/lang/String; Ljava/lang/String; I I)V || 05e4:LscriptPages/game/b;->B(I I I I)I || 05f6:LscriptPages/data/f;->x(I I I I)I || 0602:LscriptPages/game/e;->p(I I Ljava/lang/String; Ljava/lang/String; I)V || 0608:LscriptPages/gameHD/b;->h()V || 068c:LscriptPages/PageMain;->getStatus()I || 069c:LscriptPages/game/m;->n(I)V
LscriptPages/gameHD/b;->J(Ljava/lang/String;)V,0x41cbbc,1,000c:readByte(Ljava/lang/String;)B,
LscriptPages/gameHD/b;->y(Ljava/lang/String;)V,0x4191cc,5,0006:readShort(Ljava/lang/String;)S || 0038:readInt(Ljava/lang/String;)I || 0048:readUTF(Ljava/lang/String;)Ljava/lang/String; || 0058:readUTF(Ljava/lang/String;)Ljava/lang/String; || 0068:readInt(Ljava/lang/String;)I,00b8:Lo/a;->n0(Ljava/lang/String; Z)V || 00d6:Lo/a;->u6(Ljava/lang/String;)I || 00ee:Lo/a;->r6(Ljava/lang/String; I I I)I || 0108:LscriptPages/game/p0;->x()I || 0114:Lo/a;->t6(Ljava/lang/String; I I)I || 0120:Lo/a;->t6(Ljava/lang/String; I I)I || 0142:Lo/a;->b0(Ljava/lang/String; Ljava/lang/String; I I)V || 0172:Lo/a;->b0(Ljava/lang/String; Ljava/lang/String; I I)V || 01a0:Lo/a;->b0(Ljava/lang/String; Ljava/lang/String; I I)V || 01b0:Lo/a;->r6(Ljava/lang/String; I I I)I || 01c6:Lo/a;->b0(Ljava/lang/String; Ljava/lang/String; I I)V || 01cc:LscriptPages/gameHD/b;->j()V
LscriptPages/gameHD/b;->v(Ljava/lang/String;)V,0x418ac8,15,0006:readByte(Ljava/lang/String;)B || 000e:readShort(Ljava/lang/String;)S || 0016:readByte(Ljava/lang/String;)B || 001e:readInt(Ljava/lang/String;)I || 002a:readShort(Ljava/lang/String;)S || 0036:readShort(Ljava/lang/String;)S || 0094:readShort(Ljava/lang/String;)S || 00a4:readShort(Ljava/lang/String;)S || 00b4:readInt(Ljava/lang/String;)I || 00c4:readByte(Ljava/lang/String;)B || 00d4:readByte(Ljava/lang/String;)B || 00e4:readByte(Ljava/lang/String;)B || 00f4:readShort(Ljava/lang/String;)S || 0104:readUTF(Ljava/lang/String;)Ljava/lang/String; || 0114:readUTF(Ljava/lang/String;)Ljava/lang/String;,0194:Lo/a;->n0(Ljava/lang/String; Z)V || 019a:Lo/a;->u6(Ljava/lang/String;)I || 01b2:Lo/a;->r6(Ljava/lang/String; I I I)I || 01c0:Lo/a;->r6(Ljava/lang/String; I I I)I || 01ce:Lo/a;->r6(Ljava/lang/String; I I I)I || 01f4:Lo/a;->b0(Ljava/lang/String; Ljava/lang/String; I I)V || 0226:Lo/a;->b0(Ljava/lang/String; Ljava/lang/String; I I)V || 025c:Lo/a;->b0(Ljava/lang/String; Ljava/lang/String; I I)V || 0298:Lo/a;->n0(Ljava/lang/String; Z)V || 029e:Lo/a;->u6(Ljava/lang/String;)I || 02e2:Lo/a;->t6(Ljava/lang/String; I I)I || 0306:Lo/a;->b0(Ljava/lang/String; Ljava/lang/String; I I)V || 036c:LscriptPages/data/g;->I1(I Ljava/lang/String; [[Ljava/lang/String;)Ljava/lang/String; || 037a:LscriptPages/data/g;->I1(I Ljava/lang/String; [[Ljava/lang/String;)Ljava/lang/String; || 0388:LscriptPages/data/g;->I1(I Ljava/lang/String; [[Ljava/lang/String;)Ljava/lang/String; || 03a0:LscriptPages/data/g;->I1(I Ljava/lang/String; [[Ljava/lang/String;)Ljava/lang/String; || 03c0:LscriptPages/data/g;->I1(I Ljava/lang/String; [[Ljava/lang/String;)Ljava/lang/String; || 03d8:LscriptPages/data/g;->I1(I Ljava/lang/String; [[Ljava/lang/String;)Ljava/lang/String; || 03f0:LscriptPages/data/g;->I1(I Ljava/lang/String; [[Ljava/lang/String;)Ljava/lang/String; || 0410:LscriptPages/data/g;->I1(I Ljava/lang/String; [[Ljava/lang/String;)Ljava/lang/String; || 041a:LscriptPages/game/r0;->Z(Ljava/lang/String; I)V || 0428:LscriptPages/data/g;->I1(I Ljava/lang/String; [[Ljava/lang/String;)Ljava/lang/String; || 0438:LscriptPages/data/g;->I1(I Ljava/lang/String; [[Ljava/lang/String;)Ljava/lang/String; || 0450:LscriptPages/data/g;->I1(I Ljava/lang/String; [[Ljava/lang/String;)Ljava/lang/String; || 0468:LscriptPages/gameHD/l;->M(Ljava/lang/String; I)V
LscriptPages/gameHD/b;->s(Ljava/lang/String;)V,0x41829c,5,0000:readByte(Ljava/lang/String;)B || 0008:readUTF(Ljava/lang/String;)Ljava/lang/String; || 0010:readByte(Ljava/lang/String;)B || 001c:readLong(Ljava/lang/String;)J || 0028:readInt(Ljava/lang/String;)I,004a:LscriptPages/data/g;->I1(I Ljava/lang/String; [[Ljava/lang/String;)Ljava/lang/String; || 0062:LscriptPages/data/g;->I1(I Ljava/lang/String; [[Ljava/lang/String;)Ljava/lang/String; || 007a:LscriptPages/data/g;->I1(I Ljava/lang/String; [[Ljava/lang/String;)Ljava/lang/String; || 0094:LscriptPages/data/g;->I1(I Ljava/lang/String; [[Ljava/lang/String;)Ljava/lang/String; || 009e:LscriptPages/gameHD/l;->M(Ljava/lang/String; I)V
LscriptPages/gameHD/b;->w(Ljava/lang/String;)V,0x418f48,10,0006:readByte(Ljava/lang/String;)B || 0038:readShort(Ljava/lang/String;)S || 0066:readShort(Ljava/lang/String;)S || 007a:readInt(Ljava/lang/String;)I || 008c:readShort(Ljava/lang/String;)S || 00ba:readShort(Ljava/lang/String;)S || 00ce:readInt(Ljava/lang/String;)I || 00e0:readShort(Ljava/lang/String;)S || 010e:readShort(Ljava/lang/String;)S || 0122:readInt(Ljava/lang/String;)I,
LscriptPages/gameHD/b;->t(Ljava/lang/String;)V,0x418354,1,0006:readShort(Ljava/lang/String;)S,0014:LscriptPages/gameHD/b;->f(Ljava/lang/String;)V || 0022:LscriptPages/gameHD/b;->i()V || 0042:LscriptPages/data/g;->I1(I Ljava/lang/String; [[Ljava/lang/String;)Ljava/lang/String; || 004a:LscriptPages/game/r0;->Z(Ljava/lang/String; I)V || 0060:LscriptPages/data/g;->I1(I Ljava/lang/String; [[Ljava/lang/String;)Ljava/lang/String; || 0068:LscriptPages/game/r0;->Z(Ljava/lang/String; I)V || 007e:LscriptPages/data/g;->I1(I Ljava/lang/String; [[Ljava/lang/String;)Ljava/lang/String; || 0086:LscriptPages/game/r0;->Z(Ljava/lang/String; I)V || 009e:LscriptPages/data/g;->I1(I Ljava/lang/String; [[Ljava/lang/String;)Ljava/lang/String; || 00a6:LscriptPages/game/r0;->Z(Ljava/lang/String; I)V
LscriptPages/gameHD/b;->q(Ljava/lang/String;)V,0x417f84,12,0006:readByte(Ljava/lang/String;)B || 000e:readShort(Ljava/lang/String;)S || 0016:readLong(Ljava/lang/String;)J || 003a:readInt(Ljava/lang/String;)I || 004e:readShort(Ljava/lang/String;)S || 005a:readShort(Ljava/lang/String;)S || 0066:readByte(Ljava/lang/String;)B || 0080:readShort(Ljava/lang/String;)S || 008c:readShort(Ljava/lang/String;)S || 0098:readByte(Ljava/lang/String;)B || 00a4:readByte(Ljava/lang/String;)B || 00b0:readLong(Ljava/lang/String;)J,002e:LscriptPages/gameHD/b;->d(Ljava/lang/String;)V || 0034:LscriptPages/gameHD/b;->h()V || 0072:LscriptPages/gameHD/b;->h()V || 00bc:LscriptPages/PageMain;->getCurTime()J || 00c8:LscriptPages/gameHD/b;->h()V || 00e0:LscriptPages/data/g;->I1(I Ljava/lang/String; [[Ljava/lang/String;)Ljava/lang/String; || 00e8:LscriptPages/gameHD/l;->M(Ljava/lang/String; I)V || 00fe:LscriptPages/data/g;->I1(I Ljava/lang/String; [[Ljava/lang/String;)Ljava/lang/String; || 0106:LscriptPages/gameHD/l;->M(Ljava/lang/String; I)V || 011c:LscriptPages/data/g;->I1(I Ljava/lang/String; [[Ljava/lang/String;)Ljava/lang/String; || 0124:LscriptPages/gameHD/l;->M(Ljava/lang/String; I)V || 013a:LscriptPages/data/g;->I1(I Ljava/lang/String; [[Ljava/lang/String;)Ljava/lang/String; || 0142:LscriptPages/gameHD/l;->M(Ljava/lang/String; I)V || 0158:LscriptPages/data/g;->I1(I Ljava/lang/String; [[Ljava/lang/String;)Ljava/lang/String; || 0160:LscriptPages/gameHD/l;->M(Ljava/lang/String; I)V || 0178:LscriptPages/data/g;->I1(I Ljava/lang/String; [[Ljava/lang/String;)Ljava/lang/String; || 0180:LscriptPages/gameHD/l;->M(Ljava/lang/String; I)V
LscriptPages/gameHD/b;->r(Ljava/lang/String;)V,0x41811c,1,0006:readShort(Ljava/lang/String;)S,0030:LscriptPages/data/g;->I1(I Ljava/lang/String; [[Ljava/lang/String;)Ljava/lang/String; || 004a:LscriptPages/data/g;->I1(I Ljava/lang/String; [[Ljava/lang/String;)Ljava/lang/String; || 0064:LscriptPages/data/g;->I1(I Ljava/lang/String; [[Ljava/lang/String;)Ljava/lang/String; || 007e:LscriptPages/data/g;->I1(I Ljava/lang/String; [[Ljava/lang/String;)Ljava/lang/String; || 0098:LscriptPages/data/g;->I1(I Ljava/lang/String; [[Ljava/lang/String;)Ljava/lang/String; || 00b0:LscriptPages/data/g;->I1(I Ljava/lang/String; [[Ljava/lang/String;)Ljava/lang/String; || 00c8:LscriptPages/data/g;->I1(I Ljava/lang/String; [[Ljava/lang/String;)Ljava/lang/String; || 00d0:LscriptPages/gameHD/b;->e(Ljava/lang/String;)V || 00d6:LscriptPages/gameHD/b;->d(Ljava/lang/String;)V || 00dc:LscriptPages/gameHD/b;->g()V || 00f6:LscriptPages/data/g;->I1(I Ljava/lang/String; [[Ljava/lang/String;)Ljava/lang/String; || 0110:LscriptPages/data/g;->I1(I Ljava/lang/String; [[Ljava/lang/String;)Ljava/lang/String; || 0118:LscriptPages/gameHD/b;->e(Ljava/lang/String;)V || 011e:LscriptPages/gameHD/b;->d(Ljava/lang/String;)V || 0124:LscriptPages/gameHD/b;->g()V || 013c:LscriptPages/data/g;->I1(I Ljava/lang/String; [[Ljava/lang/String;)Ljava/lang/String; || 0146:LscriptPages/gameHD/b;->e(Ljava/lang/String;)V || 014c:LscriptPages/gameHD/b;->d(Ljava/lang/String;)V || 0152:LscriptPages/gameHD/b;->g()V || 0168:LscriptPages/game/r0;->Z(Ljava/lang/String; I)V
LscriptPages/gameHD/b;->x(Ljava/lang/String;)V,0x419128,4,0006:readByte(Ljava/lang/String;)B || 000e:readByte(Ljava/lang/String;)B || 001c:readByte(Ljava/lang/String;)B || 002e:readByte(Ljava/lang/String;)B,0068:LscriptPages/data/g;->I1(I Ljava/lang/String; [[Ljava/lang/String;)Ljava/lang/String; || 0070:LscriptPages/game/r0;->Z(Ljava/lang/String; I)V || 0084:LscriptPages/data/g;->I1(I Ljava/lang/String; [[Ljava/lang/String;)Ljava/lang/String; || 008c:LscriptPages/game/r0;->Z(Ljava/lang/String; I)V
Lu/e;->g(Ljava/lang/String;)V,0x45b404,1,0000:readByte(Ljava/lang/String;)B,
LscriptPages/data/g;->k4(Ljava/lang/String;)V,0x2879b0,34,000c:readShort(Ljava/lang/String;)S || 0030:readShort(Ljava/lang/String;)S || 0040:readInt(Ljava/lang/String;)I || 0052:readShort(Ljava/lang/String;)S || 0074:readShort(Ljava/lang/String;)S || 0084:readUTF(Ljava/lang/String;)Ljava/lang/String; || 009e:readByte(Ljava/lang/String;)B || 00b8:readLong(Ljava/lang/String;)J || 00c0:readLong(Ljava/lang/String;)J || 00e2:readLong(Ljava/lang/String;)J || 00ea:readLong(Ljava/lang/String;)J || 011c:readShort(Ljava/lang/String;)S || 0128:readShort(Ljava/lang/String;)S || 0134:readShort(Ljava/lang/String;)S || 01d8:readByte(Ljava/lang/String;)B || 01e4:readShort(Ljava/lang/String;)S || 01f4:readShort(Ljava/lang/String;)S || 0200:readShort(Ljava/lang/String;)S || 025a:readLong(Ljava/lang/String;)J || 0266:readShort(Ljava/lang/String;)S || 0272:readUTF(Ljava/lang/String;)Ljava/lang/String; || 027e:readShort(Ljava/lang/String;)S || 028a:readInt(Ljava/lang/String;)I || 0296:readInt(Ljava/lang/String;)I || 02a2:readLong(Ljava/lang/String;)J || 02ae:readUTF(Ljava/lang/String;)Ljava/lang/String; || 02ba:readUTF(Ljava/lang/String;)Ljava/lang/String; || 02c6:readLong(Ljava/lang/String;)J || 02d2:readLong(Ljava/lang/String;)J || 02de:readLong(Ljava/lang/String;)J || 02ea:readLong(Ljava/lang/String;)J || 02f6:readShort(Ljava/lang/String;)S || 0302:readShort(Ljava/lang/String;)S || 030e:readByte(Ljava/lang/String;)B,0096:LscriptPages/PageMain;->getCurTime()J
LscriptPages/data/g;->D4(Ljava/lang/String;)V,0x288b34,11,000c:readInt(Ljava/lang/String;)I || 0018:readUTF(Ljava/lang/String;)Ljava/lang/String; || 002c:readInt(Ljava/lang/String;)I || 0048:readLong(Ljava/lang/String;)J || 0054:readShort(Ljava/lang/String;)S || 0096:readLong(Ljava/lang/String;)J || 00a6:readShort(Ljava/lang/String;)S || 00b6:readUTF(Ljava/lang/String;)Ljava/lang/String; || 00c6:readShort(Ljava/lang/String;)S || 00d6:readInt(Ljava/lang/String;)I || 00e6:readInt(Ljava/lang/String;)I,
LscriptPages/data/g;->l4(Ljava/lang/String;)V,0x287d64,1,000c:readUTF(Ljava/lang/String;)Ljava/lang/String;,
LscriptPages/data/g;->j4(Ljava/lang/String;)V,0x2878b8,10,000c:readInt(Ljava/lang/String;)I || 0018:readUTF(Ljava/lang/String;)Ljava/lang/String; || 0028:readLong(Ljava/lang/String;)J || 0034:readShort(Ljava/lang/String;)S || 0076:readLong(Ljava/lang/String;)J || 0086:readShort(Ljava/lang/String;)S || 0096:readUTF(Ljava/lang/String;)Ljava/lang/String; || 00a6:readShort(Ljava/lang/String;)S || 00b6:readInt(Ljava/lang/String;)I || 00c6:readInt(Ljava/lang/String;)I,00e0:LscriptPages/data/a;->B(Ljava/lang/String;)V
LscriptPages/data/g;->h4(Ljava/lang/String;)V,0x287744,5,000c:readInt(Ljava/lang/String;)I || 0012:readUTF(Ljava/lang/String;)Ljava/lang/String; || 001e:readShort(Ljava/lang/String;)S || 002a:readShort(Ljava/lang/String;)S || 0036:readShort(Ljava/lang/String;)S,
LscriptPages/data/g;->g4(Ljava/lang/String;)V,0x2876e8,6,000c:readByte(Ljava/lang/String;)B || 0012:readUTF(Ljava/lang/String;)Ljava/lang/String; || 001e:readShort(Ljava/lang/String;)S || 002a:readInt(Ljava/lang/String;)I || 0036:readInt(Ljava/lang/String;)I || 003c:readInt(Ljava/lang/String;)I,
LscriptPages/data/g;->p4(Ljava/lang/String;)V,0x287f50,14,000c:readByte(Ljava/lang/String;)B || 0018:readUTF(Ljava/lang/String;)Ljava/lang/String; || 0024:readLong(Ljava/lang/String;)J || 0030:readLong(Ljava/lang/String;)J || 003c:readInt(Ljava/lang/String;)I || 0048:readShort(Ljava/lang/String;)S || 0054:readShort(Ljava/lang/String;)S || 0060:readByte(Ljava/lang/String;)B || 00a2:readShort(Ljava/lang/String;)S || 00b2:readShort(Ljava/lang/String;)S || 00c2:readInt(Ljava/lang/String;)I || 00d2:readByte(Ljava/lang/String;)B || 00e2:readShort(Ljava/lang/String;)S || 00f2:readShort(Ljava/lang/String;)S,
LscriptPages/data/g;->E4(Ljava/lang/String;)V,0x288c40,6,000c:readShort(Ljava/lang/String;)S || 002e:readShort(Ljava/lang/String;)S || 003e:readUTF(Ljava/lang/String;)Ljava/lang/String; || 0056:readShort(Ljava/lang/String;)S || 0062:readShort(Ljava/lang/String;)S || 0074:readLong(Ljava/lang/String;)J,0050:LscriptPages/data/g;->G3(Ljava/lang/String;)V || 006e:LscriptPages/data/g;->J3(Ljava/lang/String;)V
LscriptPages/data/g;->q4(Ljava/lang/String;)V,0x288068,6,0018:readInt(Ljava/lang/String;)I || 0024:readUTF(Ljava/lang/String;)Ljava/lang/String; || 0030:readInt(Ljava/lang/String;)I || 0060:readLong(Ljava/lang/String;)J || 0080:readShort(Ljava/lang/String;)S || 0088:readInt(Ljava/lang/String;)I,0092:Lo/a;->I8(J I)V || 0098:Lo/a;->V5(Ljava/lang/String;)V || 009e:LscriptPages/data/g;->J3(Ljava/lang/String;)V
LscriptPages/data/g;->w4(Ljava/lang/String;)V,0x28856c,1,000c:readUTF(Ljava/lang/String;)Ljava/lang/String;,
LscriptPages/data/g;->o4(Ljava/lang/String;)V,0x287f0c,2,0018:readInt(Ljava/lang/String;)I || 001e:readUTF(Ljava/lang/String;)Ljava/lang/String;,002a:LscriptPages/data/g;->J3(Ljava/lang/String;)V
LscriptPages/data/g;->i4(Ljava/lang/String;)V,0x287798,13,0012:readLong(Ljava/lang/String;)J || 001e:readUTF(Ljava/lang/String;)Ljava/lang/String; || 002a:readLong(Ljava/lang/String;)J || 0046:readShort(Ljava/lang/String;)S || 004c:readUTF(Ljava/lang/String;)Ljava/lang/String; || 0058:readShort(Ljava/lang/String;)S || 0064:readLong(Ljava/lang/String;)J || 0070:readLong(Ljava/lang/String;)J || 007c:readUTF(Ljava/lang/String;)Ljava/lang/String; || 0088:readUTF(Ljava/lang/String;)Ljava/lang/String; || 0094:readInt(Ljava/lang/String;)I || 00a0:readUTF(Ljava/lang/String;)Ljava/lang/String; || 00ac:readUTF(Ljava/lang/String;)Ljava/lang/String;,000c:LscriptPages/data/g;->G3(Ljava/lang/String;)V || 00c4:LscriptPages/data/g;->I1(I Ljava/lang/String; [[Ljava/lang/String;)Ljava/lang/String; || 00fa:LscriptPages/data/g;->I1(I Ljava/lang/String; [[Ljava/lang/String;)Ljava/lang/String;
LscriptPages/data/g;->s4(Ljava/lang/String;)V,0x288208,16,0010:readShort(Ljava/lang/String;)S || 002c:readByte(Ljava/lang/String;)B || 005e:readByte(Ljava/lang/String;)B || 0074:readShort(Ljava/lang/String;)S || 008c:readShort(Ljava/lang/String;)S || 00a4:readInt(Ljava/lang/String;)I || 00b0:readInt(Ljava/lang/String;)I || 00bc:readInt(Ljava/lang/String;)I || 00c8:readShort(Ljava/lang/String;)S || 00d4:readShort(Ljava/lang/String;)S || 00e0:readByte(Ljava/lang/String;)B || 00ec:readShort(Ljava/lang/String;)S || 00f8:readShort(Ljava/lang/String;)S || 0104:readByte(Ljava/lang/String;)B || 011e:readByte(Ljava/lang/String;)B || 012c:readShort(Ljava/lang/String;)S,
LscriptPages/data/g;->r4(Ljava/lang/String;)V,0x288180,5,000c:readInt(Ljava/lang/String;)I || 0012:readUTF(Ljava/lang/String;)Ljava/lang/String; || 001e:readLong(Ljava/lang/String;)J || 0026:readUTF(Ljava/lang/String;)Ljava/lang/String; || 0058:readLong(Ljava/lang/String;)J,002e:LscriptPages/data/d;->y(J)V || 0052:Lo/a;->V5(Ljava/lang/String;)V || 006e:Lo/a;->a6(I Ljava/lang/String;)V
LscriptPages/data/g;->v4(Ljava/lang/String;)V,0x288598,1,000c:readUTF(Ljava/lang/String;)Ljava/lang/String;,
LscriptPages/game/n;->t2(Ljava/lang/String;)V,0x2ed674,1,000c:readUTF(Ljava/lang/String;)Ljava/lang/String;,
LscriptPages/data/g;->F4(Ljava/lang/String;)V,0x288cd4,2,000c:readByte(Ljava/lang/String;)B || 0012:readUTF(Ljava/lang/String;)Ljava/lang/String;,
LscriptPages/gameHD/m;->A(Ljava/lang/String;)V,0x459938,9,000c:readByte(Ljava/lang/String;)B || 0018:readUTF(Ljava/lang/String;)Ljava/lang/String; || 002c:readByte(Ljava/lang/String;)B || 005a:readByte(Ljava/lang/String;)B || 006a:readUTF(Ljava/lang/String;)Ljava/lang/String; || 007a:readByte(Ljava/lang/String;)B || 0094:readByte(Ljava/lang/String;)B || 00a0:readUTF(Ljava/lang/String;)Ljava/lang/String; || 00ac:readByte(Ljava/lang/String;)B,
LscriptPages/gameHD/m;->z(Ljava/lang/String;)V,0x459908,2,000c:readByte(Ljava/lang/String;)B || 0012:readUTF(Ljava/lang/String;)Ljava/lang/String;,
LscriptPages/game/i;->A(Ljava/lang/String;)V,0x2b4a74,10,000c:readByte(Ljava/lang/String;)B || 0018:readUTF(Ljava/lang/String;)Ljava/lang/String; || 002c:readByte(Ljava/lang/String;)B || 0058:readByte(Ljava/lang/String;)B || 0068:readUTF(Ljava/lang/String;)Ljava/lang/String; || 0078:readByte(Ljava/lang/String;)B || 0094:readByte(Ljava/lang/String;)B || 00a0:readByte(Ljava/lang/String;)B || 00ac:readByte(Ljava/lang/String;)B || 00b8:readByte(Ljava/lang/String;)B,
LscriptPages/data/g;->m4(Ljava/lang/String;)V,0x287d90,10,000c:readByte(Ljava/lang/String;)B || 0018:readUTF(Ljava/lang/String;)Ljava/lang/String; || 002c:readByte(Ljava/lang/String;)B || 0032:readByte(Ljava/lang/String;)B || 003e:readByte(Ljava/lang/String;)B || 004a:readByte(Ljava/lang/String;)B || 0056:readShort(Ljava/lang/String;)S || 0062:readInt(Ljava/lang/String;)I || 006e:readInt(Ljava/lang/String;)I || 007a:readUTF(Ljava/lang/String;)Ljava/lang/String;,008e:Lo/a;->V5(Ljava/lang/String;)V
LscriptPages/data/g;->u4(Ljava/lang/String;)V,0x2884f0,7,000c:readByte(Ljava/lang/String;)B || 0018:readUTF(Ljava/lang/String;)Ljava/lang/String; || 002c:readByte(Ljava/lang/String;)B || 0038:readByte(Ljava/lang/String;)B || 0044:readUTF(Ljava/lang/String;)Ljava/lang/String; || 0050:readByte(Ljava/lang/String;)B || 005c:readByte(Ljava/lang/String;)B,
LscriptPages/gameHD/m;->B(Ljava/lang/String;)V,0x459a08,9,0000:readByte(Ljava/lang/String;)B || 0008:readUTF(Ljava/lang/String;)Ljava/lang/String; || 001a:readByte(Ljava/lang/String;)B || 003e:readByte(Ljava/lang/String;)B || 004a:readUTF(Ljava/lang/String;)Ljava/lang/String; || 0056:readShort(Ljava/lang/String;)S || 0062:readShort(Ljava/lang/String;)S || 006e:readShort(Ljava/lang/String;)S || 007a:readBoolean(Ljava/lang/String;)Z,009c:LscriptPages/gameHD/m;->n([B [Ljava/lang/String; [S [S [S [S)V || 00a4:LscriptPages/game/r0;->d0(Ljava/lang/String;)V
La0/a;->r(Ljava/lang/String;)V,0xd082c,12,0014:readByte(Ljava/lang/String;)B || 0020:readUTF(Ljava/lang/String;)Ljava/lang/String; || 0034:readByte(Ljava/lang/String;)B || 0080:readByte(Ljava/lang/String;)B || 008e:readUTF(Ljava/lang/String;)Ljava/lang/String; || 0098:readByte(Ljava/lang/String;)B || 00aa:readByte(Ljava/lang/String;)B || 00bc:readLong(Ljava/lang/String;)J || 00cc:readByte(Ljava/lang/String;)B || 00d8:readInt(Ljava/lang/String;)I || 00e0:readInt(Ljava/lang/String;)I || 012e:readShort(Ljava/lang/String;)S,00f0:LscriptPages/PageMain;->getCurTime()J
La0/a;->v(Ljava/lang/String;)V,0xd1b84,4,000c:readByte(Ljava/lang/String;)B || 0018:readUTF(Ljava/lang/String;)Ljava/lang/String; || 0040:readByte(Ljava/lang/String;)B || 0056:readLong(Ljava/lang/String;)J,002e:Lo/a;->Y(I Ljava/lang/String;)V || 0034:Lo/a;->X(Ljava/lang/String;)V || 0070:Lo/a;->t(S)I
La0/a;->s(Ljava/lang/String;)V,0xd0978,7,000c:readByte(Ljava/lang/String;)B || 0018:readUTF(Ljava/lang/String;)Ljava/lang/String; || 002c:readByte(Ljava/lang/String;)B || 0046:readByte(Ljava/lang/String;)B || 0054:readInt(Ljava/lang/String;)I || 0090:readShort(Ljava/lang/String;)S || 0132:readByte(Ljava/lang/String;)B,0036:Lo/a;->t(S)I || 0066:LscriptPages/PageMain;->getCurTime()J || 00d8:Lo/a;->O(S)S || 00e0:Lo/a;->v(S)S || 00f0:Lo/a;->t(S)I || 0122:Lo/a;->X8(Ljava/lang/String;)V || 013e:Lo/a;->V5(Ljava/lang/String;)V
La0/a;->w(Ljava/lang/String;)V,0xd1c1c,2,000c:readByte(Ljava/lang/String;)B || 0018:readUTF(Ljava/lang/String;)Ljava/lang/String;,002e:Lo/a;->Y(I Ljava/lang/String;)V || 003a:Lo/a;->V5(Ljava/lang/String;)V
La0/a;->u(Ljava/lang/String;)V,0xd1a20,12,000c:readByte(Ljava/lang/String;)B || 0018:readUTF(Ljava/lang/String;)Ljava/lang/String; || 002c:readByte(Ljava/lang/String;)B || 0036:readByte(Ljava/lang/String;)B || 0040:readLong(Ljava/lang/String;)J || 004e:readInt(Ljava/lang/String;)I || 006e:readShort(Ljava/lang/String;)S || 0080:readByte(Ljava/lang/String;)B || 008c:readInt(Ljava/lang/String;)I || 00a2:readInt(Ljava/lang/String;)I || 00ae:readInt(Ljava/lang/String;)I || 00c4:readInt(Ljava/lang/String;)I,0048:Lo/a;->a0(J Ljava/lang/String;)V || 00d0:Lo/a;->t(S)I || 0124:Lo/a;->d3(J)I || 014a:Lo/a;->c7(I)V
La0/a;->x(Ljava/lang/String;)V,0xd1c70,12,000c:readByte(Ljava/lang/String;)B || 0018:readUTF(Ljava/lang/String;)Ljava/lang/String; || 002c:readByte(Ljava/lang/String;)B || 003a:readLong(Ljava/lang/String;)J || 0094:readInt(Ljava/lang/String;)I || 00b0:readByte(Ljava/lang/String;)B || 00c2:readByte(Ljava/lang/String;)B || 00d8:readInt(Ljava/lang/String;)I || 00e4:readByte(Ljava/lang/String;)B || 00f0:readLong(Ljava/lang/String;)J || 0108:readByte(Ljava/lang/String;)B || 011a:readByte(Ljava/lang/String;)B,00a0:Lo/a;->d3(J)I || 00f8:Lo/a;->d3(J)I || 012e:Lo/a;->X(Ljava/lang/String;)V
La0/a;->y(Ljava/lang/String;)V,0xd1db8,2,000c:readByte(Ljava/lang/String;)B || 0018:readUTF(Ljava/lang/String;)Ljava/lang/String;,002c:Lo/a;->X(Ljava/lang/String;)V
La0/a;->A(Ljava/lang/String;)V,0xd1e74,12,000c:readByte(Ljava/lang/String;)B || 0018:readUTF(Ljava/lang/String;)Ljava/lang/String; || 002a:readLong(Ljava/lang/String;)J || 0030:readLong(Ljava/lang/String;)J || 0044:readByte(Ljava/lang/String;)B || 0062:readByte(Ljava/lang/String;)B || 0074:readByte(Ljava/lang/String;)B || 0088:readByte(Ljava/lang/String;)B || 009a:readInt(Ljava/lang/String;)I || 00b0:readInt(Ljava/lang/String;)I || 00bc:readInt(Ljava/lang/String;)I || 00d2:readInt(Ljava/lang/String;)I,0024:Lo/a;->V5(Ljava/lang/String;)V || 004e:Lo/a;->d3(J)I || 0080:Lo/a;->Y8(Ljava/lang/String;)V
La0/a;->z(Ljava/lang/String;)V,0xd1dfc,4,000c:readByte(Ljava/lang/String;)B || 0018:readUTF(Ljava/lang/String;)Ljava/lang/String; || 002c:readLong(Ljava/lang/String;)J || 0034:readUTF(Ljava/lang/String;)Ljava/lang/String;,003c:Lo/a;->d3(J)I
La0/a;->t(Ljava/lang/String;)V,0xd0ad0,120,0014:readByte(Ljava/lang/String;)B || 0020:readShort(Ljava/lang/String;)S || 0070:readShort(Ljava/lang/String;)S || 0078:readUTF(Ljava/lang/String;)Ljava/lang/String; || 0080:readByte(Ljava/lang/String;)B || 008a:readUTF(Ljava/lang/String;)Ljava/lang/String; || 0092:readByte(Ljava/lang/String;)B || 009c:readByte(Ljava/lang/String;)B || 00a6:readShort(Ljava/lang/String;)S || 00ec:readByte(Ljava/lang/String;)B || 010e:readShort(Ljava/lang/String;)S || 011a:readByte(Ljava/lang/String;)B || 013c:readInt(Ljava/lang/String;)I || 0154:readByte(Ljava/lang/String;)B || 0176:readShort(Ljava/lang/String;)S || 0182:readByte(Ljava/lang/String;)B || 01a4:readInt(Ljava/lang/String;)I || 01bc:readByte(Ljava/lang/String;)B || 01de:readShort(Ljava/lang/String;)S || 01ea:readByte(Ljava/lang/String;)B || 020c:readInt(Ljava/lang/String;)I || 0224:readByte(Ljava/lang/String;)B || 023e:readShort(Ljava/lang/String;)S || 0250:readByte(Ljava/lang/String;)B || 0334:readShort(Ljava/lang/String;)S || 03b6:readUTF(Ljava/lang/String;)Ljava/lang/String; || 03c6:readUTF(Ljava/lang/String;)Ljava/lang/String; || 03d6:readByte(Ljava/lang/String;)B || 03e8:readByte(Ljava/lang/String;)B || 0452:readByte(Ljava/lang/String;)B || 0468:readByte(Ljava/lang/String;)B || 047e:readByte(Ljava/lang/String;)B || 0494:readShort(Ljava/lang/String;)S || 04a8:readShort(Ljava/lang/String;)S || 04bc:readShort(Ljava/lang/String;)S || 04d0:readUTF(Ljava/lang/String;)Ljava/lang/String; || 04e6:readByte(Ljava/lang/String;)B || 0550:readByte(Ljava/lang/String;)B || 0566:readByte(Ljava/lang/String;)B || 057c:readByte(Ljava/lang/String;)B || 0592:readShort(Ljava/lang/String;)S || 05a6:readShort(Ljava/lang/String;)S || 05ba:readShort(Ljava/lang/String;)S || 05ce:readUTF(Ljava/lang/String;)Ljava/lang/String; || 05e4:readByte(Ljava/lang/String;)B || 065a:readByte(Ljava/lang/String;)B || 0670:readByte(Ljava/lang/String;)B || 0686:readByte(Ljava/lang/String;)B || 069c:readShort(Ljava/lang/String;)S || 06b0:readShort(Ljava/lang/String;)S || 06c4:readShort(Ljava/lang/String;)S || 06d8:readUTF(Ljava/lang/String;)Ljava/lang/String; || 06ee:readByte(Ljava/lang/String;)B || 0738:readByte(Ljava/lang/String;)B || 074a:readByte(Ljava/lang/String;)B || 075c:readByte(Ljava/lang/String;)B || 076e:readShort(Ljava/lang/String;)S || 077e:readShort(Ljava/lang/String;)S || 078e:readShort(Ljava/lang/String;)S || 079e:readUTF(Ljava/lang/String;)Ljava/lang/String; || 07b4:readByte(Ljava/lang/String;)B || 07fe:readByte(Ljava/lang/String;)B || 0810:readByte(Ljava/lang/String;)B || 0822:readByte(Ljava/lang/String;)B || 0834:readShort(Ljava/lang/String;)S || 0844:readShort(Ljava/lang/String;)S || 0854:readShort(Ljava/lang/String;)S || 0864:readUTF(Ljava/lang/String;)Ljava/lang/String; || 087a:readByte(Ljava/lang/String;)B || 08c4:readByte(Ljava/lang/String;)B || 08d6:readByte(Ljava/lang/String;)B || 08e8:readByte(Ljava/lang/String;)B || 08fa:readShort(Ljava/lang/String;)S || 090a:readShort(Ljava/lang/String;)S || 091a:readShort(Ljava/lang/String;)S || 092a:readUTF(Ljava/lang/String;)Ljava/lang/String; || 0944:readByte(Ljava/lang/String;)B || 0966:readByte(Ljava/lang/String;)B || 0978:readShort(Ljava/lang/String;)S || 098a:readByte(Ljava/lang/String;)B || 09ac:readByte(Ljava/lang/String;)B || 09be:readShort(Ljava/lang/String;)S || 09d0:readShort(Ljava/lang/String;)S || 0a4a:readShort(Ljava/lang/String;)S || 0a5e:readUTF(Ljava/lang/String;)Ljava/lang/String; || 0a6e:readInt(Ljava/lang/String;)I || 0a7e:readInt(Ljava/lang/String;)I || 0a8e:readInt(Ljava/lang/String;)I || 0a9a:readShort(Ljava/lang/String;)S || 0adc:readByte(Ljava/lang/String;)B || 0aee:readShort(Ljava/lang/String;)S || 0b58:readShort(Ljava/lang/String;)S || 0b68:readUTF(Ljava/lang/String;)Ljava/lang/String; || 0b78:readByte(Ljava/lang/String;)B || 0b88:readShort(Ljava/lang/String;)S || 0b98:readInt(Ljava/lang/String;)I || 0ba8:readByte(Ljava/lang/String;)B || 0bb8:readByte(Ljava/lang/String;)B || 0bc8:readShort(Ljava/lang/String;)S || 0bd8:readShort(Ljava/lang/String;)S || 0be4:readShort(Ljava/lang/String;)S || 0c0a:readShort(Ljava/lang/String;)S || 0c3c:readShort(Ljava/lang/String;)S || 0c4c:readUTF(Ljava/lang/String;)Ljava/lang/String; || 0c5c:readByte(Ljava/lang/String;)B || 0c70:readByte(Ljava/lang/String;)B || 0c92:readShort(Ljava/lang/String;)S || 0ca2:readUTF(Ljava/lang/String;)Ljava/lang/String; || 0cb4:readByte(Ljava/lang/String;)B || 0cd6:readByte(Ljava/lang/String;)B || 0ce8:readUTF(Ljava/lang/String;)Ljava/lang/String; || 0cfa:readByte(Ljava/lang/String;)B || 0d1c:readByte(Ljava/lang/String;)B || 0d2e:readUTF(Ljava/lang/String;)Ljava/lang/String; || 0d40:readByte(Ljava/lang/String;)B || 0d62:readByte(Ljava/lang/String;)B || 0d74:readUTF(Ljava/lang/String;)Ljava/lang/String; || 0d86:readByte(Ljava/lang/String;)B || 0da4:readByte(Ljava/lang/String;)B || 0dae:readByte(Ljava/lang/String;)B,0a20:Lo/a;->X2()[S || 0a2c:Lo/a;->u3(I)I || 0aae:LscriptPages/data/g;->c1(I)S || 0bf8:LscriptPages/data/g;->c1(I)S
LscriptPages/data/g;->n4(Ljava/lang/String;)V,0x287e38,10,000c:readInt(Ljava/lang/String;)I || 0018:readUTF(Ljava/lang/String;)Ljava/lang/String; || 0024:readByte(Ljava/lang/String;)B || 0030:readLong(Ljava/lang/String;)J || 003c:readLong(Ljava/lang/String;)J || 004e:readByte(Ljava/lang/String;)B || 0080:readLong(Ljava/lang/String;)J || 0090:readUTF(Ljava/lang/String;)Ljava/lang/String; || 00a0:readUTF(Ljava/lang/String;)Ljava/lang/String; || 00b0:readLong(Ljava/lang/String;)J,
LscriptPages/game/i;->C(Ljava/lang/String;)V,0x2b4bb0,2,000c:readShort(Ljava/lang/String;)S || 0012:readUTF(Ljava/lang/String;)Ljava/lang/String;,001a:LscriptPages/game/r0;->e0(Ljava/lang/String;)V || 0020:LscriptPages/data/g;->v3(Ljava/lang/String;)I
LscriptPages/game/i;->B(Ljava/lang/String;)V,0x2b4b4c,3,000c:readByte(Ljava/lang/String;)B || 002e:readInt(Ljava/lang/String;)I || 003e:readUTF(Ljava/lang/String;)Ljava/lang/String;,
Lo/a;->w7(Ljava/lang/String;)V,0x2481f4,29,0014:readByte(Ljava/lang/String;)B || 0020:readUTF(Ljava/lang/String;)Ljava/lang/String; || 003c:readByte(Ljava/lang/String;)B || 0048:readInt(Ljava/lang/String;)I || 0068:readInt(Ljava/lang/String;)I || 006e:readInt(Ljava/lang/String;)I || 007a:readByte(Ljava/lang/String;)B || 0086:readByte(Ljava/lang/String;)B || 0092:readByte(Ljava/lang/String;)B || 009e:readShort(Ljava/lang/String;)S || 00aa:readShort(Ljava/lang/String;)S || 00b6:readUTF(Ljava/lang/String;)Ljava/lang/String; || 00c2:readByte(Ljava/lang/String;)B || 014e:readByte(Ljava/lang/String;)B || 0190:readShort(Ljava/lang/String;)S || 01a8:readInt(Ljava/lang/String;)I || 01b8:readInt(Ljava/lang/String;)I || 01d8:readShort(Ljava/lang/String;)S || 01e0:readShort(Ljava/lang/String;)S || 0204:readByte(Ljava/lang/String;)B || 0212:readInt(Ljava/lang/String;)I || 0232:readInt(Ljava/lang/String;)I || 0252:readShort(Ljava/lang/String;)S || 025e:readInt(Ljava/lang/String;)I || 0282:readShort(Ljava/lang/String;)S || 0290:readInt(Ljava/lang/String;)I || 02b4:readByte(Ljava/lang/String;)B || 02d4:readShort(Ljava/lang/String;)S || 02e4:readShort(Ljava/lang/String;)S,0034:LscriptPages/PageMain;->getCurTime()J || 0122:Lo/a;->X2()[S || 012e:Lo/a;->u3(I)I
Lo/a;->D7(Ljava/lang/String;)V,0x248e8c,6,000c:readByte(Ljava/lang/String;)B || 0018:readUTF(Ljava/lang/String;)Ljava/lang/String; || 002c:readInt(Ljava/lang/String;)I || 0038:readByte(Ljava/lang/String;)B || 0046:readShort(Ljava/lang/String;)S || 004e:readInt(Ljava/lang/String;)I,0040:Lo/a;->e9(I Ljava/lang/String;)V || 0070:Lo/a;->I8(J I)V
Lo/a;->I7(Ljava/lang/String;)V,0x249584,7,000c:readByte(Ljava/lang/String;)B || 0018:readUTF(Ljava/lang/String;)Ljava/lang/String; || 0066:readByte(Ljava/lang/String;)B || 0084:readLong(Ljava/lang/String;)J || 0090:readUTF(Ljava/lang/String;)Ljava/lang/String; || 009c:readByte(Ljava/lang/String;)B || 00a8:readByte(Ljava/lang/String;)B,
Lo/a;->F7(Ljava/lang/String;)V,0x248fdc,19,000e:readByte(Ljava/lang/String;)B || 0016:readUTF(Ljava/lang/String;)Ljava/lang/String; || 0020:readLong(Ljava/lang/String;)J || 0028:readByte(Ljava/lang/String;)B || 0030:readByte(Ljava/lang/String;)B || 0038:readByte(Ljava/lang/String;)B || 0082:readByte(Ljava/lang/String;)B || 00d0:readShort(Ljava/lang/String;)S || 00e0:readInt(Ljava/lang/String;)I || 00ee:readInt(Ljava/lang/String;)I || 010e:readShort(Ljava/lang/String;)S || 0116:readShort(Ljava/lang/String;)S || 0134:readByte(Ljava/lang/String;)B || 0142:readInt(Ljava/lang/String;)I || 0148:readInt(Ljava/lang/String;)I || 014e:readShort(Ljava/lang/String;)S || 0154:readInt(Ljava/lang/String;)I || 015a:readShort(Ljava/lang/String;)S || 0160:readBoolean(Ljava/lang/String;)Z,0058:Lo/a;->X2()[S || 0064:Lo/a;->u3(I)I || 00e6:LscriptPages/PageMain;->getCurTime()J
Lo/a;->B7(Ljava/lang/String;)V,0x248d68,5,000c:readByte(Ljava/lang/String;)B || 0018:readUTF(Ljava/lang/String;)Ljava/lang/String; || 0032:readLong(Ljava/lang/String;)J || 003a:readInt(Ljava/lang/String;)I || 0046:readByte(Ljava/lang/String;)B,005e:Lo/a;->e9(I Ljava/lang/String;)V
Lo/a;->y7(Ljava/lang/String;)V,0x248a48,7,000c:readByte(Ljava/lang/String;)B || 0014:readUTF(Ljava/lang/String;)Ljava/lang/String; || 001e:readByte(Ljava/lang/String;)B || 0050:readLong(Ljava/lang/String;)J || 0068:readByte(Ljava/lang/String;)B || 0078:readUTF(Ljava/lang/String;)Ljava/lang/String; || 0088:readUTF(Ljava/lang/String;)Ljava/lang/String;,
Lo/a;->E7(Ljava/lang/String;)V,0x248f14,6,000c:readByte(Ljava/lang/String;)B || 0018:readUTF(Ljava/lang/String;)Ljava/lang/String; || 002c:readInt(Ljava/lang/String;)I || 0038:readByte(Ljava/lang/String;)B || 0046:readShort(Ljava/lang/String;)S || 004e:readShort(Ljava/lang/String;)S,0040:Lo/a;->e9(I Ljava/lang/String;)V || 00ae:Lo/a;->V5(Ljava/lang/String;)V
Lo/a;->C7(Ljava/lang/String;)V,0x248de8,6,0014:readByte(Ljava/lang/String;)B || 0020:readUTF(Ljava/lang/String;)Ljava/lang/String; || 0034:readLong(Ljava/lang/String;)J || 003c:readInt(Ljava/lang/String;)I || 0048:readByte(Ljava/lang/String;)B || 0062:readByte(Ljava/lang/String;)B,007e:Lo/a;->e9(I Ljava/lang/String;)V
Lo/a;->G7(Ljava/lang/String;)V,0x249394,7,000c:readByte(Ljava/lang/String;)B || 0018:readUTF(Ljava/lang/String;)Ljava/lang/String; || 002c:readInt(Ljava/lang/String;)I || 0038:readByte(Ljava/lang/String;)B || 0046:readByte(Ljava/lang/String;)B || 005a:readShort(Ljava/lang/String;)S || 0062:readInt(Ljava/lang/String;)I,004e:Lo/a;->e9(I Ljava/lang/String;)V || 0084:Lo/a;->I8(J I)V
La0/a;->Y1(Ljava/lang/String;)V,0xe5988,14,000c:readUTF(Ljava/lang/String;)Ljava/lang/String; || 0042:readLong(Ljava/lang/String;)J || 004e:readByte(Ljava/lang/String;)B || 0080:readLong(Ljava/lang/String;)J || 0090:readUTF(Ljava/lang/String;)Ljava/lang/String; || 00a0:readUTF(Ljava/lang/String;)Ljava/lang/String; || 00b0:readShort(Ljava/lang/String;)S || 00c2:readByte(Ljava/lang/String;)B || 00d0:readUTF(Ljava/lang/String;)Ljava/lang/String; || 00d8:readLong(Ljava/lang/String;)J || 00e0:readUTF(Ljava/lang/String;)Ljava/lang/String; || 00e6:readByte(Ljava/lang/String;)B || 015a:readUTF(Ljava/lang/String;)Ljava/lang/String; || 0166:readUTF(Ljava/lang/String;)Ljava/lang/String;,
La0/a;->e2(Ljava/lang/String;)V,0xe64d4,5,0000:readByte(Ljava/lang/String;)B || 0008:readUTF(Ljava/lang/String;)Ljava/lang/String; || 0010:readLong(Ljava/lang/String;)J || 0030:readUTF(Ljava/lang/String;)Ljava/lang/String; || 0036:readLong(Ljava/lang/String;)J,
La0/a;->c2(Ljava/lang/String;)V,0xe5e04,37,0010:readByte(Ljava/lang/String;)B || 0018:readUTF(Ljava/lang/String;)Ljava/lang/String; || 0020:readLong(Ljava/lang/String;)J || 0034:readByte(Ljava/lang/String;)B || 003c:readLong(Ljava/lang/String;)J || 0044:readLong(Ljava/lang/String;)J || 004c:readLong(Ljava/lang/String;)J || 0054:readLong(Ljava/lang/String;)J || 0078:readUTF(Ljava/lang/String;)Ljava/lang/String; || 0080:readLong(Ljava/lang/String;)J || 011c:readInt(Ljava/lang/String;)I || 0128:readByte(Ljava/lang/String;)B || 017e:readInt(Ljava/lang/String;)I || 0192:readByte(Ljava/lang/String;)B || 01d0:readUTF(Ljava/lang/String;)Ljava/lang/String; || 01d8:readByte(Ljava/lang/String;)B || 021e:readShort(Ljava/lang/String;)S || 0226:readInt(Ljava/lang/String;)I || 026a:readByte(Ljava/lang/String;)B || 027e:readByte(Ljava/lang/String;)B || 030a:readShort(Ljava/lang/String;)S || 03f8:readInt(Ljava/lang/String;)I || 040c:readByte(Ljava/lang/String;)B || 0422:readByte(Ljava/lang/String;)B || 0438:readByte(Ljava/lang/String;)B || 044c:readByte(Ljava/lang/String;)B || 0460:readByte(Ljava/lang/String;)B || 0474:readByte(Ljava/lang/String;)B || 0488:readByte(Ljava/lang/String;)B || 049c:readUTF(Ljava/lang/String;)Ljava/lang/String; || 04b0:readByte(Ljava/lang/String;)B || 04c4:readByte(Ljava/lang/String;)B || 04d8:readLong(Ljava/lang/String;)J || 04ec:readLong(Ljava/lang/String;)J || 04f8:readByte(Ljava/lang/String;)B || 0546:readShort(Ljava/lang/String;)S || 0578:readInt(Ljava/lang/String;)I,005c:LscriptPages/data/i;->C(I)V || 0072:Lo/a;->V5(Ljava/lang/String;)V || 0092:LscriptPages/game/q0;->c1(Ljava/lang/String;)I || 00a8:LscriptPages/game/q0;->c1(Ljava/lang/String;)I || 0298:LscriptPages/game/q0;->j1(Ljava/lang/String;)V || 0590:LscriptPages/data/d;->o(I)Ljava/lang/String; || 05a8:LscriptPages/data/d;->l(I)I || 05ba:LscriptPages/PageMain;->getCurTime()J || 0632:LscriptPages/game/q0;->l1(Ljava/lang/String; I)V || 0638:LscriptPages/game/q0;->I0()V || 065a:LscriptPages/game/q0;->k1(Ljava/lang/String;)V
La0/a;->E(Ljava/lang/String;)V,0xd2108,2,000c:readByte(Ljava/lang/String;)B || 0018:readUTF(Ljava/lang/String;)Ljava/lang/String;,
La0/a;->D(Ljava/lang/String;)V,0xd20c0,2,000c:readByte(Ljava/lang/String;)B || 0018:readUTF(Ljava/lang/String;)Ljava/lang/String;,
La0/a;->C(Ljava/lang/String;)V,0xd2018,7,000c:readByte(Ljava/lang/String;)B || 0018:readUTF(Ljava/lang/String;)Ljava/lang/String; || 002c:readInt(Ljava/lang/String;)I || 0046:readInt(Ljava/lang/String;)I || 004e:readByte(Ljava/lang/String;)B || 005c:readLong(Ljava/lang/String;)J || 0064:readByte(Ljava/lang/String;)B,006e:Lo/a;->d3(J)I || 008a:Lo/a;->c7(I)V
La0/a;->B(Ljava/lang/String;)V,0xd1f64,6,000c:readByte(Ljava/lang/String;)B || 0018:readUTF(Ljava/lang/String;)Ljava/lang/String; || 002c:readInt(Ljava/lang/String;)I || 003c:readByte(Ljava/lang/String;)B || 004c:readLong(Ljava/lang/String;)J || 0096:readInt(Ljava/lang/String;)I,0054:Lo/a;->a0(J Ljava/lang/String;)V || 0084:Lo/a;->c7(I)V || 0090:Lo/a;->V5(Ljava/lang/String;)V
Lo/a;->l7(Ljava/lang/String;)V,0x245590,2,000c:readByte(Ljava/lang/String;)B || 0018:readUTF(Ljava/lang/String;)Ljava/lang/String;,002c:Lo/a;->X8(Ljava/lang/String;)V
Lo/a;->K7(Ljava/lang/String;)V,0x2496a4,3,000c:readByte(Ljava/lang/String;)B || 0018:readUTF(Ljava/lang/String;)Ljava/lang/String; || 0032:readLong(Ljava/lang/String;)J,002c:Lo/a;->X8(Ljava/lang/String;)V
Lo/a;->t7(Ljava/lang/String;)V,0x247f5c,14,000c:readByte(Ljava/lang/String;)B || 0018:readUTF(Ljava/lang/String;)Ljava/lang/String; || 002c:readInt(Ljava/lang/String;)I || 0038:readInt(Ljava/lang/String;)I || 0044:readInt(Ljava/lang/String;)I || 0050:readByte(Ljava/lang/String;)B || 00a0:readByte(Ljava/lang/String;)B || 011e:readByte(Ljava/lang/String;)B || 012e:readByte(Ljava/lang/String;)B || 013e:readLong(Ljava/lang/String;)J || 014e:readUTF(Ljava/lang/String;)Ljava/lang/String; || 015e:readByte(Ljava/lang/String;)B || 016e:readInt(Ljava/lang/String;)I || 01b0:readInt(Ljava/lang/String;)I,00b8:Lo/a;->f(I)I || 010c:Lo/a;->f(I)I || 0190:LscriptPages/PageMain;->getCurTime()J || 01ca:LscriptPages/PageMain;->getCurTime()J
Lo/a;->u7(Ljava/lang/String;)V,0x248154,4,000c:readByte(Ljava/lang/String;)B || 0018:readUTF(Ljava/lang/String;)Ljava/lang/String; || 0032:readLong(Ljava/lang/String;)J || 003e:readInt(Ljava/lang/String;)I,002c:Lo/a;->f9(Ljava/lang/String;)V
Lo/a;->v7(Ljava/lang/String;)V,0x2481b0,2,000c:readByte(Ljava/lang/String;)B || 0018:readUTF(Ljava/lang/String;)Ljava/lang/String;,002c:Lo/a;->f9(Ljava/lang/String;)V
Lo/a;->S7(Ljava/lang/String;)V,0x249998,9,000c:readByte(Ljava/lang/String;)B || 0018:readUTF(Ljava/lang/String;)Ljava/lang/String; || 003a:readByte(Ljava/lang/String;)B || 0046:readInt(Ljava/lang/String;)I || 006a:readInt(Ljava/lang/String;)I || 0070:readInt(Ljava/lang/String;)I || 007c:readByte(Ljava/lang/String;)B || 0088:readByte(Ljava/lang/String;)B || 0094:readByte(Ljava/lang/String;)B,0032:LscriptPages/PageMain;->getCurTime()J || 00a0:Lo/a;->Y8(Ljava/lang/String;)V || 00a6:Lo/a;->d9(Ljava/lang/String;)V
Lo/a;->R7(Ljava/lang/String;)V,0x249948,2,000c:readByte(Ljava/lang/String;)B || 0018:readUTF(Ljava/lang/String;)Ljava/lang/String;,0032:Lo/a;->Y8(Ljava/lang/String;)V || 0038:Lo/a;->d9(Ljava/lang/String;)V
Lo/a;->z7(Ljava/lang/String;)V,0x2489ac,5,000c:readShort(Ljava/lang/String;)S || 003e:readLong(Ljava/lang/String;)J || 0056:readByte(Ljava/lang/String;)B || 0066:readUTF(Ljava/lang/String;)Ljava/lang/String; || 0076:readUTF(Ljava/lang/String;)Ljava/lang/String;,
Lv/a;->h(Ljava/lang/String;)V,0x465f48,7,0006:readBoolean(Ljava/lang/String;)Z || 002a:readShort(Ljava/lang/String;)S || 0036:readShort(Ljava/lang/String;)S || 005c:readShort(Ljava/lang/String;)S || 006c:readShort(Ljava/lang/String;)S || 0092:readShort(Ljava/lang/String;)S || 009a:readUTF(Ljava/lang/String;)Ljava/lang/String;,0012:LscriptPages/data/g;->g(Ljava/lang/String;)V || 0018:LscriptPages/data/g;->f(Ljava/lang/String;)V || 001e:Lo/a;->Z(Ljava/lang/String;)V || 0024:Lo/a;->Q(Ljava/lang/String;)V
LscriptPages/game/q0;->c(Ljava/lang/String;)V,0x3ea2ac,2,0000:readByte(Ljava/lang/String;)B || 000e:readUTF(Ljava/lang/String;)Ljava/lang/String;,0058:LscriptPages/game/r0;->a0(Ljava/lang/String; I)V || 0060:LscriptPages/game/r0;->d0(Ljava/lang/String;)V || 006a:Lo/a;->Q(Ljava/lang/String;)V || 0070:Lo/a;->Z(Ljava/lang/String;)V
LscriptPages/game/q0;->g(Ljava/lang/String;)V,0x3ea5d0,2,0000:readByte(Ljava/lang/String;)B || 000e:readUTF(Ljava/lang/String;)Ljava/lang/String;,0058:LscriptPages/game/r0;->a0(Ljava/lang/String; I)V || 0060:LscriptPages/game/r0;->d0(Ljava/lang/String;)V || 006a:Lo/a;->Q(Ljava/lang/String;)V || 0070:Lo/a;->Z(Ljava/lang/String;)V
LscriptPages/game/q0;->h(Ljava/lang/String;)V,0x3ea660,2,0000:readByte(Ljava/lang/String;)B || 000e:readUTF(Ljava/lang/String;)Ljava/lang/String;,001a:LscriptPages/game/r0;->d0(Ljava/lang/String;)V || 0026:LscriptPages/data/g;->g(Ljava/lang/String;)V || 002c:Lo/a;->Q(Ljava/lang/String;)V || 0032:Lo/a;->Z(Ljava/lang/String;)V
LscriptPages/game/q0;->e(Ljava/lang/String;)V,0x3ea398,2,0000:readByte(Ljava/lang/String;)B || 000e:readUTF(Ljava/lang/String;)Ljava/lang/String;,001a:LscriptPages/game/r0;->d0(Ljava/lang/String;)V || 0026:LscriptPages/data/g;->g(Ljava/lang/String;)V || 002c:Lo/a;->Q(Ljava/lang/String;)V || 0032:Lo/a;->Z(Ljava/lang/String;)V
Lv/a;->i(Ljava/lang/String;)V,0x466020,2,0000:readByte(Ljava/lang/String;)B || 0008:readUTF(Ljava/lang/String;)Ljava/lang/String;,0010:LscriptPages/data/g;->f(Ljava/lang/String;)V || 001a:LscriptPages/game/r0;->d0(Ljava/lang/String;)V
Lv/a;->e(Ljava/lang/String;)V,0x465e4c,3,0000:readByte(Ljava/lang/String;)B || 0008:readUTF(Ljava/lang/String;)Ljava/lang/String; || 0010:readLong(Ljava/lang/String;)J,002a:LscriptPages/game/r0;->d0(Ljava/lang/String;)V || 0036:LscriptPages/data/g;->f(Ljava/lang/String;)V
Lv/a;->f(Ljava/lang/String;)V,0x465e9c,4,0000:readByte(Ljava/lang/String;)B || 000e:readUTF(Ljava/lang/String;)Ljava/lang/String; || 0016:readLong(Ljava/lang/String;)J || 001e:readInt(Ljava/lang/String;)I,0032:LscriptPages/game/r0;->d0(Ljava/lang/String;)V || 0044:LscriptPages/data/g;->g(Ljava/lang/String;)V
Lv/a;->g(Ljava/lang/String;)V,0x465ef8,3,0000:readByte(Ljava/lang/String;)B || 000e:readUTF(Ljava/lang/String;)Ljava/lang/String; || 0016:readLong(Ljava/lang/String;)J,0026:LscriptPages/game/r0;->d0(Ljava/lang/String;)V || 0032:LscriptPages/data/g;->g(Ljava/lang/String;)V
LscriptPages/game/q0;->d(Ljava/lang/String;)V,0x3ea33c,4,0000:readByte(Ljava/lang/String;)B || 000e:readUTF(Ljava/lang/String;)Ljava/lang/String; || 0016:readLong(Ljava/lang/String;)J || 001e:readInt(Ljava/lang/String;)I,0032:LscriptPages/game/r0;->d0(Ljava/lang/String;)V || 003e:LscriptPages/data/g;->g(Ljava/lang/String;)V
LscriptPages/game/q0;->f(Ljava/lang/String;)V,0x3ea3e8,5,0006:readByte(Ljava/lang/String;)B || 000e:readUTF(Ljava/lang/String;)Ljava/lang/String; || 001e:readShort(Ljava/lang/String;)S || 0042:readShort(Ljava/lang/String;)S || 0052:readShort(Ljava/lang/String;)S,00ba:LscriptPages/game/r0;->p0([S [S)[S || 00d2:LscriptPages/game/r0;->l0([B [B)[B || 00ea:LscriptPages/game/r0;->m0([I [I)[I || 0102:LscriptPages/game/r0;->l0([B [B)[B || 011a:LscriptPages/game/r0;->l0([B [B)[B || 01a4:LscriptPages/game/r0;->p0([S [S)[S || 01bc:LscriptPages/game/r0;->m0([I [I)[I || 01ce:Lo/a;->V(Ljava/lang/String;)V
LscriptPages/game/q0;->i(Ljava/lang/String;)V,0x3ea6b0,0,,0006:Lo/a;->V(Ljava/lang/String;)V
LscriptPages/game/q0;->N1(Ljava/lang/String;)V,0x401de4,4,000c:readByte(Ljava/lang/String;)B || 0012:readUTF(Ljava/lang/String;)Ljava/lang/String; || 001e:readShort(Ljava/lang/String;)S || 002a:readShort(Ljava/lang/String;)S,0036:Lo/a;->Z(Ljava/lang/String;)V
LscriptPages/data/g;->B4(Ljava/lang/String;)V,0x288a80,3,000c:readByte(Ljava/lang/String;)B || 0018:readUTF(Ljava/lang/String;)Ljava/lang/String; || 002c:readLong(Ljava/lang/String;)J,
Lv/a;->O0(Ljava/lang/String;)V,0x472f8c,6,000c:readByte(Ljava/lang/String;)B || 001e:readLong(Ljava/lang/String;)J || 0024:readLong(Ljava/lang/String;)J || 0032:readInt(Ljava/lang/String;)I || 0048:readInt(Ljava/lang/String;)I || 005e:readInt(Ljava/lang/String;)I,
Lv/a;->P0(Ljava/lang/String;)V,0x473010,2,000c:readInt(Ljava/lang/String;)I || 0018:readUTF(Ljava/lang/String;)Ljava/lang/String;,
Lv/a;->N0(Ljava/lang/String;)V,0x472f28,4,000c:readInt(Ljava/lang/String;)I || 0018:readUTF(Ljava/lang/String;)Ljava/lang/String; || 002a:readInt(Ljava/lang/String;)I || 0036:readUTF(Ljava/lang/String;)Ljava/lang/String;,0042:Lo/a;->V5(Ljava/lang/String;)V
Lv/a;->M0(Ljava/lang/String;)V,0x472eec,2,000c:readInt(Ljava/lang/String;)I || 0018:readUTF(Ljava/lang/String;)Ljava/lang/String;,
Lo/a;->x7(Ljava/lang/String;)V,0x2484fc,53,000c:readByte(Ljava/lang/String;)B || 0024:readUTF(Ljava/lang/String;)Ljava/lang/String; || 0038:readUTF(Ljava/lang/String;)Ljava/lang/String; || 0044:readUTF(Ljava/lang/String;)Ljava/lang/String; || 0070:readByte(Ljava/lang/String;)B || 0080:readByte(Ljava/lang/String;)B || 00a2:readByte(Ljava/lang/String;)B || 00b2:readShort(Ljava/lang/String;)S || 00c4:readUTF(Ljava/lang/String;)Ljava/lang/String; || 00d6:readByte(Ljava/lang/String;)B || 00e2:readByte(Ljava/lang/String;)B || 0100:readLong(Ljava/lang/String;)J || 0108:readUTF(Ljava/lang/String;)Ljava/lang/String; || 0126:readUTF(Ljava/lang/String;)Ljava/lang/String; || 0132:readShort(Ljava/lang/String;)S || 0154:readShort(Ljava/lang/String;)S || 0164:readInt(Ljava/lang/String;)I || 0176:readInt(Ljava/lang/String;)I || 018c:readByte(Ljava/lang/String;)B || 0198:readShort(Ljava/lang/String;)S || 01aa:readLong(Ljava/lang/String;)J || 01c2:readLong(Ljava/lang/String;)J || 01ce:readLong(Ljava/lang/String;)J || 01da:readUTF(Ljava/lang/String;)Ljava/lang/String; || 01e6:readUTF(Ljava/lang/String;)Ljava/lang/String; || 01f2:readBoolean(Ljava/lang/String;)Z || 0202:readInt(Ljava/lang/String;)I || 0248:readInt(Ljava/lang/String;)I || 0262:readLong(Ljava/lang/String;)J || 026e:readUTF(Ljava/lang/String;)Ljava/lang/String; || 027a:readLong(Ljava/lang/String;)J || 02a8:readLong(Ljava/lang/String;)J || 02b8:readUTF(Ljava/lang/String;)Ljava/lang/String; || 02c8:readUTF(Ljava/lang/String;)Ljava/lang/String; || 02d8:readLong(Ljava/lang/String;)J || 02ea:readByte(Ljava/lang/String;)B || 0320:readByte(Ljava/lang/String;)B || 0334:readUTF(Ljava/lang/String;)Ljava/lang/String; || 0344:readShort(Ljava/lang/String;)S || 0354:readShort(Ljava/lang/String;)S || 037e:readInt(Ljava/lang/String;)I || 038a:readInt(Ljava/lang/String;)I || 0396:readInt(Ljava/lang/String;)I || 03ea:readLong(Ljava/lang/String;)J || 03f2:readUTF(Ljava/lang/String;)Ljava/lang/String; || 03fa:readByte(Ljava/lang/String;)B || 0402:readShort(Ljava/lang/String;)S || 040a:readShort(Ljava/lang/String;)S || 0412:readByte(Ljava/lang/String;)B || 041a:readInt(Ljava/lang/String;)I || 0422:readBoolean(Ljava/lang/String;)Z || 0478:readLong(Ljava/lang/String;)J || 0484:readUTF(Ljava/lang/String;)Ljava/lang/String;,03de:Lo/a;->u2()J || 0490:Lo/a;->c9(Ljava/lang/String;)V || 0496:Lo/a;->b9(Ljava/lang/String;)V
Lo/a;->Q7(Ljava/lang/String;)V,0x2498a8,5,000c:readShort(Ljava/lang/String;)S || 0022:readLong(Ljava/lang/String;)J || 002a:readByte(Ljava/lang/String;)B || 0032:readInt(Ljava/lang/String;)I || 003c:readBoolean(Ljava/lang/String;)Z,0014:Lo/a;->u2()J || 0080:Lo/a;->c9(Ljava/lang/String;)V || 0086:Lo/a;->b9(Ljava/lang/String;)V
Lo/a;->A7(Ljava/lang/String;)V,0x248af4,13,0018:readInt(Ljava/lang/String;)I || 003c:readLong(Ljava/lang/String;)J || 0042:readUTF(Ljava/lang/String;)Ljava/lang/String; || 004e:readUTF(Ljava/lang/String;)Ljava/lang/String; || 005a:readByte(Ljava/lang/String;)B || 0072:readByte(Ljava/lang/String;)B || 007a:readShort(Ljava/lang/String;)S || 0146:readByte(Ljava/lang/String;)B || 015e:readByte(Ljava/lang/String;)B || 0166:readShort(Ljava/lang/String;)S || 01c2:readInt(Ljava/lang/String;)I || 01f2:readUTF(Ljava/lang/String;)Ljava/lang/String; || 01fe:readInt(Ljava/lang/String;)I,000c:Lo/a;->c9(Ljava/lang/String;)V || 0012:Lo/a;->b9(Ljava/lang/String;)V
Lo/a;->p7(Ljava/lang/String;)V,0x247de0,12,000c:readLong(Ljava/lang/String;)J || 0024:readByte(Ljava/lang/String;)B || 0030:readLong(Ljava/lang/String;)J || 0036:readUTF(Ljava/lang/String;)Ljava/lang/String; || 0042:readLong(Ljava/lang/String;)J || 0048:readUTF(Ljava/lang/String;)Ljava/lang/String; || 0054:readLong(Ljava/lang/String;)J || 005a:readUTF(Ljava/lang/String;)Ljava/lang/String; || 0066:readInt(Ljava/lang/String;)I || 0086:readLong(Ljava/lang/String;)J || 0092:readInt(Ljava/lang/String;)I || 009e:readInt(Ljava/lang/String;)I,0078:Lo/a;->u2()J
Lo/a;->H7(Ljava/lang/String;)V,0x249430,16,000c:readByte(Ljava/lang/String;)B || 001c:readInt(Ljava/lang/String;)I || 004c:readLong(Ljava/lang/String;)J || 0054:readUTF(Ljava/lang/String;)Ljava/lang/String; || 005c:readInt(Ljava/lang/String;)I || 0064:readUTF(Ljava/lang/String;)Ljava/lang/String; || 0092:readInt(Ljava/lang/String;)I || 009e:readInt(Ljava/lang/String;)I || 00aa:readInt(Ljava/lang/String;)I || 00d6:readLong(Ljava/lang/String;)J || 00de:readUTF(Ljava/lang/String;)Ljava/lang/String; || 00e6:readInt(Ljava/lang/String;)I || 00ee:readUTF(Ljava/lang/String;)Ljava/lang/String; || 011c:readInt(Ljava/lang/String;)I || 0128:readInt(Ljava/lang/String;)I || 0136:readUTF(Ljava/lang/String;)Ljava/lang/String;,
Lo/a;->s7(Ljava/lang/String;)V,0x247f2c,1,000c:readByte(Ljava/lang/String;)B,0018:Lo/a;->m1(Ljava/lang/String;)V
Lo/a;->r7(Ljava/lang/String;)V,0x247ee4,3,000c:readByte(Ljava/lang/String;)B || 0018:readUTF(Ljava/lang/String;)Ljava/lang/String; || 0024:readByte(Ljava/lang/String;)B,0030:Lo/a;->m1(Ljava/lang/String;)V
Lo/a;->M7(Ljava/lang/String;)V,0x249740,2,000c:readInt(Ljava/lang/String;)I || 0018:readUTF(Ljava/lang/String;)Ljava/lang/String;,002c:LscriptPages/game/i;->v(Ljava/lang/String;)V
Lo/a;->J7(Ljava/lang/String;)V,0x249678,1,000c:readUTF(Ljava/lang/String;)Ljava/lang/String;,
Lo/a;->j7(Ljava/lang/String;)V,0x24529c,25,000c:readUTF(Ljava/lang/String;)Ljava/lang/String; || 0018:readShort(Ljava/lang/String;)S || 0038:readUTF(Ljava/lang/String;)Ljava/lang/String; || 0040:readUTF(Ljava/lang/String;)Ljava/lang/String; || 005e:readUTF(Ljava/lang/String;)Ljava/lang/String; || 006a:readUTF(Ljava/lang/String;)Ljava/lang/String; || 0076:readShort(Ljava/lang/String;)S || 0094:readUTF(Ljava/lang/String;)Ljava/lang/String; || 009c:readUTF(Ljava/lang/String;)Ljava/lang/String; || 00ba:readUTF(Ljava/lang/String;)Ljava/lang/String; || 00c6:readShort(Ljava/lang/String;)S || 00e4:readUTF(Ljava/lang/String;)Ljava/lang/String; || 00ec:readUTF(Ljava/lang/String;)Ljava/lang/String; || 010a:readUTF(Ljava/lang/String;)Ljava/lang/String; || 0116:readShort(Ljava/lang/String;)S || 0134:readUTF(Ljava/lang/String;)Ljava/lang/String; || 013c:readUTF(Ljava/lang/String;)Ljava/lang/String; || 015a:readUTF(Ljava/lang/String;)Ljava/lang/String; || 0166:readUTF(Ljava/lang/String;)Ljava/lang/String; || 0172:readShort(Ljava/lang/String;)S || 019e:readUTF(Ljava/lang/String;)Ljava/lang/String; || 01a6:readInt(Ljava/lang/String;)I || 01ae:readUTF(Ljava/lang/String;)Ljava/lang/String; || 01b6:readUTF(Ljava/lang/String;)Ljava/lang/String; || 01e4:readUTF(Ljava/lang/String;)Ljava/lang/String;,
Lv/a;->R0(Ljava/lang/String;)V,0x473090,32,0000:readShort(Ljava/lang/String;)S || 000c:readInt(Ljava/lang/String;)I || 0018:readInt(Ljava/lang/String;)I || 0024:readInt(Ljava/lang/String;)I || 0030:readInt(Ljava/lang/String;)I || 003c:readInt(Ljava/lang/String;)I || 0048:readByte(Ljava/lang/String;)B || 00b0:readByte(Ljava/lang/String;)B || 00c0:readInt(Ljava/lang/String;)I || 00d0:readByte(Ljava/lang/String;)B || 00e0:readLong(Ljava/lang/String;)J || 00f0:readUTF(Ljava/lang/String;)Ljava/lang/String; || 0100:readUTF(Ljava/lang/String;)Ljava/lang/String; || 0110:readInt(Ljava/lang/String;)I || 0120:readInt(Ljava/lang/String;)I || 0130:readInt(Ljava/lang/String;)I || 0140:readByte(Ljava/lang/String;)B || 016c:readShort(Ljava/lang/String;)S || 0178:readShort(Ljava/lang/String;)S || 0184:readShort(Ljava/lang/String;)S || 01f6:readLong(Ljava/lang/String;)J || 0206:readByte(Ljava/lang/String;)B || 0216:readLong(Ljava/lang/String;)J || 0226:readUTF(Ljava/lang/String;)Ljava/lang/String; || 0236:readBoolean(Ljava/lang/String;)Z || 0246:readByte(Ljava/lang/String;)B || 0256:readLong(Ljava/lang/String;)J || 0266:readUTF(Ljava/lang/String;)Ljava/lang/String; || 0276:readLong(Ljava/lang/String;)J || 0286:readInt(Ljava/lang/String;)I || 0292:readByte(Ljava/lang/String;)B || 02b4:readUTF(Ljava/lang/String;)Ljava/lang/String;,02da:Lo/a;->I8(J I)V
Lv/a;->S0(Ljava/lang/String;)V,0x4733b8,3,0000:readInt(Ljava/lang/String;)I || 0008:readUTF(Ljava/lang/String;)Ljava/lang/String; || 0010:readLong(Ljava/lang/String;)J,001c:LscriptPages/game/r0;->d0(Ljava/lang/String;)V
Lv/a;->Q0(Ljava/lang/String;)V,0x473054,2,0000:readInt(Ljava/lang/String;)I || 0008:readUTF(Ljava/lang/String;)Ljava/lang/String;,0024:LscriptPages/game/r0;->d0(Ljava/lang/String;)V
Lv/a;->L0(Ljava/lang/String;)V,0x472e24,3,0000:readInt(Ljava/lang/String;)I || 0026:readUTF(Ljava/lang/String;)Ljava/lang/String; || 0050:readUTF(Ljava/lang/String;)Ljava/lang/String;,0090:LscriptPages/gameHD/l;->I(Ljava/lang/String; I)I || 00ae:Lo/a;->P8(Ljava/lang/String; I I)V
LscriptPages/game/s0;->U(Ljava/lang/String;)V,0x410378,11,0086:readShort(Ljava/lang/String;)S || 009e:readLong(Ljava/lang/String;)J || 00a6:readByte(Ljava/lang/String;)B || 00ae:readInt(Ljava/lang/String;)I || 00b6:readInt(Ljava/lang/String;)I || 00bc:readLong(Ljava/lang/String;)J || 00c4:readLong(Ljava/lang/String;)J || 00cc:readUTF(Ljava/lang/String;)Ljava/lang/String; || 00d4:readInt(Ljava/lang/String;)I || 00dc:readByte(Ljava/lang/String;)B || 00f2:readLong(Ljava/lang/String;)J,
LscriptPages/game/q0;->O1(Ljava/lang/String;)V,0x401e34,19,0012:readBoolean(Ljava/lang/String;)Z || 001e:readInt(Ljava/lang/String;)I || 0036:readUTF(Ljava/lang/String;)Ljava/lang/String; || 0042:readUTF(Ljava/lang/String;)Ljava/lang/String; || 004e:readUTF(Ljava/lang/String;)Ljava/lang/String; || 005a:readUTF(Ljava/lang/String;)Ljava/lang/String; || 0066:readUTF(Ljava/lang/String;)Ljava/lang/String; || 0072:readUTF(Ljava/lang/String;)Ljava/lang/String; || 007e:readUTF(Ljava/lang/String;)Ljava/lang/String; || 008a:readUTF(Ljava/lang/String;)Ljava/lang/String; || 0096:readUTF(Ljava/lang/String;)Ljava/lang/String; || 009c:readLong(Ljava/lang/String;)J || 00a2:readLong(Ljava/lang/String;)J || 00b4:readUTF(Ljava/lang/String;)Ljava/lang/String; || 00c0:readUTF(Ljava/lang/String;)Ljava/lang/String; || 00ce:readUTF(Ljava/lang/String;)Ljava/lang/String; || 00dc:readUTF(Ljava/lang/String;)Ljava/lang/String; || 00ec:readBoolean(Ljava/lang/String;)Z || 00f8:readUTF(Ljava/lang/String;)Ljava/lang/String;,
LscriptPages/game/q0;->Q1(Ljava/lang/String;)V,0x401ff8,8,000c:readInt(Ljava/lang/String;)I || 0012:readUTF(Ljava/lang/String;)Ljava/lang/String; || 0024:readUTF(Ljava/lang/String;)Ljava/lang/String; || 0032:readUTF(Ljava/lang/String;)Ljava/lang/String; || 0040:readUTF(Ljava/lang/String;)Ljava/lang/String; || 004e:readUTF(Ljava/lang/String;)Ljava/lang/String; || 0060:readBoolean(Ljava/lang/String;)Z || 006c:readUTF(Ljava/lang/String;)Ljava/lang/String;,
LscriptPages/game/b0;->K1(B)V,0x388644,0,,
LscriptPages/game/b0;->z0()V,0x382f80,0,,000c:LscriptPages/game/b0;->d0()V || 0014:LscriptPages/game/b0;->d0()V || 0020:LscriptPages/game/b0;->f0()V || 0036:LscriptPages/game/b0;->c(Ljava/lang/String; I I)V
LscriptPages/data/g;->I1(I Ljava/lang/String; [[Ljava/lang/String;)Ljava/lang/String;,0x26ffdc,0,,0086:LscriptPages/data/g;->d3([B)V
LscriptAPI/baseAPI/BaseExt;->getCurPatForm()I,0x24e230,0,,
LscriptAPI/extAPI/FlashNormalAPI;->callJSMethod(Ljava/lang/String; Ljava/lang/String;)Ljava/lang/String;,0x253838,0,,
LscriptPages/game/b0;->U()V,0x37cef0,0,,0000:LscriptPages/data/g;->B0()Ljava/lang/String; || 0018:LscriptPages/data/g;->B0()Ljava/lang/String; || 0030:LscriptPages/game/p0;->d()V || 008c:LscriptPages/data/g;->B3()Z || 00b0:LscriptPages/game/b0;->G0()Z || 00d0:LscriptPages/data/g;->d(I I)V || 00d6:LscriptPages/data/g;->c(I I Ljava/lang/String; I)V || 00f8:LscriptPages/data/g;->d(I I)V || 00fe:LscriptPages/data/g;->c(I I Ljava/lang/String; I)V || 0104:LscriptPages/game/b0;->m0()V || 010a:LscriptPages/data/g;->Z2()V || 0130:LscriptPages/game/b0;->a0()V || 013a:LscriptPages/data/g;->C0()Ljava/lang/String; || 0152:LscriptPages/data/g;->C0()Ljava/lang/String; || 0164:LscriptPages/data/g;->D0()Ljava/lang/String; || 017c:LscriptPages/data/g;->D0()Ljava/lang/String; || 01c0:LscriptPages/game/b0;->W0()V || 0206:LscriptPages/game/b0;->T0(I)V
LscriptPages/game/a0;->c1()V,0x396cd8,0,,
