opcode_hex,signed_opcode,if_off,body_end_off,first_handler,meaningful_calls,branch_read_sequence,request_candidate_minus_0x7000,request_candidate_minus_0x8000,all_calls
0x8001,-32767,0x028a,0x02ac,029c:Lo/a;->V8(J)V,029c:Lo/a;->V8(J)V || 02a2:Lo/a;->U(Ljava/lang/String;)V,028e:readByte(Ljava/lang/String;)B || 0294:readLong(Ljava/lang/String;)J,"0x1001 v1, """"@scriptPages/game/a0->U",0x0001,028e:LscriptAPI/baseAPI/BaseIO;->readByte(Ljava/lang/String;)B || 0294:LscriptAPI/baseAPI/BaseIO;->readLong(Ljava/lang/String;)J || 029c:Lo/a;->V8(J)V || 02a2:Lo/a;->U(Ljava/lang/String;)V
0x8002,-32766,0x02b0,0x02be,02b4:LscriptPages/game/a0;->J([B)V,02b4:LscriptPages/game/a0;->J([B)V,,0x1002,0x0002,02b4:LscriptPages/game/a0;->J([B)V
0x8003,-32765,0x0278,0x0286,027c:LscriptPages/game/b0;->i1(Ljava/lang/String;)V,027c:LscriptPages/game/b0;->i1(Ljava/lang/String;)V,,0x1003 loginBaseinfo@scriptPages/game/b0->P0,0x0003,027c:LscriptPages/game/b0;->i1(Ljava/lang/String;)V
0x8004,-32764,0x02c2,0x02d0,02c6:LscriptPages/game/a0;->S([B)V,02c6:LscriptPages/game/a0;->S([B)V,,0x1004 gameLogin@scriptPages/game/a0->Q; accountLogin@scriptPages/game/b0->C0; (unnamed)@scriptPages/game/b0->D0,0x0004,02c6:LscriptPages/game/a0;->S([B)V
0x8005,-32763,0x0266,0x0274,026a:LscriptPages/game/a0;->B0(Ljava/lang/String;)V,026a:LscriptPages/game/a0;->B0(Ljava/lang/String;)V,,0x1005 data@scriptPages/game/a0->d0,0x0005,026a:LscriptPages/game/a0;->B0(Ljava/lang/String;)V
0x8006,-32762,0x02d4,0x02f8,02d8:LscriptPages/data/g;->G0()B,02d8:LscriptPages/data/g;->G0()B || 02e4:LscriptPages/game/b0;->E0([B)V || 02ee:LscriptPages/game/a0;->R([B)V,,0x1006 data@scriptPages/game/a0->Q0,0x0006,02d8:LscriptPages/data/g;->G0()B || 02e4:LscriptPages/game/b0;->E0([B)V || 02ee:LscriptPages/game/a0;->R([B)V
0x8007,-32761,0x1a5e,0x1a6c,1a62:LscriptPages/game/b0;->N0(Ljava/lang/String;)V,1a62:LscriptPages/game/b0;->N0(Ljava/lang/String;)V,,0x1007 data@scriptPages/game/b0->M0,0x0007,1a62:LscriptPages/game/b0;->N0(Ljava/lang/String;)V
0x8008,-32760,0x02fc,0x030a,0300:LscriptPages/game/s0;->y([B)V,0300:LscriptPages/game/s0;->y([B)V,,0x1008 cacheData@scriptPages/game/s0->d0,0x0008,0300:LscriptPages/game/s0;->y([B)V
0x800a,-32758,0x030e,0x0360,032a:LscriptPages/data/c;->j(Ljava/lang/String;)V,032a:LscriptPages/data/c;->j(Ljava/lang/String;)V || 0334:LscriptPages/data/g;->G0()B || 034c:LscriptPages/game/b0;->L0(Ljava/lang/String; I)V || 0356:LscriptPages/game/n;->H1(Ljava/lang/String; I)V,0312:readByte(Ljava/lang/String;)B || 031a:readByte(Ljava/lang/String;)B,0x100a,0x000a,0312:LscriptAPI/baseAPI/BaseIO;->readByte(Ljava/lang/String;)B || 031a:LscriptAPI/baseAPI/BaseIO;->readByte(Ljava/lang/String;)B || 032a:LscriptPages/data/c;->j(Ljava/lang/String;)V || 0334:LscriptPages/data/g;->G0()B || 0340:LscriptPages/PageMain;->getStatus()I || 034c:LscriptPages/game/b0;->L0(Ljava/lang/String; I)V || 0356:LscriptPages/game/n;->H1(Ljava/lang/String; I)V
0x800b,-32757,0x0366,0x03ae,0384:LscriptPages/game/n;->M0(Ljava/lang/String;)V,0384:LscriptPages/game/n;->M0(Ljava/lang/String;)V || 038e:LscriptPages/data/g;->G0()B || 039a:LscriptPages/game/b0;->D0(Ljava/lang/String;)V || 03a4:LscriptPages/game/a0;->Q(Ljava/lang/String;)V,,0x100b data@scriptPages/game/a0->G0; di_提示没有黄金@scriptPages/game/n->C2; reqChooseCountry@scriptPages/game/n->L2,0x000b,036a:LscriptPages/PageMain;->getStatus()I || 0376:LscriptPages/PageMain;->getStatus()I || 0384:LscriptPages/game/n;->M0(Ljava/lang/String;)V || 038e:LscriptPages/data/g;->G0()B || 039a:LscriptPages/game/b0;->D0(Ljava/lang/String;)V || 03a4:LscriptPages/game/a0;->Q(Ljava/lang/String;)V
0x800c,-32756,0x03b2,0x03c0,03b6:LscriptPages/game/n;->u2(Ljava/lang/String;)V,03b6:LscriptPages/game/n;->u2(Ljava/lang/String;)V,,0x100c,0x000c,03b6:LscriptPages/game/n;->u2(Ljava/lang/String;)V
0x800d,-32755,0x03c4,0x03d2,03c8:LscriptPages/game/s0;->b([B)V,03c8:LscriptPages/game/s0;->b([B)V,,0x100d,0x000d,03c8:LscriptPages/game/s0;->b([B)V
0x8010,-32752,0x03d6,0x03e4,03da:LscriptPages/game/s0;->R(Ljava/lang/String;)V,03da:LscriptPages/game/s0;->R(Ljava/lang/String;)V,,0x1010,0x0010,03da:LscriptPages/game/s0;->R(Ljava/lang/String;)V
0x8012,-32750,0x03e8,0x03f6,03ec:LscriptPages/game/s0;->S(Ljava/lang/String;)V,03ec:LscriptPages/game/s0;->S(Ljava/lang/String;)V,,0x1012 reqFightingCity@scriptPages/game/s0->Z,0x0012,03ec:LscriptPages/game/s0;->S(Ljava/lang/String;)V
0x8014,-32748,0x03fa,0x0408,03fe:LscriptPages/game/a0;->a0(Ljava/lang/String;)V,03fe:LscriptPages/game/a0;->a0(Ljava/lang/String;)V,,0x1014,0x0014,03fe:LscriptPages/game/a0;->a0(Ljava/lang/String;)V
0x8016,-32746,0x040c,0x041a,0410:LscriptPages/game/a0;->s0(Ljava/lang/String;)V,0410:LscriptPages/game/a0;->s0(Ljava/lang/String;)V,,0x1016,0x0016,0410:LscriptPages/game/a0;->s0(Ljava/lang/String;)V
0x8018,-32744,0x18f6,0x1904,18fa:LscriptPages/game/p0;->E(Ljava/lang/String;)V,18fa:LscriptPages/game/p0;->E(Ljava/lang/String;)V,,0x1018,0x0018,18fa:LscriptPages/game/p0;->E(Ljava/lang/String;)V
0x8020,-32736,0x041e,0x042c,0422:LscriptPages/data/i;->z(Ljava/lang/String;)V,0422:LscriptPages/data/i;->z(Ljava/lang/String;)V,,0x1020,0x0020,0422:LscriptPages/data/i;->z(Ljava/lang/String;)V
0x8022,-32734,0x1a4c,0x1a5a,1a50:LscriptPages/data/g;->f4(Ljava/lang/String;)V,1a50:LscriptPages/data/g;->f4(Ljava/lang/String;)V,,0x1022 di_联网数据请求@scriptPages/data/g->c2,0x0022,1a50:LscriptPages/data/g;->f4(Ljava/lang/String;)V
0x8024,-32732,0x1b98,0x1ba6,1b9c:LscriptPages/game/a0;->g0(Ljava/lang/String;)V,1b9c:LscriptPages/game/a0;->g0(Ljava/lang/String;)V,,0x1024 reqFCMVerify@scriptPages/game/a0->f0,0x0024,1b9c:LscriptPages/game/a0;->g0(Ljava/lang/String;)V
0x8025,-32731,0x1c1e,0x1c2c,1c22:LscriptPages/game/b0;->O0(Ljava/lang/String;)V,1c22:LscriptPages/game/b0;->O0(Ljava/lang/String;)V,,0x1025 (unnamed)@scriptPages/PageMain->ExitGame,0x0025,1c22:LscriptPages/game/b0;->O0(Ljava/lang/String;)V
0x8100,-32512,0x0454,0x0462,0458:LscriptPages/game/q;->m1(Ljava/lang/String;)V,0458:LscriptPages/game/q;->m1(Ljava/lang/String;)V,,0x1100 propdec@scriptPages/game/q->B1; reqItemMallGoods@scriptPages/game/q->t0,0x0100,0458:LscriptPages/game/q;->m1(Ljava/lang/String;)V
0x8101,-32511,0x177c,0x178a,1780:LscriptPages/game/f0;->k(Ljava/lang/String;)V,1780:LscriptPages/game/f0;->k(Ljava/lang/String;)V,,0x1101,0x0101,1780:LscriptPages/game/f0;->k(Ljava/lang/String;)V
0x8102,-32510,0x0466,0x0474,046a:LscriptPages/game/q;->k(Ljava/lang/String;)V,046a:LscriptPages/game/q;->k(Ljava/lang/String;)V,,0x1102 buyMallGood@scriptPages/game/q->B1,0x0102,046a:LscriptPages/game/q;->k(Ljava/lang/String;)V
0x8103,-32509,0x0478,0x0486,047c:LscriptPages/game/k0;->Y(Ljava/lang/String;)V,047c:LscriptPages/game/k0;->Y(Ljava/lang/String;)V,,0x1103 reqUseItem@scriptPages/game/k0->X,0x0103,047c:LscriptPages/game/k0;->Y(Ljava/lang/String;)V
0x8104,-32508,0x0430,0x0450,0434:Lo/a;->q7(Ljava/lang/String;)V,0434:Lo/a;->q7(Ljava/lang/String;)V || 043a:LscriptPages/game/a0;->T()Z || 0446:LscriptPages/game/a0;->k0()V,,0x1104 (unnamed)@o/a->M6,0x0104,0434:Lo/a;->q7(Ljava/lang/String;)V || 043a:LscriptPages/game/a0;->T()Z || 0446:LscriptPages/game/a0;->k0()V
0x8110,-32496,0x048a,0x066a,04b2:LscriptPages/data/i;->b(Ljava/lang/String;)V,04b2:LscriptPages/data/i;->b(Ljava/lang/String;)V || 04b8:LscriptPages/data/c;->c(Ljava/lang/String;)V || 04be:LscriptPages/game/i;->v(Ljava/lang/String;)V || 04c4:LscriptPages/game/h0;->V(Ljava/lang/String; I Z)V || 04ca:LscriptPages/game/m0;->o(Ljava/lang/String;)V || 050c:Lo/a;->n1(Ljava/lang/String;)V || 0512:Lo/a;->l1(Ljava/lang/String;)V || 0520:LscriptPages/game/s0;->d(Ljava/lang/String;)V || 052e:LscriptPages/game/s0;->c(Ljava/lang/String;)V || 0540:LscriptPages/data/a;->B(Ljava/lang/String;)V || 0548:LscriptPages/data/a;->a(Ljava/lang/String;)V || 054e:LscriptPages/data/a;->b(Ljava/lang/String;)V || 055c:LscriptPages/data/b;->P(Z)V || 0582:LscriptPages/data/g;->I5(Z)V || 0590:LscriptPages/data/g;->C5(B)V || 059e:LscriptPages/data/g;->D5(Ljava/lang/String;)V || 05b6:LscriptPages/game/x;->a0(I)V || 05c4:LscriptPages/game/x;->b0(I)V || 05ca:LscriptPages/game/h0;->g(Ljava/lang/String;)V || 05d8:LscriptPages/gameHD/g;->s(B)V || 05e8:LscriptPages/gameHD/b;->z(S)V || 05ee:LscriptPages/data/g;->L5(Ljava/lang/String;)V || 0608:LscriptPages/data/g;->e(Ljava/lang/String;)V || 0642:LscriptPages/game/s0;->V([J [I)V || 0648:Lv/a;->H0(Ljava/lang/String;)V,04a6:readByte(Ljava/lang/String;)B || 04d0:readBoolean(Ljava/lang/String;)Z || 04dc:readBoolean(Ljava/lang/String;)Z || 04ee:readBoolean(Ljava/lang/String;)Z || 04fa:readBoolean(Ljava/lang/String;)Z || 0518:readUTF(Ljava/lang/String;)Ljava/lang/String; || 0526:readUTF(Ljava/lang/String;)Ljava/lang/String; || 0534:readBoolean(Ljava/lang/String;)Z || 0554:readBoolean(Ljava/lang/String;)Z || 0562:readLong(Ljava/lang/String;)J || 0570:readBoolean(Ljava/lang/String;)Z || 057a:readBoolean(Ljava/lang/String;)Z || 0588:readByte(Ljava/lang/String;)B || 0596:readUTF(Ljava/lang/String;)Ljava/lang/String; || 05a4:readByte(Ljava/lang/String;)B || 05ae:readShort(Ljava/lang/String;)S || 05bc:readShort(Ljava/lang/String;)S || 05d0:readByte(Ljava/lang/String;)B || 05de:readByte(Ljava/lang/String;)B || 05f4:readByte(Ljava/lang/String;)B || 060e:readInt(Ljava/lang/String;)I || 0624:readLong(Ljava/lang/String;)J || 0630:readInt(Ljava/lang/String;)I || 064e:readBoolean(Ljava/lang/String;)Z,0x1110,0x0110,048e:LscriptPages/PageMain;->resetLiveCount()V || 0494:LscriptPages/PageMain;->flushLiveTime()V || 049a:LscriptPages/PageMain;->getStatus()I || 04a6:LscriptAPI/baseAPI/BaseIO;->readByte(Ljava/lang/String;)B || 04b2:LscriptPages/data/i;->b(Ljava/lang/String;)V || 04b8:LscriptPages/data/c;->c(Ljava/lang/String;)V || 04be:LscriptPages/game/i;->v(Ljava/lang/String;)V || 04c4:LscriptPages/game/h0;->V(Ljava/lang/String; I Z)V || 04ca:LscriptPages/game/m0;->o(Ljava/lang/String;)V || 04d0:LscriptAPI/baseAPI/BaseIO;->readBoolean(Ljava/lang/String;)Z || 04dc:LscriptAPI/baseAPI/BaseIO;->readBoolean(Ljava/lang/String;)Z || 04e2:LscriptAPI/baseAPI/BaseUtil;->getCurTime()J || 04ee:LscriptAPI/baseAPI/BaseIO;->readBoolean(Ljava/lang/String;)Z || 04fa:LscriptAPI/baseAPI/BaseIO;->readBoolean(Ljava/lang/String;)Z || 0500:LscriptAPI/baseAPI/BaseUtil;->getCurTime()J || 050c:Lo/a;->n1(Ljava/lang/String;)V || 0512:Lo/a;->l1(Ljava/lang/String;)V || 0518:LscriptAPI/baseAPI/BaseIO;->readUTF(Ljava/lang/String;)Ljava/lang/String; || 0520:LscriptPages/game/s0;->d(Ljava/lang/String;)V || 0526:LscriptAPI/baseAPI/BaseIO;->readUTF(Ljava/lang/String;)Ljava/lang/String; || 052e:LscriptPages/game/s0;->c(Ljava/lang/String;)V || 0534:LscriptAPI/baseAPI/BaseIO;->readBoolean(Ljava/lang/String;)Z || 0540:LscriptPages/data/a;->B(Ljava/lang/String;)V || 0548:LscriptPages/data/a;->a(Ljava/lang/String;)V || 054e:LscriptPages/data/a;->b(Ljava/lang/String;)V || 0554:LscriptAPI/baseAPI/BaseIO;->readBoolean(Ljava/lang/String;)Z || 055c:LscriptPages/data/b;->P(Z)V || 0562:LscriptAPI/baseAPI/BaseIO;->readLong(Ljava/lang/String;)J || 056a:LscriptPages/PageMain;->setCurTime(J)V || 0570:LscriptAPI/baseAPI/BaseIO;->readBoolean(Ljava/lang/String;)Z || 057a:LscriptAPI/baseAPI/BaseIO;->readBoolean(Ljava/lang/String;)Z || 0582:LscriptPages/data/g;->I5(Z)V || 0588:LscriptAPI/baseAPI/BaseIO;->readByte(Ljava/lang/String;)B || 0590:LscriptPages/data/g;->C5(B)V || 0596:LscriptAPI/baseAPI/BaseIO;->readUTF(Ljava/lang/String;)Ljava/lang/String; || 059e:LscriptPages/data/g;->D5(Ljava/lang/String;)V || 05a4:LscriptAPI/baseAPI/BaseIO;->readByte(Ljava/lang/String;)B || 05ae:LscriptAPI/baseAPI/BaseIO;->readShort(Ljava/lang/String;)S || 05b6:LscriptPages/game/x;->a0(I)V || 05bc:LscriptAPI/baseAPI/BaseIO;->readShort(Ljava/lang/String;)S || 05c4:LscriptPages/game/x;->b0(I)V || 05ca:LscriptPages/game/h0;->g(Ljava/lang/String;)V || 05d0:LscriptAPI/baseAPI/BaseIO;->readByte(Ljava/lang/String;)B || 05d8:LscriptPages/gameHD/g;->s(B)V || 05de:LscriptAPI/baseAPI/BaseIO;->readByte(Ljava/lang/String;)B || 05e8:LscriptPages/gameHD/b;->z(S)V || 05ee:LscriptPages/data/g;->L5(Ljava/lang/String;)V || 05f4:LscriptAPI/baseAPI/BaseIO;->readByte(Ljava/lang/String;)B || 0608:LscriptPages/data/g;->e(Ljava/lang/String;)V || 060e:LscriptAPI/baseAPI/BaseIO;->readInt(Ljava/lang/String;)I || 0624:LscriptAPI/baseAPI/BaseIO;->readLong(Ljava/lang/String;)J || 0630:LscriptAPI/baseAPI/BaseIO;->readInt(Ljava/lang/String;)I || 0642:LscriptPages/game/s0;->V([J [I)V || 0648:Lv/a;->H0(Ljava/lang/String;)V || 064e:LscriptAPI/baseAPI/BaseIO;->readBoolean(Ljava/lang/String;)Z || 065a:LscriptAPI/baseAPI/BaseUtil;->getCurTime()J
0x8112,-32494,0x066e,0x067c,0672:LscriptPages/game/i;->x(Ljava/lang/String;)V,0672:LscriptPages/game/i;->x(Ljava/lang/String;)V,,0x1112 di_提示不能发言@scriptPages/game/i->H,0x0112,0672:LscriptPages/game/i;->x(Ljava/lang/String;)V
0x8113,-32493,0x0680,0x068c,,,,0x1113,0x0113,
0x8114,-32492,0x11b0,0x11be,11b4:LscriptPages/game/h0;->a0(Ljava/lang/String;)V,11b4:LscriptPages/game/h0;->a0(Ljava/lang/String;)V,,0x1114,0x0114,11b4:LscriptPages/game/h0;->a0(Ljava/lang/String;)V
0x8116,-32490,0x11c2,0x11d0,11c6:LscriptPages/game/h0;->c0(Ljava/lang/String;)V,11c6:LscriptPages/game/h0;->c0(Ljava/lang/String;)V,,0x1116 reqDelMsg@scriptPages/game/h0->b0,0x0116,11c6:LscriptPages/game/h0;->c0(Ljava/lang/String;)V
0x8118,-32488,0x11d4,0x11e2,11d8:LscriptPages/game/h0;->h0(Ljava/lang/String;)V,11d8:LscriptPages/game/h0;->h0(Ljava/lang/String;)V,,0x1118 reqSendMsg@scriptPages/game/h0->g0,0x0118,11d8:LscriptPages/game/h0;->h0(Ljava/lang/String;)V
0x811a,-32486,0x11e6,0x11f4,11ea:LscriptPages/game/h0;->f0(Ljava/lang/String;)V,11ea:LscriptPages/game/h0;->f0(Ljava/lang/String;)V,,0x111a (unnamed)@scriptPages/game/h0->m0,0x011a,11ea:LscriptPages/game/h0;->f0(Ljava/lang/String;)V
0x811d,-32483,0x11f8,0x1206,11fc:LscriptPages/game/h0;->Y(Ljava/lang/String;)V,11fc:LscriptPages/game/h0;->Y(Ljava/lang/String;)V,,0x111d,0x011d,11fc:LscriptPages/game/h0;->Y(Ljava/lang/String;)V
0x811f,-32481,0x121c,0x122a,1220:LscriptPages/game/h0;->d0(Ljava/lang/String;)V,1220:LscriptPages/game/h0;->d0(Ljava/lang/String;)V,,0x111f,0x011f,1220:LscriptPages/game/h0;->d0(Ljava/lang/String;)V
0x8120,-32480,0x0d24,0x0d48,0d34:LscriptPages/data/i;->x(Ljava/lang/String;)V,0d34:LscriptPages/data/i;->x(Ljava/lang/String;)V || 0d3e:LscriptPages/game/w;->e0(Ljava/lang/String;)V,0d28:readByte(Ljava/lang/String;)B,0x1120 reqRoleInfo@scriptPages/game/w->d0,0x0120,0d28:LscriptAPI/baseAPI/BaseIO;->readByte(Ljava/lang/String;)B || 0d34:LscriptPages/data/i;->x(Ljava/lang/String;)V || 0d3e:LscriptPages/game/w;->e0(Ljava/lang/String;)V
0x8122,-32478,0x0e58,0x0e66,0e5c:LscriptPages/game/w;->T(Ljava/lang/String;)V,0e5c:LscriptPages/game/w;->T(Ljava/lang/String;)V,,0x1122,0x0122,0e5c:LscriptPages/game/w;->T(Ljava/lang/String;)V
0x8124,-32476,0x0e34,0x0e42,0e38:LscriptPages/game/w;->R(Ljava/lang/String;)V,0e38:LscriptPages/game/w;->R(Ljava/lang/String;)V,,0x1124,0x0124,0e38:LscriptPages/game/w;->R(Ljava/lang/String;)V
0x8126,-32474,0x0e46,0x0e54,0e4a:LscriptPages/game/w;->b(Ljava/lang/String;)V,0e4a:LscriptPages/game/w;->b(Ljava/lang/String;)V,,0x1126,0x0126,0e4a:LscriptPages/game/w;->b(Ljava/lang/String;)V
0x8130,-32464,0x122e,0x123c,1232:LscriptPages/game/m0;->s(Ljava/lang/String;)V,1232:LscriptPages/game/m0;->s(Ljava/lang/String;)V,,0x1130 (unnamed)@scriptPages/game/m0->r,0x0130,1232:LscriptPages/game/m0;->s(Ljava/lang/String;)V
0x8131,-32463,0x1240,0x124e,1244:Lo/a;->k7(Ljava/lang/String;)V,1244:Lo/a;->k7(Ljava/lang/String;)V,,0x1131,0x0131,1244:Lo/a;->k7(Ljava/lang/String;)V
0x8132,-32462,0x1252,0x1260,1256:LscriptPages/game/m0;->w(Ljava/lang/String;)V,1256:LscriptPages/game/m0;->w(Ljava/lang/String;)V,,0x1132 reqTaskInfo@scriptPages/game/m0->v,0x0132,1256:LscriptPages/game/m0;->w(Ljava/lang/String;)V
0x8134,-32460,0x1276,0x1284,127a:LscriptPages/game/m0;->u(Ljava/lang/String;)V,127a:LscriptPages/game/m0;->u(Ljava/lang/String;)V,,0x1134 reqGainAward@scriptPages/game/m0->t,0x0134,127a:LscriptPages/game/m0;->u(Ljava/lang/String;)V
0x8136,-32458,0x1288,0x1296,128c:LscriptPages/game/m0;->y(Ljava/lang/String;)V,128c:LscriptPages/game/m0;->y(Ljava/lang/String;)V,,0x1136 facebook@scriptPages/game/m0->B,0x0136,128c:LscriptPages/game/m0;->y(Ljava/lang/String;)V
0x8137,-32457,0x129a,0x12a8,129e:Lo/a;->n7(Ljava/lang/String;)V,129e:Lo/a;->n7(Ljava/lang/String;)V,,0x1137,0x0137,129e:Lo/a;->n7(Ljava/lang/String;)V
0x8138,-32456,0x12ac,0x12ba,12b0:Lo/a;->N7(Ljava/lang/String;)V,12b0:Lo/a;->N7(Ljava/lang/String;)V,,0x1138 di_联网数据请求@o/a->e5,0x0138,12b0:Lo/a;->N7(Ljava/lang/String;)V
0x8139,-32455,0x1264,0x1272,1268:Lo/a;->m7(Ljava/lang/String;)V,1268:Lo/a;->m7(Ljava/lang/String;)V,,0x1139,0x0139,1268:Lo/a;->m7(Ljava/lang/String;)V
0x813a,-32454,0x12be,0x12cc,12c2:Lo/a;->o7(Ljava/lang/String;)V,12c2:Lo/a;->o7(Ljava/lang/String;)V,,0x113a,0x013a,12c2:Lo/a;->o7(Ljava/lang/String;)V
0x8140,-32448,0x06fc,0x070a,0700:LscriptPages/game/k0;->U(Ljava/lang/String;)V,0700:LscriptPages/game/k0;->U(Ljava/lang/String;)V,,0x1140 (unnamed)@scriptPages/game/k0->b0; statereturn@scriptPages/game/k0->b0,0x0140,0700:LscriptPages/game/k0;->U(Ljava/lang/String;)V
0x8142,-32446,0x070e,0x071c,0712:LscriptPages/game/k0;->W(Ljava/lang/String;)V,0712:LscriptPages/game/k0;->W(Ljava/lang/String;)V,,0x1142 reqRoleStatusSet@scriptPages/game/k0->V,0x0142,0712:LscriptPages/game/k0;->W(Ljava/lang/String;)V
0x8144,-32444,0x0720,0x072e,0724:LscriptPages/game/k0;->a0(Ljava/lang/String;)V,0724:LscriptPages/game/k0;->a0(Ljava/lang/String;)V,,0x1144 reqUseItem@scriptPages/game/k0->Z,0x0144,0724:LscriptPages/game/k0;->a0(Ljava/lang/String;)V
0x8146,-32442,0x0690,0x069e,0694:LscriptPages/data/g;->a3(Ljava/lang/String;)V,0694:LscriptPages/data/g;->a3(Ljava/lang/String;)V,,0x1146 (unnamed)@scriptPages/game/q->S0; (unnamed)@scriptPages/game/z->U0,0x0146,0694:LscriptPages/data/g;->a3(Ljava/lang/String;)V
0x8147,-32441,0x06a2,0x06b0,06a6:LscriptPages/gameHD/i;->a(Ljava/lang/String;)V,06a6:LscriptPages/gameHD/i;->a(Ljava/lang/String;)V,,0x1147 REQ_GOLD_INFO@scriptPages/gameHD/i->u,0x0147,06a6:LscriptPages/gameHD/i;->a(Ljava/lang/String;)V
0x8148,-32440,0x0768,0x0776,076c:LscriptPages/game/k0;->T(Ljava/lang/String;)V,076c:LscriptPages/game/k0;->T(Ljava/lang/String;)V,,0x1148 di_提示君主改名@scriptPages/game/k0->l0,0x0148,076c:LscriptPages/game/k0;->T(Ljava/lang/String;)V
0x8149,-32439,0x077a,0x0788,077e:LscriptPages/gameHD/k;->I(Ljava/lang/String;)V,077e:LscriptPages/gameHD/k;->I(Ljava/lang/String;)V,,0x1149,0x0149,077e:LscriptPages/gameHD/k;->I(Ljava/lang/String;)V
0x814a,-32438,0x06b4,0x06c2,06b8:Lo/a;->L7(Ljava/lang/String;)V,06b8:Lo/a;->L7(Ljava/lang/String;)V,,0x114a reqReplaceSkin@o/a->T7,0x014a,06b8:Lo/a;->L7(Ljava/lang/String;)V
0x814b,-32437,0x0732,0x0740,0736:LscriptPages/game/n;->l2(Ljava/lang/String;)V,0736:LscriptPages/game/n;->l2(Ljava/lang/String;)V,,0x114b tencentOpenPf@scriptPages/PageMain->runCountryExchangeTip; tencentOpenPf@scriptPages/game/n->M0,0x014b,0736:LscriptPages/game/n;->l2(Ljava/lang/String;)V
0x814c,-32436,0x0744,0x0752,0748:LscriptPages/gameHD/k;->R(Ljava/lang/String;)V,0748:LscriptPages/gameHD/k;->R(Ljava/lang/String;)V,,0x114c chenhaozhuanhuan@scriptPages/gameHD/k->w,0x014c,0748:LscriptPages/gameHD/k;->R(Ljava/lang/String;)V
0x814d,-32435,0x0756,0x0764,075a:LscriptPages/game/n;->m2(Ljava/lang/String;)V,075a:LscriptPages/game/n;->m2(Ljava/lang/String;)V,,0x114d,0x014d,075a:LscriptPages/game/n;->m2(Ljava/lang/String;)V
0x814e,-32434,0x06c6,0x06d4,06ca:Lo/a;->P7(Ljava/lang/String;)V,06ca:Lo/a;->P7(Ljava/lang/String;)V,,0x114e reqUnlockSkin@o/a->T7,0x014e,06ca:Lo/a;->P7(Ljava/lang/String;)V
0x814f,-32433,0x078c,0x079a,0790:LscriptPages/game/w;->j0(Ljava/lang/String;)V,0790:LscriptPages/game/w;->j0(Ljava/lang/String;)V,,0x114f reqRoleIconAndName@scriptPages/game/j->t,0x014f,0790:LscriptPages/game/w;->j0(Ljava/lang/String;)V
0x8150,-32432,0x16ec,0x16fa,16f0:LscriptPages/game/g0;->f(Ljava/lang/String;)V,16f0:LscriptPages/game/g0;->f(Ljava/lang/String;)V,,0x1150 di_联网数据请求@scriptPages/game/g0->d,0x0150,16f0:LscriptPages/game/g0;->f(Ljava/lang/String;)V
0x8152,-32430,0x16fe,0x170c,1702:LscriptPages/game/g0;->h(Ljava/lang/String;)V,1702:LscriptPages/game/g0;->h(Ljava/lang/String;)V,,0x1152 reqExchange@scriptPages/game/g0->g,0x0152,1702:LscriptPages/game/g0;->h(Ljava/lang/String;)V
0x8160,-32416,0x0a8a,0x0a98,0a8e:LscriptPages/game/k0;->S(Ljava/lang/String;)V,0a8e:LscriptPages/game/k0;->S(Ljava/lang/String;)V,,0x1160 di_提示金不足扩容@scriptPages/game/k0->o0,0x0160,0a8e:LscriptPages/game/k0;->S(Ljava/lang/String;)V
0x8170,-32400,0x079e,0x07ac,07a2:LscriptPages/game/n0;->P(Ljava/lang/String;)V,07a2:LscriptPages/game/n0;->P(Ljava/lang/String;)V,,0x1170,0x0170,07a2:LscriptPages/game/n0;->P(Ljava/lang/String;)V
0x8172,-32398,0x07b0,0x07be,07b4:LscriptPages/game/n0;->I(Ljava/lang/String;)V,07b4:LscriptPages/game/n0;->I(Ljava/lang/String;)V,,0x1172,0x0172,07b4:LscriptPages/game/n0;->I(Ljava/lang/String;)V
0x8174,-32396,0x07c2,0x07d0,07c6:LscriptPages/game/n0;->H(Ljava/lang/String;)V,07c6:LscriptPages/game/n0;->H(Ljava/lang/String;)V,,0x1174,0x0174,07c6:LscriptPages/game/n0;->H(Ljava/lang/String;)V
0x8176,-32394,0x07d4,0x07e2,07d8:LscriptPages/game/n0;->F(Ljava/lang/String;)V,07d8:LscriptPages/game/n0;->F(Ljava/lang/String;)V,,0x1176,0x0176,07d8:LscriptPages/game/n0;->F(Ljava/lang/String;)V
0x8177,-32393,0x07e6,0x07f4,07ea:LscriptPages/game/n0;->L(Ljava/lang/String;)V,07ea:LscriptPages/game/n0;->L(Ljava/lang/String;)V,,0x1177,0x0177,07ea:LscriptPages/game/n0;->L(Ljava/lang/String;)V
0x8178,-32392,0x07f8,0x0806,07fc:LscriptPages/game/n0;->Q(Ljava/lang/String;)V,07fc:LscriptPages/game/n0;->Q(Ljava/lang/String;)V,,0x1178,0x0178,07fc:LscriptPages/game/n0;->Q(Ljava/lang/String;)V
0x8179,-32391,0x080a,0x0818,080e:LscriptPages/game/q0;->P1(Ljava/lang/String;)V,080e:LscriptPages/game/q0;->P1(Ljava/lang/String;)V,,0x1179 di_请求中@scriptPages/game/q0->u0,0x0179,080e:LscriptPages/game/q0;->P1(Ljava/lang/String;)V
0x817a,-32390,0x081c,0x082a,0820:LscriptPages/game/n0;->R(Ljava/lang/String;)V,0820:LscriptPages/game/n0;->R(Ljava/lang/String;)V,,0x117a reqRankList_military@scriptPages/game/n0->N,0x017a,0820:LscriptPages/game/n0;->R(Ljava/lang/String;)V
0x8180,-32384,0x1878,0x1886,187c:LscriptPages/game/i0;->v(Ljava/lang/String;)V,187c:LscriptPages/game/i0;->v(Ljava/lang/String;)V,,0x1180 reqAchievementList@scriptPages/game/i0->o,0x0180,187c:LscriptPages/game/i0;->v(Ljava/lang/String;)V
0x8182,-32382,0x188a,0x1898,188e:LscriptPages/game/i0;->s(Ljava/lang/String;)V,188e:LscriptPages/game/i0;->s(Ljava/lang/String;)V,,0x1182,0x0182,188e:LscriptPages/game/i0;->s(Ljava/lang/String;)V
0x8184,-32380,0x189c,0x18aa,18a0:LscriptPages/game/i0;->u(Ljava/lang/String;)V,18a0:LscriptPages/game/i0;->u(Ljava/lang/String;)V,,0x1184 reqAchievementCont@scriptPages/game/i0->n,0x0184,18a0:LscriptPages/game/i0;->u(Ljava/lang/String;)V
0x8186,-32378,0x18ae,0x18bc,18b2:LscriptPages/game/i0;->z(Ljava/lang/String;)V,18b2:LscriptPages/game/i0;->z(Ljava/lang/String;)V,,0x1186 reqNicknameList@scriptPages/game/i0->r,0x0186,18b2:LscriptPages/game/i0;->z(Ljava/lang/String;)V
0x8188,-32376,0x18c0,0x18ce,18c4:LscriptPages/game/i0;->w(Ljava/lang/String;)V,18c4:LscriptPages/game/i0;->w(Ljava/lang/String;)V,,0x1188,0x0188,18c4:LscriptPages/game/i0;->w(Ljava/lang/String;)V
0x818a,-32374,0x18d2,0x18e0,18d6:LscriptPages/game/i0;->x(Ljava/lang/String;)V,18d6:LscriptPages/game/i0;->x(Ljava/lang/String;)V,,0x118a reqActivationUseGold@scriptPages/game/i0->q,0x018a,18d6:LscriptPages/game/i0;->x(Ljava/lang/String;)V
0x818b,-32373,0x18e4,0x18f2,18e8:LscriptPages/game/i0;->t(Ljava/lang/String;)V,18e8:LscriptPages/game/i0;->t(Ljava/lang/String;)V,,0x118b di_提示改变成就隐藏状态@scriptPages/game/i0->A,0x018b,18e8:LscriptPages/game/i0;->t(Ljava/lang/String;)V
0x8190,-32368,0x06d8,0x06e6,06dc:LscriptPages/game/s0;->Y(Ljava/lang/String;)V,06dc:LscriptPages/game/s0;->Y(Ljava/lang/String;)V,,0x1190 di_提示国数据@scriptPages/game/s0->G,0x0190,06dc:LscriptPages/game/s0;->Y(Ljava/lang/String;)V
0x8192,-32366,0x06ea,0x06f8,06ee:LscriptPages/game/s0;->X(Ljava/lang/String;)V,06ee:LscriptPages/game/s0;->X(Ljava/lang/String;)V,,0x1192 reqForceMapCity@scriptPages/game/s0->Y,0x0192,06ee:LscriptPages/game/s0;->X(Ljava/lang/String;)V
0x8200,-32256,0x0888,0x0896,088c:LscriptPages/game/q;->i(Ljava/lang/String;)V,088c:LscriptPages/game/q;->i(Ljava/lang/String;)V,,0x1200,0x0200,088c:LscriptPages/game/q;->i(Ljava/lang/String;)V
0x8201,-32255,0x089a,0x08a8,089e:LscriptPages/game/q;->j(Ljava/lang/String;)V,089e:LscriptPages/game/q;->j(Ljava/lang/String;)V,,0x1201,0x0201,089e:LscriptPages/game/q;->j(Ljava/lang/String;)V
0x8202,-32254,0x0840,0x084e,0844:LscriptPages/game/q;->r(Ljava/lang/String;)V,0844:LscriptPages/game/q;->r(Ljava/lang/String;)V,,0x1202,0x0202,0844:LscriptPages/game/q;->r(Ljava/lang/String;)V
0x8204,-32252,0x0852,0x0860,0856:LscriptPages/game/q;->b0(Ljava/lang/String;)V,0856:LscriptPages/game/q;->b0(Ljava/lang/String;)V,,0x1204 fiefItemUse@scriptPages/game/q->S,0x0204,0856:LscriptPages/game/q;->b0(Ljava/lang/String;)V
0x8206,-32250,0x0864,0x0872,0868:LscriptPages/game/q;->e(Ljava/lang/String;)V,0868:LscriptPages/game/q;->e(Ljava/lang/String;)V,,0x1206,0x0206,0868:LscriptPages/game/q;->e(Ljava/lang/String;)V
0x8208,-32248,0x08ac,0x08ba,08b0:LscriptPages/game/q;->f(Ljava/lang/String;)V,08b0:LscriptPages/game/q;->f(Ljava/lang/String;)V,,0x1208,0x0208,08b0:LscriptPages/game/q;->f(Ljava/lang/String;)V
0x820b,-32245,0x08be,0x08cc,08c2:LscriptPages/game/q;->Z1(Ljava/lang/String;)V,08c2:LscriptPages/game/q;->Z1(Ljava/lang/String;)V,,0x120b,0x020b,08c2:LscriptPages/game/q;->Z1(Ljava/lang/String;)V
0x820d,-32243,0x08d0,0x08de,08d4:LscriptPages/game/q;->c(Ljava/lang/String;)V,08d4:LscriptPages/game/q;->c(Ljava/lang/String;)V,,0x120d buildQueueAdd@scriptPages/game/q->K1; buildQueueAdd@scriptPages/game/q->w1,0x020d,08d4:LscriptPages/game/q;->c(Ljava/lang/String;)V
0x820f,-32241,0x082e,0x083c,0832:LscriptPages/game/q;->X(Ljava/lang/String;)V,0832:LscriptPages/game/q;->X(Ljava/lang/String;)V,,0x120f,0x020f,0832:LscriptPages/game/q;->X(Ljava/lang/String;)V
0x8210,-32240,0x0876,0x0884,087a:LscriptPages/game/q;->V(Ljava/lang/String;)V,087a:LscriptPages/game/q;->V(Ljava/lang/String;)V,,0x1210 fiefMoveAbleCitys@scriptPages/game/q->U,0x0210,087a:LscriptPages/game/q;->V(Ljava/lang/String;)V
0x8212,-32238,0x0972,0x0980,0976:LscriptPages/game/q;->W(Ljava/lang/String;)V,0976:LscriptPages/game/q;->W(Ljava/lang/String;)V,,0x1212 fiefMove@scriptPages/game/q->T,0x0212,0976:LscriptPages/game/q;->W(Ljava/lang/String;)V
0x8213,-32237,0x0984,0x0992,0988:LscriptPages/game/q;->Y(Ljava/lang/String;)V,0988:LscriptPages/game/q;->Y(Ljava/lang/String;)V,,0x1213,0x0213,0988:LscriptPages/game/q;->Y(Ljava/lang/String;)V
0x8214,-32236,0x0a4a,0x0a58,0a4e:LscriptPages/game/z;->O(Ljava/lang/String;)V,0a4e:LscriptPages/game/z;->O(Ljava/lang/String;)V,,0x1214 di_将名字长@scriptPages/game/z->Z0,0x0214,0a4e:LscriptPages/game/z;->O(Ljava/lang/String;)V
0x8215,-32235,0x0a5c,0x0a86,0a7c:Lo/a;->f6(I Ljava/lang/String;)V,0a7c:Lo/a;->f6(I Ljava/lang/String;)V,0a60:readByte(Ljava/lang/String;)B || 0a6c:readByte(Ljava/lang/String;)B,0x1215 reqLoadGenerals@o/a->a8,0x0215,0a60:LscriptAPI/baseAPI/BaseIO;->readByte(Ljava/lang/String;)B || 0a6c:LscriptAPI/baseAPI/BaseIO;->readByte(Ljava/lang/String;)B || 0a7c:Lo/a;->f6(I Ljava/lang/String;)V
0x8216,-32234,0x0b08,0x0b16,0b0c:LscriptPages/game/z;->B(Ljava/lang/String;)V,0b0c:LscriptPages/game/z;->B(Ljava/lang/String;)V,,0x1216,0x0216,0b0c:LscriptPages/game/z;->B(Ljava/lang/String;)V
0x8218,-32232,0x0b1a,0x0b28,0b1e:LscriptPages/game/z;->C(Ljava/lang/String;)V,0b1e:LscriptPages/game/z;->C(Ljava/lang/String;)V,,0x1218,0x0218,0b1e:LscriptPages/game/z;->C(Ljava/lang/String;)V
0x821b,-32229,0x0a26,0x0a34,0a2a:LscriptPages/game/z;->G(Ljava/lang/String;)V,0a2a:LscriptPages/game/z;->G(Ljava/lang/String;)V,,0x121b,0x021b,0a2a:LscriptPages/game/z;->G(Ljava/lang/String;)V
0x821d,-32227,0x0ad2,0x0ae0,0ad6:LscriptPages/game/z;->P(Ljava/lang/String;)V,0ad6:LscriptPages/game/z;->P(Ljava/lang/String;)V,,0x121d,0x021d,0ad6:LscriptPages/game/z;->P(Ljava/lang/String;)V
0x821f,-32225,0x0ae4,0x0af2,0ae8:LscriptPages/game/z;->I(Ljava/lang/String;)V,0ae8:LscriptPages/game/z;->I(Ljava/lang/String;)V,,0x121f,0x021f,0ae8:LscriptPages/game/z;->I(Ljava/lang/String;)V
0x8220,-32224,0x0af6,0x0b04,0afa:LscriptPages/game/z;->E(Ljava/lang/String;)V,0afa:LscriptPages/game/z;->E(Ljava/lang/String;)V,,0x1220,0x0220,0afa:LscriptPages/game/z;->E(Ljava/lang/String;)V
0x8222,-32222,0x0a9c,0x0aaa,0aa0:LscriptPages/game/z;->L(Ljava/lang/String;)V,0aa0:LscriptPages/game/z;->L(Ljava/lang/String;)V,,0x1222,0x0222,0aa0:LscriptPages/game/z;->L(Ljava/lang/String;)V
0x8223,-32221,0x0b3e,0x0b4c,0b42:LscriptPages/game/z;->L0(Ljava/lang/String;)V,0b42:LscriptPages/game/z;->L0(Ljava/lang/String;)V,,0x1223,0x0223,0b42:LscriptPages/game/z;->L0(Ljava/lang/String;)V
0x8224,-32220,0x0aae,0x0abc,0ab2:LscriptPages/game/z;->Q(Ljava/lang/String;)V,0ab2:LscriptPages/game/z;->Q(Ljava/lang/String;)V,,0x1224 generalAddPoint@scriptPages/game/z->U0,0x0224,0ab2:LscriptPages/game/z;->Q(Ljava/lang/String;)V
0x8225,-32219,0x0b50,0x0b5e,0b54:LscriptPages/game/z;->K0(Ljava/lang/String;)V,0b54:LscriptPages/game/z;->K0(Ljava/lang/String;)V,,0x1225 reqGeneralPracticeCancel@scriptPages/game/z->U0,0x0225,0b54:LscriptPages/game/z;->K0(Ljava/lang/String;)V
0x8226,-32218,0x0b2c,0x0b3a,0b30:LscriptPages/game/z;->S(Ljava/lang/String;)V,0b30:LscriptPages/game/z;->S(Ljava/lang/String;)V,,0x1226 generalWithSoldier@scriptPages/game/z->R,0x0226,0b30:LscriptPages/game/z;->S(Ljava/lang/String;)V
0x8228,-32216,0x0a38,0x0a46,0a3c:LscriptPages/game/z;->N(Ljava/lang/String;)V,0a3c:LscriptPages/game/z;->N(Ljava/lang/String;)V,,0x1228 (unnamed)@scriptPages/game/z->U0,0x0228,0a3c:LscriptPages/game/z;->N(Ljava/lang/String;)V
0x8229,-32215,0x0cdc,0x0cea,0ce0:LscriptPages/game/p;->M0(Ljava/lang/String;)V,0ce0:LscriptPages/game/p;->M0(Ljava/lang/String;)V,,0x1229 reqBathAddArmy@scriptPages/game/p->L0,0x0229,0ce0:LscriptPages/game/p;->M0(Ljava/lang/String;)V
0x822a,-32214,0x0c70,0x0c7e,0c74:LscriptPages/game/z;->P0(Ljava/lang/String;)V,0c74:LscriptPages/game/z;->P0(Ljava/lang/String;)V,,0x122a reqGeneralUseItem@scriptPages/game/z->O0,0x022a,0c74:LscriptPages/game/z;->P0(Ljava/lang/String;)V
0x822b,-32213,0x094e,0x095c,0952:LscriptPages/game/q;->Q1(Ljava/lang/String;)V,0952:LscriptPages/game/q;->Q1(Ljava/lang/String;)V,,0x122b generalWithSoldier@scriptPages/game/q->y1,0x022b,0952:LscriptPages/game/q;->Q1(Ljava/lang/String;)V
0x822c,-32212,0x0960,0x096e,0964:LscriptPages/game/q;->j1(Ljava/lang/String;)V,0964:LscriptPages/game/q;->j1(Ljava/lang/String;)V,,0x122c,0x022c,0964:LscriptPages/game/q;->j1(Ljava/lang/String;)V
0x822d,-32211,0x0996,0x09a4,099a:LscriptPages/game/q;->R(Ljava/lang/String;)V,099a:LscriptPages/game/q;->R(Ljava/lang/String;)V,,0x122d,0x022d,099a:LscriptPages/game/q;->R(Ljava/lang/String;)V
0x822f,-32209,0x09a8,0x09b6,09ac:LscriptPages/game/q;->Q(Ljava/lang/String;)V,09ac:LscriptPages/game/q;->Q(Ljava/lang/String;)V,,0x122f di_驱逐@scriptPages/game/q->E1,0x022f,09ac:LscriptPages/game/q;->Q(Ljava/lang/String;)V
0x8230,-32208,0x09ba,0x09c8,09be:LscriptPages/game/q;->e0(Ljava/lang/String;)V,09be:LscriptPages/game/q;->e0(Ljava/lang/String;)V,,0x1230,0x0230,09be:LscriptPages/game/q;->e0(Ljava/lang/String;)V
0x8231,-32207,0x09cc,0x09da,09d0:LscriptPages/game/q;->l1(Ljava/lang/String;)V,09d0:LscriptPages/game/q;->l1(Ljava/lang/String;)V,,0x1231 reqHurtSoldierCurePreInfo@scriptPages/game/q->k1,0x0231,09d0:LscriptPages/game/q;->l1(Ljava/lang/String;)V
0x8232,-32206,0x09de,0x09ec,09e2:LscriptPages/game/q;->g0(Ljava/lang/String;)V,09e2:LscriptPages/game/q;->g0(Ljava/lang/String;)V,,0x1232,0x0232,09e2:LscriptPages/game/q;->g0(Ljava/lang/String;)V
0x8233,-32205,0x0cca,0x0cd8,0cce:LscriptPages/game/q;->o1(Ljava/lang/String;)V,0cce:LscriptPages/game/q;->o1(Ljava/lang/String;)V,,0x1233 reqPrisonerCtrlInfo@scriptPages/game/q->n1,0x0233,0cce:LscriptPages/game/q;->o1(Ljava/lang/String;)V
0x8234,-32204,0x0c82,0x0c90,0c86:LscriptPages/game/q;->b1(Ljava/lang/String;)V,0c86:LscriptPages/game/q;->b1(Ljava/lang/String;)V,,0x1234,0x0234,0c86:LscriptPages/game/q;->b1(Ljava/lang/String;)V
0x8236,-32202,0x0ca6,0x0cb4,0caa:LscriptPages/game/q;->c1(Ljava/lang/String;)V,0caa:LscriptPages/game/q;->c1(Ljava/lang/String;)V,,0x1236,0x0236,0caa:LscriptPages/game/q;->c1(Ljava/lang/String;)V
0x8238,-32200,0x0cb8,0x0cc6,0cbc:LscriptPages/game/q;->d1(Ljava/lang/String;)V,0cbc:LscriptPages/game/q;->d1(Ljava/lang/String;)V,,0x1238,0x0238,0cbc:LscriptPages/game/q;->d1(Ljava/lang/String;)V
0x823b,-32197,0x0c94,0x0ca2,0c98:LscriptPages/game/q;->a1(Ljava/lang/String;)V,0c98:LscriptPages/game/q;->a1(Ljava/lang/String;)V,,0x123b,0x023b,0c98:LscriptPages/game/q;->a1(Ljava/lang/String;)V
0x823d,-32195,0x08e2,0x08f0,08e6:LscriptPages/game/q;->U1(Ljava/lang/String;)V,08e6:LscriptPages/game/q;->U1(Ljava/lang/String;)V,,0x123d,0x023d,08e6:LscriptPages/game/q;->U1(Ljava/lang/String;)V
0x823f,-32193,0x0906,0x0914,090a:LscriptPages/game/q;->Y1(Ljava/lang/String;)V,090a:LscriptPages/game/q;->Y1(Ljava/lang/String;)V,,0x123f,0x023f,090a:LscriptPages/game/q;->Y1(Ljava/lang/String;)V
0x8240,-32192,0x0918,0x0926,091c:LscriptPages/game/q;->V1(Ljava/lang/String;)V,091c:LscriptPages/game/q;->V1(Ljava/lang/String;)V,,0x1240,0x0240,091c:LscriptPages/game/q;->V1(Ljava/lang/String;)V
0x8242,-32190,0x092a,0x0938,092e:LscriptPages/game/q;->T1(Ljava/lang/String;)V,092e:LscriptPages/game/q;->T1(Ljava/lang/String;)V,,0x1242 soldierRecruitCancle@scriptPages/game/q->S1,0x0242,092e:LscriptPages/game/q;->T1(Ljava/lang/String;)V
0x8244,-32188,0x093c,0x094a,0940:LscriptPages/game/q;->X1(Ljava/lang/String;)V,0940:LscriptPages/game/q;->X1(Ljava/lang/String;)V,,0x1244,0x0244,0940:LscriptPages/game/q;->X1(Ljava/lang/String;)V
0x8246,-32186,0x09f0,0x09fe,09f4:LscriptPages/game/q;->h1(Ljava/lang/String;)V,09f4:LscriptPages/game/q;->h1(Ljava/lang/String;)V,,0x1246 reqFiefInfo@scriptPages/game/q->g1,0x0246,09f4:LscriptPages/game/q;->h1(Ljava/lang/String;)V
0x8248,-32184,0x08f4,0x0902,08f8:LscriptPages/game/q;->P1(Ljava/lang/String;)V,08f8:LscriptPages/game/q;->P1(Ljava/lang/String;)V,,0x1248 soldierAverageRecuit@scriptPages/game/q->O1,0x0248,08f8:LscriptPages/game/q;->P1(Ljava/lang/String;)V
0x824a,-32182,0x0a02,0x0a10,0a06:Lo/a;->O7(Ljava/lang/String;)V,0a06:Lo/a;->O7(Ljava/lang/String;)V,,0x124a,0x024a,0a06:Lo/a;->O7(Ljava/lang/String;)V
0x824b,-32181,0x0a14,0x0a22,0a18:Lo/a;->I6(Ljava/lang/String;)V,0a18:Lo/a;->I6(Ljava/lang/String;)V,,0x124b,0x024b,0a18:Lo/a;->I6(Ljava/lang/String;)V
0x824c,-32180,0x0ac0,0x0ace,0ac4:LscriptPages/game/z;->M(Ljava/lang/String;)V,0ac4:LscriptPages/game/z;->M(Ljava/lang/String;)V,,0x124c generalAddPoint@scriptPages/game/z->U0,0x024c,0ac4:LscriptPages/game/z;->M(Ljava/lang/String;)V
0x8250,-32176,0x0b74,0x0b82,0b78:LscriptPages/game/z;->F0(Ljava/lang/String;)V,0b78:LscriptPages/game/z;->F0(Ljava/lang/String;)V,,0x1250,0x0250,0b78:LscriptPages/game/z;->F0(Ljava/lang/String;)V
0x8252,-32174,0x0b62,0x0b70,0b66:LscriptPages/game/z;->D0(Ljava/lang/String;)V,0b66:LscriptPages/game/z;->D0(Ljava/lang/String;)V,,0x1252,0x0252,0b66:LscriptPages/game/z;->D0(Ljava/lang/String;)V
0x8254,-32172,0x0b86,0x0b94,0b8a:LscriptPages/game/z;->H0(Ljava/lang/String;)V,0b8a:LscriptPages/game/z;->H0(Ljava/lang/String;)V,,0x1254,0x0254,0b8a:LscriptPages/game/z;->H0(Ljava/lang/String;)V
0x8260,-32160,0x0bce,0x0bdc,0bd2:LscriptPages/game/z;->N0(Ljava/lang/String;)V,0bd2:LscriptPages/game/z;->N0(Ljava/lang/String;)V,,0x1260,0x0260,0bd2:LscriptPages/game/z;->N0(Ljava/lang/String;)V
0x8262,-32158,0x0be0,0x0bee,0be4:LscriptPages/game/z;->M0(Ljava/lang/String;)V,0be4:LscriptPages/game/z;->M0(Ljava/lang/String;)V,,0x1262 re_提示用技能书@scriptPages/game/z->e1,0x0262,0be4:LscriptPages/game/z;->M0(Ljava/lang/String;)V
0x8270,-32144,0x0c5e,0x0c6c,0c62:LscriptPages/game/z;->J0(Ljava/lang/String;)V,0c62:LscriptPages/game/z;->J0(Ljava/lang/String;)V,,0x1270,0x0270,0c62:LscriptPages/game/z;->J0(Ljava/lang/String;)V
0x8272,-32142,0x0bf2,0x0c00,0bf6:LscriptPages/game/z;->B0(Ljava/lang/String;)V,0bf6:LscriptPages/game/z;->B0(Ljava/lang/String;)V,,0x1272 reqFamousSearch@scriptPages/game/z->A0,0x0272,0bf6:LscriptPages/game/z;->B0(Ljava/lang/String;)V
0x8274,-32140,0x0c04,0x0c12,0c08:LscriptPages/game/z;->x0(Ljava/lang/String;)V,0c08:LscriptPages/game/z;->x0(Ljava/lang/String;)V,,0x1274,0x0274,0c08:LscriptPages/game/z;->x0(Ljava/lang/String;)V
0x8275,-32139,0x0c28,0x0c36,0c2c:LscriptPages/gameHD/g;->E(Ljava/lang/String;)V,0c2c:LscriptPages/gameHD/g;->E(Ljava/lang/String;)V,,0x1275 di_将领成长值已满@scriptPages/gameHD/g->p; di_将领成长值已满@scriptPages/gameHD/h->B,0x0275,0c2c:LscriptPages/gameHD/g;->E(Ljava/lang/String;)V
0x8276,-32138,0x0c4c,0x0c5a,0c50:LscriptPages/game/z;->z0(Ljava/lang/String;)V,0c50:LscriptPages/game/z;->z0(Ljava/lang/String;)V,,0x1276 reqFamousDetail@scriptPages/game/z->y0,0x0276,0c50:LscriptPages/game/z;->z0(Ljava/lang/String;)V
0x8278,-32136,0x0c16,0x0c24,0c1a:LscriptPages/game/z;->Q0(Ljava/lang/String;)V,0c1a:LscriptPages/game/z;->Q0(Ljava/lang/String;)V,,0x1278 (unnamed)@scriptPages/game/z->R0,0x0278,0c1a:LscriptPages/game/z;->Q0(Ljava/lang/String;)V
0x8280,-32128,0x0c3a,0x0c48,0c3e:Lo/a;->e6(Ljava/lang/String;)V,0c3e:Lo/a;->e6(Ljava/lang/String;)V,,0x1280 ChangeTeamNEW@scriptPages/gameHD/g->q,0x0280,0c3e:Lo/a;->e6(Ljava/lang/String;)V
0x8300,-32000,0x0d5e,0x0d86,0d6e:LscriptPages/game/k;->E0(Ljava/lang/String;)V,0d6e:LscriptPages/game/k;->E0(Ljava/lang/String;)V || 0d7c:LscriptPages/game/p;->P0(Ljava/lang/String;)V,0d62:readByte(Ljava/lang/String;)B,0x1300 reqCityFiefList@scriptPages/game/k->D0; reqCityFiefList@scriptPages/game/p->O0,0x0300,0d62:LscriptAPI/baseAPI/BaseIO;->readByte(Ljava/lang/String;)B || 0d6e:LscriptPages/game/k;->E0(Ljava/lang/String;)V || 0d7c:LscriptPages/game/p;->P0(Ljava/lang/String;)V
0x8301,-31999,0x0d8a,0x0d98,0d8e:LscriptPages/game/k;->p1(Ljava/lang/String;)V,0d8e:LscriptPages/game/k;->p1(Ljava/lang/String;)V,,0x1301 di_联网请求数据中@scriptPages/game/k->W,0x0301,0d8e:LscriptPages/game/k;->p1(Ljava/lang/String;)V
0x8302,-31998,0x0e10,0x0e1e,0e14:LscriptPages/game/k;->J0(Ljava/lang/String;)V,0e14:LscriptPages/game/k;->J0(Ljava/lang/String;)V,,0x1302,0x0302,0e14:LscriptPages/game/k;->J0(Ljava/lang/String;)V
0x8303,-31997,0x0e22,0x0e30,0e26:LscriptPages/game/k;->o1(Ljava/lang/String;)V,0e26:LscriptPages/game/k;->o1(Ljava/lang/String;)V,,0x1303 di_联网请求数据中@scriptPages/game/k->w1,0x0303,0e26:LscriptPages/game/k;->o1(Ljava/lang/String;)V
0x8304,-31996,0x0d9c,0x0daa,0da0:LscriptPages/game/k;->r0(Ljava/lang/String;)V,0da0:LscriptPages/game/k;->r0(Ljava/lang/String;)V,,0x1304 reqCityGarrisonList@scriptPages/game/k->i1,0x0304,0da0:LscriptPages/game/k;->r0(Ljava/lang/String;)V
0x8305,-31995,0x0dc0,0x0dce,0dc4:LscriptPages/game/k;->s0(Ljava/lang/String;)V,0dc4:LscriptPages/game/k;->s0(Ljava/lang/String;)V,,0x1305,0x0305,0dc4:LscriptPages/game/k;->s0(Ljava/lang/String;)V
0x8306,-31994,0x0dae,0x0dbc,0db2:LscriptPages/game/k;->q0(Ljava/lang/String;)V,0db2:LscriptPages/game/k;->q0(Ljava/lang/String;)V,,0x1306,0x0306,0db2:LscriptPages/game/k;->q0(Ljava/lang/String;)V
0x8308,-31992,0x0dd2,0x0de0,0dd6:LscriptPages/game/k;->h1(Ljava/lang/String;)V,0dd6:LscriptPages/game/k;->h1(Ljava/lang/String;)V,,0x1308 reqModifyNotice@scriptPages/game/k->g1,0x0308,0dd6:LscriptPages/game/k;->h1(Ljava/lang/String;)V
0x830b,-31989,0x0cee,0x0cfc,0cf2:LscriptPages/game/k;->a(Ljava/lang/String;)V,0cf2:LscriptPages/game/k;->a(Ljava/lang/String;)V,,0x130b reqApplyFief@scriptPages/game/k->r1,0x030b,0cf2:LscriptPages/game/k;->a(Ljava/lang/String;)V
0x830d,-31987,0x0d00,0x0d0e,0d04:LscriptPages/game/k;->Y0(Ljava/lang/String;)V,0d04:LscriptPages/game/k;->Y0(Ljava/lang/String;)V,,0x130d,0x030d,0d04:LscriptPages/game/k;->Y0(Ljava/lang/String;)V
0x830f,-31985,0x0d4c,0x0d5a,0d50:LscriptPages/game/w;->b0(Ljava/lang/String;)V,0d50:LscriptPages/game/w;->b0(Ljava/lang/String;)V,,0x130f,0x030f,0d50:LscriptPages/game/w;->b0(Ljava/lang/String;)V
0x8310,-31984,0x0de4,0x0e0c,0df4:LscriptPages/game/w;->c0(Ljava/lang/String;)V,0df4:LscriptPages/game/w;->c0(Ljava/lang/String;)V || 0e02:LscriptPages/game/p;->X0(Ljava/lang/String;)V,0de8:readByte(Ljava/lang/String;)B,0x1310 reqRoleFiefList@scriptPages/game/p->g0; di_联网城池列表@scriptPages/game/w->q0,0x0310,0de8:LscriptAPI/baseAPI/BaseIO;->readByte(Ljava/lang/String;)B || 0df4:LscriptPages/game/w;->c0(Ljava/lang/String;)V || 0e02:LscriptPages/game/p;->X0(Ljava/lang/String;)V
0x8312,-31982,0x0ea0,0x0eae,0ea4:LscriptPages/game/k;->G0(Ljava/lang/String;)V,0ea4:LscriptPages/game/k;->G0(Ljava/lang/String;)V,,0x1312 reqCityForceExpel@scriptPages/game/k->F0,0x0312,0ea4:LscriptPages/game/k;->G0(Ljava/lang/String;)V
0x8314,-31980,0x0eb2,0x0ec0,0eb6:LscriptPages/game/k;->H0(Ljava/lang/String;)V,0eb6:LscriptPages/game/k;->H0(Ljava/lang/String;)V,,0x1314,0x0314,0eb6:LscriptPages/game/k;->H0(Ljava/lang/String;)V
0x8316,-31978,0x0e7c,0x0e8a,0e80:LscriptPages/game/k;->K0(Ljava/lang/String;)V,0e80:LscriptPages/game/k;->K0(Ljava/lang/String;)V,,0x1316,0x0316,0e80:LscriptPages/game/k;->K0(Ljava/lang/String;)V
0x8318,-31976,0x0e8e,0x0e9c,0e92:LscriptPages/game/k;->M0(Ljava/lang/String;)V,0e92:LscriptPages/game/k;->M0(Ljava/lang/String;)V,,0x1318,0x0318,0e92:LscriptPages/game/k;->M0(Ljava/lang/String;)V
0x831b,-31973,0x0d12,0x0d20,0d16:LscriptPages/game/k;->x0(Ljava/lang/String;)V,0d16:LscriptPages/game/k;->x0(Ljava/lang/String;)V,,0x131b reqCityConnectCities@scriptPages/game/k->w0,0x031b,0d16:LscriptPages/game/k;->x0(Ljava/lang/String;)V
0x831c,-31972,0x1156,0x1164,115a:LscriptPages/game/p;->N0(Ljava/lang/String;)V,115a:LscriptPages/game/p;->N0(Ljava/lang/String;)V,,0x131c,0x031c,115a:LscriptPages/game/p;->N0(Ljava/lang/String;)V
0x8320,-31968,0x0ec4,0x0ed2,0ec8:LscriptPages/game/k;->C0(Ljava/lang/String;)V,0ec8:LscriptPages/game/k;->C0(Ljava/lang/String;)V,,0x1320 reqCityFiefExpel@scriptPages/game/k->B0,0x0320,0ec8:LscriptPages/game/k;->C0(Ljava/lang/String;)V
0x8322,-31966,0x0ed6,0x0ee4,0eda:LscriptPages/game/k;->c1(Ljava/lang/String;)V,0eda:LscriptPages/game/k;->c1(Ljava/lang/String;)V,,0x1322 reqCityTraitInfo@scriptPages/game/k0->O,0x0322,0eda:LscriptPages/game/k;->c1(Ljava/lang/String;)V
0x8324,-31964,0x0ee8,0x0ef6,0eec:LscriptPages/game/k;->d1(Ljava/lang/String;)V,0eec:LscriptPages/game/k;->d1(Ljava/lang/String;)V,,0x1324 reqCityTraitLevelUp@scriptPages/game/k0->c0,0x0324,0eec:LscriptPages/game/k;->d1(Ljava/lang/String;)V
0x8326,-31962,0x0efa,0x0f08,0efe:LscriptPages/game/k;->W0(Ljava/lang/String;)V,0efe:LscriptPages/game/k;->W0(Ljava/lang/String;)V,,0x1326 reqCityResetTax@scriptPages/game/k->V0,0x0326,0efe:LscriptPages/game/k;->W0(Ljava/lang/String;)V
0x832b,-31957,0x0f0c,0x0f1a,0f10:LscriptPages/game/k;->t0(Ljava/lang/String;)V,0f10:LscriptPages/game/k;->t0(Ljava/lang/String;)V,,0x132b,0x032b,0f10:LscriptPages/game/k;->t0(Ljava/lang/String;)V
0x832d,-31955,0x0f1e,0x0f2c,0f22:LscriptPages/game/k;->f1(Ljava/lang/String;)V,0f22:LscriptPages/game/k;->f1(Ljava/lang/String;)V,,0x132d reqCityYield@scriptPages/game/k->e1,0x032d,0f22:LscriptPages/game/k;->f1(Ljava/lang/String;)V
0x8330,-31952,0x0f30,0x0f3e,0f34:LscriptPages/game/k;->v0(Ljava/lang/String;)V,0f34:LscriptPages/game/k;->v0(Ljava/lang/String;)V,,0x1330,0x0330,0f34:LscriptPages/game/k;->v0(Ljava/lang/String;)V
0x8332,-31950,0x0f42,0x0f50,0f46:LscriptPages/game/k;->z0(Ljava/lang/String;)V,0f46:LscriptPages/game/k;->z0(Ljava/lang/String;)V,,0x1332 reqCityCountryCollectInfo@scriptPages/game/k->y0,0x0332,0f46:LscriptPages/game/k;->z0(Ljava/lang/String;)V
0x8334,-31948,0x0f54,0x0f62,0f58:LscriptPages/game/k;->A0(Ljava/lang/String;)V,0f58:LscriptPages/game/k;->A0(Ljava/lang/String;)V,,0x1334 reqCityCountryCollect@scriptPages/game/k->s1,0x0334,0f58:LscriptPages/game/k;->A0(Ljava/lang/String;)V
0x8335,-31947,0x117a,0x1188,117e:LscriptPages/game/k;->b1(Ljava/lang/String;)V,117e:LscriptPages/game/k;->b1(Ljava/lang/String;)V,,0x1335 REQ_CITY_TOTEM_CTRL@scriptPages/game/k->Z0,0x0335,117e:LscriptPages/game/k;->b1(Ljava/lang/String;)V
0x8336,-31946,0x1168,0x1176,116c:LscriptPages/game/k;->a1(Ljava/lang/String;)V,116c:LscriptPages/game/k;->a1(Ljava/lang/String;)V,,0x1336,0x0336,116c:LscriptPages/game/k;->a1(Ljava/lang/String;)V
0x8340,-31936,0x0f66,0x0f74,0f6a:LscriptPages/game/k;->Q0(Ljava/lang/String;)V,0f6a:LscriptPages/game/k;->Q0(Ljava/lang/String;)V,,0x1340 reqCityOwnerCampaignInfo@scriptPages/game/k->P0,0x0340,0f6a:LscriptPages/game/k;->Q0(Ljava/lang/String;)V
0x8342,-31934,0x0f8a,0x0f98,0f8e:LscriptPages/game/k;->U0(Ljava/lang/String;)V,0f8e:LscriptPages/game/k;->U0(Ljava/lang/String;)V,,0x1342 reqCityOwnerRoleCampaignInfo@scriptPages/game/k->T0,0x0342,0f8e:LscriptPages/game/k;->U0(Ljava/lang/String;)V
0x8344,-31932,0x0f9c,0x0faa,0fa0:LscriptPages/game/k;->S0(Ljava/lang/String;)V,0fa0:LscriptPages/game/k;->S0(Ljava/lang/String;)V,,0x1344 reqCityOwnerCampaignRoleList@scriptPages/game/k->R0,0x0344,0fa0:LscriptPages/game/k;->S0(Ljava/lang/String;)V
0x8346,-31930,0x0f78,0x0f86,0f7c:LscriptPages/game/k;->O0(Ljava/lang/String;)V,0f7c:LscriptPages/game/k;->O0(Ljava/lang/String;)V,,0x1346,0x0346,0f7c:LscriptPages/game/k;->O0(Ljava/lang/String;)V
0x8400,-31744,0x0e6a,0x0e78,0e6e:LscriptPages/game/w;->Z(Ljava/lang/String;)V,0e6e:LscriptPages/game/w;->Z(Ljava/lang/String;)V,,0x1400,0x0400,0e6e:LscriptPages/game/w;->Z(Ljava/lang/String;)V
0x8404,-31740,0x1384,0x1392,1388:LscriptPages/game/n;->O0(Ljava/lang/String;)V,1388:LscriptPages/game/n;->O0(Ljava/lang/String;)V,,0x1404,0x0404,1388:LscriptPages/game/n;->O0(Ljava/lang/String;)V
0x8406,-31738,0x13de,0x1404,13ea:LscriptPages/game/n;->o2(Ljava/lang/String;)V,13ea:LscriptPages/game/n;->o2(Ljava/lang/String;)V || 13fa:LscriptPages/game/o;->i(Ljava/lang/String;)V,,0x1406,0x0406,13ea:LscriptPages/game/n;->o2(Ljava/lang/String;)V || 13fa:LscriptPages/game/o;->i(Ljava/lang/String;)V
0x8408,-31736,0x13ba,0x13c8,13be:LscriptPages/game/n;->k2(Ljava/lang/String;)V,13be:LscriptPages/game/n;->k2(Ljava/lang/String;)V,,0x1408 di_提示国王加点@scriptPages/game/n->U2,0x0408,13be:LscriptPages/game/n;->k2(Ljava/lang/String;)V
0x8409,-31735,0x13cc,0x13da,13d0:LscriptPages/game/n;->s2(Ljava/lang/String;)V,13d0:LscriptPages/game/n;->s2(Ljava/lang/String;)V,,0x1409 di_联网数据载入中@scriptPages/game/n->U2,0x0409,13d0:LscriptPages/game/n;->s2(Ljava/lang/String;)V
0x840a,-31734,0x13a8,0x13b6,13ac:LscriptPages/game/n;->y1(Ljava/lang/String;)V,13ac:LscriptPages/game/n;->y1(Ljava/lang/String;)V,,0x140a re_提示黄金积分@scriptPages/game/n->U2,0x040a,13ac:LscriptPages/game/n;->y1(Ljava/lang/String;)V
0x840c,-31732,0x1396,0x13a4,139a:LscriptPages/game/n;->A1(Ljava/lang/String;)V,139a:LscriptPages/game/n;->A1(Ljava/lang/String;)V,,0x140c REQ_COUNTRY_DONATE_RESOUTCE@scriptPages/game/n->z1,0x040c,139a:LscriptPages/game/n;->A1(Ljava/lang/String;)V
0x840e,-31730,0x1372,0x1380,1376:LscriptPages/game/n;->N1(Ljava/lang/String;)V,1376:LscriptPages/game/n;->N1(Ljava/lang/String;)V,,0x140e reqCountryNoticeModify@scriptPages/game/n->M1,0x040e,1376:LscriptPages/game/n;->N1(Ljava/lang/String;)V
0x8410,-31728,0x1408,0x1416,140c:LscriptPages/game/n;->X1(Ljava/lang/String;)V,140c:LscriptPages/game/n;->X1(Ljava/lang/String;)V,,0x1410,0x0410,140c:LscriptPages/game/n;->X1(Ljava/lang/String;)V
0x8412,-31726,0x1450,0x145e,1454:LscriptPages/game/n;->Z1(Ljava/lang/String;)V,1454:LscriptPages/game/n;->Z1(Ljava/lang/String;)V,,0x1412,0x0412,1454:LscriptPages/game/n;->Z1(Ljava/lang/String;)V
0x8414,-31724,0x1462,0x1470,1466:LscriptPages/game/n;->V1(Ljava/lang/String;)V,1466:LscriptPages/game/n;->V1(Ljava/lang/String;)V,,0x1414,0x0414,1466:LscriptPages/game/n;->V1(Ljava/lang/String;)V
0x8416,-31722,0x141a,0x1428,141e:LscriptPages/game/n;->D1(Ljava/lang/String;)V,141e:LscriptPages/game/n;->D1(Ljava/lang/String;)V,,0x1416 (unnamed)@scriptPages/game/n->H2,0x0416,141e:LscriptPages/game/n;->D1(Ljava/lang/String;)V
0x8418,-31720,0x1498,0x14a6,149c:LscriptPages/game/n;->C1(Ljava/lang/String;)V,149c:LscriptPages/game/n;->C1(Ljava/lang/String;)V,,0x1418 reqCountryReqJoinCtrl@scriptPages/game/n->B1,0x0418,149c:LscriptPages/game/n;->C1(Ljava/lang/String;)V
0x841a,-31718,0x142c,0x143a,1430:LscriptPages/game/n;->c2(Ljava/lang/String;)V,1430:LscriptPages/game/n;->c2(Ljava/lang/String;)V,,0x141a,0x041a,1430:LscriptPages/game/n;->c2(Ljava/lang/String;)V
0x841c,-31716,0x1474,0x1482,1478:LscriptPages/game/n;->e2(Ljava/lang/String;)V,1478:LscriptPages/game/n;->e2(Ljava/lang/String;)V,,0x141c,0x041c,1478:LscriptPages/game/n;->e2(Ljava/lang/String;)V
0x8420,-31712,0x14ce,0x14f2,14de:LscriptPages/game/n;->F1(Ljava/lang/String;)V,14de:LscriptPages/game/n;->F1(Ljava/lang/String;)V || 14e8:LscriptPages/game/n;->E1(Ljava/lang/String;)V,14d2:readByte(Ljava/lang/String;)B,0x1420 di_提示没有援助@scriptPages/game/n->T2; reqCountryGetSubsidy@scriptPages/game/n->e,0x0420,14d2:LscriptAPI/baseAPI/BaseIO;->readByte(Ljava/lang/String;)B || 14de:LscriptPages/game/n;->F1(Ljava/lang/String;)V || 14e8:LscriptPages/game/n;->E1(Ljava/lang/String;)V
0x8421,-31711,0x143e,0x144c,1442:LscriptPages/game/n;->P1(Ljava/lang/String;)V,1442:LscriptPages/game/n;->P1(Ljava/lang/String;)V,,0x1421,0x0421,1442:LscriptPages/game/n;->P1(Ljava/lang/String;)V
0x8422,-31710,0x14f6,0x1504,14fa:LscriptPages/game/n;->S0(Ljava/lang/String;)V,14fa:LscriptPages/game/n;->S0(Ljava/lang/String;)V,,0x1422 re_提示不能申请@scriptPages/game/n->R2,0x0422,14fa:LscriptPages/game/n;->S0(Ljava/lang/String;)V
0x8423,-31709,0x1486,0x1494,148a:LscriptPages/game/n;->R1(Ljava/lang/String;)V,148a:LscriptPages/game/n;->R1(Ljava/lang/String;)V,,0x1423,0x0423,148a:LscriptPages/game/n;->R1(Ljava/lang/String;)V
0x8424,-31708,0x1360,0x136e,1364:LscriptPages/game/n;->R0(Ljava/lang/String;)V,1364:LscriptPages/game/n;->R0(Ljava/lang/String;)V,,0x1424 reqCountryAlliance@scriptPages/game/n->w2,0x0424,1364:LscriptPages/game/n;->R0(Ljava/lang/String;)V
0x8426,-31706,0x1508,0x1538,150c:LscriptPages/data/g;->G0()B,150c:LscriptPages/data/g;->G0()B || 1524:LscriptPages/game/b0;->S0(Ljava/lang/String;)V || 152e:LscriptPages/game/n;->j2(Ljava/lang/String;)V,,0x1426,0x0426,150c:LscriptPages/data/g;->G0()B || 1518:LscriptPages/PageMain;->getStatus()I || 1524:LscriptPages/game/b0;->S0(Ljava/lang/String;)V || 152e:LscriptPages/game/n;->j2(Ljava/lang/String;)V
0x8428,-31704,0x154e,0x155c,1552:LscriptPages/game/n;->T1(Ljava/lang/String;)V,1552:LscriptPages/game/n;->T1(Ljava/lang/String;)V,,0x1428,0x0428,1552:LscriptPages/game/n;->T1(Ljava/lang/String;)V
0x842a,-31702,0x153c,0x154a,1540:LscriptPages/game/n;->Q0(Ljava/lang/String;)V,1540:LscriptPages/game/n;->Q0(Ljava/lang/String;)V,,0x142a,0x042a,1540:LscriptPages/game/n;->Q0(Ljava/lang/String;)V
0x842c,-31700,0x134e,0x135c,1352:LscriptPages/game/n;->L1(Ljava/lang/String;)V,1352:LscriptPages/game/n;->L1(Ljava/lang/String;)V,,0x142c,0x042c,1352:LscriptPages/game/n;->L1(Ljava/lang/String;)V
0x842d,-31699,0x16da,0x16e8,16de:LscriptPages/game/n;->X0(Ljava/lang/String;)V,16de:LscriptPages/game/n;->X0(Ljava/lang/String;)V,,0x142d,0x042d,16de:LscriptPages/game/n;->X0(Ljava/lang/String;)V
0x842e,-31698,0x1626,0x1634,162a:LscriptPages/game/n;->J1(Ljava/lang/String;)V,162a:LscriptPages/game/n;->J1(Ljava/lang/String;)V,,0x142e reqCountryMilitary@scriptPages/game/n->I1,0x042e,162a:LscriptPages/game/n;->J1(Ljava/lang/String;)V
0x842f,-31697,0x16c8,0x16d6,16cc:LscriptPages/game/n;->P0(Ljava/lang/String;)V,16cc:LscriptPages/game/n;->P0(Ljava/lang/String;)V,,0x142f di_禅让对象玩家不能为空@scriptPages/game/n->J2,0x042f,16cc:LscriptPages/game/n;->P0(Ljava/lang/String;)V
0x8430,-31696,0x132a,0x1338,132e:LscriptPages/game/n;->b(Ljava/lang/String;)V,132e:LscriptPages/game/n;->b(Ljava/lang/String;)V,,0x1430,0x0430,132e:LscriptPages/game/n;->b(Ljava/lang/String;)V
0x8432,-31694,0x133c,0x134a,1340:LscriptPages/game/n;->a1(Ljava/lang/String;)V,1340:LscriptPages/game/n;->a1(Ljava/lang/String;)V,,0x1432 di_提示军团无名@scriptPages/game/n->z2,0x0432,1340:LscriptPages/game/n;->a1(Ljava/lang/String;)V
0x8434,-31692,0x1596,0x15a4,159a:LscriptPages/game/n;->c1(Ljava/lang/String;)V,159a:LscriptPages/game/n;->c1(Ljava/lang/String;)V,,0x1434,0x0434,159a:LscriptPages/game/n;->c1(Ljava/lang/String;)V
0x8436,-31690,0x1572,0x1580,1576:LscriptPages/game/n;->k1(Ljava/lang/String;)V,1576:LscriptPages/game/n;->k1(Ljava/lang/String;)V,,0x1436,0x0436,1576:LscriptPages/game/n;->k1(Ljava/lang/String;)V
0x8438,-31688,0x1584,0x1592,1588:LscriptPages/game/n;->i1(Ljava/lang/String;)V,1588:LscriptPages/game/n;->i1(Ljava/lang/String;)V,,0x1438,0x0438,1588:LscriptPages/game/n;->i1(Ljava/lang/String;)V
0x843a,-31686,0x1560,0x156e,1564:LscriptPages/game/n;->f1(Ljava/lang/String;)V,1564:LscriptPages/game/n;->f1(Ljava/lang/String;)V,,0x143a,0x043a,1564:LscriptPages/game/n;->f1(Ljava/lang/String;)V
0x843c,-31684,0x15a8,0x15b6,15ac:LscriptPages/game/n;->Z0(Ljava/lang/String;)V,15ac:LscriptPages/game/n;->Z0(Ljava/lang/String;)V,,0x143c,0x043c,15ac:LscriptPages/game/n;->Z0(Ljava/lang/String;)V
0x843e,-31682,0x15ba,0x15c8,15be:LscriptPages/game/n;->g1(Ljava/lang/String;)V,15be:LscriptPages/game/n;->g1(Ljava/lang/String;)V,,0x143e reqCountryCorpNoticeModify@scriptPages/game/n->z2,0x043e,15be:LscriptPages/game/n;->g1(Ljava/lang/String;)V
0x843f,-31681,0x15cc,0x15da,15d0:LscriptPages/game/n;->d1(Ljava/lang/String;)V,15d0:LscriptPages/game/n;->d1(Ljava/lang/String;)V,,0x143f di_提示人数上限@scriptPages/game/n->z2,0x043f,15d0:LscriptPages/game/n;->d1(Ljava/lang/String;)V
0x8440,-31680,0x1638,0x1646,163c:LscriptPages/game/n;->h2(Ljava/lang/String;)V,163c:LscriptPages/game/n;->h2(Ljava/lang/String;)V,,0x1440 di_提示建国消耗@scriptPages/game/n->B2,0x0440,163c:LscriptPages/game/n;->h2(Ljava/lang/String;)V
0x8442,-31678,0x164a,0x1658,164e:LscriptPages/game/n;->g2(Ljava/lang/String;)V,164e:LscriptPages/game/n;->g2(Ljava/lang/String;)V,,0x1442 reqCreateCountry@scriptPages/game/n->f2,0x0442,164e:LscriptPages/game/n;->g2(Ljava/lang/String;)V
0x8446,-31674,0x165c,0x166a,1660:LscriptPages/game/n;->w1(Ljava/lang/String;)V,1660:LscriptPages/game/n;->w1(Ljava/lang/String;)V,,0x1446,0x0446,1660:LscriptPages/game/n;->w1(Ljava/lang/String;)V
0x8448,-31672,0x166e,0x167c,1672:LscriptPages/game/n;->o1(Ljava/lang/String;)V,1672:LscriptPages/game/n;->o1(Ljava/lang/String;)V,,0x1448,0x0448,1672:LscriptPages/game/n;->o1(Ljava/lang/String;)V
0x844b,-31669,0x1680,0x168e,1684:LscriptPages/game/n;->u1(Ljava/lang/String;)V,1684:LscriptPages/game/n;->u1(Ljava/lang/String;)V,,0x144b,0x044b,1684:LscriptPages/game/n;->u1(Ljava/lang/String;)V
0x844d,-31667,0x1692,0x16a0,1696:LscriptPages/game/n;->m1(Ljava/lang/String;)V,1696:LscriptPages/game/n;->m1(Ljava/lang/String;)V,,0x144d,0x044d,1696:LscriptPages/game/n;->m1(Ljava/lang/String;)V
0x844f,-31665,0x16a4,0x16b2,16a8:LscriptPages/game/n;->r1(Ljava/lang/String;)V,16a8:LscriptPages/game/n;->r1(Ljava/lang/String;)V,,0x144f di_提示参与建国@scriptPages/game/n->L2,0x044f,16a8:LscriptPages/game/n;->r1(Ljava/lang/String;)V
0x8450,-31664,0x16b6,0x16c4,16ba:LscriptPages/game/n;->s1(Ljava/lang/String;)V,16ba:LscriptPages/game/n;->s1(Ljava/lang/String;)V,,0x1450 reqCountryCreateMemCtrl@scriptPages/game/n->L2,0x0450,16ba:LscriptPages/game/n;->s1(Ljava/lang/String;)V
0x8452,-31662,0x15de,0x15ec,15e2:LscriptPages/game/n;->q1(Ljava/lang/String;)V,15e2:LscriptPages/game/n;->q1(Ljava/lang/String;)V,,0x1452,0x0452,15e2:LscriptPages/game/n;->q1(Ljava/lang/String;)V
0x8454,-31660,0x15f0,0x15fe,15f4:LscriptPages/game/n;->x1(Ljava/lang/String;)V,15f4:LscriptPages/game/n;->x1(Ljava/lang/String;)V,,0x1454 reqCountryCreateUseItemConverArmy@scriptPages/game/n->N2,0x0454,15f4:LscriptPages/game/n;->x1(Ljava/lang/String;)V
0x8455,-31659,0x1602,0x1610,1606:LscriptPages/game/n;->r2(Ljava/lang/String;)V,1606:LscriptPages/game/n;->r2(Ljava/lang/String;)V,,0x1455 REQ_COUNTRY_RENAME@scriptPages/game/n->a2,0x0455,1606:LscriptPages/game/n;->r2(Ljava/lang/String;)V
0x8456,-31658,0x1614,0x1622,1618:LscriptPages/game/n;->q2(Ljava/lang/String;)V,1618:LscriptPages/game/n;->q2(Ljava/lang/String;)V,,0x1456 REQ_COUNTRY_CORPS_RENAME@scriptPages/game/n->O2,0x0456,1618:LscriptPages/game/n;->q2(Ljava/lang/String;)V
0x8500,-31488,0x10ea,0x10f8,10ee:LscriptPages/game/p;->f(Ljava/lang/String;)V,10ee:LscriptPages/game/p;->f(Ljava/lang/String;)V,,0x1500,0x0500,10ee:LscriptPages/game/p;->f(Ljava/lang/String;)V
0x8502,-31486,0x10fc,0x110a,1100:LscriptPages/game/p;->c1(Ljava/lang/String;)V,1100:LscriptPages/game/p;->c1(Ljava/lang/String;)V,,0x1502 ReqExpeditionAttCityList@scriptPages/game/p->b0,0x0502,1100:LscriptPages/game/p;->c1(Ljava/lang/String;)V
0x8510,-31472,0x10b4,0x10c2,10b8:LscriptPages/game/p;->a1(Ljava/lang/String;)V,10b8:LscriptPages/game/p;->a1(Ljava/lang/String;)V,,0x1510 (unnamed)@scriptPages/game/p->Z0,0x0510,10b8:LscriptPages/game/p;->a1(Ljava/lang/String;)V
0x8512,-31470,0x1090,0x109e,1094:LscriptPages/game/p;->e(Ljava/lang/String;)V,1094:LscriptPages/game/p;->e(Ljava/lang/String;)V,,0x1512 ReqAddFavoriteSpace@scriptPages/game/p->d,0x0512,1094:LscriptPages/game/p;->e(Ljava/lang/String;)V
0x8520,-31456,0x0fe4,0x0ff2,0fe8:LscriptPages/game/p;->P(Ljava/lang/String;)V,0fe8:LscriptPages/game/p;->P(Ljava/lang/String;)V,,0x1520 expeditionPreTipInfo@scriptPages/game/p->O,0x0520,0fe8:LscriptPages/game/p;->P(Ljava/lang/String;)V
0x8522,-31454,0x0ff6,0x1004,0ffa:LscriptPages/game/p;->Q(Ljava/lang/String;)V,0ffa:LscriptPages/game/p;->Q(Ljava/lang/String;)V,,0x1522 expedition@scriptPages/game/p->N,0x0522,0ffa:LscriptPages/game/p;->Q(Ljava/lang/String;)V
0x8524,-31452,0x102c,0x103a,1030:LscriptPages/game/p;->R(Ljava/lang/String;)V,1030:LscriptPages/game/p;->R(Ljava/lang/String;)V,,0x1524,0x0524,1030:LscriptPages/game/p;->R(Ljava/lang/String;)V
0x8526,-31450,0x1008,0x1016,100c:LscriptPages/game/p;->V(Ljava/lang/String;)V,100c:LscriptPages/game/p;->V(Ljava/lang/String;)V,,0x1526 forceRecall@scriptPages/game/p->U,0x0526,100c:LscriptPages/game/p;->V(Ljava/lang/String;)V
0x8528,-31448,0x101a,0x1028,101e:LscriptPages/game/p;->j(Ljava/lang/String;)V,101e:LscriptPages/game/p;->j(Ljava/lang/String;)V,,0x1528 forceRecall@scriptPages/game/p->i; changeStrategy2@scriptPages/game/s->h0,0x0528,101e:LscriptPages/game/p;->j(Ljava/lang/String;)V
0x852b,-31445,0x10d8,0x10e6,10dc:LscriptPages/game/p;->T0(Ljava/lang/String;)V,10dc:LscriptPages/game/p;->T0(Ljava/lang/String;)V,,0x152b reqDetect@scriptPages/game/p->Q0,0x052b,10dc:LscriptPages/game/p;->T0(Ljava/lang/String;)V
0x852d,-31443,0x10c6,0x10d4,10ca:LscriptPages/game/p;->S0(Ljava/lang/String;)V,10ca:LscriptPages/game/p;->S0(Ljava/lang/String;)V,,0x152d reqDetectConsume@scriptPages/game/p->R0,0x052d,10ca:LscriptPages/game/p;->S0(Ljava/lang/String;)V
0x8540,-31424,0x0fae,0x0fbc,0fb2:LscriptPages/game/p;->l1(Ljava/lang/String;)V,0fb2:LscriptPages/game/p;->l1(Ljava/lang/String;)V,,0x1540,0x0540,0fb2:LscriptPages/game/p;->l1(Ljava/lang/String;)V
0x8542,-31422,0x0fd2,0x0fe0,0fd6:LscriptPages/game/p;->i1(Ljava/lang/String;)V,0fd6:LscriptPages/game/p;->i1(Ljava/lang/String;)V,,0x1542,0x0542,0fd6:LscriptPages/game/p;->i1(Ljava/lang/String;)V
0x8550,-31408,0x103e,0x104c,1042:LscriptPages/game/p;->W0(Ljava/lang/String;)V,1042:LscriptPages/game/p;->W0(Ljava/lang/String;)V,,0x1550,0x0550,1042:LscriptPages/game/p;->W0(Ljava/lang/String;)V
0x8552,-31406,0x1050,0x105e,1054:LscriptPages/game/p;->V0(Ljava/lang/String;)V,1054:LscriptPages/game/p;->V0(Ljava/lang/String;)V,,0x1552,0x0552,1054:LscriptPages/game/p;->V0(Ljava/lang/String;)V
0x8560,-31392,0x1070,0x107e,1074:LscriptPages/game/p;->Y0(Ljava/lang/String;)V,1074:LscriptPages/game/p;->Y0(Ljava/lang/String;)V,,0x1560 reqEnemyCountryCityList@scriptPages/game/p->g0,0x0560,1074:LscriptPages/game/p;->Y0(Ljava/lang/String;)V
0x8562,-31390,0x10a2,0x10b0,10a6:LscriptPages/game/p;->d1(Ljava/lang/String;)V,10a6:LscriptPages/game/p;->d1(Ljava/lang/String;)V,,0x1562 reqRoleFiefList@scriptPages/game/p->g0,0x0562,10a6:LscriptPages/game/p;->d1(Ljava/lang/String;)V
0x8570,-31376,0x110e,0x111c,1112:LscriptPages/game/p;->e1(Ljava/lang/String;)V,1112:LscriptPages/game/p;->e1(Ljava/lang/String;)V,,0x1570 (unnamed)@scriptPages/game/p->t0,0x0570,1112:LscriptPages/game/p;->e1(Ljava/lang/String;)V
0x8572,-31374,0x1120,0x112e,1124:LscriptPages/game/p;->U0(Ljava/lang/String;)V,1124:LscriptPages/game/p;->U0(Ljava/lang/String;)V,,0x1572 (unnamed)@scriptPages/game/p->t0,0x0572,1124:LscriptPages/game/p;->U0(Ljava/lang/String;)V
0x8574,-31372,0x1132,0x1140,1136:LscriptPages/game/p;->g1(Ljava/lang/String;)V,1136:LscriptPages/game/p;->g1(Ljava/lang/String;)V,,0x1574 (unnamed)@scriptPages/game/p->f1,0x0574,1136:LscriptPages/game/p;->g1(Ljava/lang/String;)V
0x8576,-31370,0x1144,0x1152,1148:LscriptPages/game/p;->b1(Ljava/lang/String;)V,1148:LscriptPages/game/p;->b1(Ljava/lang/String;)V,,0x1576 reqGiveUpResource@scriptPages/game/k0->k0; reqGiveUpResource@scriptPages/game/p->A1,0x0576,1148:LscriptPages/game/p;->b1(Ljava/lang/String;)V
0x8600,-31232,0x118c,0x119a,1190:LscriptPages/game/c;->I(Ljava/lang/String;)V,1190:LscriptPages/game/c;->I(Ljava/lang/String;)V,,0x1600 reqArmyAction@scriptPages/game/c->H,0x0600,1190:LscriptPages/game/c;->I(Ljava/lang/String;)V
0x8602,-31230,0x119e,0x11ac,11a2:LscriptPages/game/c;->c(Ljava/lang/String;)V,11a2:LscriptPages/game/c;->c(Ljava/lang/String;)V,,0x1602 REQ_FILTERARMY@scriptPages/game/c->b,0x0602,11a2:LscriptPages/game/c;->c(Ljava/lang/String;)V
0x8700,-30976,0x12d0,0x12de,12d4:LscriptPages/game/d;->b(Ljava/lang/String;)V,12d4:LscriptPages/game/d;->b(Ljava/lang/String;)V,,0x1700,0x0700,12d4:LscriptPages/game/d;->b(Ljava/lang/String;)V
0x8702,-30974,0x12e2,0x12f0,12e6:LscriptPages/game/s;->Y(Ljava/lang/String;)V,12e6:LscriptPages/game/s;->Y(Ljava/lang/String;)V,,0x1702,0x0702,12e6:LscriptPages/game/s;->Y(Ljava/lang/String;)V
0x8704,-30972,0x1318,0x1326,131c:LscriptPages/game/s;->d0(Ljava/lang/String;)V,131c:LscriptPages/game/s;->d0(Ljava/lang/String;)V,,0x1704 reqSelectAttAim@scriptPages/game/s->o0,0x0704,131c:LscriptPages/game/s;->d0(Ljava/lang/String;)V
0x8706,-30970,0x12f4,0x1302,12f8:LscriptPages/game/s;->V(Ljava/lang/String;)V,12f8:LscriptPages/game/s;->V(Ljava/lang/String;)V,,0x1706,0x0706,12f8:LscriptPages/game/s;->V(Ljava/lang/String;)V
0x8707,-30969,0x1306,0x1314,130a:LscriptPages/game/s;->W(Ljava/lang/String;)V,130a:LscriptPages/game/s;->W(Ljava/lang/String;)V,,0x1707 REQ_FIGHTINFO@scriptPages/game/s->c0,0x0707,130a:LscriptPages/game/s;->W(Ljava/lang/String;)V
0x8800,-30720,0x1710,0x171e,1714:LscriptPages/game/w;->g0(Ljava/lang/String;)V,1714:LscriptPages/game/w;->g0(Ljava/lang/String;)V,,0x1800,0x0800,1714:LscriptPages/game/w;->g0(Ljava/lang/String;)V
0x8802,-30718,0x1722,0x1730,1726:LscriptPages/game/w;->X(Ljava/lang/String;)V,1726:LscriptPages/game/w;->X(Ljava/lang/String;)V,,0x1802,0x0802,1726:LscriptPages/game/w;->X(Ljava/lang/String;)V
0x8804,-30716,0x1734,0x1742,1738:LscriptPages/game/w;->Y(Ljava/lang/String;)V,1738:LscriptPages/game/w;->Y(Ljava/lang/String;)V,,0x1804,0x0804,1738:LscriptPages/game/w;->Y(Ljava/lang/String;)V
0x8806,-30714,0x1746,0x1754,174a:LscriptPages/game/w;->V(Ljava/lang/String;)V,174a:LscriptPages/game/w;->V(Ljava/lang/String;)V,,0x1806 reqClanBrotherBattleReportList@scriptPages/game/w->w,0x0806,174a:LscriptPages/game/w;->V(Ljava/lang/String;)V
0x8808,-30712,0x1758,0x1766,175c:LscriptPages/game/w;->U(Ljava/lang/String;)V,175c:LscriptPages/game/w;->U(Ljava/lang/String;)V,,0x1808 di_所有结拜@scriptPages/game/w->y,0x0808,175c:LscriptPages/game/w;->U(Ljava/lang/String;)V
0x880a,-30710,0x120a,0x1218,120e:LscriptPages/game/h0;->e0(Ljava/lang/String;)V,120e:LscriptPages/game/h0;->e0(Ljava/lang/String;)V,,0x180a di_提示删发件箱@scriptPages/game/h0->l,0x080a,120e:LscriptPages/game/h0;->e0(Ljava/lang/String;)V
0x880d,-30707,0x176a,0x1778,176e:LscriptPages/game/w;->h0(Ljava/lang/String;)V,176e:LscriptPages/game/w;->h0(Ljava/lang/String;)V,,0x180d,0x080d,176e:LscriptPages/game/w;->h0(Ljava/lang/String;)V
0x8900,-30464,0x178e,0x179c,1792:LscriptPages/game/f;->P(Ljava/lang/String;)V,1792:LscriptPages/game/f;->P(Ljava/lang/String;)V,,0x1900 (unnamed)@scriptPages/game/f->O,0x0900,1792:LscriptPages/game/f;->P(Ljava/lang/String;)V
0x8902,-30462,0x17d6,0x17e4,17da:LscriptPages/game/f;->X(Ljava/lang/String;)V,17da:LscriptPages/game/f;->X(Ljava/lang/String;)V,,0x1902 (unnamed)@scriptPages/game/f->r,0x0902,17da:LscriptPages/game/f;->X(Ljava/lang/String;)V
0x8904,-30460,0x17a0,0x17ae,17a4:LscriptPages/game/f;->T(Ljava/lang/String;)V,17a4:LscriptPages/game/f;->T(Ljava/lang/String;)V,,0x1904 (unnamed)@scriptPages/game/f->Q,0x0904,17a4:LscriptPages/game/f;->T(Ljava/lang/String;)V
0x8906,-30458,0x17c4,0x17d2,17c8:LscriptPages/game/f;->S(Ljava/lang/String;)V,17c8:LscriptPages/game/f;->S(Ljava/lang/String;)V,,0x1906 (unnamed)@scriptPages/game/f->R,0x0906,17c8:LscriptPages/game/f;->S(Ljava/lang/String;)V
0x8908,-30456,0x17b2,0x17c0,17b6:LscriptPages/game/f;->a0(Ljava/lang/String;)V,17b6:LscriptPages/game/f;->a0(Ljava/lang/String;)V,,0x1908 reqHurdleSelect@scriptPages/game/f->W,0x0908,17b6:LscriptPages/game/f;->a0(Ljava/lang/String;)V
0x890a,-30454,0x17e8,0x17f6,17ec:LscriptPages/game/f;->Y(Ljava/lang/String;)V,17ec:LscriptPages/game/f;->Y(Ljava/lang/String;)V,,0x190a (unnamed)@scriptPages/game/f->b0,0x090a,17ec:LscriptPages/game/f;->Y(Ljava/lang/String;)V
0x890c,-30452,0x17fa,0x1808,17fe:LscriptPages/game/f;->V(Ljava/lang/String;)V,17fe:LscriptPages/game/f;->V(Ljava/lang/String;)V,,0x190c (unnamed)@scriptPages/game/f->U,0x090c,17fe:LscriptPages/game/f;->V(Ljava/lang/String;)V
0x890e,-30450,0x1830,0x183e,1834:LscriptPages/game/f;->M(Ljava/lang/String;)V,1834:LscriptPages/game/f;->M(Ljava/lang/String;)V,,0x190e (unnamed)@scriptPages/game/f->L,0x090e,1834:LscriptPages/game/f;->M(Ljava/lang/String;)V
0x8910,-30448,0x1842,0x1850,1846:LscriptPages/game/f;->Z(Ljava/lang/String;)V,1846:LscriptPages/game/f;->Z(Ljava/lang/String;)V,,0x1910,0x0910,1846:LscriptPages/game/f;->Z(Ljava/lang/String;)V
0x8912,-30446,0x1866,0x1874,186a:LscriptPages/game/f;->J(Ljava/lang/String;)V,186a:LscriptPages/game/f;->J(Ljava/lang/String;)V,,0x1912,0x0912,186a:LscriptPages/game/f;->J(Ljava/lang/String;)V
0x8914,-30444,0x1854,0x1862,1858:LscriptPages/game/f;->N(Ljava/lang/String;)V,1858:LscriptPages/game/f;->N(Ljava/lang/String;)V,,0x1914 (unnamed)@scriptPages/game/f->i0,0x0914,1858:LscriptPages/game/f;->N(Ljava/lang/String;)V
0x8916,-30442,0x180c,0x181a,1810:LscriptPages/game/h0;->Y(Ljava/lang/String;)V,1810:LscriptPages/game/h0;->Y(Ljava/lang/String;)V,,0x1916,0x0916,1810:LscriptPages/game/h0;->Y(Ljava/lang/String;)V
0x8918,-30440,0x181e,0x182c,1822:LscriptPages/game/f;->b(Ljava/lang/String;)V,1822:LscriptPages/game/f;->b(Ljava/lang/String;)V,,0x1918 ReqInDiaNaDrenation@scriptPages/game/f->a,0x0918,1822:LscriptPages/game/f;->b(Ljava/lang/String;)V
0x8920,-30432,0x1908,0x1916,190c:LscriptPages/data/g;->y4(Ljava/lang/String;)V,190c:LscriptPages/data/g;->y4(Ljava/lang/String;)V,,0x1920,0x0920,190c:LscriptPages/data/g;->y4(Ljava/lang/String;)V
0x8921,-30431,0x1962,0x1970,1966:La0/a;->b2(Ljava/lang/String;)V,1966:La0/a;->b2(Ljava/lang/String;)V,,0x1921 reqShiftServerPreview@scriptPages/gameHD/f->p,0x0921,1966:La0/a;->b2(Ljava/lang/String;)V
0x8922,-30430,0x191a,0x1928,191e:LscriptPages/data/g;->x4(Ljava/lang/String;)V,191e:LscriptPages/data/g;->x4(Ljava/lang/String;)V,,0x1922 di_提示请转服资格@scriptPages/data/g->P4,0x0922,191e:LscriptPages/data/g;->x4(Ljava/lang/String;)V
0x8923,-30429,0x1974,0x1982,1978:La0/a;->Z1(Ljava/lang/String;)V,1978:La0/a;->Z1(Ljava/lang/String;)V,,0x1923 reqShiftServerAbleBatch@a0/a->l1,0x0923,1978:La0/a;->Z1(Ljava/lang/String;)V
0x8924,-30428,0x192c,0x193a,1930:LscriptPages/data/g;->z4(Ljava/lang/String;)V,1930:LscriptPages/data/g;->z4(Ljava/lang/String;)V,,0x1924 reqShiftserverCommit@scriptPages/data/g->P4,0x0924,1930:LscriptPages/data/g;->z4(Ljava/lang/String;)V
0x8925,-30427,0x1986,0x1994,198a:La0/a;->a2(Ljava/lang/String;)V,198a:La0/a;->a2(Ljava/lang/String;)V,,0x1925 reqShiftServerCommitBatch@a0/a->h2,0x0925,198a:La0/a;->a2(Ljava/lang/String;)V
0x8926,-30426,0x193e,0x194c,1942:LscriptPages/data/g;->A4(Ljava/lang/String;)V,1942:LscriptPages/data/g;->A4(Ljava/lang/String;)V,,0x1926 (unnamed)@scriptPages/data/g->R3,0x0926,1942:LscriptPages/data/g;->A4(Ljava/lang/String;)V
0x8928,-30424,0x1950,0x195e,1954:LscriptPages/data/g;->j(Ljava/lang/String;)V,1954:LscriptPages/data/g;->j(Ljava/lang/String;)V,,0x1928 cancelShiftServer@scriptPages/data/g->i,0x0928,1954:LscriptPages/data/g;->j(Ljava/lang/String;)V
0x8930,-30416,0x1998,0x19a6,199c:LscriptPages/game/x;->M(Ljava/lang/String;)V,199c:LscriptPages/game/x;->M(Ljava/lang/String;)V,,0x1930 (unnamed)@scriptPages/game/x->C,0x0930,199c:LscriptPages/game/x;->M(Ljava/lang/String;)V
0x8932,-30414,0x19aa,0x19b8,19ae:LscriptPages/game/x;->I(Ljava/lang/String;)V,19ae:LscriptPages/game/x;->I(Ljava/lang/String;)V,,0x1932 reqFBGroups@scriptPages/game/x->A,0x0932,19ae:LscriptPages/game/x;->I(Ljava/lang/String;)V
0x8934,-30412,0x19bc,0x19ca,19c0:LscriptPages/game/x;->J(Ljava/lang/String;)V,19c0:LscriptPages/game/x;->J(Ljava/lang/String;)V,,0x1934 di_联网副本加入@scriptPages/game/x->X,0x0934,19c0:LscriptPages/game/x;->J(Ljava/lang/String;)V
0x8936,-30410,0x19ce,0x19dc,19d2:LscriptPages/game/x;->P(Ljava/lang/String;)V,19d2:LscriptPages/game/x;->P(Ljava/lang/String;)V,,0x1936 reqFBTeamDetail@scriptPages/game/x->F,0x0936,19d2:LscriptPages/game/x;->P(Ljava/lang/String;)V
0x8938,-30408,0x19e0,0x19ee,19e4:LscriptPages/game/x;->O(Ljava/lang/String;)V,19e4:LscriptPages/game/x;->O(Ljava/lang/String;)V,,0x1938 (unnamed)@scriptPages/game/x->E,0x0938,19e4:LscriptPages/game/x;->O(Ljava/lang/String;)V
0x893a,-30406,0x19f2,0x1a00,19f6:LscriptPages/game/x;->G(Ljava/lang/String;)V,19f6:LscriptPages/game/x;->G(Ljava/lang/String;)V,,0x193a reqFBExitTeam@scriptPages/game/x->V,0x093a,19f6:LscriptPages/game/x;->G(Ljava/lang/String;)V
0x893b,-30405,0x1a04,0x1a12,1a08:LscriptPages/game/x;->N(Ljava/lang/String;)V,1a08:LscriptPages/game/x;->N(Ljava/lang/String;)V,,0x193b reqFBStart@scriptPages/game/x->D,0x093b,1a08:LscriptPages/game/x;->N(Ljava/lang/String;)V
0x893c,-30404,0x1a16,0x1a24,1a1a:LscriptPages/game/x;->K(Ljava/lang/String;)V,1a1a:LscriptPages/game/x;->K(Ljava/lang/String;)V,,0x193c reqFBRecords@scriptPages/game/x->n,0x093c,1a1a:LscriptPages/game/x;->K(Ljava/lang/String;)V
0x893d,-30403,0x1a28,0x1a36,1a2c:LscriptPages/game/x;->H(Ljava/lang/String;)V,1a2c:LscriptPages/game/x;->H(Ljava/lang/String;)V,,0x193d ...@scriptPages/game/x->O; 1@scriptPages/game/x->V,0x093d,1a2c:LscriptPages/game/x;->H(Ljava/lang/String;)V
0x893e,-30402,0x1a3a,0x1a48,1a3e:LscriptPages/game/x;->L(Ljava/lang/String;)V,1a3e:LscriptPages/game/x;->L(Ljava/lang/String;)V,,0x193e,0x093e,1a3e:LscriptPages/game/x;->L(Ljava/lang/String;)V
0x9001,-28671,0x14bc,0x14ca,14c0:LscriptPages/game/n;->U0(Ljava/lang/String;)V,14c0:LscriptPages/game/n;->U0(Ljava/lang/String;)V,,0x2001 reqCountryAssignResource@scriptPages/game/n->T0,"0x1001 v1, """"@scriptPages/game/a0->U",14c0:LscriptPages/game/n;->U0(Ljava/lang/String;)V
0x9002,-28670,0x14aa,0x14b8,14ae:LscriptPages/game/n;->W0(Ljava/lang/String;)V,14ae:LscriptPages/game/n;->W0(Ljava/lang/String;)V,,0x2002 reqCountryAssignResourceTip@scriptPages/game/n->V0,0x1002,14ae:LscriptPages/game/n;->W0(Ljava/lang/String;)V
0x9003,-28669,0x0fc0,0x0fce,0fc4:LscriptPages/game/p;->j1(Ljava/lang/String;)V,0fc4:LscriptPages/game/p;->j1(Ljava/lang/String;)V,,0x2003 (unnamed)@scriptPages/game/p->A0; thiefLable@scriptPages/game/p->x1,0x1003 loginBaseinfo@scriptPages/game/b0->P0,0fc4:LscriptPages/game/p;->j1(Ljava/lang/String;)V
0xa110,-24304,0x24a8,0x24b6,24ac:La0/a;->D1(Ljava/lang/String;)V,24ac:La0/a;->D1(Ljava/lang/String;)V,,0x3110 REQ_HD_LIVEPACKET@scriptPages/PageMain->runLivePacket,0x2110,24ac:La0/a;->D1(Ljava/lang/String;)V
0xa129,-24279,0x24ba,0x24c8,24be:La0/a;->I1(Ljava/lang/String;)V,24be:La0/a;->I1(Ljava/lang/String;)V,,0x3129 reqSetNewhandGuideInfo@scriptPages/gameHD/j->A; reqSetNewhandGuideInfo@scriptPages/gameHD/j->a,0x2129,24be:La0/a;->I1(Ljava/lang/String;)V
0xa130,-24272,0x24cc,0x24da,24d0:La0/a;->F1(Ljava/lang/String;)V,24d0:La0/a;->F1(Ljava/lang/String;)V,,0x3130 (unnamed)@a0/a->E1,0x2130,24d0:La0/a;->F1(Ljava/lang/String;)V
0xa131,-24271,0x24de,0x24ec,24e2:La0/a;->H1(Ljava/lang/String;)V,24e2:La0/a;->H1(Ljava/lang/String;)V,,0x3131,0x2131,24e2:La0/a;->H1(Ljava/lang/String;)V
0xa132,-24270,0x2514,0x2522,2518:LscriptPages/gameHD/k;->K(Ljava/lang/String;)V,2518:LscriptPages/gameHD/k;->K(Ljava/lang/String;)V,,0x3132,0x2132,2518:LscriptPages/gameHD/k;->K(Ljava/lang/String;)V
0xa144,-24252,0x24f0,0x24fe,24f4:La0/a;->N1(Ljava/lang/String;)V,24f4:La0/a;->N1(Ljava/lang/String;)V,,0x3144 reqUseItem@a0/a->M1,0x2144,24f4:La0/a;->N1(Ljava/lang/String;)V
0xa14b,-24245,0x2502,0x2510,2506:LscriptPages/gameHD/k;->E(Ljava/lang/String;)V,2506:LscriptPages/gameHD/k;->E(Ljava/lang/String;)V,,0x314b,0x214b,2506:LscriptPages/gameHD/k;->E(Ljava/lang/String;)V
0xa160,-24224,0x2526,0x2534,252a:LscriptPages/gameHD/i;->p(Ljava/lang/String;)V,252a:LscriptPages/gameHD/i;->p(Ljava/lang/String;)V,,0x3160,0x2160,252a:LscriptPages/gameHD/i;->p(Ljava/lang/String;)V
0xa162,-24222,0x2538,0x2546,253c:LscriptPages/gameHD/i;->r(Ljava/lang/String;)V,253c:LscriptPages/gameHD/i;->r(Ljava/lang/String;)V,,0x3162,0x2162,253c:LscriptPages/gameHD/i;->r(Ljava/lang/String;)V
0xa180,-24192,0x254a,0x2558,254e:LscriptPages/gameHD/k;->N(Ljava/lang/String;)V,254e:LscriptPages/gameHD/k;->N(Ljava/lang/String;)V,,0x3180 reqAchievementList@scriptPages/gameHD/k->C,0x2180,254e:LscriptPages/gameHD/k;->N(Ljava/lang/String;)V
0xa181,-24191,0x25b2,0x25be,25b6:LscriptPages/game/i0;->y(Ljava/lang/String;)V,25b6:LscriptPages/game/i0;->y(Ljava/lang/String;)V,,0x3181,0x2181,25b6:LscriptPages/game/i0;->y(Ljava/lang/String;)V
0xa182,-24190,0x255c,0x256a,2560:LscriptPages/gameHD/k;->M(Ljava/lang/String;)V,2560:LscriptPages/gameHD/k;->M(Ljava/lang/String;)V,,0x3182 reqAchievementCont@scriptPages/gameHD/k->B,0x2182,2560:LscriptPages/gameHD/k;->M(Ljava/lang/String;)V
0xa183,-24189,0x256e,0x257c,2572:LscriptPages/gameHD/k;->Q(Ljava/lang/String;)V,2572:LscriptPages/gameHD/k;->Q(Ljava/lang/String;)V,,0x3183 reqNicknameList@scriptPages/gameHD/k->H,0x2183,2572:LscriptPages/gameHD/k;->Q(Ljava/lang/String;)V
0xa184,-24188,0x2592,0x259e,2596:LscriptPages/gameHD/k;->O(Ljava/lang/String;)V,2596:LscriptPages/gameHD/k;->O(Ljava/lang/String;)V,,0x3184,0x2184,2596:LscriptPages/gameHD/k;->O(Ljava/lang/String;)V
0xa186,-24186,0x2580,0x258e,2584:LscriptPages/gameHD/k;->L(Ljava/lang/String;)V,2584:LscriptPages/gameHD/k;->L(Ljava/lang/String;)V,,0x3186 di_联网请求内容@scriptPages/gameHD/k->W,0x2186,2584:LscriptPages/gameHD/k;->L(Ljava/lang/String;)V
0xa187,-24185,0x25a2,0x25ae,25a6:LscriptPages/gameHD/k;->P(Ljava/lang/String;)V,25a6:LscriptPages/gameHD/k;->P(Ljava/lang/String;)V,,0x3187,0x2187,25a6:LscriptPages/gameHD/k;->P(Ljava/lang/String;)V
0xa252,-23982,0x25c2,0x25ce,25c6:La0/a;->C1(Ljava/lang/String;)V,25c6:La0/a;->C1(Ljava/lang/String;)V,,0x3252,0x2252,25c6:La0/a;->C1(Ljava/lang/String;)V
0xa271,-23951,0x25d2,0x25de,25d6:La0/a;->z1(Ljava/lang/String;)V,25d6:La0/a;->z1(Ljava/lang/String;)V,,0x3271,0x2271,25d6:La0/a;->z1(Ljava/lang/String;)V
0xa273,-23949,0x25e2,0x25ee,25e6:La0/a;->A1(Ljava/lang/String;)V,25e6:La0/a;->A1(Ljava/lang/String;)V,,0x3273,0x2273,25e6:La0/a;->A1(Ljava/lang/String;)V
0xa940,-22208,0x25f2,0x25fe,25f6:Lo/a;->i7(Ljava/lang/String;)V,25f6:Lo/a;->i7(Ljava/lang/String;)V,,0x3940 (unnamed)@scriptPages/game/q0->q0,0x2940,25f6:Lo/a;->i7(Ljava/lang/String;)V
0xa941,-22207,0x2602,0x260e,2606:Lo/a;->h7(Ljava/lang/String;)V,2606:Lo/a;->h7(Ljava/lang/String;)V,,0x3941,0x2941,2606:Lo/a;->h7(Ljava/lang/String;)V
0xe001,-8191,0x1a78,0x1a86,1a7c:LscriptPages/game/q0;->F1(Ljava/lang/String;)V,1a7c:LscriptPages/game/q0;->F1(Ljava/lang/String;)V,,0x7001,0x6001,1a7c:LscriptPages/game/q0;->F1(Ljava/lang/String;)V
0xe002,-8190,0x1a8a,0x1a98,1a8e:LscriptPages/game/q0;->G1(Ljava/lang/String;)V,1a8e:LscriptPages/game/q0;->G1(Ljava/lang/String;)V,,0x7002,0x6002,1a8e:LscriptPages/game/q0;->G1(Ljava/lang/String;)V
0xe003,-8189,0x1a9c,0x1aaa,1aa0:LscriptPages/game/q0;->D1(Ljava/lang/String;)V,1aa0:LscriptPages/game/q0;->D1(Ljava/lang/String;)V,,0x7003,0x6003 friendtaskreturn@scriptPages/game/q0->c2; (unnamed)@scriptPages/game/q0->c2,1aa0:LscriptPages/game/q0;->D1(Ljava/lang/String;)V
0xe004,-8188,0x1aae,0x1abc,1ab2:LscriptPages/game/q0;->t1(Ljava/lang/String;)V,1ab2:LscriptPages/game/q0;->t1(Ljava/lang/String;)V,,0x7004,0x6004 (unnamed)@scriptPages/game/q0->c2,1ab2:LscriptPages/game/q0;->t1(Ljava/lang/String;)V
0xe005,-8187,0x1ac0,0x1ace,1ac4:LscriptPages/game/q0;->E1(Ljava/lang/String;)V,1ac4:LscriptPages/game/q0;->E1(Ljava/lang/String;)V,,0x7005,0x6005,1ac4:LscriptPages/game/q0;->E1(Ljava/lang/String;)V
0xe007,-8185,0x1ad2,0x1ae0,1ad6:LscriptPages/game/q0;->o1(Ljava/lang/String;)V,1ad6:LscriptPages/game/q0;->o1(Ljava/lang/String;)V,,0x7007,"0x6007 领取成功!
@scriptPages/game/q0->v1",1ad6:LscriptPages/game/q0;->o1(Ljava/lang/String;)V
0xe008,-8184,0x1ae4,0x1af2,1ae8:LscriptPages/game/q0;->v1(Ljava/lang/String;)V,1ae8:LscriptPages/game/q0;->v1(Ljava/lang/String;)V,,0x7008,0x6008,1ae8:LscriptPages/game/q0;->v1(Ljava/lang/String;)V
0xe009,-8183,0x1af6,0x1b04,1afa:LscriptPages/game/q0;->z1(Ljava/lang/String;)V,1afa:LscriptPages/game/q0;->z1(Ljava/lang/String;)V,,0x7009,"0x6009 领取成功!
@scriptPages/game/q0->x1",1afa:LscriptPages/game/q0;->z1(Ljava/lang/String;)V
0xe00a,-8182,0x1b08,0x1b16,1b0c:LscriptPages/game/q0;->x1(Ljava/lang/String;)V,1b0c:LscriptPages/game/q0;->x1(Ljava/lang/String;)V,,0x700a,0x600a,1b0c:LscriptPages/game/q0;->x1(Ljava/lang/String;)V
0xe00b,-8181,0x1b1a,0x1b28,1b1e:LscriptPages/game/q0;->s1(Ljava/lang/String;)V,1b1e:LscriptPages/game/q0;->s1(Ljava/lang/String;)V,,0x700b,0x600b 数量1@scriptPages/gameHD/i->t,1b1e:LscriptPages/game/q0;->s1(Ljava/lang/String;)V
0xe00c,-8180,0x1b2c,0x1b3a,1b30:LscriptPages/game/q0;->I1(Ljava/lang/String;)V,1b30:LscriptPages/game/q0;->I1(Ljava/lang/String;)V,,0x700c,0x600c 信息加载中...@scriptPages/game/q0->b1,1b30:LscriptPages/game/q0;->I1(Ljava/lang/String;)V
0xe010,-8176,0x1b3e,0x1b4c,1b42:LscriptPages/game/q0;->n1(Ljava/lang/String;)V,1b42:LscriptPages/game/q0;->n1(Ljava/lang/String;)V,,0x7010,"0x6010 领取成功!
@scriptPages/game/q0->u1",1b42:LscriptPages/game/q0;->n1(Ljava/lang/String;)V
0xe012,-8174,0x1b50,0x1b5e,1b54:LscriptPages/game/q0;->u1(Ljava/lang/String;)V,1b54:LscriptPages/game/q0;->u1(Ljava/lang/String;)V,,0x7012,0x6012,1b54:LscriptPages/game/q0;->u1(Ljava/lang/String;)V
0xe014,-8172,0x1b62,0x1b70,1b66:LscriptPages/game/q0;->y1(Ljava/lang/String;)V,1b66:LscriptPages/game/q0;->y1(Ljava/lang/String;)V,,0x7014,"0x6014 领取成功!
@scriptPages/game/q0->w1",1b66:LscriptPages/game/q0;->y1(Ljava/lang/String;)V
0xe016,-8170,0x1b74,0x1b82,1b78:LscriptPages/game/q0;->w1(Ljava/lang/String;)V,1b78:LscriptPages/game/q0;->w1(Ljava/lang/String;)V,,0x7016,0x6016,1b78:LscriptPages/game/q0;->w1(Ljava/lang/String;)V
0xe018,-8168,0x1b86,0x1b94,1b8a:LscriptPages/game/q0;->H1(Ljava/lang/String;)V,1b8a:LscriptPages/game/q0;->H1(Ljava/lang/String;)V,,0x7018,0x6018 信息加载中...@scriptPages/game/q0->a1,1b8a:LscriptPages/game/q0;->H1(Ljava/lang/String;)V
0xe200,-7680,0x1c30,0x1c3e,1c34:LscriptPages/gameHD/a;->h(Ljava/lang/String;)V,1c34:LscriptPages/gameHD/a;->h(Ljava/lang/String;)V,,0x7200,0x6200 houyedu@scriptPages/gameHD/a->f,1c34:LscriptPages/gameHD/a;->h(Ljava/lang/String;)V
0xe202,-7678,0x1c54,0x1c62,1c58:LscriptPages/gameHD/a;->g(Ljava/lang/String;)V,1c58:LscriptPages/gameHD/a;->g(Ljava/lang/String;)V,,0x7202,0x6202 di_正在请求签到@scriptPages/gameHD/a->e,1c58:LscriptPages/gameHD/a;->g(Ljava/lang/String;)V
0xe204,-7676,0x1c42,0x1c50,1c46:LscriptPages/gameHD/a;->j(Ljava/lang/String;)V,1c46:LscriptPages/gameHD/a;->j(Ljava/lang/String;)V,,0x7204,0x6204,1c46:LscriptPages/gameHD/a;->j(Ljava/lang/String;)V
0xe206,-7674,0x1c66,0x1c74,1c6a:LscriptPages/gameHD/a;->i(Ljava/lang/String;)V,1c6a:LscriptPages/gameHD/a;->i(Ljava/lang/String;)V,,0x7206,0x6206,1c6a:LscriptPages/gameHD/a;->i(Ljava/lang/String;)V
0xe208,-7672,0x1baa,0x1c1a,1bae:LscriptPages/data/g;->B0()Ljava/lang/String;,1bae:LscriptPages/data/g;->B0()Ljava/lang/String; || 1bc6:LscriptPages/data/g;->D0()Ljava/lang/String; || 1bda:LscriptPages/data/g;->B0()Ljava/lang/String; || 1bee:LscriptPages/data/g;->D0()Ljava/lang/String; || 1c06:LscriptPages/game/q0;->p1(Ljava/lang/String;)V || 1c10:LscriptPages/game/q0;->q1(Ljava/lang/String;)V,,0x7208,0x6208,1bae:LscriptPages/data/g;->B0()Ljava/lang/String; || 1bba:Ljava/lang/String;->startsWith(Ljava/lang/String;)Z || 1bc6:LscriptPages/data/g;->D0()Ljava/lang/String; || 1bce:Ljava/lang/String;->startsWith(Ljava/lang/String;)Z || 1bda:LscriptPages/data/g;->B0()Ljava/lang/String; || 1be2:Ljava/lang/String;->startsWith(Ljava/lang/String;)Z || 1bee:LscriptPages/data/g;->D0()Ljava/lang/String; || 1bfa:Ljava/lang/String;->startsWith(Ljava/lang/String;)Z || 1c06:LscriptPages/game/q0;->p1(Ljava/lang/String;)V || 1c10:LscriptPages/game/q0;->q1(Ljava/lang/String;)V
0xe220,-7648,0x1c78,0x1c86,1c7c:LscriptPages/gameHD/m;->C(Ljava/lang/String;)V,1c7c:LscriptPages/gameHD/m;->C(Ljava/lang/String;)V,,0x7220,0x6220 di_联网请求数据中@scriptPages/gameHD/m->m,1c7c:LscriptPages/gameHD/m;->C(Ljava/lang/String;)V
0xe221,-7647,0x1c8a,0x1c98,1c8e:LscriptPages/gameHD/m;->u(Ljava/lang/String;)V,1c8e:LscriptPages/gameHD/m;->u(Ljava/lang/String;)V,,0x7221,0x6221 (unnamed)@scriptPages/gameHD/m->t,1c8e:LscriptPages/gameHD/m;->u(Ljava/lang/String;)V
0xe222,-7646,0x1c9c,0x1caa,1ca0:LscriptPages/gameHD/m;->w(Ljava/lang/String;)V,1ca0:LscriptPages/gameHD/m;->w(Ljava/lang/String;)V,,0x7222,0x6222 (unnamed)@scriptPages/gameHD/m->v,1ca0:LscriptPages/gameHD/m;->w(Ljava/lang/String;)V
0xe223,-7645,0x1cae,0x1cbc,1cb2:LscriptPages/gameHD/m;->y(Ljava/lang/String;)V,1cb2:LscriptPages/gameHD/m;->y(Ljava/lang/String;)V,,0x7223,0x6223 (unnamed)@scriptPages/gameHD/m->x,1cb2:LscriptPages/gameHD/m;->y(Ljava/lang/String;)V
0xe224,-7644,0x1cc0,0x1cce,1cc4:LscriptPages/gameHD/m;->s(Ljava/lang/String;)V,1cc4:LscriptPages/gameHD/m;->s(Ljava/lang/String;)V,,0x7224,0x6224,1cc4:LscriptPages/gameHD/m;->s(Ljava/lang/String;)V
0xe230,-7632,0x1cd2,0x1ce0,1cd6:LscriptPages/game/h0;->e(Ljava/lang/String;)V,1cd6:LscriptPages/game/h0;->e(Ljava/lang/String;)V,,0x7230,0x6230 CSLIST@scriptPages/game/h0->I,1cd6:LscriptPages/game/h0;->e(Ljava/lang/String;)V
0xe232,-7630,0x1ce4,0x1cf2,1ce8:LscriptPages/game/h0;->f(Ljava/lang/String;)V,1ce8:LscriptPages/game/h0;->f(Ljava/lang/String;)V,,0x7232,0x6232 CSFAQLIST@scriptPages/game/h0->h,1ce8:LscriptPages/game/h0;->f(Ljava/lang/String;)V
0xe236,-7626,0x1cf6,0x1d04,1cfa:LscriptPages/game/h0;->d(Ljava/lang/String;)V,1cfa:LscriptPages/game/h0;->d(Ljava/lang/String;)V,,0x7236,0x6236,1cfa:LscriptPages/game/h0;->d(Ljava/lang/String;)V
0xe250,-7600,0x1d08,0x1d16,1d0c:LscriptPages/game/q;->r1(Ljava/lang/String;)V,1d0c:LscriptPages/game/q;->r1(Ljava/lang/String;)V,,0x7250,0x6250 reqEmplyInfo@scriptPages/game/q->f1,1d0c:LscriptPages/game/q;->r1(Ljava/lang/String;)V
0xe260,-7584,0x1d1a,0x1d28,1d1e:LscriptPages/gameHD/b;->u(Ljava/lang/String;)V,1d1e:LscriptPages/gameHD/b;->u(Ljava/lang/String;)V,,0x7260,0x6260,1d1e:LscriptPages/gameHD/b;->u(Ljava/lang/String;)V
0xe261,-7583,0x1dbc,0x1dca,1dc0:LscriptPages/gameHD/b;->J(Ljava/lang/String;)V,1dc0:LscriptPages/gameHD/b;->J(Ljava/lang/String;)V,,0x7261,0x6261,1dc0:LscriptPages/gameHD/b;->J(Ljava/lang/String;)V
0xe262,-7582,0x1d50,0x1d5e,1d54:LscriptPages/gameHD/b;->y(Ljava/lang/String;)V,1d54:LscriptPages/gameHD/b;->y(Ljava/lang/String;)V,,0x7262,0x6262 Arena_Mainmenu@scriptPages/gameHD/b->K,1d54:LscriptPages/gameHD/b;->y(Ljava/lang/String;)V
0xe264,-7580,0x1d2c,0x1d3a,1d30:LscriptPages/gameHD/b;->v(Ljava/lang/String;)V,1d30:LscriptPages/gameHD/b;->v(Ljava/lang/String;)V,,0x7264,0x6264 ArenaShopMsg@scriptPages/gameHD/b->o,1d30:LscriptPages/gameHD/b;->v(Ljava/lang/String;)V
0xe266,-7578,0x1d62,0x1d70,1d66:LscriptPages/gameHD/b;->s(Ljava/lang/String;)V,1d66:LscriptPages/gameHD/b;->s(Ljava/lang/String;)V,,0x7266,0x6266,1d66:LscriptPages/gameHD/b;->s(Ljava/lang/String;)V
0xe268,-7576,0x1d3e,0x1d4c,1d42:LscriptPages/gameHD/b;->w(Ljava/lang/String;)V,1d42:LscriptPages/gameHD/b;->w(Ljava/lang/String;)V,,0x7268,0x6268 ArenaSolidInfo@scriptPages/gameHD/b->p,1d42:LscriptPages/gameHD/b;->w(Ljava/lang/String;)V
0xe26a,-7574,0x1d74,0x1d82,1d78:LscriptPages/gameHD/b;->t(Ljava/lang/String;)V,1d78:LscriptPages/gameHD/b;->t(Ljava/lang/String;)V,,0x726a,0x626a ArenaGenChange@scriptPages/gameHD/b->m,1d78:LscriptPages/gameHD/b;->t(Ljava/lang/String;)V
0xe26c,-7572,0x1d86,0x1d94,1d8a:LscriptPages/gameHD/b;->q(Ljava/lang/String;)V,1d8a:LscriptPages/gameHD/b;->q(Ljava/lang/String;)V,,0x726c,0x626c,1d8a:LscriptPages/gameHD/b;->q(Ljava/lang/String;)V
0xe26e,-7570,0x1d98,0x1da6,1d9c:LscriptPages/gameHD/b;->r(Ljava/lang/String;)V,1d9c:LscriptPages/gameHD/b;->r(Ljava/lang/String;)V,,0x726e,0x626e ArenaBattle@scriptPages/gameHD/b->l,1d9c:LscriptPages/gameHD/b;->r(Ljava/lang/String;)V
0xe270,-7568,0x1daa,0x1db8,1dae:LscriptPages/gameHD/b;->x(Ljava/lang/String;)V,1dae:LscriptPages/gameHD/b;->x(Ljava/lang/String;)V,,0x7270,0x6270 ArenaTeamStrategy@scriptPages/gameHD/b->K,1dae:LscriptPages/gameHD/b;->x(Ljava/lang/String;)V
0xe272,-7566,0x1dce,0x1ddc,1dd2:Lu/e;->g(Ljava/lang/String;)V,1dd2:Lu/e;->g(Ljava/lang/String;)V,,0x7272,0x6272 测试分享-------------：分享成功@u/e->d,1dd2:Lu/e;->g(Ljava/lang/String;)V
0xe273,-7565,0x1de0,0x1dee,1de4:LscriptPages/data/g;->k4(Ljava/lang/String;)V,1de4:LscriptPages/data/g;->k4(Ljava/lang/String;)V,,0x7273,0x6273,1de4:LscriptPages/data/g;->k4(Ljava/lang/String;)V
0xe274,-7564,0x1df2,0x1e00,1df6:LscriptPages/data/g;->D4(Ljava/lang/String;)V,1df6:LscriptPages/data/g;->D4(Ljava/lang/String;)V,,0x7274,0x6274,1df6:LscriptPages/data/g;->D4(Ljava/lang/String;)V
0xe275,-7563,0x1e04,0x1e12,1e08:LscriptPages/data/g;->l4(Ljava/lang/String;)V,1e08:LscriptPages/data/g;->l4(Ljava/lang/String;)V,,0x7275,0x6275 di_联网数据载入中@scriptPages/data/g->O4,1e08:LscriptPages/data/g;->l4(Ljava/lang/String;)V
0xe276,-7562,0x1e16,0x1e24,1e1a:LscriptPages/data/g;->j4(Ljava/lang/String;)V,1e1a:LscriptPages/data/g;->j4(Ljava/lang/String;)V,,0x7276,0x6276,1e1a:LscriptPages/data/g;->j4(Ljava/lang/String;)V
0xe277,-7561,0x1e28,0x1e36,1e2c:LscriptPages/data/g;->h4(Ljava/lang/String;)V,1e2c:LscriptPages/data/g;->h4(Ljava/lang/String;)V,,0x7277,0x6277 di_请求中@scriptPages/data/g->O4,1e2c:LscriptPages/data/g;->h4(Ljava/lang/String;)V
0xe278,-7560,0x1e4c,0x1e5a,1e50:LscriptPages/data/g;->g4(Ljava/lang/String;)V,1e50:LscriptPages/data/g;->g4(Ljava/lang/String;)V,,0x7278,0x6278,1e50:LscriptPages/data/g;->g4(Ljava/lang/String;)V
0xe279,-7559,0x1e3a,0x1e48,1e3e:LscriptPages/data/g;->p4(Ljava/lang/String;)V,1e3e:LscriptPages/data/g;->p4(Ljava/lang/String;)V,,0x7279,0x6279,1e3e:LscriptPages/data/g;->p4(Ljava/lang/String;)V
0xe27a,-7558,0x1e5e,0x1e6c,1e62:LscriptPages/data/g;->E4(Ljava/lang/String;)V,1e62:LscriptPages/data/g;->E4(Ljava/lang/String;)V,,0x727a,0x627a REQ_XUNBAO_INFO@scriptPages/data/g->J2,1e62:LscriptPages/data/g;->E4(Ljava/lang/String;)V
0xe27b,-7557,0x1e70,0x1e7e,1e74:LscriptPages/data/g;->q4(Ljava/lang/String;)V,1e74:LscriptPages/data/g;->q4(Ljava/lang/String;)V,,0x727b,0x627b di_寻宝中@scriptPages/data/g->a5,1e74:LscriptPages/data/g;->q4(Ljava/lang/String;)V
0xe27c,-7556,0x1e82,0x1e90,1e86:LscriptPages/data/g;->w4(Ljava/lang/String;)V,1e86:LscriptPages/data/g;->w4(Ljava/lang/String;)V,,0x727c,0x627c di_联网数据载入中@scriptPages/data/g->a5,1e86:LscriptPages/data/g;->w4(Ljava/lang/String;)V
0xe27d,-7555,0x1e94,0x1ea2,1e98:LscriptPages/data/g;->o4(Ljava/lang/String;)V,1e98:LscriptPages/data/g;->o4(Ljava/lang/String;)V,,0x727d,0x627d,1e98:LscriptPages/data/g;->o4(Ljava/lang/String;)V
0xe27e,-7554,0x1ea6,0x1eb4,1eaa:LscriptPages/data/g;->i4(Ljava/lang/String;)V,1eaa:LscriptPages/data/g;->i4(Ljava/lang/String;)V,,0x727e,0x627e,1eaa:LscriptPages/data/g;->i4(Ljava/lang/String;)V
0xe27f,-7553,0x0b98,0x0ba6,0b9c:LscriptPages/data/g;->s4(Ljava/lang/String;)V,0b9c:LscriptPages/data/g;->s4(Ljava/lang/String;)V,,0x727f,0x627f di_联网数据载入中@scriptPages/data/g->b2,0b9c:LscriptPages/data/g;->s4(Ljava/lang/String;)V
0xe280,-7552,0x0baa,0x0bb8,0bae:LscriptPages/data/g;->r4(Ljava/lang/String;)V,0bae:LscriptPages/data/g;->r4(Ljava/lang/String;)V,,0x7280,0x6280 REQ_GENERAL_EQUIP_LIANHUN@scriptPages/data/g->N4,0bae:LscriptPages/data/g;->r4(Ljava/lang/String;)V
0xe281,-7551,0x0bbc,0x0bca,0bc0:LscriptPages/data/g;->v4(Ljava/lang/String;)V,0bc0:LscriptPages/data/g;->v4(Ljava/lang/String;)V,,0x7281,0x6281 di_联网炼魂中@scriptPages/data/g->N4,0bc0:LscriptPages/data/g;->v4(Ljava/lang/String;)V
0xe282,-7550,0x1eee,0x1efc,1ef2:LscriptPages/game/n;->t2(Ljava/lang/String;)V,1ef2:LscriptPages/game/n;->t2(Ljava/lang/String;)V,,0x7282,0x6282 REQ_COUNTRY_LIVELIHOOD_INFO@scriptPages/game/n->y0,1ef2:LscriptPages/game/n;->t2(Ljava/lang/String;)V
0xe284,-7548,0x1f00,0x1f0e,1f04:LscriptPages/data/g;->F4(Ljava/lang/String;)V,1f04:LscriptPages/data/g;->F4(Ljava/lang/String;)V,,0x7284,0x6284 (unnamed)@scriptPages/data/g->T4; di_请求中@scriptPages/data/g->o5,1f04:LscriptPages/data/g;->F4(Ljava/lang/String;)V
0xe285,-7547,0x1f12,0x1f20,1f16:LscriptPages/gameHD/m;->A(Ljava/lang/String;)V,1f16:LscriptPages/gameHD/m;->A(Ljava/lang/String;)V,,0x7285,0x6285 di_联网请求数据中@scriptPages/gameHD/m->K,1f16:LscriptPages/gameHD/m;->A(Ljava/lang/String;)V
0xe286,-7546,0x1f24,0x1f32,1f28:LscriptPages/gameHD/m;->z(Ljava/lang/String;)V,1f28:LscriptPages/gameHD/m;->z(Ljava/lang/String;)V,,0x7286,0x6286 reqAutoHitbanditSet@scriptPages/gameHD/m->K,1f28:LscriptPages/gameHD/m;->z(Ljava/lang/String;)V
0xe287,-7545,0x1f36,0x1f44,1f3a:LscriptPages/game/i;->A(Ljava/lang/String;)V,1f3a:LscriptPages/game/i;->A(Ljava/lang/String;)V,,0x7287,0x6287 reqChatSet@scriptPages/game/i->w,1f3a:LscriptPages/game/i;->A(Ljava/lang/String;)V
0xe288,-7544,0x1f48,0x1f56,1f4c:LscriptPages/data/g;->m4(Ljava/lang/String;)V,1f4c:LscriptPages/data/g;->m4(Ljava/lang/String;)V,,0x7288,0x6288,1f4c:LscriptPages/data/g;->m4(Ljava/lang/String;)V
0xe289,-7543,0x1f5a,0x1f68,1f5e:LscriptPages/data/g;->u4(Ljava/lang/String;)V,1f5e:LscriptPages/data/g;->u4(Ljava/lang/String;)V,,0x7289,0x6289 reqMailSet@scriptPages/data/g->O3,1f5e:LscriptPages/data/g;->u4(Ljava/lang/String;)V
0xe28a,-7542,0x21a6,0x21b4,21aa:LscriptPages/gameHD/m;->B(Ljava/lang/String;)V,21aa:LscriptPages/gameHD/m;->B(Ljava/lang/String;)V,,0x728a,0x628a,21aa:LscriptPages/gameHD/m;->B(Ljava/lang/String;)V
0xe28b,-7541,0x21b8,0x21c0,,,,0x728b,0x628b,
0xe300,-7424,0x1f6c,0x1f7a,1f70:La0/a;->r(Ljava/lang/String;)V,1f70:La0/a;->r(Ljava/lang/String;)V,,0x7300,0x6300 di_联网超时@a0/a->k,1f70:La0/a;->r(Ljava/lang/String;)V
0xe301,-7423,0x1f7e,0x1f8c,1f82:La0/a;->v(Ljava/lang/String;)V,1f82:La0/a;->v(Ljava/lang/String;)V,,0x7301,0x6301,1f82:La0/a;->v(Ljava/lang/String;)V
0xe302,-7422,0x1f90,0x1f9e,1f94:La0/a;->s(Ljava/lang/String;)V,1f94:La0/a;->s(Ljava/lang/String;)V,,0x7302,0x6302,1f94:La0/a;->s(Ljava/lang/String;)V
0xe303,-7421,0x1fa2,0x1fb0,1fa6:La0/a;->w(Ljava/lang/String;)V,1fa6:La0/a;->w(Ljava/lang/String;)V,,0x7303,0x6303,1fa6:La0/a;->w(Ljava/lang/String;)V
0xe304,-7420,0x1fb4,0x1fc2,1fb8:La0/a;->u(Ljava/lang/String;)V,1fb8:La0/a;->u(Ljava/lang/String;)V,,0x7304,0x6304 ReqOfficeListRefresh@a0/a->G,1fb8:La0/a;->u(Ljava/lang/String;)V
0xe305,-7419,0x1fc6,0x1fd4,1fca:La0/a;->x(Ljava/lang/String;)V,1fca:La0/a;->x(Ljava/lang/String;)V,,0x7305,0x6305,1fca:La0/a;->x(Ljava/lang/String;)V
0xe306,-7418,0x1fd8,0x1fe6,1fdc:La0/a;->y(Ljava/lang/String;)V,1fdc:La0/a;->y(Ljava/lang/String;)V,,0x7306,0x6306,1fdc:La0/a;->y(Ljava/lang/String;)V
0xe307,-7417,0x2182,0x2190,2186:La0/a;->A(Ljava/lang/String;)V,2186:La0/a;->A(Ljava/lang/String;)V,,0x7307,0x6307,2186:La0/a;->A(Ljava/lang/String;)V
0xe308,-7416,0x2194,0x21a2,2198:La0/a;->z(Ljava/lang/String;)V,2198:La0/a;->z(Ljava/lang/String;)V,,0x7308,0x6308 officerRename@a0/a->t2,2198:La0/a;->z(Ljava/lang/String;)V
0xe311,-7407,0x2170,0x217e,2174:La0/a;->t(Ljava/lang/String;)V,2174:La0/a;->t(Ljava/lang/String;)V,,0x7311,0x6311,2174:La0/a;->t(Ljava/lang/String;)V
0xe312,-7406,0x1eb8,0x1ec6,1ebc:LscriptPages/data/g;->n4(Ljava/lang/String;)V,1ebc:LscriptPages/data/g;->n4(Ljava/lang/String;)V,,0x7312,0x6312,1ebc:LscriptPages/data/g;->n4(Ljava/lang/String;)V
0xe313,-7405,0x1edc,0x1eea,1ee0:LscriptPages/game/i;->C(Ljava/lang/String;)V,1ee0:LscriptPages/game/i;->C(Ljava/lang/String;)V,,0x7313,0x6313 联网请求...@scriptPages/game/i->F,1ee0:LscriptPages/game/i;->C(Ljava/lang/String;)V
0xe314,-7404,0x1eca,0x1ed8,1ece:LscriptPages/game/i;->B(Ljava/lang/String;)V,1ece:LscriptPages/game/i;->B(Ljava/lang/String;)V,,0x7314,0x6314,1ece:LscriptPages/game/i;->B(Ljava/lang/String;)V
0xe320,-7392,0x1fea,0x1ff8,1fee:Lo/a;->w7(Ljava/lang/String;)V,1fee:Lo/a;->w7(Ljava/lang/String;)V,,0x7320,0x6320,1fee:Lo/a;->w7(Ljava/lang/String;)V
0xe321,-7391,0x1ffc,0x200a,2000:Lo/a;->D7(Ljava/lang/String;)V,2000:Lo/a;->D7(Ljava/lang/String;)V,,0x7321,0x6321,2000:Lo/a;->D7(Ljava/lang/String;)V
0xe322,-7390,0x200e,0x201c,2012:Lo/a;->I7(Ljava/lang/String;)V,2012:Lo/a;->I7(Ljava/lang/String;)V,,0x7322,0x6322,2012:Lo/a;->I7(Ljava/lang/String;)V
0xe323,-7389,0x2020,0x202e,2024:Lo/a;->F7(Ljava/lang/String;)V,2024:Lo/a;->F7(Ljava/lang/String;)V,,0x7323,0x6323,2024:Lo/a;->F7(Ljava/lang/String;)V
0xe324,-7388,0x2032,0x2040,2036:Lo/a;->B7(Ljava/lang/String;)V,2036:Lo/a;->B7(Ljava/lang/String;)V,,0x7324,0x6324 REQ_HUBU_PLANT_PICK@o/a->S6,2036:Lo/a;->B7(Ljava/lang/String;)V
0xe325,-7387,0x2044,0x2052,2048:Lo/a;->y7(Ljava/lang/String;)V,2048:Lo/a;->y7(Ljava/lang/String;)V,,0x7325,0x6325,2048:Lo/a;->y7(Ljava/lang/String;)V
0xe326,-7386,0x2056,0x2064,205a:Lo/a;->E7(Ljava/lang/String;)V,205a:Lo/a;->E7(Ljava/lang/String;)V,,0x7326,0x6326,205a:Lo/a;->E7(Ljava/lang/String;)V
0xe327,-7385,0x207a,0x2088,207e:Lo/a;->C7(Ljava/lang/String;)V,207e:Lo/a;->C7(Ljava/lang/String;)V,,0x7327,0x6327,207e:Lo/a;->C7(Ljava/lang/String;)V
0xe328,-7384,0x2068,0x2076,206c:Lo/a;->G7(Ljava/lang/String;)V,206c:Lo/a;->G7(Ljava/lang/String;)V,,0x7328,0x6328 REQ_HUBU_PLANT_BAT@a0/a->j2,206c:Lo/a;->G7(Ljava/lang/String;)V
0xe330,-7376,0x2278,0x2286,227c:La0/a;->Y1(Ljava/lang/String;)V,227c:La0/a;->Y1(Ljava/lang/String;)V,,0x7330,0x6330,227c:La0/a;->Y1(Ljava/lang/String;)V
0xe331,-7375,0x228a,0x2298,228e:La0/a;->e2(Ljava/lang/String;)V,228e:La0/a;->e2(Ljava/lang/String;)V,,0x7331,0x6331,228e:La0/a;->e2(Ljava/lang/String;)V
0xe332,-7374,0x229c,0x22aa,22a0:La0/a;->c2(Ljava/lang/String;)V,22a0:La0/a;->c2(Ljava/lang/String;)V,,0x7332,0x6332 ReqChallengeTaskAward@a0/a->J1,22a0:La0/a;->c2(Ljava/lang/String;)V
0xe340,-7360,0x208c,0x209a,2090:La0/a;->E(Ljava/lang/String;)V,2090:La0/a;->E(Ljava/lang/String;)V,,0x7340,0x6340,2090:La0/a;->E(Ljava/lang/String;)V
0xe341,-7359,0x209e,0x20ac,20a2:La0/a;->D(Ljava/lang/String;)V,20a2:La0/a;->D(Ljava/lang/String;)V,,0x7341,0x6341,20a2:La0/a;->D(Ljava/lang/String;)V
0xe342,-7358,0x20b0,0x20be,20b4:La0/a;->C(Ljava/lang/String;)V,20b4:La0/a;->C(Ljava/lang/String;)V,,0x7342,0x6342 Req_libutaskDispatch@a0/a->F,20b4:La0/a;->C(Ljava/lang/String;)V
0xe343,-7357,0x20c2,0x20d0,20c6:La0/a;->B(Ljava/lang/String;)V,20c6:La0/a;->B(Ljava/lang/String;)V,,0x7343,0x6343 Req_libutaskAward@a0/a->F,20c6:La0/a;->B(Ljava/lang/String;)V
0xe350,-7344,0x2116,0x2124,211a:Lo/a;->l7(Ljava/lang/String;)V,211a:Lo/a;->l7(Ljava/lang/String;)V,,0x7350,0x6350,211a:Lo/a;->l7(Ljava/lang/String;)V
0xe351,-7343,0x2128,0x2136,212c:Lo/a;->K7(Ljava/lang/String;)V,212c:Lo/a;->K7(Ljava/lang/String;)V,,0x7351,0x6351 REQ_BINGBU_REFRESH@o/a->V6,212c:Lo/a;->K7(Ljava/lang/String;)V
0xe360,-7328,0x20d4,0x20e2,20d8:Lo/a;->t7(Ljava/lang/String;)V,20d8:Lo/a;->t7(Ljava/lang/String;)V,,0x7360,0x6360,20d8:Lo/a;->t7(Ljava/lang/String;)V
0xe361,-7327,0x20e6,0x20f4,20ea:Lo/a;->u7(Ljava/lang/String;)V,20ea:Lo/a;->u7(Ljava/lang/String;)V,,0x7361,0x6361,20ea:Lo/a;->u7(Ljava/lang/String;)V
0xe362,-7326,0x20f8,0x2106,20fc:Lo/a;->v7(Ljava/lang/String;)V,20fc:Lo/a;->v7(Ljava/lang/String;)V,,0x7362,0x6362 REQ_HOUSE_REWARD@a0/a->o2,20fc:Lo/a;->v7(Ljava/lang/String;)V
0xe363,-7325,0x210a,0x2112,,,,0x7363,0x6363,
0xe366,-7322,0x213a,0x2148,213e:Lo/a;->S7(Ljava/lang/String;)V,213e:Lo/a;->S7(Ljava/lang/String;)V,,0x7366,0x6366,213e:Lo/a;->S7(Ljava/lang/String;)V
0xe367,-7321,0x215e,0x216c,2162:Lo/a;->R7(Ljava/lang/String;)V,2162:Lo/a;->R7(Ljava/lang/String;)V,,0x7367,0x6367,2162:Lo/a;->R7(Ljava/lang/String;)V
0xe368,-7320,0x214c,0x215a,2150:Lo/a;->z7(Ljava/lang/String;)V,2150:Lo/a;->z7(Ljava/lang/String;)V,,0x7368,0x6368,2150:Lo/a;->z7(Ljava/lang/String;)V
0xe400,-7168,0x21c4,0x21d2,21c8:Lv/a;->h(Ljava/lang/String;)V,21c8:Lv/a;->h(Ljava/lang/String;)V,,0x7400,0x6400,21c8:Lv/a;->h(Ljava/lang/String;)V
0xe401,-7167,0x21d6,0x21e4,21da:LscriptPages/game/q0;->c(Ljava/lang/String;)V,21da:LscriptPages/game/q0;->c(Ljava/lang/String;)V,,0x7401,0x6401 di_确定解锁战法@scriptPages/game/q0->a2,21da:LscriptPages/game/q0;->c(Ljava/lang/String;)V
0xe402,-7166,0x21e8,0x21f6,21ec:LscriptPages/game/q0;->g(Ljava/lang/String;)V,21ec:LscriptPages/game/q0;->g(Ljava/lang/String;)V,,0x7402,0x6402 di_战斗状态无法配置@scriptPages/game/q0->a2,21ec:LscriptPages/game/q0;->g(Ljava/lang/String;)V
0xe403,-7165,0x21fa,0x2208,21fe:LscriptPages/game/q0;->h(Ljava/lang/String;)V,21fe:LscriptPages/game/q0;->h(Ljava/lang/String;)V,,0x7403,0x6403 战法经验不足，是否前往兑换？@scriptPages/game/q0->a2,21fe:LscriptPages/game/q0;->h(Ljava/lang/String;)V
0xe404,-7164,0x220c,0x221a,2210:LscriptPages/game/q0;->e(Ljava/lang/String;)V,2210:LscriptPages/game/q0;->e(Ljava/lang/String;)V,,0x7404,0x6404 re_重置战法提示@scriptPages/game/q0->a2,2210:LscriptPages/game/q0;->e(Ljava/lang/String;)V
0xe405,-7163,0x221e,0x222c,2222:Lv/a;->i(Ljava/lang/String;)V,2222:Lv/a;->i(Ljava/lang/String;)V,,0x7405,0x6405 REQ_SHUAIFU_SET_SHUAI@v/a->d,2222:Lv/a;->i(Ljava/lang/String;)V
0xe406,-7162,0x2230,0x223e,2234:Lv/a;->e(Ljava/lang/String;)V,2234:Lv/a;->e(Ljava/lang/String;)V,,0x7406,0x6406,2234:Lv/a;->e(Ljava/lang/String;)V
0xe407,-7161,0x2242,0x2250,2246:Lv/a;->f(Ljava/lang/String;)V,2246:Lv/a;->f(Ljava/lang/String;)V,,0x7407,0x6407 REQ_SHUAIFU_ADD_SP@v/a->b,2246:Lv/a;->f(Ljava/lang/String;)V
0xe408,-7160,0x2254,0x2262,2258:Lv/a;->g(Ljava/lang/String;)V,2258:Lv/a;->g(Ljava/lang/String;)V,,0x7408,0x6408,2258:Lv/a;->g(Ljava/lang/String;)V
0xe409,-7159,0x2266,0x2274,226a:LscriptPages/game/q0;->d(Ljava/lang/String;)V,226a:LscriptPages/game/q0;->d(Ljava/lang/String;)V,,0x7409,0x6409 REQ_SHUAIFU_ADD_EXP_MAX@scriptPages/game/q0->b,226a:LscriptPages/game/q0;->d(Ljava/lang/String;)V
0xe40a,-7158,0x22c0,0x22ce,22c4:LscriptPages/game/q0;->f(Ljava/lang/String;)V,22c4:LscriptPages/game/q0;->f(Ljava/lang/String;)V,,0x740a,0x640a REQ_SHUAIFU_GAIN_ZHANFA_BOOKS@scriptPages/game/q0->S1,22c4:LscriptPages/game/q0;->f(Ljava/lang/String;)V
0xe40b,-7157,0x22ae,0x22bc,22b2:LscriptPages/game/q0;->i(Ljava/lang/String;)V,22b2:LscriptPages/game/q0;->i(Ljava/lang/String;)V,,0x740b,0x640b,22b2:LscriptPages/game/q0;->i(Ljava/lang/String;)V
0xe40e,-7154,0x22d2,0x22e0,22d6:LscriptPages/game/q0;->N1(Ljava/lang/String;)V,22d6:LscriptPages/game/q0;->N1(Ljava/lang/String;)V,,0x740e,0x640e,22d6:LscriptPages/game/q0;->N1(Ljava/lang/String;)V
0xe40f,-7153,0x22e4,0x22f2,22e8:LscriptPages/data/g;->B4(Ljava/lang/String;)V,22e8:LscriptPages/data/g;->B4(Ljava/lang/String;)V,,0x740f,0x640f,22e8:LscriptPages/data/g;->B4(Ljava/lang/String;)V
0xe410,-7152,0x22f6,0x2304,22fa:Lv/a;->O0(Ljava/lang/String;)V,22fa:Lv/a;->O0(Ljava/lang/String;)V,,0x7410,0x6410,22fa:Lv/a;->O0(Ljava/lang/String;)V
0xe411,-7151,0x2308,0x2316,230c:Lv/a;->P0(Ljava/lang/String;)V,230c:Lv/a;->P0(Ljava/lang/String;)V,,0x7411,0x6411 REQ_GGZJ_GO@v/a->u0,230c:Lv/a;->P0(Ljava/lang/String;)V
0xe412,-7150,0x231a,0x2328,231e:Lv/a;->N0(Ljava/lang/String;)V,231e:Lv/a;->N0(Ljava/lang/String;)V,,0x7412,0x6412 di_请求中@v/a->u0,231e:Lv/a;->N0(Ljava/lang/String;)V
0xe413,-7149,0x232c,0x233a,2330:Lv/a;->M0(Ljava/lang/String;)V,2330:Lv/a;->M0(Ljava/lang/String;)V,,0x7413,0x6413 REQ_GGZJ_CANCLE@v/a->u0,2330:Lv/a;->M0(Ljava/lang/String;)V
0xe420,-7136,0x233e,0x234c,2342:Lo/a;->x7(Ljava/lang/String;)V,2342:Lo/a;->x7(Ljava/lang/String;)V,,0x7420,0x6420,2342:Lo/a;->x7(Ljava/lang/String;)V
0xe421,-7135,0x2350,0x235e,2354:Lo/a;->Q7(Ljava/lang/String;)V,2354:Lo/a;->Q7(Ljava/lang/String;)V,,0x7421,0x6421 REQ_CAPTUREFLAG_UPDATEINFO@v/a->T0,2354:Lo/a;->Q7(Ljava/lang/String;)V
0xe422,-7134,0x2362,0x2370,2366:Lo/a;->A7(Ljava/lang/String;)V,2366:Lo/a;->A7(Ljava/lang/String;)V,,0x7422,0x6422,2366:Lo/a;->A7(Ljava/lang/String;)V
0xe423,-7133,0x2374,0x2382,2378:Lo/a;->p7(Ljava/lang/String;)V,2378:Lo/a;->p7(Ljava/lang/String;)V,,0x7423,0x6423,2378:Lo/a;->p7(Ljava/lang/String;)V
0xe424,-7132,0x2386,0x2394,238a:Lo/a;->H7(Ljava/lang/String;)V,238a:Lo/a;->H7(Ljava/lang/String;)V,,0x7424,0x6424,238a:Lo/a;->H7(Ljava/lang/String;)V
0xe425,-7131,0x2398,0x23a6,239c:Lo/a;->s7(Ljava/lang/String;)V,239c:Lo/a;->s7(Ljava/lang/String;)V,,0x7425,0x6425,239c:Lo/a;->s7(Ljava/lang/String;)V
0xe426,-7130,0x23aa,0x23b8,23ae:Lo/a;->r7(Ljava/lang/String;)V,23ae:Lo/a;->r7(Ljava/lang/String;)V,,0x7426,0x6426 di_提示驱逐中@v/a->Y0,23ae:Lo/a;->r7(Ljava/lang/String;)V
0xe427,-7129,0x23ce,0x23dc,23d2:Lo/a;->M7(Ljava/lang/String;)V,23d2:Lo/a;->M7(Ljava/lang/String;)V,,0x7427,0x6427,23d2:Lo/a;->M7(Ljava/lang/String;)V
0xe428,-7128,0x23bc,0x23ca,23c0:Lo/a;->J7(Ljava/lang/String;)V,23c0:Lo/a;->J7(Ljava/lang/String;)V,,0x7428,0x6428,23c0:Lo/a;->J7(Ljava/lang/String;)V
0xe429,-7127,0x23e0,0x23ee,23e4:Lo/a;->j7(Ljava/lang/String;)V,23e4:Lo/a;->j7(Ljava/lang/String;)V,,0x7429,0x6429,23e4:Lo/a;->j7(Ljava/lang/String;)V
0xe440,-7104,0x23f2,0x2400,23f6:Lv/a;->R0(Ljava/lang/String;)V,23f6:Lv/a;->R0(Ljava/lang/String;)V,,0x7440,0x6440 reqLoadXunyouInfo@v/a->I0,23f6:Lv/a;->R0(Ljava/lang/String;)V
0xe441,-7103,0x2404,0x2412,2408:Lv/a;->S0(Ljava/lang/String;)V,2408:Lv/a;->S0(Ljava/lang/String;)V,,0x7441,0x6441 reqStartXunyou@v/a->U0,2408:Lv/a;->S0(Ljava/lang/String;)V
0xe442,-7102,0x2416,0x2424,241a:Lv/a;->Q0(Ljava/lang/String;)V,241a:Lv/a;->Q0(Ljava/lang/String;)V,,0x7442,0x6442 reqJoinXunyou@v/a->U0,241a:Lv/a;->Q0(Ljava/lang/String;)V
0xe443,-7101,0x2428,0x2436,242c:Lv/a;->L0(Ljava/lang/String;)V,242c:Lv/a;->L0(Ljava/lang/String;)V,,0x7443,0x6443 (unnamed)@v/a->j0,242c:Lv/a;->L0(Ljava/lang/String;)V
0xe444,-7100,0x243a,0x2448,243e:LscriptPages/game/s0;->U(Ljava/lang/String;)V,243e:LscriptPages/game/s0;->U(Ljava/lang/String;)V,,0x7444,0x6444 reqXunyouCity@scriptPages/game/s0->Z,243e:LscriptPages/game/s0;->U(Ljava/lang/String;)V
0xe450,-7088,0x244c,0x245a,2450:LscriptPages/game/q0;->O1(Ljava/lang/String;)V,2450:LscriptPages/game/q0;->O1(Ljava/lang/String;)V,,0x7450,0x6450 REQ_VOTE_DATA@scriptPages/game/q0->r1,2450:LscriptPages/game/q0;->O1(Ljava/lang/String;)V
0xe451,-7087,0x245e,0x246c,2462:LscriptPages/game/q0;->Q1(Ljava/lang/String;)V,2462:LscriptPages/game/q0;->Q1(Ljava/lang/String;)V,,0x7451,0x6451 di_联网数据请求@scriptPages/game/q0->R1,2462:LscriptPages/game/q0;->Q1(Ljava/lang/String;)V
0xfff9,-7,0x0206,0x0212,,,,0x8ff9,0x7ff9,020a:LscriptPages/game/r0;->d0(Ljava/lang/String;)V
0xfffa,-6,0x01f8,0x0204,,,,0x8ffa,0x7ffa,01fc:LscriptPages/game/r0;->d0(Ljava/lang/String;)V
0xfffb,-5,0x01dc,0x01f2,,,,0x8ffb,0x7ffb,01e0:LscriptPages/PageMain;->exitGame()V || 01ea:LscriptPages/game/r0;->d0(Ljava/lang/String;)V
0xfffc,-4,0x0102,0x01ae,0106:LscriptPages/data/g;->G0()B,0106:LscriptPages/data/g;->G0()B || 012c:LscriptPages/game/b0;->K1(B)V || 0132:LscriptPages/game/b0;->z0()V || 0138:LscriptPages/data/g;->I1(I Ljava/lang/String; [[Ljava/lang/String;)Ljava/lang/String; || 0148:LscriptPages/data/g;->G0()B || 0154:LscriptAPI/baseAPI/BaseExt;->getCurPatForm()I || 0160:LscriptPages/data/g;->B0()Ljava/lang/String; || 017c:LscriptAPI/extAPI/FlashNormalAPI;->callJSMethod(Ljava/lang/String; Ljava/lang/String;)Ljava/lang/String; || 018a:LscriptPages/game/b0;->U()V || 0196:LscriptPages/data/g;->I1(I Ljava/lang/String; [[Ljava/lang/String;)Ljava/lang/String;,,0x8ffc,0x7ffc,0106:LscriptPages/data/g;->G0()B || 0112:LscriptPages/PageMain;->getStatus()I || 012c:LscriptPages/game/b0;->K1(B)V || 0132:LscriptPages/game/b0;->z0()V || 0138:LscriptPages/data/g;->I1(I Ljava/lang/String; [[Ljava/lang/String;)Ljava/lang/String; || 0140:LscriptPages/game/r0;->d0(Ljava/lang/String;)V || 0148:LscriptPages/data/g;->G0()B || 0154:LscriptAPI/baseAPI/BaseExt;->getCurPatForm()I || 0160:LscriptPages/data/g;->B0()Ljava/lang/String; || 0168:Ljava/lang/String;->equals(Ljava/lang/Object;)Z || 017c:LscriptAPI/extAPI/FlashNormalAPI;->callJSMethod(Ljava/lang/String; Ljava/lang/String;)Ljava/lang/String; || 0184:LscriptPages/PageMain;->setStatus(I)V || 018a:LscriptPages/game/b0;->U()V || 0190:LscriptPages/PageMain;->exitGame()V || 0196:LscriptPages/data/g;->I1(I Ljava/lang/String; [[Ljava/lang/String;)Ljava/lang/String; || 019e:LscriptPages/game/r0;->d0(Ljava/lang/String;)V || 01a6:LscriptPages/PageMain;->initExit(I)V
0xfffd,-3,0x008a,0x00fc,008e:LscriptPages/data/g;->G0()B,008e:LscriptPages/data/g;->G0()B || 00aa:LscriptPages/game/b0;->K1(B)V || 00b0:LscriptPages/game/b0;->z0()V || 00b6:LscriptPages/data/g;->I1(I Ljava/lang/String; [[Ljava/lang/String;)Ljava/lang/String; || 00c6:LscriptPages/data/g;->G0()B || 00d8:LscriptPages/game/b0;->U()V || 00e4:LscriptPages/data/g;->I1(I Ljava/lang/String; [[Ljava/lang/String;)Ljava/lang/String;,,0x8ffd,0x7ffd,008e:LscriptPages/data/g;->G0()B || 009a:LscriptPages/PageMain;->getStatus()I || 00aa:LscriptPages/game/b0;->K1(B)V || 00b0:LscriptPages/game/b0;->z0()V || 00b6:LscriptPages/data/g;->I1(I Ljava/lang/String; [[Ljava/lang/String;)Ljava/lang/String; || 00be:LscriptPages/game/r0;->d0(Ljava/lang/String;)V || 00c6:LscriptPages/data/g;->G0()B || 00d2:LscriptPages/PageMain;->setStatus(I)V || 00d8:LscriptPages/game/b0;->U()V || 00de:LscriptPages/PageMain;->exitGame()V || 00e4:LscriptPages/data/g;->I1(I Ljava/lang/String; [[Ljava/lang/String;)Ljava/lang/String; || 00ec:LscriptPages/game/r0;->d0(Ljava/lang/String;)V || 00f4:LscriptPages/PageMain;->initExit(I)V
0xfffe,-2,0x01b0,0x01da,01b4:LscriptPages/data/g;->G0()B,01b4:LscriptPages/data/g;->G0()B || 01cc:LscriptPages/game/a0;->c1()V,,0x8ffe,0x7ffe,01b4:LscriptPages/data/g;->G0()B || 01c4:LscriptPages/game/r0;->d0(Ljava/lang/String;)V || 01cc:LscriptPages/game/a0;->c1()V || 01d2:LscriptPages/game/r0;->d0(Ljava/lang/String;)V
