opcode_hex,signed_opcode,handler,handler_code_off,branch_read_sequence,handler_direct_read_sequence,request_candidate_minus_0x7000,request_candidate_minus_0x8000
0x8001,-32767,Lo/a;->V8(J)V,0x24bcac,028e:readByte(Ljava/lang/String;)B || 0294:readLong(Ljava/lang/String;)J,,"0x1001 v1, """"@scriptPages/game/a0->U",0x0001
0x8002,-32766,LscriptPages/game/a0;->J([B)V,0x390cb0,,000a:readByte(Ljava/lang/String;)B,0x1002,0x0002
0x8003,-32765,LscriptPages/game/b0;->i1(Ljava/lang/String;)V,0x387ff4,,0006:readByte(Ljava/lang/String;)B || 000e:readUTF(Ljava/lang/String;)Ljava/lang/String; || 0016:readLong(Ljava/lang/String;)J || 0038:readLong(Ljava/lang/String;)J || 0056:readByte(Ljava/lang/String;)B || 0064:readInt(Ljava/lang/String;)I || 0070:readInt(Ljava/lang/String;)I || 00b2:readLong(Ljava/lang/String;)J || 00c2:readShort(Ljava/lang/String;)S || 00d2:readUTF(Ljava/lang/String;)Ljava/lang/String; || 00e2:readByte(Ljava/lang/String;)B || 00f2:readUTF(Ljava/lang/String;)Ljava/lang/String; || 0102:readUTF(Ljava/lang/String;)Ljava/lang/String; || 0134:readLong(Ljava/lang/String;)J || 013c:readUTF(Ljava/lang/String;)Ljava/lang/String; || 014e:readByte(Ljava/lang/String;)B || 015c:readBoolean(Ljava/lang/String;)Z,0x1003 loginBaseinfo@scriptPages/game/b0->P0,0x0003
0x8004,-32764,LscriptPages/game/a0;->S([B)V,0x3919a8,,000a:readByte(Ljava/lang/String;)B || 0016:readByte(Ljava/lang/String;)B || 0062:readLong(Ljava/lang/String;)J || 00aa:readInt(Ljava/lang/String;)I || 00cc:readLong(Ljava/lang/String;)J || 00dc:readInt(Ljava/lang/String;)I || 0100:readInt(Ljava/lang/String;)I || 012e:readShort(Ljava/lang/String;)S || 0136:readShort(Ljava/lang/String;)S || 013e:readUTF(Ljava/lang/String;)Ljava/lang/String; || 0146:readUTF(Ljava/lang/String;)Ljava/lang/String; || 0174:readInt(Ljava/lang/String;)I || 019a:readShort(Ljava/lang/String;)S || 01a2:readInt(Ljava/lang/String;)I || 01aa:readInt(Ljava/lang/String;)I || 01d4:readLong(Ljava/lang/String;)J || 01da:readLong(Ljava/lang/String;)J || 01e6:readLong(Ljava/lang/String;)J || 01f2:readLong(Ljava/lang/String;)J || 01fc:readUTF(Ljava/lang/String;)Ljava/lang/String; || 0212:readByte(Ljava/lang/String;)B || 021a:readBoolean(Ljava/lang/String;)Z || 0240:readByte(Ljava/lang/String;)B || 0256:readShort(Ljava/lang/String;)S || 025e:readByte(Ljava/lang/String;)B || 027e:readInt(Ljava/lang/String;)I || 0290:readInt(Ljava/lang/String;)I || 0296:readInt(Ljava/lang/String;)I || 02a2:readInt(Ljava/lang/String;)I || 02ae:readInt(Ljava/lang/String;)I || 02ba:readInt(Ljava/lang/String;)I || 02c6:readShort(Ljava/lang/String;)S || 02cc:readInt(Ljava/lang/String;)I || 02d8:readShort(Ljava/lang/String;)S || 02e4:readShort(Ljava/lang/String;)S || 02f0:readShort(Ljava/lang/String;)S || 02fc:readInt(Ljava/lang/String;)I || 0302:readByte(Ljava/lang/String;)B || 031c:readInt(Ljava/lang/String;)I || 032e:readByte(Ljava/lang/String;)B || 033c:readShort(Ljava/lang/String;)S || 0348:readByte(Ljava/lang/String;)B || 036e:readByte(Ljava/lang/String;)B || 0376:readByte(Ljava/lang/String;)B || 037e:readShort(Ljava/lang/String;)S || 03a8:readInt(Ljava/lang/String;)I || 03b0:readShort(Ljava/lang/String;)S || 03b6:readShort(Ljava/lang/String;)S || 03bc:readShort(Ljava/lang/String;)S || 03c2:readShort(Ljava/lang/String;)S || 03d4:readByte(Ljava/lang/String;)B || 03ea:readBoolean(Ljava/lang/String;)Z || 0402:readBoolean(Ljava/lang/String;)Z || 040e:readBoolean(Ljava/lang/String;)Z || 0418:readByte(Ljava/lang/String;)B || 0426:readBoolean(Ljava/lang/String;)Z || 0432:readInt(Ljava/lang/String;)I || 044a:readShort(Ljava/lang/String;)S || 0452:readUTF(Ljava/lang/String;)Ljava/lang/String; || 045a:readUTF(Ljava/lang/String;)Ljava/lang/String; || 0474:readBoolean(Ljava/lang/String;)Z,0x1004 gameLogin@scriptPages/game/a0->Q; accountLogin@scriptPages/game/b0->C0; (unnamed)@scriptPages/game/b0->D0,0x0004
0x8005,-32763,LscriptPages/game/a0;->B0(Ljava/lang/String;)V,0x393eb0,,0000:readByte(Ljava/lang/String;)B,0x1005 data@scriptPages/game/a0->d0,0x0005
0x8006,-32762,LscriptPages/data/g;->G0()B,0x2648b4,,,0x1006 data@scriptPages/game/a0->Q0,0x0006
0x8007,-32761,LscriptPages/game/b0;->N0(Ljava/lang/String;)V,0x383dcc,,0006:readByte(Ljava/lang/String;)B || 000e:readUTF(Ljava/lang/String;)Ljava/lang/String;,0x1007 data@scriptPages/game/b0->M0,0x0007
0x8008,-32760,LscriptPages/game/s0;->y([B)V,0x40ec54,,,0x1008 cacheData@scriptPages/game/s0->d0,0x0008
0x800a,-32758,LscriptPages/data/c;->j(Ljava/lang/String;)V,0x261e5c,0312:readByte(Ljava/lang/String;)B || 031a:readByte(Ljava/lang/String;)B,0000:readLong(Ljava/lang/String;)J || 000c:readUTF(Ljava/lang/String;)Ljava/lang/String; || 0018:readInt(Ljava/lang/String;)I || 0024:readUTF(Ljava/lang/String;)Ljava/lang/String; || 0030:readInt(Ljava/lang/String;)I || 003c:readLong(Ljava/lang/String;)J || 0048:readLong(Ljava/lang/String;)J || 0054:readInt(Ljava/lang/String;)I || 0060:readLong(Ljava/lang/String;)J || 006c:readLong(Ljava/lang/String;)J || 0078:readShort(Ljava/lang/String;)S || 0084:readShort(Ljava/lang/String;)S || 0090:readShort(Ljava/lang/String;)S || 009c:readShort(Ljava/lang/String;)S || 00a8:readUTF(Ljava/lang/String;)Ljava/lang/String; || 00b4:readUTF(Ljava/lang/String;)Ljava/lang/String; || 00c0:readLong(Ljava/lang/String;)J || 00cc:readUTF(Ljava/lang/String;)Ljava/lang/String; || 00d8:readLong(Ljava/lang/String;)J || 00e4:readUTF(Ljava/lang/String;)Ljava/lang/String; || 00f0:readLong(Ljava/lang/String;)J,0x100a,0x000a
0x800b,-32757,LscriptPages/game/n;->M0(Ljava/lang/String;)V,0x2e999c,,0000:readByte(Ljava/lang/String;)B || 0008:readUTF(Ljava/lang/String;)Ljava/lang/String; || 0010:readLong(Ljava/lang/String;)J,0x100b data@scriptPages/game/a0->G0; di_提示没有黄金@scriptPages/game/n->C2; reqChooseCountry@scriptPages/game/n->L2,0x000b
0x800c,-32756,LscriptPages/game/n;->u2(Ljava/lang/String;)V,0x2ed6a0,,000c:readByte(Ljava/lang/String;)B || 001c:readInt(Ljava/lang/String;)I || 0022:readLong(Ljava/lang/String;)J || 0028:readLong(Ljava/lang/String;)J || 002e:readShort(Ljava/lang/String;)S || 0036:readShort(Ljava/lang/String;)S || 003c:readShort(Ljava/lang/String;)S || 0042:readShort(Ljava/lang/String;)S || 004c:readLong(Ljava/lang/String;)J || 0058:readInt(Ljava/lang/String;)I || 0072:readLong(Ljava/lang/String;)J,0x100c,0x000c
0x800d,-32755,LscriptPages/game/s0;->b([B)V,0x40b000,,,0x100d,0x000d
0x8010,-32752,LscriptPages/game/s0;->R(Ljava/lang/String;)V,0x40ff68,,0000:readByte(Ljava/lang/String;)B || 0008:readInt(Ljava/lang/String;)I || 0010:readInt(Ljava/lang/String;)I,0x1010,0x0010
0x8012,-32750,LscriptPages/game/s0;->S(Ljava/lang/String;)V,0x40ffe0,,0000:readShort(Ljava/lang/String;)S || 0036:readShort(Ljava/lang/String;)S || 003e:readShort(Ljava/lang/String;)S || 008c:readShort(Ljava/lang/String;)S || 00a0:readLong(Ljava/lang/String;)J || 00a8:readShort(Ljava/lang/String;)S || 00b4:readShort(Ljava/lang/String;)S || 00c0:readByte(Ljava/lang/String;)B || 00ea:readByte(Ljava/lang/String;)B || 0102:readUTF(Ljava/lang/String;)Ljava/lang/String; || 010a:readByte(Ljava/lang/String;)B || 0112:readByte(Ljava/lang/String;)B || 011a:readByte(Ljava/lang/String;)B || 0122:readByte(Ljava/lang/String;)B || 012a:readUTF(Ljava/lang/String;)Ljava/lang/String; || 0142:readByte(Ljava/lang/String;)B || 014e:readUTF(Ljava/lang/String;)Ljava/lang/String; || 0156:readUTF(Ljava/lang/String;)Ljava/lang/String; || 0162:readInt(Ljava/lang/String;)I || 016e:readInt(Ljava/lang/String;)I || 017a:readInt(Ljava/lang/String;)I || 0190:readShort(Ljava/lang/String;)S || 019c:readShort(Ljava/lang/String;)S || 01b4:readInt(Ljava/lang/String;)I || 01c0:readInt(Ljava/lang/String;)I || 01d0:readInt(Ljava/lang/String;)I || 01dc:readInt(Ljava/lang/String;)I || 01e8:readInt(Ljava/lang/String;)I || 01ee:readInt(Ljava/lang/String;)I || 01f4:readShort(Ljava/lang/String;)S || 01fc:readLong(Ljava/lang/String;)J || 0204:readByte(Ljava/lang/String;)B,0x1012 reqFightingCity@scriptPages/game/s0->Z,0x0012
0x8014,-32748,LscriptPages/game/a0;->a0(Ljava/lang/String;)V,0x392408,,0000:readByte(Ljava/lang/String;)B || 0012:readByte(Ljava/lang/String;)B || 0054:readLong(Ljava/lang/String;)J || 0064:readUTF(Ljava/lang/String;)Ljava/lang/String; || 0074:readShort(Ljava/lang/String;)S || 0084:readByte(Ljava/lang/String;)B || 0094:readUTF(Ljava/lang/String;)Ljava/lang/String; || 00a4:readUTF(Ljava/lang/String;)Ljava/lang/String;,0x1014,0x0014
0x8016,-32746,LscriptPages/game/a0;->s0(Ljava/lang/String;)V,0x392e98,,0000:readByte(Ljava/lang/String;)B || 0008:readUTF(Ljava/lang/String;)Ljava/lang/String;,0x1016,0x0016
0x8018,-32744,LscriptPages/game/p0;->E(Ljava/lang/String;)V,0x3de020,,0012:readByte(Ljava/lang/String;)B || 0034:readUTF(Ljava/lang/String;)Ljava/lang/String;,0x1018,0x0018
0x8020,-32736,LscriptPages/data/i;->z(Ljava/lang/String;)V,0x28c230,,0000:readLong(Ljava/lang/String;)J || 000c:readLong(Ljava/lang/String;)J || 0018:readInt(Ljava/lang/String;)I || 0024:readInt(Ljava/lang/String;)I || 0030:readLong(Ljava/lang/String;)J || 003c:readLong(Ljava/lang/String;)J || 0048:readLong(Ljava/lang/String;)J || 0054:readLong(Ljava/lang/String;)J,0x1020,0x0020
0x8022,-32734,LscriptPages/data/g;->f4(Ljava/lang/String;)V,0x28736c,,0006:readUTF(Ljava/lang/String;)Ljava/lang/String; || 0012:readByte(Ljava/lang/String;)B || 002c:readShort(Ljava/lang/String;)S || 003e:readByte(Ljava/lang/String;)B || 0058:readLong(Ljava/lang/String;)J || 006a:readByte(Ljava/lang/String;)B || 008c:readUTF(Ljava/lang/String;)Ljava/lang/String; || 009c:readUTF(Ljava/lang/String;)Ljava/lang/String;,0x1022 di_联网数据请求@scriptPages/data/g->c2,0x0022
0x8024,-32732,LscriptPages/game/a0;->g0(Ljava/lang/String;)V,0x392754,,0000:readByte(Ljava/lang/String;)B,0x1024 reqFCMVerify@scriptPages/game/a0->f0,0x0024
0x8025,-32731,LscriptPages/game/b0;->O0(Ljava/lang/String;)V,0x383ecc,,0000:readByte(Ljava/lang/String;)B,0x1025 (unnamed)@scriptPages/PageMain->ExitGame,0x0025
0x8100,-32512,LscriptPages/game/q;->m1(Ljava/lang/String;)V,0x328478,,0000:readShort(Ljava/lang/String;)S || 0006:readByte(Ljava/lang/String;)B || 003a:readLong(Ljava/lang/String;)J || 004a:readInt(Ljava/lang/String;)I || 005a:readShort(Ljava/lang/String;)S || 006a:readShort(Ljava/lang/String;)S,0x1100 propdec@scriptPages/game/q->B1; reqItemMallGoods@scriptPages/game/q->t0,0x0100
0x8101,-32511,LscriptPages/game/f0;->k(Ljava/lang/String;)V,0x39de58,,003c:readByte(Ljava/lang/String;)B || 0052:readShort(Ljava/lang/String;)S || 005e:readShort(Ljava/lang/String;)S || 0096:readByte(Ljava/lang/String;)B || 00d0:readLong(Ljava/lang/String;)J || 00e0:readShort(Ljava/lang/String;)S || 00f0:readInt(Ljava/lang/String;)I || 0100:readShort(Ljava/lang/String;)S || 0110:readShort(Ljava/lang/String;)S || 015e:readShort(Ljava/lang/String;)S || 016a:readShort(Ljava/lang/String;)S || 017a:readByte(Ljava/lang/String;)B || 01cc:readLong(Ljava/lang/String;)J || 01e0:readShort(Ljava/lang/String;)S || 01f4:readInt(Ljava/lang/String;)I || 0208:readShort(Ljava/lang/String;)S || 021c:readShort(Ljava/lang/String;)S,0x1101,0x0101
0x8102,-32510,LscriptPages/game/q;->k(Ljava/lang/String;)V,0x3166a8,,0006:readByte(Ljava/lang/String;)B || 000e:readUTF(Ljava/lang/String;)Ljava/lang/String; || 001c:readLong(Ljava/lang/String;)J || 0024:readInt(Ljava/lang/String;)I || 002c:readShort(Ljava/lang/String;)S || 0034:readShort(Ljava/lang/String;)S,0x1102 buyMallGood@scriptPages/game/q->B1,0x0102
0x8103,-32509,LscriptPages/game/k0;->Y(Ljava/lang/String;)V,0x3ccf30,,0000:readByte(Ljava/lang/String;)B || 0006:readUTF(Ljava/lang/String;)Ljava/lang/String;,0x1103 reqUseItem@scriptPages/game/k0->X,0x0103
0x8104,-32508,Lo/a;->q7(Ljava/lang/String;)V,0x247ebc,,,0x1104 (unnamed)@o/a->M6,0x0104
0x8110,-32496,LscriptPages/data/i;->b(Ljava/lang/String;)V,0x28bcfc,04a6:readByte(Ljava/lang/String;)B || 04d0:readBoolean(Ljava/lang/String;)Z || 04dc:readBoolean(Ljava/lang/String;)Z || 04ee:readBoolean(Ljava/lang/String;)Z || 04fa:readBoolean(Ljava/lang/String;)Z || 0518:readUTF(Ljava/lang/String;)Ljava/lang/String; || 0526:readUTF(Ljava/lang/String;)Ljava/lang/String; || 0534:readBoolean(Ljava/lang/String;)Z || 0554:readBoolean(Ljava/lang/String;)Z || 0562:readLong(Ljava/lang/String;)J || 0570:readBoolean(Ljava/lang/String;)Z || 057a:readBoolean(Ljava/lang/String;)Z || 0588:readByte(Ljava/lang/String;)B || 0596:readUTF(Ljava/lang/String;)Ljava/lang/String; || 05a4:readByte(Ljava/lang/String;)B || 05ae:readShort(Ljava/lang/String;)S || 05bc:readShort(Ljava/lang/String;)S || 05d0:readByte(Ljava/lang/String;)B || 05de:readByte(Ljava/lang/String;)B || 05f4:readByte(Ljava/lang/String;)B || 060e:readInt(Ljava/lang/String;)I || 0624:readLong(Ljava/lang/String;)J || 0630:readInt(Ljava/lang/String;)I || 064e:readBoolean(Ljava/lang/String;)Z,0000:readLong(Ljava/lang/String;)J || 000c:readLong(Ljava/lang/String;)J || 0018:readInt(Ljava/lang/String;)I || 0024:readInt(Ljava/lang/String;)I || 0030:readInt(Ljava/lang/String;)I || 003e:readInt(Ljava/lang/String;)I || 004c:readLong(Ljava/lang/String;)J || 0058:readByte(Ljava/lang/String;)B || 0074:readByte(Ljava/lang/String;)B || 0084:readByte(Ljava/lang/String;)B || 0094:readByte(Ljava/lang/String;)B || 00bc:readLong(Ljava/lang/String;)J || 00d6:readLong(Ljava/lang/String;)J || 00f8:readLong(Ljava/lang/String;)J || 0108:readLong(Ljava/lang/String;)J || 011e:readLong(Ljava/lang/String;)J || 0134:readLong(Ljava/lang/String;)J || 014a:readLong(Ljava/lang/String;)J || 0162:readByte(Ljava/lang/String;)B || 017a:readByte(Ljava/lang/String;)B || 0190:readByte(Ljava/lang/String;)B || 01a0:readShort(Ljava/lang/String;)S || 01b0:readByte(Ljava/lang/String;)B || 01ca:readBoolean(Ljava/lang/String;)Z || 01e4:readLong(Ljava/lang/String;)J || 01fa:readByte(Ljava/lang/String;)B || 0210:readByte(Ljava/lang/String;)B || 0226:readInt(Ljava/lang/String;)I || 023c:readUTF(Ljava/lang/String;)Ljava/lang/String;,0x1110,0x0110
0x8112,-32494,LscriptPages/game/i;->x(Ljava/lang/String;)V,0x2b45f8,,000e:readByte(Ljava/lang/String;)B || 0016:readInt(Ljava/lang/String;)I || 002a:readBoolean(Ljava/lang/String;)Z,0x1112 di_提示不能发言@scriptPages/game/i->H,0x0112
0x8113,-32493,,,,,0x1113,0x0113
0x8114,-32492,LscriptPages/game/h0;->a0(Ljava/lang/String;)V,0x3b05ac,,0028:readByte(Ljava/lang/String;)B || 002e:readLong(Ljava/lang/String;)J || 0058:readByte(Ljava/lang/String;)B || 0064:readUTF(Ljava/lang/String;)Ljava/lang/String; || 0070:readUTF(Ljava/lang/String;)Ljava/lang/String; || 007c:readByte(Ljava/lang/String;)B || 0096:readUTF(Ljava/lang/String;)Ljava/lang/String; || 00a8:readByte(Ljava/lang/String;)B || 00c2:readUTF(Ljava/lang/String;)Ljava/lang/String; || 00d4:readInt(Ljava/lang/String;)I || 00e8:readByte(Ljava/lang/String;)B || 011a:readShort(Ljava/lang/String;)S || 012e:readShort(Ljava/lang/String;)S || 0140:readInt(Ljava/lang/String;)I || 0158:readByte(Ljava/lang/String;)B || 018a:readShort(Ljava/lang/String;)S || 019e:readShort(Ljava/lang/String;)S || 01b0:readByte(Ljava/lang/String;)B || 01e2:readShort(Ljava/lang/String;)S || 01f6:readShort(Ljava/lang/String;)S || 0208:readUTF(Ljava/lang/String;)Ljava/lang/String; || 0258:readByte(Ljava/lang/String;)B || 0270:readUTF(Ljava/lang/String;)Ljava/lang/String; || 0282:readBoolean(Ljava/lang/String;)Z || 02c4:readByte(Ljava/lang/String;)B || 02cc:readLong(Ljava/lang/String;)J || 03f4:readByte(Ljava/lang/String;)B || 03fc:readLong(Ljava/lang/String;)J || 05c6:readLong(Ljava/lang/String;)J || 0602:readUTF(Ljava/lang/String;)Ljava/lang/String;,0x1114,0x0114
0x8116,-32490,LscriptPages/game/h0;->c0(Ljava/lang/String;)V,0x3b0c34,,0000:readByte(Ljava/lang/String;)B || 0008:readByte(Ljava/lang/String;)B || 0026:readByte(Ljava/lang/String;)B || 0032:readInt(Ljava/lang/String;)I || 0040:readLong(Ljava/lang/String;)J,0x1116 reqDelMsg@scriptPages/game/h0->b0,0x0116
0x8118,-32488,LscriptPages/game/h0;->h0(Ljava/lang/String;)V,0x3b0e88,,0000:readByte(Ljava/lang/String;)B || 0008:readUTF(Ljava/lang/String;)Ljava/lang/String;,0x1118 reqSendMsg@scriptPages/game/h0->g0,0x0118
0x811a,-32486,LscriptPages/game/h0;->f0(Ljava/lang/String;)V,0x3b0dfc,,,0x111a (unnamed)@scriptPages/game/h0->m0,0x011a
0x811d,-32483,LscriptPages/game/h0;->Y(Ljava/lang/String;)V,0x3b040c,,0006:readByte(Ljava/lang/String;)B || 0012:readLong(Ljava/lang/String;)J || 001a:readInt(Ljava/lang/String;)I || 0050:readShort(Ljava/lang/String;)S || 005c:readShort(Ljava/lang/String;)S || 0076:readInt(Ljava/lang/String;)I || 007e:readByte(Ljava/lang/String;)B || 00ca:readUTF(Ljava/lang/String;)Ljava/lang/String;,0x111d,0x011d
0x811f,-32481,LscriptPages/game/h0;->d0(Ljava/lang/String;)V,0x3b0cec,,0000:readByte(Ljava/lang/String;)B || 000c:readLong(Ljava/lang/String;)J || 0026:readUTF(Ljava/lang/String;)Ljava/lang/String;,0x111f,0x011f
0x8120,-32480,LscriptPages/data/i;->x(Ljava/lang/String;)V,0x28bf60,0d28:readByte(Ljava/lang/String;)B,0004:readLong(Ljava/lang/String;)J || 0010:readUTF(Ljava/lang/String;)Ljava/lang/String; || 001c:readByte(Ljava/lang/String;)B || 0028:readByte(Ljava/lang/String;)B || 0034:readLong(Ljava/lang/String;)J || 0040:readLong(Ljava/lang/String;)J || 004c:readLong(Ljava/lang/String;)J || 0058:readByte(Ljava/lang/String;)B || 0064:readShort(Ljava/lang/String;)S || 0070:readByte(Ljava/lang/String;)B || 007c:readLong(Ljava/lang/String;)J || 0088:readLong(Ljava/lang/String;)J || 0094:readLong(Ljava/lang/String;)J || 00a0:readLong(Ljava/lang/String;)J || 00a6:readByte(Ljava/lang/String;)B || 00b2:readInt(Ljava/lang/String;)I || 00be:readInt(Ljava/lang/String;)I || 00ca:readLong(Ljava/lang/String;)J || 00d6:readLong(Ljava/lang/String;)J || 00e2:readLong(Ljava/lang/String;)J || 00ee:readLong(Ljava/lang/String;)J || 00fa:readByte(Ljava/lang/String;)B || 0106:readByte(Ljava/lang/String;)B || 0112:readByte(Ljava/lang/String;)B || 011e:readByte(Ljava/lang/String;)B || 012a:readByte(Ljava/lang/String;)B || 0130:readShort(Ljava/lang/String;)S || 013c:readInt(Ljava/lang/String;)I || 0148:readInt(Ljava/lang/String;)I || 014e:readInt(Ljava/lang/String;)I || 0154:readInt(Ljava/lang/String;)I || 015a:readInt(Ljava/lang/String;)I || 0160:readLong(Ljava/lang/String;)J || 016c:readLong(Ljava/lang/String;)J || 0172:readInt(Ljava/lang/String;)I || 017e:readLong(Ljava/lang/String;)J || 018a:readInt(Ljava/lang/String;)I,0x1120 reqRoleInfo@scriptPages/game/w->d0,0x0120
0x8122,-32478,LscriptPages/game/w;->T(Ljava/lang/String;)V,0x3494c0,,0006:readByte(Ljava/lang/String;)B || 000e:readByte(Ljava/lang/String;)B || 0016:readInt(Ljava/lang/String;)I,0x1122,0x0122
0x8124,-32476,LscriptPages/game/w;->R(Ljava/lang/String;)V,0x3491e4,,0000:readByte(Ljava/lang/String;)B || 0008:readByte(Ljava/lang/String;)B || 0016:readByte(Ljava/lang/String;)B,0x1124,0x0124
0x8126,-32474,LscriptPages/game/w;->b(Ljava/lang/String;)V,0x3420c4,,0000:readByte(Ljava/lang/String;)B || 0008:readByte(Ljava/lang/String;)B || 0010:readUTF(Ljava/lang/String;)Ljava/lang/String;,0x1126,0x0126
0x8130,-32464,LscriptPages/game/m0;->s(Ljava/lang/String;)V,0x3d2350,,,0x1130 (unnamed)@scriptPages/game/m0->r,0x0130
0x8131,-32463,Lo/a;->k7(Ljava/lang/String;)V,0x2454a0,,000c:readInt(Ljava/lang/String;)I || 0066:readUTF(Ljava/lang/String;)Ljava/lang/String; || 0076:readLong(Ljava/lang/String;)J || 0086:readUTF(Ljava/lang/String;)Ljava/lang/String; || 0096:readLong(Ljava/lang/String;)J || 00a6:readLong(Ljava/lang/String;)J || 00b6:readBoolean(Ljava/lang/String;)Z || 00c6:readUTF(Ljava/lang/String;)Ljava/lang/String;,0x1131,0x0131
0x8132,-32462,LscriptPages/game/m0;->w(Ljava/lang/String;)V,0x3d26d4,,0000:readByte(Ljava/lang/String;)B || 0012:readByte(Ljava/lang/String;)B || 001a:readLong(Ljava/lang/String;)J || 003c:readUTF(Ljava/lang/String;)Ljava/lang/String; || 0048:readByte(Ljava/lang/String;)B || 0072:readUTF(Ljava/lang/String;)Ljava/lang/String; || 008c:readUTF(Ljava/lang/String;)Ljava/lang/String; || 009c:readByte(Ljava/lang/String;)B || 00e2:readShort(Ljava/lang/String;)S || 0116:readShort(Ljava/lang/String;)S || 0144:readInt(Ljava/lang/String;)I || 015e:readShort(Ljava/lang/String;)S || 0184:readUTF(Ljava/lang/String;)Ljava/lang/String; || 0194:readUTF(Ljava/lang/String;)Ljava/lang/String;,0x1132 reqTaskInfo@scriptPages/game/m0->v,0x0132
0x8134,-32460,LscriptPages/game/m0;->u(Ljava/lang/String;)V,0x3d23ac,,0006:readByte(Ljava/lang/String;)B || 0020:readByte(Ljava/lang/String;)B || 002e:readLong(Ljava/lang/String;)J || 003a:readLong(Ljava/lang/String;)J || 0046:readLong(Ljava/lang/String;)J || 0052:readLong(Ljava/lang/String;)J || 00d4:readUTF(Ljava/lang/String;)Ljava/lang/String;,0x1134 reqGainAward@scriptPages/game/m0->t,0x0134
0x8136,-32458,LscriptPages/game/m0;->y(Ljava/lang/String;)V,0x3d2a08,,0006:readByte(Ljava/lang/String;)B,0x1136 facebook@scriptPages/game/m0->B,0x0136
0x8137,-32457,Lo/a;->n7(Ljava/lang/String;)V,0x246da4,,0000:readByte(Ljava/lang/String;)B || 0008:readLong(Ljava/lang/String;)J || 0038:readUTF(Ljava/lang/String;)Ljava/lang/String; || 017c:readUTF(Ljava/lang/String;)Ljava/lang/String; || 0182:readUTF(Ljava/lang/String;)Ljava/lang/String; || 018a:readUTF(Ljava/lang/String;)Ljava/lang/String; || 0192:readUTF(Ljava/lang/String;)Ljava/lang/String; || 019a:readUTF(Ljava/lang/String;)Ljava/lang/String; || 01a0:readUTF(Ljava/lang/String;)Ljava/lang/String; || 01a6:readUTF(Ljava/lang/String;)Ljava/lang/String; || 01ae:readInt(Ljava/lang/String;)I || 01b6:readInt(Ljava/lang/String;)I || 01be:readInt(Ljava/lang/String;)I || 01dc:readInt(Ljava/lang/String;)I || 01e8:readInt(Ljava/lang/String;)I || 020a:readByte(Ljava/lang/String;)B || 0216:readUTF(Ljava/lang/String;)Ljava/lang/String; || 022a:readInt(Ljava/lang/String;)I || 0456:readUTF(Ljava/lang/String;)Ljava/lang/String; || 045c:readUTF(Ljava/lang/String;)Ljava/lang/String; || 0464:readUTF(Ljava/lang/String;)Ljava/lang/String; || 046c:readUTF(Ljava/lang/String;)Ljava/lang/String; || 0474:readUTF(Ljava/lang/String;)Ljava/lang/String; || 047c:readUTF(Ljava/lang/String;)Ljava/lang/String; || 0484:readByte(Ljava/lang/String;)B || 048c:readInt(Ljava/lang/String;)I || 0494:readByte(Ljava/lang/String;)B || 04ce:readInt(Ljava/lang/String;)I || 04da:readByte(Ljava/lang/String;)B || 0514:readUTF(Ljava/lang/String;)Ljava/lang/String; || 0520:readByte(Ljava/lang/String;)B || 0556:readInt(Ljava/lang/String;)I || 0562:readInt(Ljava/lang/String;)I || 0584:readByte(Ljava/lang/String;)B || 0590:readUTF(Ljava/lang/String;)Ljava/lang/String; || 05a4:readInt(Ljava/lang/String;)I || 0622:readByte(Ljava/lang/String;)B || 09b8:readUTF(Ljava/lang/String;)Ljava/lang/String; || 09be:readUTF(Ljava/lang/String;)Ljava/lang/String; || 09c6:readUTF(Ljava/lang/String;)Ljava/lang/String; || 09ce:readUTF(Ljava/lang/String;)Ljava/lang/String; || 09d6:readUTF(Ljava/lang/String;)Ljava/lang/String; || 09dc:readUTF(Ljava/lang/String;)Ljava/lang/String; || 09e4:readInt(Ljava/lang/String;)I || 09ec:readByte(Ljava/lang/String;)B || 09f4:readInt(Ljava/lang/String;)I || 09fc:readInt(Ljava/lang/String;)I || 0a04:readInt(Ljava/lang/String;)I || 0a2a:readInt(Ljava/lang/String;)I || 0a36:readInt(Ljava/lang/String;)I || 0a58:readByte(Ljava/lang/String;)B || 0a64:readUTF(Ljava/lang/String;)Ljava/lang/String; || 0a78:readInt(Ljava/lang/String;)I || 0a96:readInt(Ljava/lang/String;)I || 0ac8:readInt(Ljava/lang/String;)I || 0ad4:readInt(Ljava/lang/String;)I || 0b0a:readInt(Ljava/lang/String;)I || 0b16:readInt(Ljava/lang/String;)I || 0b38:readByte(Ljava/lang/String;)B || 0b44:readUTF(Ljava/lang/String;)Ljava/lang/String; || 0b60:readInt(Ljava/lang/String;)I || 0bcc:readInt(Ljava/lang/String;)I || 0bd4:readInt(Ljava/lang/String;)I || 0bdc:readInt(Ljava/lang/String;)I || 0be4:readInt(Ljava/lang/String;)I || 0dac:readUTF(Ljava/lang/String;)Ljava/lang/String; || 0db2:readUTF(Ljava/lang/String;)Ljava/lang/String; || 0dba:readUTF(Ljava/lang/String;)Ljava/lang/String; || 0dc2:readUTF(Ljava/lang/String;)Ljava/lang/String; || 0dca:readUTF(Ljava/lang/String;)Ljava/lang/String; || 0dd0:readUTF(Ljava/lang/String;)Ljava/lang/String; || 0dd6:readUTF(Ljava/lang/String;)Ljava/lang/String; || 0dde:readInt(Ljava/lang/String;)I || 0f56:readUTF(Ljava/lang/String;)Ljava/lang/String; || 0f5c:readUTF(Ljava/lang/String;)Ljava/lang/String; || 0f64:readUTF(Ljava/lang/String;)Ljava/lang/String; || 0f6c:readUTF(Ljava/lang/String;)Ljava/lang/String; || 0f74:readUTF(Ljava/lang/String;)Ljava/lang/String; || 0f7c:readUTF(Ljava/lang/String;)Ljava/lang/String; || 0f82:readUTF(Ljava/lang/String;)Ljava/lang/String; || 0f8a:readLong(Ljava/lang/String;)J || 0f92:readLong(Ljava/lang/String;)J || 0f9a:readLong(Ljava/lang/String;)J || 1008:readByte(Ljava/lang/String;)B,0x1137,0x0137
0x8138,-32456,Lo/a;->N7(Ljava/lang/String;)V,0x249784,,000c:readLong(Ljava/lang/String;)J || 0012:readByte(Ljava/lang/String;)B || 0048:readInt(Ljava/lang/String;)I || 006c:readInt(Ljava/lang/String;)I || 0074:readInt(Ljava/lang/String;)I || 008a:readUTF(Ljava/lang/String;)Ljava/lang/String; || 0096:readUTF(Ljava/lang/String;)Ljava/lang/String;,0x1138 di_联网数据请求@o/a->e5,0x0138
0x8139,-32455,Lo/a;->m7(Ljava/lang/String;)V,0x2455d4,,000c:readInt(Ljava/lang/String;)I || 0066:readUTF(Ljava/lang/String;)Ljava/lang/String; || 0076:readLong(Ljava/lang/String;)J || 0086:readUTF(Ljava/lang/String;)Ljava/lang/String; || 0096:readLong(Ljava/lang/String;)J || 00a6:readLong(Ljava/lang/String;)J || 00b6:readBoolean(Ljava/lang/String;)Z || 00c6:readUTF(Ljava/lang/String;)Ljava/lang/String;,0x1139,0x0139
0x813a,-32454,Lo/a;->o7(Ljava/lang/String;)V,0x2456c4,,0004:readByte(Ljava/lang/String;)B || 000c:readLong(Ljava/lang/String;)J || 003c:readUTF(Ljava/lang/String;)Ljava/lang/String; || 0192:readUTF(Ljava/lang/String;)Ljava/lang/String; || 0198:readUTF(Ljava/lang/String;)Ljava/lang/String; || 01a0:readUTF(Ljava/lang/String;)Ljava/lang/String; || 01a8:readUTF(Ljava/lang/String;)Ljava/lang/String; || 01b0:readUTF(Ljava/lang/String;)Ljava/lang/String; || 01b8:readUTF(Ljava/lang/String;)Ljava/lang/String; || 01c0:readUTF(Ljava/lang/String;)Ljava/lang/String; || 01c8:readUTF(Ljava/lang/String;)Ljava/lang/String; || 01d0:readUTF(Ljava/lang/String;)Ljava/lang/String; || 01d8:readUTF(Ljava/lang/String;)Ljava/lang/String; || 01e0:readUTF(Ljava/lang/String;)Ljava/lang/String; || 01e8:readUTF(Ljava/lang/String;)Ljava/lang/String; || 01f0:readLong(Ljava/lang/String;)J || 01f8:readLong(Ljava/lang/String;)J || 0200:readShort(Ljava/lang/String;)S || 0206:readShort(Ljava/lang/String;)S || 020e:readShort(Ljava/lang/String;)S || 0216:readInt(Ljava/lang/String;)I || 023c:readShort(Ljava/lang/String;)S || 0244:readShort(Ljava/lang/String;)S || 026a:readInt(Ljava/lang/String;)I || 02a8:readInt(Ljava/lang/String;)I || 02b0:readInt(Ljava/lang/String;)I || 02c6:readByte(Ljava/lang/String;)B || 02ce:readUTF(Ljava/lang/String;)Ljava/lang/String; || 030c:readInt(Ljava/lang/String;)I || 0334:readInt(Ljava/lang/String;)I || 0372:readInt(Ljava/lang/String;)I || 037a:readInt(Ljava/lang/String;)I || 0398:readByte(Ljava/lang/String;)B || 03a0:readUTF(Ljava/lang/String;)Ljava/lang/String; || 03de:readInt(Ljava/lang/String;)I || 0406:readShort(Ljava/lang/String;)S || 040e:readByte(Ljava/lang/String;)B || 0416:readByte(Ljava/lang/String;)B || 041e:readUTF(Ljava/lang/String;)Ljava/lang/String; || 0426:readInt(Ljava/lang/String;)I || 0440:readUTF(Ljava/lang/String;)Ljava/lang/String; || 05fa:readUTF(Ljava/lang/String;)Ljava/lang/String; || 0600:readUTF(Ljava/lang/String;)Ljava/lang/String; || 0608:readUTF(Ljava/lang/String;)Ljava/lang/String; || 0610:readUTF(Ljava/lang/String;)Ljava/lang/String; || 0618:readUTF(Ljava/lang/String;)Ljava/lang/String; || 0620:readUTF(Ljava/lang/String;)Ljava/lang/String; || 0628:readUTF(Ljava/lang/String;)Ljava/lang/String; || 0630:readUTF(Ljava/lang/String;)Ljava/lang/String; || 0658:readUTF(Ljava/lang/String;)Ljava/lang/String; || 0660:readUTF(Ljava/lang/String;)Ljava/lang/String; || 0678:readInt(Ljava/lang/String;)I || 06c2:readInt(Ljava/lang/String;)I || 06ca:readInt(Ljava/lang/String;)I || 06e4:readByte(Ljava/lang/String;)B || 06ec:readUTF(Ljava/lang/String;)Ljava/lang/String; || 072a:readInt(Ljava/lang/String;)I || 075c:readByte(Ljava/lang/String;)B || 0890:readUTF(Ljava/lang/String;)Ljava/lang/String; || 0896:readUTF(Ljava/lang/String;)Ljava/lang/String; || 089e:readUTF(Ljava/lang/String;)Ljava/lang/String; || 08a6:readUTF(Ljava/lang/String;)Ljava/lang/String; || 08ae:readUTF(Ljava/lang/String;)Ljava/lang/String; || 08b6:readUTF(Ljava/lang/String;)Ljava/lang/String; || 08be:readUTF(Ljava/lang/String;)Ljava/lang/String; || 08c6:readUTF(Ljava/lang/String;)Ljava/lang/String; || 08ce:readByte(Ljava/lang/String;)B || 08fe:readInt(Ljava/lang/String;)I || 0942:readLong(Ljava/lang/String;)J || 095a:readShort(Ljava/lang/String;)S || 0994:readInt(Ljava/lang/String;)I || 099c:readInt(Ljava/lang/String;)I || 09ba:readByte(Ljava/lang/String;)B || 09c2:readUTF(Ljava/lang/String;)Ljava/lang/String; || 09f0:readInt(Ljava/lang/String;)I || 0a22:readByte(Ljava/lang/String;)B || 0bbe:readUTF(Ljava/lang/String;)Ljava/lang/String; || 0bc4:readUTF(Ljava/lang/String;)Ljava/lang/String; || 0bcc:readUTF(Ljava/lang/String;)Ljava/lang/String; || 0bd4:readUTF(Ljava/lang/String;)Ljava/lang/String; || 0bdc:readUTF(Ljava/lang/String;)Ljava/lang/String; || 0be4:readUTF(Ljava/lang/String;)Ljava/lang/String; || 0bec:readUTF(Ljava/lang/String;)Ljava/lang/String; || 0bf4:readUTF(Ljava/lang/String;)Ljava/lang/String; || 0bfc:readByte(Ljava/lang/String;)B || 0c04:readLong(Ljava/lang/String;)J || 0c0c:readByte(Ljava/lang/String;)B || 0c4c:readUTF(Ljava/lang/String;)Ljava/lang/String; || 0c54:readUTF(Ljava/lang/String;)Ljava/lang/String; || 0c6c:readInt(Ljava/lang/String;)I || 0cb6:readInt(Ljava/lang/String;)I || 0cbe:readInt(Ljava/lang/String;)I || 0cd8:readByte(Ljava/lang/String;)B || 0ce0:readUTF(Ljava/lang/String;)Ljava/lang/String; || 0d1c:readInt(Ljava/lang/String;)I || 0ef2:readUTF(Ljava/lang/String;)Ljava/lang/String; || 0ef8:readUTF(Ljava/lang/String;)Ljava/lang/String; || 0f00:readUTF(Ljava/lang/String;)Ljava/lang/String; || 0f08:readUTF(Ljava/lang/String;)Ljava/lang/String; || 0f10:readShort(Ljava/lang/String;)S || 0f66:readShort(Ljava/lang/String;)S || 0f76:readShort(Ljava/lang/String;)S || 0fb4:readInt(Ljava/lang/String;)I || 0fc0:readInt(Ljava/lang/String;)I || 0fec:readByte(Ljava/lang/String;)B || 0ff4:readUTF(Ljava/lang/String;)Ljava/lang/String; || 1014:readInt(Ljava/lang/String;)I || 1234:readShort(Ljava/lang/String;)S || 123c:readShort(Ljava/lang/String;)S || 1252:readShort(Ljava/lang/String;)S || 125e:readShort(Ljava/lang/String;)S || 1270:readShort(Ljava/lang/String;)S || 1278:readShort(Ljava/lang/String;)S || 1280:readShort(Ljava/lang/String;)S || 1288:readInt(Ljava/lang/String;)I || 1294:readShort(Ljava/lang/String;)S || 12da:readInt(Ljava/lang/String;)I || 12e6:readLong(Ljava/lang/String;)J || 12f2:readUTF(Ljava/lang/String;)Ljava/lang/String; || 12fe:readShort(Ljava/lang/String;)S,0x113a,0x013a
0x8140,-32448,LscriptPages/game/k0;->U(Ljava/lang/String;)V,0x3ccd84,,,0x1140 (unnamed)@scriptPages/game/k0->b0; statereturn@scriptPages/game/k0->b0,0x0140
0x8142,-32446,LscriptPages/game/k0;->W(Ljava/lang/String;)V,0x3ccdfc,,0000:readByte(Ljava/lang/String;)B || 0008:readUTF(Ljava/lang/String;)Ljava/lang/String;,0x1142 reqRoleStatusSet@scriptPages/game/k0->V,0x0142
0x8144,-32444,LscriptPages/game/k0;->a0(Ljava/lang/String;)V,0x3cd024,,0006:readByte(Ljava/lang/String;)B || 0022:readUTF(Ljava/lang/String;)Ljava/lang/String; || 0030:readLong(Ljava/lang/String;)J || 003c:readLong(Ljava/lang/String;)J,0x1144 reqUseItem@scriptPages/game/k0->Z,0x0144
0x8146,-32442,LscriptPages/data/g;->a3(Ljava/lang/String;)V,0x282da0,,0000:readByte(Ljava/lang/String;)B || 0024:readByte(Ljava/lang/String;)B || 0030:readByte(Ljava/lang/String;)B || 0052:readShort(Ljava/lang/String;)S,0x1146 (unnamed)@scriptPages/game/q->S0; (unnamed)@scriptPages/game/z->U0,0x0146
0x8147,-32441,LscriptPages/gameHD/i;->a(Ljava/lang/String;)V,0x434afc,,000c:readLong(Ljava/lang/String;)J || 0014:readLong(Ljava/lang/String;)J,0x1147 REQ_GOLD_INFO@scriptPages/gameHD/i->u,0x0147
0x8148,-32440,LscriptPages/game/k0;->T(Ljava/lang/String;)V,0x3ccd0c,,0006:readByte(Ljava/lang/String;)B || 0012:readUTF(Ljava/lang/String;)Ljava/lang/String; || 001e:readUTF(Ljava/lang/String;)Ljava/lang/String;,0x1148 di_提示君主改名@scriptPages/game/k0->l0,0x0148
0x8149,-32439,LscriptPages/gameHD/k;->I(Ljava/lang/String;)V,0x44bad8,,0012:readByte(Ljava/lang/String;)B || 001e:readUTF(Ljava/lang/String;)Ljava/lang/String; || 002a:readByte(Ljava/lang/String;)B || 0030:readShort(Ljava/lang/String;)S,0x1149,0x0149
0x814a,-32438,Lo/a;->L7(Ljava/lang/String;)V,0x2496f4,,000c:readByte(Ljava/lang/String;)B || 0014:readUTF(Ljava/lang/String;)Ljava/lang/String; || 0020:readShort(Ljava/lang/String;)S || 0028:readByte(Ljava/lang/String;)B,0x114a reqReplaceSkin@o/a->T7,0x014a
0x814b,-32437,LscriptPages/game/n;->l2(Ljava/lang/String;)V,0x2ed3ac,,,0x114b tencentOpenPf@scriptPages/PageMain->runCountryExchangeTip; tencentOpenPf@scriptPages/game/n->M0,0x014b
0x814c,-32436,LscriptPages/gameHD/k;->R(Ljava/lang/String;)V,0x44c948,,0000:readLong(Ljava/lang/String;)J || 0008:readInt(Ljava/lang/String;)I,0x114c chenhaozhuanhuan@scriptPages/gameHD/k->w,0x014c
0x814d,-32435,LscriptPages/game/n;->m2(Ljava/lang/String;)V,0x2ed3cc,,0000:readLong(Ljava/lang/String;)J || 0008:readUTF(Ljava/lang/String;)Ljava/lang/String;,0x114d,0x014d
0x814e,-32434,Lo/a;->P7(Ljava/lang/String;)V,0x24986c,,000c:readByte(Ljava/lang/String;)B || 0012:readUTF(Ljava/lang/String;)Ljava/lang/String;,0x114e reqUnlockSkin@o/a->T7,0x014e
0x814f,-32433,LscriptPages/game/w;->j0(Ljava/lang/String;)V,0x34a608,,0000:readInt(Ljava/lang/String;)I || 0024:readInt(Ljava/lang/String;)I || 002c:readUTF(Ljava/lang/String;)Ljava/lang/String;,0x114f reqRoleIconAndName@scriptPages/game/j->t,0x014f
0x8150,-32432,LscriptPages/game/g0;->f(Ljava/lang/String;)V,0x3a0750,,0000:readInt(Ljava/lang/String;)I || 000c:readLong(Ljava/lang/String;)J || 0018:readLong(Ljava/lang/String;)J || 0024:readInt(Ljava/lang/String;)I || 0030:readLong(Ljava/lang/String;)J || 003c:readLong(Ljava/lang/String;)J || 0048:readShort(Ljava/lang/String;)S,0x1150 di_联网数据请求@scriptPages/game/g0->d,0x0150
0x8152,-32430,LscriptPages/game/g0;->h(Ljava/lang/String;)V,0x3a07fc,,0000:readByte(Ljava/lang/String;)B || 0008:readLong(Ljava/lang/String;)J || 0014:readLong(Ljava/lang/String;)J || 0020:readLong(Ljava/lang/String;)J || 002c:readLong(Ljava/lang/String;)J || 0038:readInt(Ljava/lang/String;)I,0x1152 reqExchange@scriptPages/game/g0->g,0x0152
0x8160,-32416,LscriptPages/game/k0;->S(Ljava/lang/String;)V,0x3ccccc,,0000:readUTF(Ljava/lang/String;)Ljava/lang/String;,0x1160 di_提示金不足扩容@scriptPages/game/k0->o0,0x0160
0x8170,-32400,LscriptPages/game/n0;->P(Ljava/lang/String;)V,0x3dc190,,0032:readByte(Ljava/lang/String;)B || 0044:readShort(Ljava/lang/String;)S || 0052:readShort(Ljava/lang/String;)S || 0064:readByte(Ljava/lang/String;)B || 0070:readLong(Ljava/lang/String;)J || 0080:readInt(Ljava/lang/String;)I || 00b2:readUTF(Ljava/lang/String;)Ljava/lang/String; || 00c6:readLong(Ljava/lang/String;)J,0x1170,0x0170
0x8172,-32398,LscriptPages/game/n0;->I(Ljava/lang/String;)V,0x3dbc78,,0072:readByte(Ljava/lang/String;)B || 0082:readShort(Ljava/lang/String;)S || 0090:readShort(Ljava/lang/String;)S || 00a2:readByte(Ljava/lang/String;)B || 015e:readLong(Ljava/lang/String;)J || 0172:readUTF(Ljava/lang/String;)Ljava/lang/String; || 0186:readShort(Ljava/lang/String;)S || 019a:readByte(Ljava/lang/String;)B || 01ae:readShort(Ljava/lang/String;)S || 01c2:readByte(Ljava/lang/String;)B || 01d6:readBoolean(Ljava/lang/String;)Z || 01ee:readShort(Ljava/lang/String;)S || 0202:readShort(Ljava/lang/String;)S || 0216:readShort(Ljava/lang/String;)S || 022a:readShort(Ljava/lang/String;)S || 023e:readShort(Ljava/lang/String;)S || 0250:readShort(Ljava/lang/String;)S || 0260:readByte(Ljava/lang/String;)B || 0274:readShort(Ljava/lang/String;)S || 0288:readShort(Ljava/lang/String;)S || 029c:readShort(Ljava/lang/String;)S || 02b0:readShort(Ljava/lang/String;)S || 02c4:readShort(Ljava/lang/String;)S,0x1172,0x0172
0x8174,-32396,LscriptPages/game/n0;->H(Ljava/lang/String;)V,0x3dbaa8,,0032:readByte(Ljava/lang/String;)B || 0044:readShort(Ljava/lang/String;)S || 0052:readShort(Ljava/lang/String;)S || 0064:readByte(Ljava/lang/String;)B || 00dc:readInt(Ljava/lang/String;)I || 00f6:readLong(Ljava/lang/String;)J || 010a:readUTF(Ljava/lang/String;)Ljava/lang/String; || 011e:readUTF(Ljava/lang/String;)Ljava/lang/String; || 0132:readByte(Ljava/lang/String;)B || 0142:readShort(Ljava/lang/String;)S || 0158:readShort(Ljava/lang/String;)S || 016e:readInt(Ljava/lang/String;)I || 0184:readInt(Ljava/lang/String;)I || 0194:readByte(Ljava/lang/String;)B,0x1174,0x0174
0x8176,-32394,LscriptPages/game/n0;->F(Ljava/lang/String;)V,0x3db954,,002a:readByte(Ljava/lang/String;)B || 003a:readShort(Ljava/lang/String;)S || 0048:readShort(Ljava/lang/String;)S || 005a:readByte(Ljava/lang/String;)B || 0094:readLong(Ljava/lang/String;)J || 00a8:readUTF(Ljava/lang/String;)Ljava/lang/String; || 00bc:readLong(Ljava/lang/String;)J,0x1176,0x0176
0x8177,-32393,LscriptPages/game/n0;->L(Ljava/lang/String;)V,0x3dc028,,002a:readByte(Ljava/lang/String;)B || 0038:readShort(Ljava/lang/String;)S || 0044:readShort(Ljava/lang/String;)S || 0056:readByte(Ljava/lang/String;)B || 0072:readLong(Ljava/lang/String;)J || 0078:readLong(Ljava/lang/String;)J || 008e:readUTF(Ljava/lang/String;)Ljava/lang/String; || 009e:readLong(Ljava/lang/String;)J,0x1177,0x0177
0x8178,-32392,LscriptPages/game/n0;->Q(Ljava/lang/String;)V,0x3dc290,,002a:readByte(Ljava/lang/String;)B || 0038:readShort(Ljava/lang/String;)S || 0044:readShort(Ljava/lang/String;)S || 0056:readByte(Ljava/lang/String;)B || 0072:readLong(Ljava/lang/String;)J || 0078:readLong(Ljava/lang/String;)J || 008e:readUTF(Ljava/lang/String;)Ljava/lang/String; || 009e:readLong(Ljava/lang/String;)J,0x1178,0x0178
0x8179,-32391,LscriptPages/game/q0;->P1(Ljava/lang/String;)V,0x401f50,,0008:readLong(Ljava/lang/String;)J || 0010:readInt(Ljava/lang/String;)I || 0020:readInt(Ljava/lang/String;)I || 004e:readLong(Ljava/lang/String;)J || 0056:readInt(Ljava/lang/String;)I || 005e:readUTF(Ljava/lang/String;)Ljava/lang/String; || 0066:readLong(Ljava/lang/String;)J,0x1179 di_请求中@scriptPages/game/q0->u0,0x0179
0x817a,-32390,LscriptPages/game/n0;->R(Ljava/lang/String;)V,0x3dc35c,,0022:readLong(Ljava/lang/String;)J || 002e:readByte(Ljava/lang/String;)B || 0034:readUTF(Ljava/lang/String;)Ljava/lang/String; || 0040:readShort(Ljava/lang/String;)S || 0048:readShort(Ljava/lang/String;)S || 0064:readByte(Ljava/lang/String;)B || 008a:readLong(Ljava/lang/String;)J || 0090:readInt(Ljava/lang/String;)I || 009a:readUTF(Ljava/lang/String;)Ljava/lang/String; || 00a6:readLong(Ljava/lang/String;)J || 00b6:readByte(Ljava/lang/String;)B || 00c0:readUTF(Ljava/lang/String;)Ljava/lang/String;,0x117a reqRankList_military@scriptPages/game/n0->N,0x017a
0x8180,-32384,LscriptPages/game/i0;->v(Ljava/lang/String;)V,0x3b6cac,,0000:readBoolean(Ljava/lang/String;)Z || 0008:readBoolean(Ljava/lang/String;)Z || 0018:readShort(Ljava/lang/String;)S || 0020:readShort(Ljava/lang/String;)S || 0028:readByte(Ljava/lang/String;)B || 0034:readShort(Ljava/lang/String;)S || 0058:readLong(Ljava/lang/String;)J || 0064:readByte(Ljava/lang/String;)B || 0070:readUTF(Ljava/lang/String;)Ljava/lang/String; || 007c:readLong(Ljava/lang/String;)J || 0088:readLong(Ljava/lang/String;)J,0x1180 reqAchievementList@scriptPages/game/i0->o,0x0180
0x8182,-32382,LscriptPages/game/i0;->s(Ljava/lang/String;)V,0x3b6820,,0000:readByte(Ljava/lang/String;)B || 0038:readLong(Ljava/lang/String;)J || 0048:readByte(Ljava/lang/String;)B || 0058:readUTF(Ljava/lang/String;)Ljava/lang/String;,0x1182,0x0182
0x8184,-32380,LscriptPages/game/i0;->u(Ljava/lang/String;)V,0x3b68e0,,0000:readByte(Ljava/lang/String;)B || 0008:readLong(Ljava/lang/String;)J || 0010:readByte(Ljava/lang/String;)B || 0022:readByte(Ljava/lang/String;)B || 002a:readLong(Ljava/lang/String;)J || 0032:readLong(Ljava/lang/String;)J || 003a:readUTF(Ljava/lang/String;)Ljava/lang/String; || 0042:readUTF(Ljava/lang/String;)Ljava/lang/String; || 004a:readLong(Ljava/lang/String;)J || 0050:readUTF(Ljava/lang/String;)Ljava/lang/String; || 0058:readUTF(Ljava/lang/String;)Ljava/lang/String;,0x1184 reqAchievementCont@scriptPages/game/i0->n,0x0184
0x8186,-32378,LscriptPages/game/i0;->z(Ljava/lang/String;)V,0x3b7660,,0000:readBoolean(Ljava/lang/String;)Z || 0008:readShort(Ljava/lang/String;)S || 0010:readLong(Ljava/lang/String;)J || 0018:readUTF(Ljava/lang/String;)Ljava/lang/String; || 0020:readShort(Ljava/lang/String;)S || 005e:readLong(Ljava/lang/String;)J || 006a:readByte(Ljava/lang/String;)B || 0076:readUTF(Ljava/lang/String;)Ljava/lang/String; || 0082:readUTF(Ljava/lang/String;)Ljava/lang/String; || 008e:readUTF(Ljava/lang/String;)Ljava/lang/String; || 009a:readUTF(Ljava/lang/String;)Ljava/lang/String; || 00a6:readBoolean(Ljava/lang/String;)Z || 00b2:readLong(Ljava/lang/String;)J || 00d2:readByte(Ljava/lang/String;)B,0x1186 reqNicknameList@scriptPages/game/i0->r,0x0186
0x8188,-32376,LscriptPages/game/i0;->w(Ljava/lang/String;)V,0x3b7110,,000e:readByte(Ljava/lang/String;)B || 0016:readUTF(Ljava/lang/String;)Ljava/lang/String; || 002e:readByte(Ljava/lang/String;)B || 0060:readLong(Ljava/lang/String;)J || 006c:readUTF(Ljava/lang/String;)Ljava/lang/String; || 0078:readLong(Ljava/lang/String;)J || 0092:readLong(Ljava/lang/String;)J,0x1188,0x0188
0x818a,-32374,LscriptPages/game/i0;->x(Ljava/lang/String;)V,0x3b74d0,,0006:readByte(Ljava/lang/String;)B || 000e:readUTF(Ljava/lang/String;)Ljava/lang/String;,0x118a reqActivationUseGold@scriptPages/game/i0->q,0x018a
0x818b,-32373,LscriptPages/game/i0;->t(Ljava/lang/String;)V,0x3b689c,,0006:readByte(Ljava/lang/String;)B || 000e:readUTF(Ljava/lang/String;)Ljava/lang/String; || 0016:readBoolean(Ljava/lang/String;)Z,0x118b di_提示改变成就隐藏状态@scriptPages/game/i0->A,0x018b
0x8190,-32368,LscriptPages/game/s0;->Y(Ljava/lang/String;)V,0x410898,,0000:readShort(Ljava/lang/String;)S || 0016:readShort(Ljava/lang/String;)S || 002c:readShort(Ljava/lang/String;)S || 0058:readLong(Ljava/lang/String;)J || 0068:readUTF(Ljava/lang/String;)Ljava/lang/String; || 0078:readShort(Ljava/lang/String;)S,0x1190 di_提示国数据@scriptPages/game/s0->G,0x0190
0x8192,-32366,LscriptPages/game/s0;->X(Ljava/lang/String;)V,0x4106e8,,0006:readShort(Ljava/lang/String;)S || 003a:readLong(Ljava/lang/String;)J || 004a:readByte(Ljava/lang/String;)B || 0056:readShort(Ljava/lang/String;)S || 00a2:readShort(Ljava/lang/String;)S || 00ba:readShort(Ljava/lang/String;)S,0x1192 reqForceMapCity@scriptPages/game/s0->Y,0x0192
0x8200,-32256,LscriptPages/game/q;->i(Ljava/lang/String;)V,0x316434,,0000:readByte(Ljava/lang/String;)B || 0008:readByte(Ljava/lang/String;)B || 000e:readLong(Ljava/lang/String;)J,0x1200,0x0200
0x8201,-32255,LscriptPages/game/q;->j(Ljava/lang/String;)V,0x316660,,0000:readByte(Ljava/lang/String;)B || 0014:readLong(Ljava/lang/String;)J,0x1201,0x0201
0x8202,-32254,LscriptPages/game/q;->r(Ljava/lang/String;)V,0x3170b0,,0000:readByte(Ljava/lang/String;)B || 0026:readLong(Ljava/lang/String;)J || 003a:readShort(Ljava/lang/String;)S,0x1202,0x0202
0x8204,-32252,LscriptPages/game/q;->b0(Ljava/lang/String;)V,0x323260,,0000:readByte(Ljava/lang/String;)B || 0026:readLong(Ljava/lang/String;)J || 003a:readShort(Ljava/lang/String;)S,0x1204 fiefItemUse@scriptPages/game/q->S,0x0204
0x8206,-32250,LscriptPages/game/q;->e(Ljava/lang/String;)V,0x3161c8,,0000:readByte(Ljava/lang/String;)B || 0026:readLong(Ljava/lang/String;)J || 003a:readByte(Ljava/lang/String;)B,0x1206,0x0206
0x8208,-32248,LscriptPages/game/q;->f(Ljava/lang/String;)V,0x3162c8,,0000:readByte(Ljava/lang/String;)B || 0026:readLong(Ljava/lang/String;)J,0x1208,0x0208
0x820b,-32245,LscriptPages/game/q;->Z1(Ljava/lang/String;)V,0x32ac60,,0000:readByte(Ljava/lang/String;)B || 002a:readByte(Ljava/lang/String;)B || 0036:readByte(Ljava/lang/String;)B || 0044:readInt(Ljava/lang/String;)I || 0050:readByte(Ljava/lang/String;)B || 005e:readLong(Ljava/lang/String;)J || 0066:readInt(Ljava/lang/String;)I || 008e:readInt(Ljava/lang/String;)I || 009a:readByte(Ljava/lang/String;)B || 00a8:readLong(Ljava/lang/String;)J || 00b0:readInt(Ljava/lang/String;)I || 00da:readLong(Ljava/lang/String;)J || 00f0:readByte(Ljava/lang/String;)B || 00fe:readLong(Ljava/lang/String;)J || 0106:readShort(Ljava/lang/String;)S || 010e:readInt(Ljava/lang/String;)I || 014a:readByte(Ljava/lang/String;)B || 0158:readLong(Ljava/lang/String;)J || 0160:readInt(Ljava/lang/String;)I || 0194:readLong(Ljava/lang/String;)J,0x120b,0x020b
0x820d,-32243,LscriptPages/game/q;->c(Ljava/lang/String;)V,0x316100,,0000:readByte(Ljava/lang/String;)B || 0026:readLong(Ljava/lang/String;)J,0x120d buildQueueAdd@scriptPages/game/q->K1; buildQueueAdd@scriptPages/game/q->w1,0x020d
0x820f,-32241,LscriptPages/game/q;->X(Ljava/lang/String;)V,0x322c6c,,0000:readByte(Ljava/lang/String;)B || 000c:readLong(Ljava/lang/String;)J || 0014:readUTF(Ljava/lang/String;)Ljava/lang/String;,0x120f,0x020f
0x8210,-32240,LscriptPages/game/q;->V(Ljava/lang/String;)V,0x3228b4,,0000:readByte(Ljava/lang/String;)B || 0012:readShort(Ljava/lang/String;)S || 001e:readShort(Ljava/lang/String;)S || 002a:readByte(Ljava/lang/String;)B || 00a0:readLong(Ljava/lang/String;)J || 00b0:readUTF(Ljava/lang/String;)Ljava/lang/String; || 00c0:readByte(Ljava/lang/String;)B || 00d0:readUTF(Ljava/lang/String;)Ljava/lang/String; || 00e4:readInt(Ljava/lang/String;)I || 00f8:readInt(Ljava/lang/String;)I || 0108:readInt(Ljava/lang/String;)I || 0118:readInt(Ljava/lang/String;)I || 0124:readInt(Ljava/lang/String;)I || 0152:readByte(Ljava/lang/String;)B || 0166:readInt(Ljava/lang/String;)I,0x1210 fiefMoveAbleCitys@scriptPages/game/q->U,0x0210
0x8212,-32238,LscriptPages/game/q;->W(Ljava/lang/String;)V,0x322a80,,0000:readByte(Ljava/lang/String;)B || 000c:readLong(Ljava/lang/String;)J || 0018:readLong(Ljava/lang/String;)J || 0042:readByte(Ljava/lang/String;)B || 0054:readBoolean(Ljava/lang/String;)Z,0x1212 fiefMove@scriptPages/game/q->T,0x0212
0x8213,-32237,LscriptPages/game/q;->Y(Ljava/lang/String;)V,0x322d00,,0000:readByte(Ljava/lang/String;)B || 001a:readByte(Ljava/lang/String;)B,0x1213,0x0213
0x8214,-32236,LscriptPages/game/z;->O(Ljava/lang/String;)V,0x365db8,,0000:readByte(Ljava/lang/String;)B || 0008:readUTF(Ljava/lang/String;)Ljava/lang/String; || 0014:readLong(Ljava/lang/String;)J || 001c:readUTF(Ljava/lang/String;)Ljava/lang/String;,0x1214 di_将名字长@scriptPages/game/z->Z0,0x0214
0x8215,-32235,Lo/a;->f6(I Ljava/lang/String;)V,0x240b38,0a60:readByte(Ljava/lang/String;)B || 0a6c:readByte(Ljava/lang/String;)B,07d8:readByte(Ljava/lang/String;)B || 07fa:readLong(Ljava/lang/String;)J,0x1215 reqLoadGenerals@o/a->a8,0x0215
0x8216,-32234,LscriptPages/game/z;->B(Ljava/lang/String;)V,0x365444,,0000:readByte(Ljava/lang/String;)B || 0016:readLong(Ljava/lang/String;)J,0x1216,0x0216
0x8218,-32232,LscriptPages/game/z;->C(Ljava/lang/String;)V,0x365590,,0000:readByte(Ljava/lang/String;)B || 0014:readLong(Ljava/lang/String;)J || 0028:readShort(Ljava/lang/String;)S || 003e:readShort(Ljava/lang/String;)S,0x1218,0x0218
0x821b,-32229,LscriptPages/game/z;->G(Ljava/lang/String;)V,0x365734,,0000:readByte(Ljava/lang/String;)B || 0006:readUTF(Ljava/lang/String;)Ljava/lang/String; || 000c:readLong(Ljava/lang/String;)J || 0028:readByte(Ljava/lang/String;)B || 0094:readLong(Ljava/lang/String;)J || 00a4:readUTF(Ljava/lang/String;)Ljava/lang/String; || 00b4:readShort(Ljava/lang/String;)S || 00c4:readByte(Ljava/lang/String;)B || 00d8:readByte(Ljava/lang/String;)B || 00ea:readShort(Ljava/lang/String;)S || 00fa:readByte(Ljava/lang/String;)B || 010e:readShort(Ljava/lang/String;)S || 0122:readShort(Ljava/lang/String;)S || 0136:readShort(Ljava/lang/String;)S || 014c:readShort(Ljava/lang/String;)S,0x121b,0x021b
0x821d,-32227,LscriptPages/game/z;->P(Ljava/lang/String;)V,0x365e2c,,0012:readByte(Ljava/lang/String;)B || 0026:readLong(Ljava/lang/String;)J || 003e:readByte(Ljava/lang/String;)B || 004c:readInt(Ljava/lang/String;)I,0x121d,0x021d
0x821f,-32225,LscriptPages/game/z;->I(Ljava/lang/String;)V,0x365910,,0000:readByte(Ljava/lang/String;)B || 0008:readByte(Ljava/lang/String;)B || 0010:readLong(Ljava/lang/String;)J || 0018:readLong(Ljava/lang/String;)J || 001e:readLong(Ljava/lang/String;)J || 0026:readLong(Ljava/lang/String;)J || 002e:readLong(Ljava/lang/String;)J || 0050:readByte(Ljava/lang/String;)B || 005e:readLong(Ljava/lang/String;)J || 0072:readShort(Ljava/lang/String;)S || 0088:readShort(Ljava/lang/String;)S || 00ca:readShort(Ljava/lang/String;)S || 00e0:readShort(Ljava/lang/String;)S,0x121f,0x021f
0x8220,-32224,LscriptPages/game/z;->E(Ljava/lang/String;)V,0x3656b0,,0000:readByte(Ljava/lang/String;)B,0x1220,0x0220
0x8222,-32222,LscriptPages/game/z;->L(Ljava/lang/String;)V,0x365ac4,,0000:readByte(Ljava/lang/String;)B || 0008:readByte(Ljava/lang/String;)B || 0010:readLong(Ljava/lang/String;)J || 0018:readInt(Ljava/lang/String;)I || 001e:readLong(Ljava/lang/String;)J || 0026:readLong(Ljava/lang/String;)J || 002e:readByte(Ljava/lang/String;)B || 0048:readByte(Ljava/lang/String;)B,0x1222,0x0222
0x8223,-32221,LscriptPages/game/z;->L0(Ljava/lang/String;)V,0x369b70,,0000:readByte(Ljava/lang/String;)B || 000c:readLong(Ljava/lang/String;)J || 0018:readLong(Ljava/lang/String;)J || 0024:readInt(Ljava/lang/String;)I,0x1223,0x0223
0x8224,-32220,LscriptPages/game/z;->Q(Ljava/lang/String;)V,0x365f0c,,0000:readByte(Ljava/lang/String;)B || 0008:readUTF(Ljava/lang/String;)Ljava/lang/String; || 0010:readLong(Ljava/lang/String;)J || 0018:readLong(Ljava/lang/String;)J || 00a2:readLong(Ljava/lang/String;)J || 00b2:readByte(Ljava/lang/String;)B || 00d0:readInt(Ljava/lang/String;)I || 00de:readInt(Ljava/lang/String;)I,0x1224 generalAddPoint@scriptPages/game/z->U0,0x0224
0x8225,-32219,LscriptPages/game/z;->K0(Ljava/lang/String;)V,0x369afc,,0000:readByte(Ljava/lang/String;)B || 0008:readUTF(Ljava/lang/String;)Ljava/lang/String; || 0010:readByte(Ljava/lang/String;)B,0x1225 reqGeneralPracticeCancel@scriptPages/game/z->U0,0x0225
0x8226,-32218,LscriptPages/game/z;->S(Ljava/lang/String;)V,0x366118,,0000:readByte(Ljava/lang/String;)B || 0008:readLong(Ljava/lang/String;)J || 0010:readShort(Ljava/lang/String;)S || 0016:readShort(Ljava/lang/String;)S || 001c:readShort(Ljava/lang/String;)S || 0024:readShort(Ljava/lang/String;)S || 00a6:readByte(Ljava/lang/String;)B || 00bc:readByte(Ljava/lang/String;)B || 00c8:readInt(Ljava/lang/String;)I,0x1226 generalWithSoldier@scriptPages/game/z->R,0x0226
0x8228,-32216,LscriptPages/game/z;->N(Ljava/lang/String;)V,0x365d38,,0000:readByte(Ljava/lang/String;)B,0x1228 (unnamed)@scriptPages/game/z->U0,0x0228
0x8229,-32215,LscriptPages/game/p;->M0(Ljava/lang/String;)V,0x30cad4,,0000:readByte(Ljava/lang/String;)B || 0008:readUTF(Ljava/lang/String;)Ljava/lang/String; || 001a:readByte(Ljava/lang/String;)B || 002c:readLong(Ljava/lang/String;)J || 0044:readByte(Ljava/lang/String;)B || 004c:readInt(Ljava/lang/String;)I || 0072:readLong(Ljava/lang/String;)J || 0082:readByte(Ljava/lang/String;)B || 0096:readByte(Ljava/lang/String;)B || 00a2:readInt(Ljava/lang/String;)I,0x1229 reqBathAddArmy@scriptPages/game/p->L0,0x0229
0x822a,-32214,LscriptPages/game/z;->P0(Ljava/lang/String;)V,0x369c94,,0000:readByte(Ljava/lang/String;)B || 000c:readByte(Ljava/lang/String;)B,0x122a reqGeneralUseItem@scriptPages/game/z->O0,0x022a
0x822b,-32213,LscriptPages/game/q;->Q1(Ljava/lang/String;)V,0x32a7cc,,0000:readByte(Ljava/lang/String;)B || 0008:readLong(Ljava/lang/String;)J || 0018:readByte(Ljava/lang/String;)B || 0030:readByte(Ljava/lang/String;)B || 003c:readInt(Ljava/lang/String;)I,0x122b generalWithSoldier@scriptPages/game/q->y1,0x022b
0x822c,-32212,LscriptPages/game/q;->j1(Ljava/lang/String;)V,0x328210,,0000:readLong(Ljava/lang/String;)J || 0006:readByte(Ljava/lang/String;)B,0x122c,0x022c
0x822d,-32211,LscriptPages/game/q;->R(Ljava/lang/String;)V,0x322710,,0000:readByte(Ljava/lang/String;)B || 0008:readLong(Ljava/lang/String;)J || 000e:readByte(Ljava/lang/String;)B || 001a:readByte(Ljava/lang/String;)B || 0034:readByte(Ljava/lang/String;)B || 0042:readLong(Ljava/lang/String;)J || 0056:readByte(Ljava/lang/String;)B,0x122d,0x022d
0x822f,-32209,LscriptPages/game/q;->Q(Ljava/lang/String;)V,0x32268c,,0000:readByte(Ljava/lang/String;)B || 0006:readLong(Ljava/lang/String;)J || 000c:readByte(Ljava/lang/String;)B || 001a:readByte(Ljava/lang/String;)B || 0028:readLong(Ljava/lang/String;)J || 0030:readByte(Ljava/lang/String;)B,0x122f di_驱逐@scriptPages/game/q->E1,0x022f
0x8230,-32208,LscriptPages/game/q;->e0(Ljava/lang/String;)V,0x3233f4,,0000:readByte(Ljava/lang/String;)B || 0008:readLong(Ljava/lang/String;)J || 000e:readLong(Ljava/lang/String;)J || 0014:readByte(Ljava/lang/String;)B,0x1230,0x0230
0x8231,-32207,LscriptPages/game/q;->l1(Ljava/lang/String;)V,0x32828c,,0000:readLong(Ljava/lang/String;)J || 0006:readShort(Ljava/lang/String;)S || 000e:readLong(Ljava/lang/String;)J || 001a:readLong(Ljava/lang/String;)J,0x1231 reqHurtSoldierCurePreInfo@scriptPages/game/q->k1,0x0231
0x8232,-32206,LscriptPages/game/q;->g0(Ljava/lang/String;)V,0x3234e4,,0000:readByte(Ljava/lang/String;)B,0x1232,0x0232
0x8233,-32205,LscriptPages/game/q;->o1(Ljava/lang/String;)V,0x3286dc,,0000:readByte(Ljava/lang/String;)B || 0008:readByte(Ljava/lang/String;)B || 0050:readLong(Ljava/lang/String;)J || 005c:readLong(Ljava/lang/String;)J || 00fe:readLong(Ljava/lang/String;)J || 010a:readLong(Ljava/lang/String;)J,0x1233 reqPrisonerCtrlInfo@scriptPages/game/q->n1,0x0233
0x8234,-32204,LscriptPages/game/q;->b1(Ljava/lang/String;)V,0x327d50,,0000:readByte(Ljava/lang/String;)B || 0008:readUTF(Ljava/lang/String;)Ljava/lang/String;,0x1234,0x0234
0x8236,-32202,LscriptPages/game/q;->c1(Ljava/lang/String;)V,0x327f0c,,0000:readByte(Ljava/lang/String;)B,0x1236,0x0236
0x8238,-32200,LscriptPages/game/q;->d1(Ljava/lang/String;)V,0x327f7c,,0000:readByte(Ljava/lang/String;)B || 0008:readBoolean(Ljava/lang/String;)Z,0x1238,0x0238
0x823b,-32197,LscriptPages/game/q;->a1(Ljava/lang/String;)V,0x327cb4,,0000:readByte(Ljava/lang/String;)B,0x123b,0x023b
0x823d,-32195,LscriptPages/game/q;->U1(Ljava/lang/String;)V,0x32a98c,,0000:readByte(Ljava/lang/String;)B || 0008:readLong(Ljava/lang/String;)J || 000e:readInt(Ljava/lang/String;)I || 002a:readLong(Ljava/lang/String;)J || 0036:readLong(Ljava/lang/String;)J,0x123d,0x023d
0x823f,-32193,LscriptPages/game/q;->Y1(Ljava/lang/String;)V,0x32ac24,,0000:readByte(Ljava/lang/String;)B || 0008:readUTF(Ljava/lang/String;)Ljava/lang/String;,0x123f,0x023f
0x8240,-32192,LscriptPages/game/q;->V1(Ljava/lang/String;)V,0x32aa64,,0000:readByte(Ljava/lang/String;)B || 0024:readLong(Ljava/lang/String;)J || 0044:readByte(Ljava/lang/String;)B || 005a:readByte(Ljava/lang/String;)B || 0066:readInt(Ljava/lang/String;)I,0x1240,0x0240
0x8242,-32190,LscriptPages/game/q;->T1(Ljava/lang/String;)V,0x32a8f0,,0000:readByte(Ljava/lang/String;)B || 0022:readLong(Ljava/lang/String;)J || 003c:readLong(Ljava/lang/String;)J || 0048:readLong(Ljava/lang/String;)J,0x1242 soldierRecruitCancle@scriptPages/game/q->S1,0x0242
0x8244,-32188,LscriptPages/game/q;->X1(Ljava/lang/String;)V,0x32ab80,,0000:readByte(Ljava/lang/String;)B || 0022:readLong(Ljava/lang/String;)J || 003c:readLong(Ljava/lang/String;)J || 0048:readLong(Ljava/lang/String;)J,0x1244,0x0244
0x8246,-32186,LscriptPages/game/q;->h1(Ljava/lang/String;)V,0x3281a0,,0000:readByte(Ljava/lang/String;)B || 000c:readLong(Ljava/lang/String;)J,0x1246 reqFiefInfo@scriptPages/game/q->g1,0x0246
0x8248,-32184,LscriptPages/game/q;->P1(Ljava/lang/String;)V,0x32a784,,0000:readInt(Ljava/lang/String;)I || 0008:readUTF(Ljava/lang/String;)Ljava/lang/String;,0x1248 soldierAverageRecuit@scriptPages/game/q->O1,0x0248
0x824a,-32182,Lo/a;->O7(Ljava/lang/String;)V,0x249854,,,0x124a,0x024a
0x824b,-32181,Lo/a;->I6(Ljava/lang/String;)V,0x243150,,0000:readLong(Ljava/lang/String;)J,0x124b,0x024b
0x824c,-32180,LscriptPages/game/z;->M(Ljava/lang/String;)V,0x365c3c,,0000:readByte(Ljava/lang/String;)B || 0008:readUTF(Ljava/lang/String;)Ljava/lang/String; || 0010:readLong(Ljava/lang/String;)J || 0018:readLong(Ljava/lang/String;)J,0x124c generalAddPoint@scriptPages/game/z->U0,0x024c
0x8250,-32176,LscriptPages/game/z;->F0(Ljava/lang/String;)V,0x36976c,,0000:readByte(Ljava/lang/String;)B,0x1250,0x0250
0x8252,-32174,LscriptPages/game/z;->D0(Ljava/lang/String;)V,0x36950c,,0000:readBoolean(Ljava/lang/String;)Z || 0008:readUTF(Ljava/lang/String;)Ljava/lang/String; || 0010:readByte(Ljava/lang/String;)B,0x1252,0x0252
0x8254,-32172,LscriptPages/game/z;->H0(Ljava/lang/String;)V,0x3697e8,,0006:readBoolean(Ljava/lang/String;)Z || 000e:readUTF(Ljava/lang/String;)Ljava/lang/String; || 0016:readByte(Ljava/lang/String;)B,0x1254,0x0254
0x8260,-32160,LscriptPages/game/z;->N0(Ljava/lang/String;)V,0x369c10,,0000:readByte(Ljava/lang/String;)B,0x1260,0x0260
0x8262,-32158,LscriptPages/game/z;->M0(Ljava/lang/String;)V,0x369bb4,,0000:readByte(Ljava/lang/String;)B || 0006:readUTF(Ljava/lang/String;)Ljava/lang/String; || 000e:readByte(Ljava/lang/String;)B,0x1262 re_提示用技能书@scriptPages/game/z->e1,0x0262
0x8270,-32144,LscriptPages/game/z;->J0(Ljava/lang/String;)V,0x369998,,0006:readByte(Ljava/lang/String;)B || 0014:readShort(Ljava/lang/String;)S || 0020:readShort(Ljava/lang/String;)S || 002e:readByte(Ljava/lang/String;)B || 0066:readUTF(Ljava/lang/String;)Ljava/lang/String; || 0072:readShort(Ljava/lang/String;)S || 007e:readShort(Ljava/lang/String;)S || 008a:readByte(Ljava/lang/String;)B || 0096:readShort(Ljava/lang/String;)S || 00a2:readShort(Ljava/lang/String;)S || 00ae:readShort(Ljava/lang/String;)S || 00ba:readShort(Ljava/lang/String;)S || 00c6:readShort(Ljava/lang/String;)S || 00d2:readShort(Ljava/lang/String;)S || 00de:readShort(Ljava/lang/String;)S,0x1270,0x0270
0x8272,-32142,LscriptPages/game/z;->B0(Ljava/lang/String;)V,0x369110,,0006:readByte(Ljava/lang/String;)B || 0048:readUTF(Ljava/lang/String;)Ljava/lang/String; || 0050:readShort(Ljava/lang/String;)S || 0058:readByte(Ljava/lang/String;)B || 005e:readShort(Ljava/lang/String;)S || 0064:readShort(Ljava/lang/String;)S || 006a:readShort(Ljava/lang/String;)S || 0070:readShort(Ljava/lang/String;)S || 0078:readShort(Ljava/lang/String;)S || 0080:readShort(Ljava/lang/String;)S || 0088:readBoolean(Ljava/lang/String;)Z,0x1272 reqFamousSearch@scriptPages/game/z->A0,0x0272
0x8274,-32140,LscriptPages/game/z;->x0(Ljava/lang/String;)V,0x368d28,,0006:readByte(Ljava/lang/String;)B || 000e:readUTF(Ljava/lang/String;)Ljava/lang/String;,0x1274,0x0274
0x8275,-32139,LscriptPages/gameHD/g;->E(Ljava/lang/String;)V,0x433b7c,,0042:readByte(Ljava/lang/String;)B || 004e:readLong(Ljava/lang/String;)J || 007e:readLong(Ljava/lang/String;)J || 00b2:readLong(Ljava/lang/String;)J || 01b6:readByte(Ljava/lang/String;)B || 01c2:readLong(Ljava/lang/String;)J || 0226:readLong(Ljava/lang/String;)J || 028e:readLong(Ljava/lang/String;)J,0x1275 di_将领成长值已满@scriptPages/gameHD/g->p; di_将领成长值已满@scriptPages/gameHD/h->B,0x0275
0x8276,-32138,LscriptPages/game/z;->z0(Ljava/lang/String;)V,0x368f3c,,0006:readByte(Ljava/lang/String;)B || 0030:readUTF(Ljava/lang/String;)Ljava/lang/String; || 0038:readLong(Ljava/lang/String;)J || 0050:readUTF(Ljava/lang/String;)Ljava/lang/String; || 0058:readLong(Ljava/lang/String;)J || 005e:readUTF(Ljava/lang/String;)Ljava/lang/String; || 0066:readByte(Ljava/lang/String;)B || 006e:readShort(Ljava/lang/String;)S || 0076:readShort(Ljava/lang/String;)S || 0092:readUTF(Ljava/lang/String;)Ljava/lang/String; || 009a:readUTF(Ljava/lang/String;)Ljava/lang/String; || 00a2:readByte(Ljava/lang/String;)B || 00ae:readLong(Ljava/lang/String;)J || 00b4:readUTF(Ljava/lang/String;)Ljava/lang/String; || 00bc:readByte(Ljava/lang/String;)B || 00c4:readShort(Ljava/lang/String;)S || 00cc:readShort(Ljava/lang/String;)S || 00ea:readLong(Ljava/lang/String;)J || 00f0:readUTF(Ljava/lang/String;)Ljava/lang/String; || 00f8:readLong(Ljava/lang/String;)J || 00fe:readUTF(Ljava/lang/String;)Ljava/lang/String; || 0106:readByte(Ljava/lang/String;)B || 010e:readShort(Ljava/lang/String;)S || 0116:readShort(Ljava/lang/String;)S || 013a:readLong(Ljava/lang/String;)J || 0140:readUTF(Ljava/lang/String;)Ljava/lang/String; || 0148:readShort(Ljava/lang/String;)S || 0150:readShort(Ljava/lang/String;)S,0x1276 reqFamousDetail@scriptPages/game/z->y0,0x0276
0x8278,-32136,LscriptPages/game/z;->Q0(Ljava/lang/String;)V,0x369cdc,,,0x1278 (unnamed)@scriptPages/game/z->R0,0x0278
0x8280,-32128,Lo/a;->e6(Ljava/lang/String;)V,0x240a00,,0000:readByte(Ljava/lang/String;)B || 005c:readByte(Ljava/lang/String;)B || 0072:readByte(Ljava/lang/String;)B || 0078:readUTF(Ljava/lang/String;)Ljava/lang/String; || 007e:readByte(Ljava/lang/String;)B || 0098:readByte(Ljava/lang/String;)B || 00a6:readLong(Ljava/lang/String;)J,0x1280 ChangeTeamNEW@scriptPages/gameHD/g->q,0x0280
0x8300,-32000,LscriptPages/game/k;->E0(Ljava/lang/String;)V,0x2c9624,0d62:readByte(Ljava/lang/String;)B,0000:readByte(Ljava/lang/String;)B || 000e:readUTF(Ljava/lang/String;)Ljava/lang/String; || 001a:readShort(Ljava/lang/String;)S || 0026:readShort(Ljava/lang/String;)S || 0032:readUTF(Ljava/lang/String;)Ljava/lang/String; || 003e:readInt(Ljava/lang/String;)I || 004a:readInt(Ljava/lang/String;)I || 0066:readByte(Ljava/lang/String;)B || 00be:readLong(Ljava/lang/String;)J || 00ce:readUTF(Ljava/lang/String;)Ljava/lang/String; || 00de:readByte(Ljava/lang/String;)B || 00ee:readUTF(Ljava/lang/String;)Ljava/lang/String; || 00fe:readByte(Ljava/lang/String;)B || 010e:readByte(Ljava/lang/String;)B || 011a:readByte(Ljava/lang/String;)B,0x1300 reqCityFiefList@scriptPages/game/k->D0; reqCityFiefList@scriptPages/game/p->O0,0x0300
0x8301,-31999,LscriptPages/game/k;->p1(Ljava/lang/String;)V,0x2cb714,,,0x1301 di_联网请求数据中@scriptPages/game/k->W,0x0301
0x8302,-31998,LscriptPages/game/k;->J0(Ljava/lang/String;)V,0x2c9adc,,0000:readByte(Ljava/lang/String;)B || 000e:readLong(Ljava/lang/String;)J || 0016:readByte(Ljava/lang/String;)B,0x1302,0x0302
0x8303,-31997,LscriptPages/game/k;->o1(Ljava/lang/String;)V,0x2cb634,,0008:readByte(Ljava/lang/String;)B || 0010:readUTF(Ljava/lang/String;)Ljava/lang/String; || 0020:readInt(Ljava/lang/String;)I || 0036:readInt(Ljava/lang/String;)I || 003e:readInt(Ljava/lang/String;)I || 0046:readInt(Ljava/lang/String;)I,0x1303 di_联网请求数据中@scriptPages/game/k->w1,0x0303
0x8304,-31996,LscriptPages/game/k;->r0(Ljava/lang/String;)V,0x2c8958,,0000:readByte(Ljava/lang/String;)B || 0008:readUTF(Ljava/lang/String;)Ljava/lang/String; || 0010:readByte(Ljava/lang/String;)B || 0016:readInt(Ljava/lang/String;)I || 001c:readInt(Ljava/lang/String;)I || 0022:readLong(Ljava/lang/String;)J || 002e:readLong(Ljava/lang/String;)J || 003a:readLong(Ljava/lang/String;)J || 0046:readLong(Ljava/lang/String;)J || 006a:readInt(Ljava/lang/String;)I || 0076:readInt(Ljava/lang/String;)I || 0088:readInt(Ljava/lang/String;)I || 0094:readInt(Ljava/lang/String;)I || 00a4:readInt(Ljava/lang/String;)I || 00b0:readInt(Ljava/lang/String;)I || 00bc:readInt(Ljava/lang/String;)I || 00c4:readInt(Ljava/lang/String;)I || 00cc:readInt(Ljava/lang/String;)I || 00d4:readInt(Ljava/lang/String;)I || 00dc:readInt(Ljava/lang/String;)I || 00e4:readInt(Ljava/lang/String;)I,0x1304 reqCityGarrisonList@scriptPages/game/k->i1,0x0304
0x8305,-31995,LscriptPages/game/k;->s0(Ljava/lang/String;)V,0x2c8c78,,0000:readByte(Ljava/lang/String;)B || 0010:readLong(Ljava/lang/String;)J || 0018:readInt(Ljava/lang/String;)I,0x1305,0x0305
0x8306,-31994,LscriptPages/game/k;->q0(Ljava/lang/String;)V,0x2c87dc,,005a:readByte(Ljava/lang/String;)B || 0066:readInt(Ljava/lang/String;)I || 0076:readLong(Ljava/lang/String;)J || 008a:readShort(Ljava/lang/String;)S || 00a0:readShort(Ljava/lang/String;)S || 00ae:readShort(Ljava/lang/String;)S || 00f4:readInt(Ljava/lang/String;)I || 0108:readLong(Ljava/lang/String;)J || 011c:readUTF(Ljava/lang/String;)Ljava/lang/String; || 0130:readLong(Ljava/lang/String;)J,0x1306,0x0306
0x8308,-31992,LscriptPages/game/k;->h1(Ljava/lang/String;)V,0x2cb218,,0000:readByte(Ljava/lang/String;)B || 0012:readLong(Ljava/lang/String;)J || 001a:readUTF(Ljava/lang/String;)Ljava/lang/String;,0x1308 reqModifyNotice@scriptPages/game/k->g1,0x0308
0x830b,-31989,LscriptPages/game/k;->a(Ljava/lang/String;)V,0x2bc09c,,0000:readByte(Ljava/lang/String;)B || 0012:readBoolean(Ljava/lang/String;)Z,0x130b reqApplyFief@scriptPages/game/k->r1,0x030b
0x830d,-31987,LscriptPages/game/k;->Y0(Ljava/lang/String;)V,0x2caae0,,0000:readByte(Ljava/lang/String;)B || 0018:readInt(Ljava/lang/String;)I || 0024:readInt(Ljava/lang/String;)I || 0030:readByte(Ljava/lang/String;)B || 0102:readByte(Ljava/lang/String;)B || 0112:readLong(Ljava/lang/String;)J || 0122:readUTF(Ljava/lang/String;)Ljava/lang/String; || 0132:readByte(Ljava/lang/String;)B || 0142:readShort(Ljava/lang/String;)S || 0152:readByte(Ljava/lang/String;)B || 0162:readByte(Ljava/lang/String;)B || 0172:readUTF(Ljava/lang/String;)Ljava/lang/String; || 0182:readUTF(Ljava/lang/String;)Ljava/lang/String; || 0192:readLong(Ljava/lang/String;)J || 01a2:readInt(Ljava/lang/String;)I || 01b2:readUTF(Ljava/lang/String;)Ljava/lang/String; || 01c2:readUTF(Ljava/lang/String;)Ljava/lang/String; || 01d2:readByte(Ljava/lang/String;)B || 01e2:readLong(Ljava/lang/String;)J || 01f2:readLong(Ljava/lang/String;)J || 0202:readShort(Ljava/lang/String;)S || 0212:readByte(Ljava/lang/String;)B || 0222:readByte(Ljava/lang/String;)B || 0232:readByte(Ljava/lang/String;)B || 0242:readShort(Ljava/lang/String;)S || 0252:readShort(Ljava/lang/String;)S || 0262:readLong(Ljava/lang/String;)J || 0272:readInt(Ljava/lang/String;)I,0x130d,0x030d
0x830f,-31985,LscriptPages/game/w;->b0(Ljava/lang/String;)V,0x34994c,,0000:readByte(Ljava/lang/String;)B || 000c:readByte(Ljava/lang/String;)B || 0022:readByte(Ljava/lang/String;)B || 002e:readByte(Ljava/lang/String;)B || 003a:readByte(Ljava/lang/String;)B || 0046:readByte(Ljava/lang/String;)B || 0122:readLong(Ljava/lang/String;)J || 0132:readByte(Ljava/lang/String;)B || 0142:readUTF(Ljava/lang/String;)Ljava/lang/String; || 0152:readShort(Ljava/lang/String;)S || 0162:readShort(Ljava/lang/String;)S || 0172:readByte(Ljava/lang/String;)B || 0182:readByte(Ljava/lang/String;)B || 0192:readByte(Ljava/lang/String;)B || 01a2:readInt(Ljava/lang/String;)I || 01b2:readInt(Ljava/lang/String;)I || 01c2:readInt(Ljava/lang/String;)I || 01d2:readInt(Ljava/lang/String;)I || 01e2:readInt(Ljava/lang/String;)I || 01f2:readInt(Ljava/lang/String;)I || 0202:readInt(Ljava/lang/String;)I || 0212:readInt(Ljava/lang/String;)I || 021e:readInt(Ljava/lang/String;)I || 0232:readShort(Ljava/lang/String;)S || 0242:readShort(Ljava/lang/String;)S || 0252:readUTF(Ljava/lang/String;)Ljava/lang/String; || 0262:readByte(Ljava/lang/String;)B || 0272:readUTF(Ljava/lang/String;)Ljava/lang/String; || 0282:readUTF(Ljava/lang/String;)Ljava/lang/String; || 0292:readShort(Ljava/lang/String;)S || 02a2:readLong(Ljava/lang/String;)J,0x130f,0x030f
0x8310,-31984,LscriptPages/game/w;->c0(Ljava/lang/String;)V,0x349dc0,0de8:readByte(Ljava/lang/String;)B,0000:readByte(Ljava/lang/String;)B || 000c:readUTF(Ljava/lang/String;)Ljava/lang/String; || 0018:readUTF(Ljava/lang/String;)Ljava/lang/String; || 0024:readByte(Ljava/lang/String;)B || 0070:readLong(Ljava/lang/String;)J || 0080:readUTF(Ljava/lang/String;)Ljava/lang/String; || 0090:readByte(Ljava/lang/String;)B || 00a0:readUTF(Ljava/lang/String;)Ljava/lang/String; || 00b0:readByte(Ljava/lang/String;)B || 00c0:readShort(Ljava/lang/String;)S || 00d0:readShort(Ljava/lang/String;)S,0x1310 reqRoleFiefList@scriptPages/game/p->g0; di_联网城池列表@scriptPages/game/w->q0,0x0310
0x8312,-31982,LscriptPages/game/k;->G0(Ljava/lang/String;)V,0x2c9964,,0000:readByte(Ljava/lang/String;)B,0x1312 reqCityForceExpel@scriptPages/game/k->F0,0x0312
0x8314,-31980,LscriptPages/game/k;->H0(Ljava/lang/String;)V,0x2c9a08,,0000:readByte(Ljava/lang/String;)B,0x1314,0x0314
0x8316,-31978,LscriptPages/game/k;->K0(Ljava/lang/String;)V,0x2c9b3c,,0000:readByte(Ljava/lang/String;)B || 0018:readByte(Ljava/lang/String;)B || 0026:readLong(Ljava/lang/String;)J || 003a:readByte(Ljava/lang/String;)B,0x1316,0x0316
0x8318,-31976,LscriptPages/game/k;->M0(Ljava/lang/String;)V,0x2c9c0c,,0010:readByte(Ljava/lang/String;)B || 004c:readByte(Ljava/lang/String;)B || 005c:readLong(Ljava/lang/String;)J || 0076:readByte(Ljava/lang/String;)B || 0086:readUTF(Ljava/lang/String;)Ljava/lang/String; || 0096:readShort(Ljava/lang/String;)S || 00a6:readShort(Ljava/lang/String;)S || 00b6:readByte(Ljava/lang/String;)B || 00c6:readByte(Ljava/lang/String;)B || 00d6:readShort(Ljava/lang/String;)S || 00e6:readInt(Ljava/lang/String;)I || 00f6:readInt(Ljava/lang/String;)I || 0102:readInt(Ljava/lang/String;)I || 0116:readShort(Ljava/lang/String;)S || 0126:readShort(Ljava/lang/String;)S || 0136:readUTF(Ljava/lang/String;)Ljava/lang/String; || 0166:readByte(Ljava/lang/String;)B || 0176:readUTF(Ljava/lang/String;)Ljava/lang/String; || 018a:readInt(Ljava/lang/String;)I || 0196:readInt(Ljava/lang/String;)I || 01ae:readInt(Ljava/lang/String;)I || 01ba:readInt(Ljava/lang/String;)I || 01d2:readInt(Ljava/lang/String;)I || 01de:readInt(Ljava/lang/String;)I || 01f2:readShort(Ljava/lang/String;)S || 0202:readLong(Ljava/lang/String;)J || 0530:readLong(Ljava/lang/String;)J || 053c:readByte(Ljava/lang/String;)B || 0548:readUTF(Ljava/lang/String;)Ljava/lang/String; || 0554:readShort(Ljava/lang/String;)S || 0560:readShort(Ljava/lang/String;)S || 056c:readByte(Ljava/lang/String;)B || 0578:readByte(Ljava/lang/String;)B || 0584:readByte(Ljava/lang/String;)B || 0590:readInt(Ljava/lang/String;)I || 059c:readInt(Ljava/lang/String;)I || 05a8:readInt(Ljava/lang/String;)I || 05b4:readInt(Ljava/lang/String;)I || 05c0:readInt(Ljava/lang/String;)I || 05cc:readInt(Ljava/lang/String;)I || 05d8:readInt(Ljava/lang/String;)I || 05e4:readInt(Ljava/lang/String;)I || 05f0:readInt(Ljava/lang/String;)I || 05fc:readShort(Ljava/lang/String;)S || 0608:readShort(Ljava/lang/String;)S || 0614:readUTF(Ljava/lang/String;)Ljava/lang/String; || 0620:readByte(Ljava/lang/String;)B || 062c:readUTF(Ljava/lang/String;)Ljava/lang/String; || 0638:readUTF(Ljava/lang/String;)Ljava/lang/String; || 0644:readShort(Ljava/lang/String;)S || 0650:readLong(Ljava/lang/String;)J,0x1318,0x0318
0x831b,-31973,LscriptPages/game/k;->x0(Ljava/lang/String;)V,0x2c8e2c,,0000:readByte(Ljava/lang/String;)B || 000c:readByte(Ljava/lang/String;)B || 00aa:readLong(Ljava/lang/String;)J || 00b6:readByte(Ljava/lang/String;)B || 00c2:readUTF(Ljava/lang/String;)Ljava/lang/String; || 00ce:readShort(Ljava/lang/String;)S || 00da:readShort(Ljava/lang/String;)S || 00e6:readByte(Ljava/lang/String;)B || 00f2:readByte(Ljava/lang/String;)B || 00fe:readByte(Ljava/lang/String;)B || 010a:readInt(Ljava/lang/String;)I || 0116:readInt(Ljava/lang/String;)I || 0122:readInt(Ljava/lang/String;)I || 012e:readInt(Ljava/lang/String;)I || 013a:readInt(Ljava/lang/String;)I || 0146:readInt(Ljava/lang/String;)I || 0152:readInt(Ljava/lang/String;)I || 015e:readInt(Ljava/lang/String;)I || 016a:readInt(Ljava/lang/String;)I || 0176:readShort(Ljava/lang/String;)S || 0182:readShort(Ljava/lang/String;)S || 018e:readUTF(Ljava/lang/String;)Ljava/lang/String; || 019a:readByte(Ljava/lang/String;)B || 01a6:readUTF(Ljava/lang/String;)Ljava/lang/String; || 01b2:readUTF(Ljava/lang/String;)Ljava/lang/String; || 01be:readShort(Ljava/lang/String;)S || 01ca:readLong(Ljava/lang/String;)J,0x131b reqCityConnectCities@scriptPages/game/k->w0,0x031b
0x831c,-31972,LscriptPages/game/p;->N0(Ljava/lang/String;)V,0x30cbb4,,0006:readInt(Ljava/lang/String;)I || 0014:readByte(Ljava/lang/String;)B || 0026:readShort(Ljava/lang/String;)S || 0032:readShort(Ljava/lang/String;)S || 0048:readLong(Ljava/lang/String;)J || 0054:readLong(Ljava/lang/String;)J || 0060:readLong(Ljava/lang/String;)J || 0070:readInt(Ljava/lang/String;)I || 007c:readInt(Ljava/lang/String;)I || 0088:readInt(Ljava/lang/String;)I || 008e:readShort(Ljava/lang/String;)S || 0094:readLong(Ljava/lang/String;)J,0x131c,0x031c
0x8320,-31968,LscriptPages/game/k;->C0(Ljava/lang/String;)V,0x2c94ec,,000c:readByte(Ljava/lang/String;)B || 0014:readUTF(Ljava/lang/String;)Ljava/lang/String;,0x1320 reqCityFiefExpel@scriptPages/game/k->B0,0x0320
0x8322,-31966,LscriptPages/game/k;->c1(Ljava/lang/String;)V,0x2caf2c,,0000:readByte(Ljava/lang/String;)B,0x1322 reqCityTraitInfo@scriptPages/game/k0->O,0x0322
0x8324,-31964,LscriptPages/game/k;->d1(Ljava/lang/String;)V,0x2caf50,,0000:readByte(Ljava/lang/String;)B || 0012:readByte(Ljava/lang/String;)B,0x1324 reqCityTraitLevelUp@scriptPages/game/k0->c0,0x0324
0x8326,-31962,LscriptPages/game/k;->W0(Ljava/lang/String;)V,0x2ca9f0,,0006:readByte(Ljava/lang/String;)B || 0016:readLong(Ljava/lang/String;)J || 001e:readInt(Ljava/lang/String;)I,0x1326 reqCityResetTax@scriptPages/game/k->V0,0x0326
0x832b,-31957,LscriptPages/game/k;->t0(Ljava/lang/String;)V,0x2c8cc0,,0000:readByte(Ljava/lang/String;)B || 0012:readLong(Ljava/lang/String;)J || 001a:readByte(Ljava/lang/String;)B,0x132b,0x032b
0x832d,-31955,LscriptPages/game/k;->f1(Ljava/lang/String;)V,0x2cb024,,0006:readByte(Ljava/lang/String;)B,0x132d reqCityYield@scriptPages/game/k->e1,0x032d
0x8330,-31952,LscriptPages/game/k;->v0(Ljava/lang/String;)V,0x2c8d58,,0006:readBoolean(Ljava/lang/String;)Z || 000e:readUTF(Ljava/lang/String;)Ljava/lang/String; || 0016:readByte(Ljava/lang/String;)B || 001e:readByte(Ljava/lang/String;)B || 0034:readLong(Ljava/lang/String;)J || 0040:readLong(Ljava/lang/String;)J,0x1330,0x0330
0x8332,-31950,LscriptPages/game/k;->z0(Ljava/lang/String;)V,0x2c9290,,0006:readByte(Ljava/lang/String;)B || 001e:readByte(Ljava/lang/String;)B || 0026:readByte(Ljava/lang/String;)B || 002e:readByte(Ljava/lang/String;)B || 0036:readLong(Ljava/lang/String;)J || 003e:readLong(Ljava/lang/String;)J || 0046:readLong(Ljava/lang/String;)J || 004e:readLong(Ljava/lang/String;)J,0x1332 reqCityCountryCollectInfo@scriptPages/game/k->y0,0x0332
0x8334,-31948,LscriptPages/game/k;->A0(Ljava/lang/String;)V,0x2c93e0,,0000:readBoolean(Ljava/lang/String;)Z || 0008:readUTF(Ljava/lang/String;)Ljava/lang/String; || 0010:readByte(Ljava/lang/String;)B || 0026:readLong(Ljava/lang/String;)J || 0032:readLong(Ljava/lang/String;)J || 003e:readLong(Ljava/lang/String;)J || 004a:readLong(Ljava/lang/String;)J,0x1334 reqCityCountryCollect@scriptPages/game/k->s1,0x0334
0x8335,-31947,LscriptPages/game/k;->b1(Ljava/lang/String;)V,0x2caebc,,0000:readByte(Ljava/lang/String;)B || 0010:readShort(Ljava/lang/String;)S || 0018:readLong(Ljava/lang/String;)J,0x1335 REQ_CITY_TOTEM_CTRL@scriptPages/game/k->Z0,0x0335
0x8336,-31946,LscriptPages/game/k;->a1(Ljava/lang/String;)V,0x2cae1c,,0000:readBoolean(Ljava/lang/String;)Z || 0008:readUTF(Ljava/lang/String;)Ljava/lang/String; || 0010:readByte(Ljava/lang/String;)B || 001e:readShort(Ljava/lang/String;)S || 0026:readLong(Ljava/lang/String;)J || 002e:readInt(Ljava/lang/String;)I,0x1336,0x0336
0x8340,-31936,LscriptPages/game/k;->Q0(Ljava/lang/String;)V,0x2ca38c,,0000:readByte(Ljava/lang/String;)B,0x1340 reqCityOwnerCampaignInfo@scriptPages/game/k->P0,0x0340
0x8342,-31934,LscriptPages/game/k;->U0(Ljava/lang/String;)V,0x2ca884,,0006:readByte(Ljava/lang/String;)B || 0016:readByte(Ljava/lang/String;)B,0x1342 reqCityOwnerRoleCampaignInfo@scriptPages/game/k->T0,0x0342
0x8344,-31932,LscriptPages/game/k;->S0(Ljava/lang/String;)V,0x2ca404,,0000:readByte(Ljava/lang/String;)B || 0020:readByte(Ljava/lang/String;)B || 002e:readShort(Ljava/lang/String;)S || 0060:readUTF(Ljava/lang/String;)Ljava/lang/String; || 0070:readShort(Ljava/lang/String;)S || 0080:readByte(Ljava/lang/String;)B || 0090:readShort(Ljava/lang/String;)S || 00a6:readShort(Ljava/lang/String;)S || 00e0:readUTF(Ljava/lang/String;)Ljava/lang/String; || 00f0:readShort(Ljava/lang/String;)S || 0100:readByte(Ljava/lang/String;)B || 0110:readShort(Ljava/lang/String;)S || 0120:readInt(Ljava/lang/String;)I || 0136:readShort(Ljava/lang/String;)S || 0190:readUTF(Ljava/lang/String;)Ljava/lang/String; || 01a0:readShort(Ljava/lang/String;)S || 01b0:readByte(Ljava/lang/String;)B || 01c0:readLong(Ljava/lang/String;)J || 01d0:readLong(Ljava/lang/String;)J || 01e0:readBoolean(Ljava/lang/String;)Z || 01fc:readShort(Ljava/lang/String;)S || 020c:readInt(Ljava/lang/String;)I || 021c:readInt(Ljava/lang/String;)I,0x1344 reqCityOwnerCampaignRoleList@scriptPages/game/k->R0,0x0344
0x8346,-31930,LscriptPages/game/k;->O0(Ljava/lang/String;)V,0x2ca2f4,,0006:readByte(Ljava/lang/String;)B || 001c:readBoolean(Ljava/lang/String;)Z || 0022:readUTF(Ljava/lang/String;)Ljava/lang/String;,0x1346,0x0346
0x8400,-31744,LscriptPages/game/w;->Z(Ljava/lang/String;)V,0x3498c0,,0000:readByte(Ljava/lang/String;)B,0x1400,0x0400
0x8404,-31740,LscriptPages/game/n;->O0(Ljava/lang/String;)V,0x2e9acc,,0000:readByte(Ljava/lang/String;)B || 000c:readByte(Ljava/lang/String;)B || 00be:readShort(Ljava/lang/String;)S || 00d4:readShort(Ljava/lang/String;)S || 00e2:readByte(Ljava/lang/String;)B || 01ac:readUTF(Ljava/lang/String;)Ljava/lang/String; || 01c0:readByte(Ljava/lang/String;)B || 01d4:readShort(Ljava/lang/String;)S || 01e8:readShort(Ljava/lang/String;)S || 01fc:readUTF(Ljava/lang/String;)Ljava/lang/String; || 0210:readShort(Ljava/lang/String;)S || 0224:readShort(Ljava/lang/String;)S || 0238:readInt(Ljava/lang/String;)I || 024c:readInt(Ljava/lang/String;)I || 0258:readByte(Ljava/lang/String;)B || 0292:readByte(Ljava/lang/String;)B || 02aa:readInt(Ljava/lang/String;)I || 02c6:readInt(Ljava/lang/String;)I || 02da:readInt(Ljava/lang/String;)I || 02ee:readInt(Ljava/lang/String;)I || 0302:readInt(Ljava/lang/String;)I,0x1404,0x0404
0x8406,-31738,LscriptPages/game/n;->o2(Ljava/lang/String;)V,0x2ed438,,0000:readByte(Ljava/lang/String;)B,0x1406,0x0406
0x8408,-31736,LscriptPages/game/n;->k2(Ljava/lang/String;)V,0x2ed280,,0000:readByte(Ljava/lang/String;)B || 0008:readUTF(Ljava/lang/String;)Ljava/lang/String; || 0016:readByte(Ljava/lang/String;)B,0x1408 di_提示国王加点@scriptPages/game/n->U2,0x0408
0x8409,-31735,LscriptPages/game/n;->s2(Ljava/lang/String;)V,0x2ed5e8,,0008:readByte(Ljava/lang/String;)B || 0014:readUTF(Ljava/lang/String;)Ljava/lang/String; || 0020:readShort(Ljava/lang/String;)S || 002c:readByte(Ljava/lang/String;)B || 0038:readShort(Ljava/lang/String;)S || 0040:readShort(Ljava/lang/String;)S || 0048:readShort(Ljava/lang/String;)S,0x1409 di_联网数据载入中@scriptPages/game/n->U2,0x0409
0x840a,-31734,LscriptPages/game/n;->y1(Ljava/lang/String;)V,0x2eb534,,0000:readByte(Ljava/lang/String;)B || 000e:readLong(Ljava/lang/String;)J || 001a:readByte(Ljava/lang/String;)B,0x140a re_提示黄金积分@scriptPages/game/n->U2,0x040a
0x840c,-31732,LscriptPages/game/n;->A1(Ljava/lang/String;)V,0x2eb7b0,,0000:readByte(Ljava/lang/String;)B || 000e:readLong(Ljava/lang/String;)J || 001a:readByte(Ljava/lang/String;)B,0x140c REQ_COUNTRY_DONATE_RESOUTCE@scriptPages/game/n->z1,0x040c
0x840e,-31730,LscriptPages/game/n;->N1(Ljava/lang/String;)V,0x2ec604,,0000:readByte(Ljava/lang/String;)B || 0008:readByte(Ljava/lang/String;)B || 0010:readUTF(Ljava/lang/String;)Ljava/lang/String;,0x140e reqCountryNoticeModify@scriptPages/game/n->M1,0x040e
0x8410,-31728,LscriptPages/game/n;->X1(Ljava/lang/String;)V,0x2ecb98,,0000:readByte(Ljava/lang/String;)B || 000c:readByte(Ljava/lang/String;)B,0x1410,0x0410
0x8412,-31726,LscriptPages/game/n;->Z1(Ljava/lang/String;)V,0x2ecbf8,,0000:readByte(Ljava/lang/String;)B || 0008:readByte(Ljava/lang/String;)B || 0014:readUTF(Ljava/lang/String;)Ljava/lang/String;,0x1412,0x0412
0x8414,-31724,LscriptPages/game/n;->V1(Ljava/lang/String;)V,0x2eca80,,0000:readByte(Ljava/lang/String;)B || 0008:readByte(Ljava/lang/String;)B,0x1414,0x0414
0x8416,-31722,LscriptPages/game/n;->D1(Ljava/lang/String;)V,0x2eba40,,0000:readByte(Ljava/lang/String;)B || 000e:readByte(Ljava/lang/String;)B || 0050:readUTF(Ljava/lang/String;)Ljava/lang/String; || 0060:readByte(Ljava/lang/String;)B || 006c:readByte(Ljava/lang/String;)B || 00b2:readShort(Ljava/lang/String;)S || 00c6:readUTF(Ljava/lang/String;)Ljava/lang/String; || 00d2:readByte(Ljava/lang/String;)B || 00e6:readUTF(Ljava/lang/String;)Ljava/lang/String; || 00fa:readByte(Ljava/lang/String;)B,0x1416 (unnamed)@scriptPages/game/n->H2,0x0416
0x8418,-31720,LscriptPages/game/n;->C1(Ljava/lang/String;)V,0x2eb938,,0000:readByte(Ljava/lang/String;)B || 0012:readShort(Ljava/lang/String;)S || 0044:readUTF(Ljava/lang/String;)Ljava/lang/String; || 006e:readByte(Ljava/lang/String;)B,0x1418 reqCountryReqJoinCtrl@scriptPages/game/n->B1,0x0418
0x841a,-31718,LscriptPages/game/n;->c2(Ljava/lang/String;)V,0x2eccb8,,0000:readByte(Ljava/lang/String;)B,0x141a,0x041a
0x841c,-31716,LscriptPages/game/n;->e2(Ljava/lang/String;)V,0x2ecd60,,0000:readByte(Ljava/lang/String;)B || 000e:readByte(Ljava/lang/String;)B,0x141c,0x041c
0x8420,-31712,LscriptPages/game/n;->F1(Ljava/lang/String;)V,0x2ebc84,14d2:readByte(Ljava/lang/String;)B,0000:readByte(Ljava/lang/String;)B || 0006:readUTF(Ljava/lang/String;)Ljava/lang/String; || 000e:readLong(Ljava/lang/String;)J || 0014:readLong(Ljava/lang/String;)J || 001a:readLong(Ljava/lang/String;)J || 0026:readLong(Ljava/lang/String;)J,0x1420 di_提示没有援助@scriptPages/game/n->T2; reqCountryGetSubsidy@scriptPages/game/n->e,0x0420
0x8421,-31711,LscriptPages/game/n;->P1(Ljava/lang/String;)V,0x2ec6ec,,0000:readByte(Ljava/lang/String;)B,0x1421,0x0421
0x8422,-31710,LscriptPages/game/n;->S0(Ljava/lang/String;)V,0x2ea08c,,0000:readByte(Ljava/lang/String;)B,0x1422 re_提示不能申请@scriptPages/game/n->R2,0x0422
0x8423,-31709,LscriptPages/game/n;->R1(Ljava/lang/String;)V,0x2ec794,,0000:readByte(Ljava/lang/String;)B || 000e:readByte(Ljava/lang/String;)B,0x1423,0x0423
0x8424,-31708,LscriptPages/game/n;->R0(Ljava/lang/String;)V,0x2ea070,,,0x1424 reqCountryAlliance@scriptPages/game/n->w2,0x0424
0x8426,-31706,LscriptPages/data/g;->G0()B,0x2648b4,,,0x1426,0x0426
0x8428,-31704,LscriptPages/game/n;->T1(Ljava/lang/String;)V,0x2ec864,,0000:readByte(Ljava/lang/String;)B || 0008:readByte(Ljava/lang/String;)B || 0038:readLong(Ljava/lang/String;)J,0x1428,0x0428
0x842a,-31702,LscriptPages/game/n;->Q0(Ljava/lang/String;)V,0x2e9f24,,0000:readByte(Ljava/lang/String;)B || 002a:readByte(Ljava/lang/String;)B || 005e:readByte(Ljava/lang/String;)B || 0072:readUTF(Ljava/lang/String;)Ljava/lang/String; || 0086:readUTF(Ljava/lang/String;)Ljava/lang/String; || 0092:readUTF(Ljava/lang/String;)Ljava/lang/String; || 00a0:readLong(Ljava/lang/String;)J,0x142a,0x042a
0x842c,-31700,LscriptPages/game/n;->L1(Ljava/lang/String;)V,0x2ec474,,0028:readByte(Ljava/lang/String;)B || 0030:readByte(Ljava/lang/String;)B || 0046:readShort(Ljava/lang/String;)S || 005a:readShort(Ljava/lang/String;)S || 0068:readByte(Ljava/lang/String;)B || 00a8:readLong(Ljava/lang/String;)J || 00b8:readUTF(Ljava/lang/String;)Ljava/lang/String; || 00ce:readLong(Ljava/lang/String;)J || 00de:readUTF(Ljava/lang/String;)Ljava/lang/String;,0x142c,0x042c
0x842d,-31699,LscriptPages/game/n;->X0(Ljava/lang/String;)V,0x2ea8ec,,0006:readInt(Ljava/lang/String;)I || 000e:readUTF(Ljava/lang/String;)Ljava/lang/String; || 0016:readLong(Ljava/lang/String;)J,0x142d,0x042d
0x842e,-31698,LscriptPages/game/n;->J1(Ljava/lang/String;)V,0x2ebed0,,0000:readInt(Ljava/lang/String;)I || 0014:readLong(Ljava/lang/String;)J || 0020:readByte(Ljava/lang/String;)B || 002c:readUTF(Ljava/lang/String;)Ljava/lang/String; || 0038:readUTF(Ljava/lang/String;)Ljava/lang/String; || 0044:readUTF(Ljava/lang/String;)Ljava/lang/String; || 0050:readInt(Ljava/lang/String;)I || 005c:readInt(Ljava/lang/String;)I || 0086:readInt(Ljava/lang/String;)I || 0096:readInt(Ljava/lang/String;)I || 00a2:readInt(Ljava/lang/String;)I || 00bc:readUTF(Ljava/lang/String;)Ljava/lang/String; || 00ce:readLong(Ljava/lang/String;)J || 00da:readLong(Ljava/lang/String;)J || 00e6:readLong(Ljava/lang/String;)J,0x142e reqCountryMilitary@scriptPages/game/n->I1,0x042e
0x842f,-31697,LscriptPages/game/n;->P0(Ljava/lang/String;)V,0x2e9e80,,0006:readByte(Ljava/lang/String;)B || 000e:readUTF(Ljava/lang/String;)Ljava/lang/String; || 001a:readUTF(Ljava/lang/String;)Ljava/lang/String; || 0022:readLong(Ljava/lang/String;)J,0x142f di_禅让对象玩家不能为空@scriptPages/game/n->J2,0x042f
0x8430,-31696,LscriptPages/game/n;->b(Ljava/lang/String;)V,0x2d9188,,0000:readByte(Ljava/lang/String;)B || 0076:readByte(Ljava/lang/String;)B || 0086:readShort(Ljava/lang/String;)S || 009a:readShort(Ljava/lang/String;)S || 00a8:readByte(Ljava/lang/String;)B || 011e:readLong(Ljava/lang/String;)J || 0132:readUTF(Ljava/lang/String;)Ljava/lang/String; || 0146:readUTF(Ljava/lang/String;)Ljava/lang/String; || 015a:readShort(Ljava/lang/String;)S || 016e:readShort(Ljava/lang/String;)S || 0182:readUTF(Ljava/lang/String;)Ljava/lang/String; || 0196:readByte(Ljava/lang/String;)B || 01aa:readByte(Ljava/lang/String;)B,0x1430,0x0430
0x8432,-31694,LscriptPages/game/n;->a1(Ljava/lang/String;)V,0x2eaa28,,0000:readByte(Ljava/lang/String;)B || 0012:readBoolean(Ljava/lang/String;)Z,0x1432 di_提示军团无名@scriptPages/game/n->z2,0x0432
0x8434,-31692,LscriptPages/game/n;->c1(Ljava/lang/String;)V,0x2eab7c,,0006:readByte(Ljava/lang/String;)B || 0012:readBoolean(Ljava/lang/String;)Z || 0034:readLong(Ljava/lang/String;)J || 003a:readUTF(Ljava/lang/String;)Ljava/lang/String; || 0040:readShort(Ljava/lang/String;)S || 0046:readUTF(Ljava/lang/String;)Ljava/lang/String; || 004c:readShort(Ljava/lang/String;)S || 0058:readShort(Ljava/lang/String;)S || 0064:readLong(Ljava/lang/String;)J || 0070:readShort(Ljava/lang/String;)S || 007c:readShort(Ljava/lang/String;)S || 0088:readUTF(Ljava/lang/String;)Ljava/lang/String; || 0094:readUTF(Ljava/lang/String;)Ljava/lang/String; || 00a0:readByte(Ljava/lang/String;)B || 00a6:readByte(Ljava/lang/String;)B,0x1434,0x0434
0x8436,-31690,LscriptPages/game/n;->k1(Ljava/lang/String;)V,0x2eb060,,0000:readByte(Ljava/lang/String;)B,0x1436,0x0436
0x8438,-31688,LscriptPages/game/n;->i1(Ljava/lang/String;)V,0x2eafe0,,0000:readByte(Ljava/lang/String;)B || 000c:readByte(Ljava/lang/String;)B,0x1438,0x0438
0x843a,-31686,LscriptPages/game/n;->f1(Ljava/lang/String;)V,0x2eae68,,0000:readByte(Ljava/lang/String;)B || 0006:readUTF(Ljava/lang/String;)Ljava/lang/String; || 000e:readByte(Ljava/lang/String;)B || 001c:readByte(Ljava/lang/String;)B || 0052:readBoolean(Ljava/lang/String;)Z || 006a:readByte(Ljava/lang/String;)B,0x143a,0x043a
0x843c,-31684,LscriptPages/game/n;->Z0(Ljava/lang/String;)V,0x2ea988,,0000:readByte(Ljava/lang/String;)B || 0008:readByte(Ljava/lang/String;)B,0x143c,0x043c
0x843e,-31682,LscriptPages/game/n;->g1(Ljava/lang/String;)V,0x2eaf38,,0000:readByte(Ljava/lang/String;)B || 000c:readByte(Ljava/lang/String;)B || 0014:readUTF(Ljava/lang/String;)Ljava/lang/String;,0x143e reqCountryCorpNoticeModify@scriptPages/game/n->z2,0x043e
0x843f,-31681,LscriptPages/game/n;->d1(Ljava/lang/String;)V,0x2eadc8,,0000:readUTF(Ljava/lang/String;)Ljava/lang/String; || 0008:readByte(Ljava/lang/String;)B || 0014:readBoolean(Ljava/lang/String;)Z,0x143f di_提示人数上限@scriptPages/game/n->z2,0x043f
0x8440,-31680,LscriptPages/game/n;->h2(Ljava/lang/String;)V,0x2ece78,,0000:readByte(Ljava/lang/String;)B || 0008:readUTF(Ljava/lang/String;)Ljava/lang/String; || 0014:readLong(Ljava/lang/String;)J,0x1440 di_提示建国消耗@scriptPages/game/n->B2,0x0440
0x8442,-31678,LscriptPages/game/n;->g2(Ljava/lang/String;)V,0x2ece30,,0000:readByte(Ljava/lang/String;)B || 0018:readBoolean(Ljava/lang/String;)Z,0x1442 reqCreateCountry@scriptPages/game/n->f2,0x0442
0x8446,-31674,LscriptPages/game/n;->w1(Ljava/lang/String;)V,0x2eb448,,0000:readByte(Ljava/lang/String;)B,0x1446,0x0446
0x8448,-31672,LscriptPages/game/n;->o1(Ljava/lang/String;)V,0x2eb180,,0000:readByte(Ljava/lang/String;)B,0x1448,0x0448
0x844b,-31669,LscriptPages/game/n;->u1(Ljava/lang/String;)V,0x2eb344,,0000:readByte(Ljava/lang/String;)B || 0034:readShort(Ljava/lang/String;)S || 0042:readShort(Ljava/lang/String;)S || 0054:readByte(Ljava/lang/String;)B || 0082:readUTF(Ljava/lang/String;)Ljava/lang/String; || 0096:readShort(Ljava/lang/String;)S,0x144b,0x044b
0x844d,-31667,LscriptPages/game/n;->m1(Ljava/lang/String;)V,0x2eb0f8,,0000:readByte(Ljava/lang/String;)B || 0006:readUTF(Ljava/lang/String;)Ljava/lang/String; || 000e:readByte(Ljava/lang/String;)B || 0020:readInt(Ljava/lang/String;)I || 002c:readShort(Ljava/lang/String;)S,0x144d,0x044d
0x844f,-31665,LscriptPages/game/n;->r1(Ljava/lang/String;)V,0x2eb274,,0000:readByte(Ljava/lang/String;)B || 0006:readUTF(Ljava/lang/String;)Ljava/lang/String;,0x144f di_提示参与建国@scriptPages/game/n->L2,0x044f
0x8450,-31664,LscriptPages/game/n;->s1(Ljava/lang/String;)V,0x2eb2a4,,0000:readByte(Ljava/lang/String;)B || 0008:readUTF(Ljava/lang/String;)Ljava/lang/String; || 0010:readByte(Ljava/lang/String;)B || 0022:readInt(Ljava/lang/String;)I || 002e:readShort(Ljava/lang/String;)S,0x1450 reqCountryCreateMemCtrl@scriptPages/game/n->L2,0x0450
0x8452,-31662,LscriptPages/game/n;->q1(Ljava/lang/String;)V,0x2eb1e4,,0000:readByte(Ljava/lang/String;)B || 0022:readByte(Ljava/lang/String;)B || 0050:readShort(Ljava/lang/String;)S || 0064:readShort(Ljava/lang/String;)S,0x1452,0x0452
0x8454,-31660,LscriptPages/game/n;->x1(Ljava/lang/String;)V,0x2eb484,,0000:readByte(Ljava/lang/String;)B || 0008:readUTF(Ljava/lang/String;)Ljava/lang/String; || 0014:readByte(Ljava/lang/String;)B || 0026:readLong(Ljava/lang/String;)J || 0032:readLong(Ljava/lang/String;)J || 003e:readLong(Ljava/lang/String;)J || 0052:readByte(Ljava/lang/String;)B || 0068:readByte(Ljava/lang/String;)B || 0074:readInt(Ljava/lang/String;)I,0x1454 reqCountryCreateUseItemConverArmy@scriptPages/game/n->N2,0x0454
0x8455,-31659,LscriptPages/game/n;->r2(Ljava/lang/String;)V,0x2ed590,,000c:readByte(Ljava/lang/String;)B || 0018:readUTF(Ljava/lang/String;)Ljava/lang/String; || 002c:readUTF(Ljava/lang/String;)Ljava/lang/String; || 0034:readUTF(Ljava/lang/String;)Ljava/lang/String;,0x1455 REQ_COUNTRY_RENAME@scriptPages/game/n->a2,0x0455
0x8456,-31658,LscriptPages/game/n;->q2(Ljava/lang/String;)V,0x2ed544,,000c:readByte(Ljava/lang/String;)B || 0018:readUTF(Ljava/lang/String;)Ljava/lang/String; || 002c:readUTF(Ljava/lang/String;)Ljava/lang/String;,0x1456 REQ_COUNTRY_CORPS_RENAME@scriptPages/game/n->O2,0x0456
0x8500,-31488,LscriptPages/game/p;->f(Ljava/lang/String;)V,0x2f75f4,,0000:readByte(Ljava/lang/String;)B || 002c:readShort(Ljava/lang/String;)S || 0038:readShort(Ljava/lang/String;)S || 0048:readByte(Ljava/lang/String;)B || 0132:readLong(Ljava/lang/String;)J || 0142:readByte(Ljava/lang/String;)B || 0152:readUTF(Ljava/lang/String;)Ljava/lang/String; || 0162:readShort(Ljava/lang/String;)S || 0172:readShort(Ljava/lang/String;)S || 0182:readByte(Ljava/lang/String;)B || 0192:readByte(Ljava/lang/String;)B || 01a2:readByte(Ljava/lang/String;)B || 01b2:readInt(Ljava/lang/String;)I || 01c2:readInt(Ljava/lang/String;)I || 01d2:readInt(Ljava/lang/String;)I || 01e2:readInt(Ljava/lang/String;)I || 01f2:readInt(Ljava/lang/String;)I || 0202:readInt(Ljava/lang/String;)I || 0212:readInt(Ljava/lang/String;)I || 0222:readInt(Ljava/lang/String;)I || 022e:readInt(Ljava/lang/String;)I || 0238:readShort(Ljava/lang/String;)S || 0248:readShort(Ljava/lang/String;)S || 0258:readUTF(Ljava/lang/String;)Ljava/lang/String; || 0268:readByte(Ljava/lang/String;)B || 0278:readUTF(Ljava/lang/String;)Ljava/lang/String; || 0288:readUTF(Ljava/lang/String;)Ljava/lang/String; || 0294:readShort(Ljava/lang/String;)S || 029a:readLong(Ljava/lang/String;)J || 02a4:readByte(Ljava/lang/String;)B || 02b8:readByte(Ljava/lang/String;)B || 02c6:readByte(Ljava/lang/String;)B || 02e2:readLong(Ljava/lang/String;)J || 02ee:readLong(Ljava/lang/String;)J || 02fa:readLong(Ljava/lang/String;)J || 030e:readLong(Ljava/lang/String;)J || 031e:readLong(Ljava/lang/String;)J || 0332:readLong(Ljava/lang/String;)J || 0370:readLong(Ljava/lang/String;)J,0x1500,0x0500
0x8502,-31486,LscriptPages/game/p;->c1(Ljava/lang/String;)V,0x30d7c0,,0000:readByte(Ljava/lang/String;)B || 00ee:readLong(Ljava/lang/String;)J || 00fe:readByte(Ljava/lang/String;)B || 010e:readUTF(Ljava/lang/String;)Ljava/lang/String; || 011e:readShort(Ljava/lang/String;)S || 012e:readShort(Ljava/lang/String;)S || 013e:readByte(Ljava/lang/String;)B || 014e:readByte(Ljava/lang/String;)B || 015e:readByte(Ljava/lang/String;)B || 016e:readInt(Ljava/lang/String;)I || 017e:readInt(Ljava/lang/String;)I || 018e:readInt(Ljava/lang/String;)I || 019e:readInt(Ljava/lang/String;)I || 01ae:readInt(Ljava/lang/String;)I || 01be:readInt(Ljava/lang/String;)I || 01ce:readInt(Ljava/lang/String;)I || 01de:readInt(Ljava/lang/String;)I || 01ee:readShort(Ljava/lang/String;)S || 01fe:readShort(Ljava/lang/String;)S || 020e:readUTF(Ljava/lang/String;)Ljava/lang/String; || 021e:readByte(Ljava/lang/String;)B || 022e:readUTF(Ljava/lang/String;)Ljava/lang/String; || 023e:readUTF(Ljava/lang/String;)Ljava/lang/String; || 024a:readShort(Ljava/lang/String;)S || 0250:readLong(Ljava/lang/String;)J || 025a:readByte(Ljava/lang/String;)B || 0270:readByte(Ljava/lang/String;)B || 027e:readByte(Ljava/lang/String;)B || 029a:readLong(Ljava/lang/String;)J || 02a6:readLong(Ljava/lang/String;)J || 02b2:readLong(Ljava/lang/String;)J || 02c6:readLong(Ljava/lang/String;)J || 02d6:readLong(Ljava/lang/String;)J,0x1502 ReqExpeditionAttCityList@scriptPages/game/p->b0,0x0502
0x8510,-31472,LscriptPages/game/p;->a1(Ljava/lang/String;)V,0x30d778,,,0x1510 (unnamed)@scriptPages/game/p->Z0,0x0510
0x8512,-31470,LscriptPages/game/p;->e(Ljava/lang/String;)V,0x2f7428,,0000:readByte(Ljava/lang/String;)B,0x1512 ReqAddFavoriteSpace@scriptPages/game/p->d,0x0512
0x8520,-31456,LscriptPages/game/p;->P(Ljava/lang/String;)V,0x307c08,,0000:readInt(Ljava/lang/String;)I || 000c:readLong(Ljava/lang/String;)J || 0018:readLong(Ljava/lang/String;)J || 0024:readByte(Ljava/lang/String;)B || 0030:readShort(Ljava/lang/String;)S || 003c:readShort(Ljava/lang/String;)S,0x1520 expeditionPreTipInfo@scriptPages/game/p->O,0x0520
0x8522,-31454,LscriptPages/game/p;->Q(Ljava/lang/String;)V,0x307cc8,,0000:readByte(Ljava/lang/String;)B || 0008:readUTF(Ljava/lang/String;)Ljava/lang/String; || 001a:readLong(Ljava/lang/String;)J,0x1522 expedition@scriptPages/game/p->N,0x0522
0x8524,-31452,LscriptPages/game/p;->R(Ljava/lang/String;)V,0x307e28,,0000:readByte(Ljava/lang/String;)B,0x1524,0x0524
0x8526,-31450,LscriptPages/game/p;->V(Ljava/lang/String;)V,0x308a98,,000c:readByte(Ljava/lang/String;)B || 001a:readLong(Ljava/lang/String;)J,0x1526 forceRecall@scriptPages/game/p->U,0x0526
0x8528,-31448,LscriptPages/game/p;->j(Ljava/lang/String;)V,0x2f7bd4,,000c:readByte(Ljava/lang/String;)B,0x1528 forceRecall@scriptPages/game/p->i; changeStrategy2@scriptPages/game/s->h0,0x0528
0x852b,-31445,LscriptPages/game/p;->T0(Ljava/lang/String;)V,0x30d0ec,,0000:readByte(Ljava/lang/String;)B || 0008:readInt(Ljava/lang/String;)I || 000e:readLong(Ljava/lang/String;)J || 0014:readLong(Ljava/lang/String;)J,0x152b reqDetect@scriptPages/game/p->Q0,0x052b
0x852d,-31443,LscriptPages/game/p;->S0(Ljava/lang/String;)V,0x30d000,,0000:readInt(Ljava/lang/String;)I || 000c:readInt(Ljava/lang/String;)I,0x152d reqDetectConsume@scriptPages/game/p->R0,0x052d
0x8540,-31424,LscriptPages/game/p;->l1(Ljava/lang/String;)V,0x30e7c0,,000c:readShort(Ljava/lang/String;)S || 0018:readShort(Ljava/lang/String;)S || 0024:readByte(Ljava/lang/String;)B || 00d0:readLong(Ljava/lang/String;)J || 00e0:readUTF(Ljava/lang/String;)Ljava/lang/String; || 00f0:readShort(Ljava/lang/String;)S || 0100:readByte(Ljava/lang/String;)B || 0110:readShort(Ljava/lang/String;)S || 0120:readShort(Ljava/lang/String;)S || 0130:readUTF(Ljava/lang/String;)Ljava/lang/String; || 0140:readInt(Ljava/lang/String;)I || 0150:readInt(Ljava/lang/String;)I || 015c:readByte(Ljava/lang/String;)B || 0196:readByte(Ljava/lang/String;)B || 01aa:readShort(Ljava/lang/String;)S || 01be:readByte(Ljava/lang/String;)B || 01d0:readByte(Ljava/lang/String;)B || 023a:readUTF(Ljava/lang/String;)Ljava/lang/String; || 024e:readShort(Ljava/lang/String;)S || 0262:readShort(Ljava/lang/String;)S || 0276:readByte(Ljava/lang/String;)B || 028a:readByte(Ljava/lang/String;)B || 029e:readByte(Ljava/lang/String;)B || 02b2:readInt(Ljava/lang/String;)I,0x1540,0x0540
0x8542,-31422,LscriptPages/game/p;->i1(Ljava/lang/String;)V,0x30e3d0,,000a:readShort(Ljava/lang/String;)S || 0016:readShort(Ljava/lang/String;)S || 0022:readByte(Ljava/lang/String;)B || 00ee:readLong(Ljava/lang/String;)J || 00fe:readByte(Ljava/lang/String;)B || 0126:readByte(Ljava/lang/String;)B || 0136:readShort(Ljava/lang/String;)S || 0146:readShort(Ljava/lang/String;)S || 0152:readByte(Ljava/lang/String;)B || 0162:readUTF(Ljava/lang/String;)Ljava/lang/String; || 0172:readUTF(Ljava/lang/String;)Ljava/lang/String; || 0182:readInt(Ljava/lang/String;)I || 0192:readInt(Ljava/lang/String;)I || 01a2:readUTF(Ljava/lang/String;)Ljava/lang/String; || 01b2:readInt(Ljava/lang/String;)I || 01c2:readInt(Ljava/lang/String;)I || 01ce:readByte(Ljava/lang/String;)B || 0208:readByte(Ljava/lang/String;)B || 021c:readShort(Ljava/lang/String;)S || 0230:readByte(Ljava/lang/String;)B || 0242:readByte(Ljava/lang/String;)B || 02ac:readUTF(Ljava/lang/String;)Ljava/lang/String; || 02c0:readShort(Ljava/lang/String;)S || 02d4:readShort(Ljava/lang/String;)S || 02e8:readByte(Ljava/lang/String;)B || 02fc:readByte(Ljava/lang/String;)B || 0310:readByte(Ljava/lang/String;)B || 0324:readInt(Ljava/lang/String;)I,0x1542,0x0542
0x8550,-31408,LscriptPages/game/p;->W0(Ljava/lang/String;)V,0x30d4b8,,0000:readByte(Ljava/lang/String;)B || 000c:readByte(Ljava/lang/String;)B || 0018:readByte(Ljava/lang/String;)B || 0042:readUTF(Ljava/lang/String;)Ljava/lang/String; || 0052:readUTF(Ljava/lang/String;)Ljava/lang/String; || 0062:readShort(Ljava/lang/String;)S,0x1550,0x0550
0x8552,-31406,LscriptPages/game/p;->V0(Ljava/lang/String;)V,0x30d3b4,,0000:readByte(Ljava/lang/String;)B || 000c:readUTF(Ljava/lang/String;)Ljava/lang/String; || 0018:readUTF(Ljava/lang/String;)Ljava/lang/String; || 0024:readInt(Ljava/lang/String;)I || 0030:readInt(Ljava/lang/String;)I || 003c:readByte(Ljava/lang/String;)B || 0076:readUTF(Ljava/lang/String;)Ljava/lang/String; || 0086:readByte(Ljava/lang/String;)B || 0096:readShort(Ljava/lang/String;)S || 00a6:readShort(Ljava/lang/String;)S || 00b6:readShort(Ljava/lang/String;)S,0x1552,0x0552
0x8560,-31392,LscriptPages/game/p;->Y0(Ljava/lang/String;)V,0x30d66c,,0000:readByte(Ljava/lang/String;)B || 004a:readUTF(Ljava/lang/String;)Ljava/lang/String; || 005a:readByte(Ljava/lang/String;)B || 006a:readByte(Ljava/lang/String;)B || 007a:readUTF(Ljava/lang/String;)Ljava/lang/String; || 008a:readUTF(Ljava/lang/String;)Ljava/lang/String; || 009a:readByte(Ljava/lang/String;)B || 00aa:readShort(Ljava/lang/String;)S,0x1560 reqEnemyCountryCityList@scriptPages/game/p->g0,0x0560
0x8562,-31390,LscriptPages/game/p;->d1(Ljava/lang/String;)V,0x30dad4,,0000:readByte(Ljava/lang/String;)B || 006a:readLong(Ljava/lang/String;)J || 007a:readUTF(Ljava/lang/String;)Ljava/lang/String; || 008a:readUTF(Ljava/lang/String;)Ljava/lang/String; || 009a:readByte(Ljava/lang/String;)B || 00aa:readUTF(Ljava/lang/String;)Ljava/lang/String; || 00ba:readByte(Ljava/lang/String;)B || 00ca:readByte(Ljava/lang/String;)B || 0100:readUTF(Ljava/lang/String;)Ljava/lang/String; || 0110:readShort(Ljava/lang/String;)S || 0120:readShort(Ljava/lang/String;)S,0x1562 reqRoleFiefList@scriptPages/game/p->g0,0x0562
0x8570,-31376,LscriptPages/game/p;->e1(Ljava/lang/String;)V,0x30dc34,,0000:readByte(Ljava/lang/String;)B || 00c4:readLong(Ljava/lang/String;)J || 00d4:readByte(Ljava/lang/String;)B || 00e4:readUTF(Ljava/lang/String;)Ljava/lang/String; || 00f4:readShort(Ljava/lang/String;)S || 0104:readShort(Ljava/lang/String;)S || 0114:readByte(Ljava/lang/String;)B || 0124:readByte(Ljava/lang/String;)B || 0134:readByte(Ljava/lang/String;)B || 0144:readInt(Ljava/lang/String;)I || 0154:readInt(Ljava/lang/String;)I || 0164:readInt(Ljava/lang/String;)I || 0174:readInt(Ljava/lang/String;)I || 0184:readInt(Ljava/lang/String;)I || 0194:readInt(Ljava/lang/String;)I || 01a4:readInt(Ljava/lang/String;)I || 01b4:readInt(Ljava/lang/String;)I || 01c0:readInt(Ljava/lang/String;)I || 01ca:readShort(Ljava/lang/String;)S || 01da:readShort(Ljava/lang/String;)S || 01ea:readUTF(Ljava/lang/String;)Ljava/lang/String; || 01fa:readByte(Ljava/lang/String;)B || 020a:readUTF(Ljava/lang/String;)Ljava/lang/String; || 021a:readUTF(Ljava/lang/String;)Ljava/lang/String; || 0226:readShort(Ljava/lang/String;)S || 022c:readLong(Ljava/lang/String;)J || 023a:readByte(Ljava/lang/String;)B || 02a4:readLong(Ljava/lang/String;)J || 02b4:readUTF(Ljava/lang/String;)Ljava/lang/String; || 02c4:readUTF(Ljava/lang/String;)Ljava/lang/String; || 02d4:readByte(Ljava/lang/String;)B || 02e4:readUTF(Ljava/lang/String;)Ljava/lang/String; || 02f4:readByte(Ljava/lang/String;)B || 0304:readByte(Ljava/lang/String;)B || 0334:readUTF(Ljava/lang/String;)Ljava/lang/String; || 0344:readShort(Ljava/lang/String;)S || 0354:readShort(Ljava/lang/String;)S || 0366:readByte(Ljava/lang/String;)B || 0430:readLong(Ljava/lang/String;)J || 0440:readByte(Ljava/lang/String;)B || 0468:readByte(Ljava/lang/String;)B || 0478:readShort(Ljava/lang/String;)S || 0488:readShort(Ljava/lang/String;)S || 0494:readByte(Ljava/lang/String;)B || 04a4:readUTF(Ljava/lang/String;)Ljava/lang/String; || 04b4:readUTF(Ljava/lang/String;)Ljava/lang/String; || 04c4:readInt(Ljava/lang/String;)I || 04d4:readInt(Ljava/lang/String;)I || 04e4:readUTF(Ljava/lang/String;)Ljava/lang/String; || 04f4:readInt(Ljava/lang/String;)I || 0504:readInt(Ljava/lang/String;)I || 0510:readByte(Ljava/lang/String;)B || 054a:readByte(Ljava/lang/String;)B || 055e:readShort(Ljava/lang/String;)S || 0572:readByte(Ljava/lang/String;)B || 0584:readByte(Ljava/lang/String;)B || 05ee:readUTF(Ljava/lang/String;)Ljava/lang/String; || 0602:readShort(Ljava/lang/String;)S || 0616:readShort(Ljava/lang/String;)S || 062a:readByte(Ljava/lang/String;)B || 063e:readByte(Ljava/lang/String;)B || 0652:readByte(Ljava/lang/String;)B || 0666:readInt(Ljava/lang/String;)I,0x1570 (unnamed)@scriptPages/game/p->t0,0x0570
0x8572,-31374,LscriptPages/game/p;->U0(Ljava/lang/String;)V,0x30d150,,0000:readByte(Ljava/lang/String;)B || 00c2:readLong(Ljava/lang/String;)J || 00d2:readByte(Ljava/lang/String;)B || 00e2:readUTF(Ljava/lang/String;)Ljava/lang/String; || 00f2:readShort(Ljava/lang/String;)S || 0102:readShort(Ljava/lang/String;)S || 0112:readByte(Ljava/lang/String;)B || 0122:readByte(Ljava/lang/String;)B || 0132:readByte(Ljava/lang/String;)B || 0142:readInt(Ljava/lang/String;)I || 0152:readInt(Ljava/lang/String;)I || 0162:readInt(Ljava/lang/String;)I || 0172:readInt(Ljava/lang/String;)I || 0182:readInt(Ljava/lang/String;)I || 0192:readInt(Ljava/lang/String;)I || 01a2:readInt(Ljava/lang/String;)I || 01b2:readInt(Ljava/lang/String;)I || 01be:readInt(Ljava/lang/String;)I || 01c8:readShort(Ljava/lang/String;)S || 01d8:readShort(Ljava/lang/String;)S || 01e8:readUTF(Ljava/lang/String;)Ljava/lang/String; || 01f8:readByte(Ljava/lang/String;)B || 0208:readUTF(Ljava/lang/String;)Ljava/lang/String; || 0218:readUTF(Ljava/lang/String;)Ljava/lang/String; || 0224:readShort(Ljava/lang/String;)S || 022a:readLong(Ljava/lang/String;)J,0x1572 (unnamed)@scriptPages/game/p->t0,0x0572
0x8574,-31372,LscriptPages/game/p;->g1(Ljava/lang/String;)V,0x30e314,,,0x1574 (unnamed)@scriptPages/game/p->f1,0x0574
0x8576,-31370,LscriptPages/game/p;->b1(Ljava/lang/String;)V,0x30d790,,0000:readByte(Ljava/lang/String;)B,0x1576 reqGiveUpResource@scriptPages/game/k0->k0; reqGiveUpResource@scriptPages/game/p->A1,0x0576
0x8600,-31232,LscriptPages/game/c;->I(Ljava/lang/String;)V,0x29644c,,,0x1600 reqArmyAction@scriptPages/game/c->H,0x0600
0x8602,-31230,LscriptPages/game/c;->c(Ljava/lang/String;)V,0x2915a4,,0000:readInt(Ljava/lang/String;)I || 000c:readShort(Ljava/lang/String;)S || 0066:readUTF(Ljava/lang/String;)Ljava/lang/String; || 0072:readShort(Ljava/lang/String;)S || 00b0:readLong(Ljava/lang/String;)J || 00bc:readShort(Ljava/lang/String;)S || 00c8:readShort(Ljava/lang/String;)S || 00d4:readShort(Ljava/lang/String;)S || 00e2:readShort(Ljava/lang/String;)S,0x1602 REQ_FILTERARMY@scriptPages/game/c->b,0x0602
0x8700,-30976,LscriptPages/game/d;->b(Ljava/lang/String;)V,0x2a1644,,0008:readByte(Ljava/lang/String;)B || 0038:readBoolean(Ljava/lang/String;)Z || 009c:readLong(Ljava/lang/String;)J || 00a2:readLong(Ljava/lang/String;)J || 00aa:readBoolean(Ljava/lang/String;)Z || 00d0:readInt(Ljava/lang/String;)I || 00d6:readInt(Ljava/lang/String;)I || 01a0:readShort(Ljava/lang/String;)S || 029a:readByte(Ljava/lang/String;)B || 02ac:readInt(Ljava/lang/String;)I || 02b4:readInt(Ljava/lang/String;)I || 02c0:readByte(Ljava/lang/String;)B || 0304:readLong(Ljava/lang/String;)J || 030c:readUTF(Ljava/lang/String;)Ljava/lang/String; || 0314:readByte(Ljava/lang/String;)B || 0660:readByte(Ljava/lang/String;)B || 06d2:readByte(Ljava/lang/String;)B || 0700:readByte(Ljava/lang/String;)B || 0746:readLong(Ljava/lang/String;)J || 0782:readShort(Ljava/lang/String;)S || 07b2:readUTF(Ljava/lang/String;)Ljava/lang/String; || 07c2:readByte(Ljava/lang/String;)B || 0832:readByte(Ljava/lang/String;)B || 0880:readByte(Ljava/lang/String;)B || 08ee:readLong(Ljava/lang/String;)J || 092a:readShort(Ljava/lang/String;)S || 0946:readShort(Ljava/lang/String;)S || 0976:readUTF(Ljava/lang/String;)Ljava/lang/String; || 0986:readByte(Ljava/lang/String;)B || 0a36:readByte(Ljava/lang/String;)B || 0a64:readByte(Ljava/lang/String;)B || 0a94:readByte(Ljava/lang/String;)B || 0aa4:readByte(Ljava/lang/String;)B || 0ab4:readShort(Ljava/lang/String;)S || 0bfe:readByte(Ljava/lang/String;)B || 0c10:readByte(Ljava/lang/String;)B || 0c20:readByte(Ljava/lang/String;)B || 0c30:readShort(Ljava/lang/String;)S || 0c80:readByte(Ljava/lang/String;)B || 0c90:readByte(Ljava/lang/String;)B || 0d6e:readByte(Ljava/lang/String;)B || 0d9a:readBoolean(Ljava/lang/String;)Z || 0da6:readBoolean(Ljava/lang/String;)Z,0x1700,0x0700
0x8702,-30974,LscriptPages/game/s;->Y(Ljava/lang/String;)V,0x3380fc,,0000:readByte(Ljava/lang/String;)B || 006c:readBoolean(Ljava/lang/String;)Z || 01ba:readByte(Ljava/lang/String;)B || 01c2:readShort(Ljava/lang/String;)S || 01de:readBoolean(Ljava/lang/String;)Z || 0212:readByte(Ljava/lang/String;)B || 02c8:readLong(Ljava/lang/String;)J || 02d4:readInt(Ljava/lang/String;)I || 030a:readShort(Ljava/lang/String;)S || 0316:readShort(Ljava/lang/String;)S || 03a0:readInt(Ljava/lang/String;)I || 03a8:readInt(Ljava/lang/String;)I || 03b0:readByte(Ljava/lang/String;)B || 03c4:readLong(Ljava/lang/String;)J || 03cc:readUTF(Ljava/lang/String;)Ljava/lang/String; || 03d4:readShort(Ljava/lang/String;)S || 03dc:readShort(Ljava/lang/String;)S || 03e4:readByte(Ljava/lang/String;)B || 03ec:readInt(Ljava/lang/String;)I || 03f4:readShort(Ljava/lang/String;)S || 03fc:readShort(Ljava/lang/String;)S || 0736:readByte(Ljava/lang/String;)B || 075c:readByte(Ljava/lang/String;)B || 078a:readLong(Ljava/lang/String;)J || 07bc:readUTF(Ljava/lang/String;)Ljava/lang/String; || 07c4:readShort(Ljava/lang/String;)S || 07cc:readShort(Ljava/lang/String;)S || 07d4:readByte(Ljava/lang/String;)B || 07dc:readInt(Ljava/lang/String;)I || 07e4:readShort(Ljava/lang/String;)S || 07ec:readShort(Ljava/lang/String;)S || 08ba:readByte(Ljava/lang/String;)B || 08d6:readByte(Ljava/lang/String;)B || 08f6:readLong(Ljava/lang/String;)J || 091e:readUTF(Ljava/lang/String;)Ljava/lang/String; || 0926:readShort(Ljava/lang/String;)S || 092e:readShort(Ljava/lang/String;)S || 0936:readByte(Ljava/lang/String;)B || 093e:readInt(Ljava/lang/String;)I || 0946:readShort(Ljava/lang/String;)S || 094e:readShort(Ljava/lang/String;)S || 0956:readInt(Ljava/lang/String;)I || 0970:readShort(Ljava/lang/String;)S || 0a7e:readBoolean(Ljava/lang/String;)Z || 0a8e:readInt(Ljava/lang/String;)I || 0a9a:readInt(Ljava/lang/String;)I || 0ab2:readInt(Ljava/lang/String;)I,0x1702,0x0702
0x8704,-30972,LscriptPages/game/s;->d0(Ljava/lang/String;)V,0x33a9ec,,0000:readByte(Ljava/lang/String;)B,0x1704 reqSelectAttAim@scriptPages/game/s->o0,0x0704
0x8706,-30970,LscriptPages/game/s;->V(Ljava/lang/String;)V,0x337748,,0008:readByte(Ljava/lang/String;)B,0x1706,0x0706
0x8707,-30969,LscriptPages/game/s;->W(Ljava/lang/String;)V,0x3379fc,,0008:readByte(Ljava/lang/String;)B || 023c:readLong(Ljava/lang/String;)J,0x1707 REQ_FIGHTINFO@scriptPages/game/s->c0,0x0707
0x8800,-30720,LscriptPages/game/w;->g0(Ljava/lang/String;)V,0x34a2d4,,,0x1800,0x0800
0x8802,-30718,LscriptPages/game/w;->X(Ljava/lang/String;)V,0x349778,,0006:readByte(Ljava/lang/String;)B,0x1802,0x0802
0x8804,-30716,LscriptPages/game/w;->Y(Ljava/lang/String;)V,0x3497a0,,0000:readByte(Ljava/lang/String;)B || 0008:readByte(Ljava/lang/String;)B || 008e:readLong(Ljava/lang/String;)J || 00a2:readUTF(Ljava/lang/String;)Ljava/lang/String; || 00ae:readShort(Ljava/lang/String;)S || 00bc:readByte(Ljava/lang/String;)B || 00d0:readByte(Ljava/lang/String;)B || 00e4:readUTF(Ljava/lang/String;)Ljava/lang/String;,0x1804,0x0804
0x8806,-30714,LscriptPages/game/w;->V(Ljava/lang/String;)V,0x34968c,,002a:readByte(Ljava/lang/String;)B || 0032:readByte(Ljava/lang/String;)B || 006e:readLong(Ljava/lang/String;)J || 0082:readUTF(Ljava/lang/String;)Ljava/lang/String; || 0096:readByte(Ljava/lang/String;)B,0x1806 reqClanBrotherBattleReportList@scriptPages/game/w->w,0x0806
0x8808,-30712,LscriptPages/game/w;->U(Ljava/lang/String;)V,0x34966c,,,0x1808 di_所有结拜@scriptPages/game/w->y,0x0808
0x880a,-30710,LscriptPages/game/h0;->e0(Ljava/lang/String;)V,0x3b0d38,,0000:readByte(Ljava/lang/String;)B || 0044:readLong(Ljava/lang/String;)J || 0054:readUTF(Ljava/lang/String;)Ljava/lang/String; || 0064:readShort(Ljava/lang/String;)S || 0074:readByte(Ljava/lang/String;)B || 0084:readByte(Ljava/lang/String;)B || 0094:readUTF(Ljava/lang/String;)Ljava/lang/String;,0x180a di_提示删发件箱@scriptPages/game/h0->l,0x080a
0x880d,-30707,LscriptPages/game/w;->h0(Ljava/lang/String;)V,0x34a4ac,,0018:readByte(Ljava/lang/String;)B || 0028:readByte(Ljava/lang/String;)B || 003a:readShort(Ljava/lang/String;)S || 005c:readShort(Ljava/lang/String;)S || 008c:readShort(Ljava/lang/String;)S || 00e2:readBoolean(Ljava/lang/String;)Z || 00ee:readBoolean(Ljava/lang/String;)Z,0x180d,0x080d
0x8900,-30464,LscriptPages/game/f;->P(Ljava/lang/String;)V,0x2a014c,,0012:readLong(Ljava/lang/String;)J || 001e:readByte(Ljava/lang/String;)B || 002a:readByte(Ljava/lang/String;)B || 0036:readByte(Ljava/lang/String;)B || 0042:readByte(Ljava/lang/String;)B || 004e:readBoolean(Ljava/lang/String;)Z || 0066:readLong(Ljava/lang/String;)J || 0072:readInt(Ljava/lang/String;)I || 00ac:readLong(Ljava/lang/String;)J || 00b8:readShort(Ljava/lang/String;)S || 00c4:readByte(Ljava/lang/String;)B || 00ca:readUTF(Ljava/lang/String;)Ljava/lang/String; || 00e2:readLong(Ljava/lang/String;)J || 00ee:readShort(Ljava/lang/String;)S,0x1900 (unnamed)@scriptPages/game/f->O,0x0900
0x8902,-30462,LscriptPages/game/f;->X(Ljava/lang/String;)V,0x2a08f0,,0006:readByte(Ljava/lang/String;)B || 0034:readByte(Ljava/lang/String;)B || 0040:readLong(Ljava/lang/String;)J || 004c:readUTF(Ljava/lang/String;)Ljava/lang/String; || 0058:readUTF(Ljava/lang/String;)Ljava/lang/String; || 0064:readUTF(Ljava/lang/String;)Ljava/lang/String;,0x1902 (unnamed)@scriptPages/game/f->r,0x0902
0x8904,-30460,LscriptPages/game/f;->T(Ljava/lang/String;)V,0x2a0508,,0006:readInt(Ljava/lang/String;)I || 0040:readLong(Ljava/lang/String;)J || 0050:readByte(Ljava/lang/String;)B || 0060:readUTF(Ljava/lang/String;)Ljava/lang/String; || 006c:readInt(Ljava/lang/String;)I || 009a:readShort(Ljava/lang/String;)S || 00ae:readUTF(Ljava/lang/String;)Ljava/lang/String;,0x1904 (unnamed)@scriptPages/game/f->Q,0x0904
0x8906,-30458,LscriptPages/game/f;->S(Ljava/lang/String;)V,0x2a03dc,,0006:readByte(Ljava/lang/String;)B || 002e:readShort(Ljava/lang/String;)S || 0034:readUTF(Ljava/lang/String;)Ljava/lang/String; || 003a:readUTF(Ljava/lang/String;)Ljava/lang/String; || 0046:readInt(Ljava/lang/String;)I || 0086:readUTF(Ljava/lang/String;)Ljava/lang/String; || 0096:readShort(Ljava/lang/String;)S || 00a6:readInt(Ljava/lang/String;)I || 00b6:readInt(Ljava/lang/String;)I || 00c6:readUTF(Ljava/lang/String;)Ljava/lang/String; || 00d6:readInt(Ljava/lang/String;)I,0x1906 (unnamed)@scriptPages/game/f->R,0x0906
0x8908,-30456,LscriptPages/game/f;->a0(Ljava/lang/String;)V,0x2a1034,,0006:readInt(Ljava/lang/String;)I || 000e:readUTF(Ljava/lang/String;)Ljava/lang/String; || 001c:readLong(Ljava/lang/String;)J || 0028:readShort(Ljava/lang/String;)S,0x1908 reqHurdleSelect@scriptPages/game/f->W,0x0908
0x890a,-30454,LscriptPages/game/f;->Y(Ljava/lang/String;)V,0x2a0b68,,0006:readInt(Ljava/lang/String;)I || 000e:readUTF(Ljava/lang/String;)Ljava/lang/String; || 0016:readLong(Ljava/lang/String;)J,0x190a (unnamed)@scriptPages/game/f->b0,0x090a
0x890c,-30452,LscriptPages/game/f;->V(Ljava/lang/String;)V,0x2a06dc,,0006:readInt(Ljava/lang/String;)I || 0012:readInt(Ljava/lang/String;)I || 0058:readInt(Ljava/lang/String;)I || 00c2:readLong(Ljava/lang/String;)J || 00d6:readUTF(Ljava/lang/String;)Ljava/lang/String; || 00ea:readUTF(Ljava/lang/String;)Ljava/lang/String; || 00fe:readUTF(Ljava/lang/String;)Ljava/lang/String; || 0112:readUTF(Ljava/lang/String;)Ljava/lang/String; || 0126:readUTF(Ljava/lang/String;)Ljava/lang/String; || 0132:readInt(Ljava/lang/String;)I || 015c:readUTF(Ljava/lang/String;)Ljava/lang/String;,0x190c (unnamed)@scriptPages/game/f->U,0x090c
0x890e,-30450,LscriptPages/game/f;->M(Ljava/lang/String;)V,0x29fcd0,,0000:readInt(Ljava/lang/String;)I || 001a:readInt(Ljava/lang/String;)I || 008c:readLong(Ljava/lang/String;)J || 009c:readShort(Ljava/lang/String;)S || 00ac:readUTF(Ljava/lang/String;)Ljava/lang/String; || 016a:readByte(Ljava/lang/String;)B || 017e:readByte(Ljava/lang/String;)B || 018e:readLong(Ljava/lang/String;)J || 019e:readByte(Ljava/lang/String;)B || 01ae:readLong(Ljava/lang/String;)J,0x190e (unnamed)@scriptPages/game/f->L,0x090e
0x8910,-30448,LscriptPages/game/f;->Z(Ljava/lang/String;)V,0x2a0bd0,,0068:readInt(Ljava/lang/String;)I || 0074:readLong(Ljava/lang/String;)J || 008c:readByte(Ljava/lang/String;)B || 009c:readLong(Ljava/lang/String;)J || 00ca:readShort(Ljava/lang/String;)S || 00de:readShort(Ljava/lang/String;)S || 00ea:readInt(Ljava/lang/String;)I || 0148:readUTF(Ljava/lang/String;)Ljava/lang/String; || 015c:readShort(Ljava/lang/String;)S || 0170:readInt(Ljava/lang/String;)I || 0184:readInt(Ljava/lang/String;)I || 0198:readUTF(Ljava/lang/String;)Ljava/lang/String; || 01ac:readLong(Ljava/lang/String;)J,0x1910,0x0910
0x8912,-30446,LscriptPages/game/f;->J(Ljava/lang/String;)V,0x29fb78,,0006:readInt(Ljava/lang/String;)I || 0012:readLong(Ljava/lang/String;)J || 002a:readByte(Ljava/lang/String;)B || 003a:readLong(Ljava/lang/String;)J || 0060:readLong(Ljava/lang/String;)J || 006c:readLong(Ljava/lang/String;)J || 0078:readInt(Ljava/lang/String;)I || 0084:readUTF(Ljava/lang/String;)Ljava/lang/String; || 0090:readUTF(Ljava/lang/String;)Ljava/lang/String; || 009c:readBoolean(Ljava/lang/String;)Z,0x1912,0x0912
0x8914,-30444,LscriptPages/game/f;->N(Ljava/lang/String;)V,0x29ff8c,,0006:readInt(Ljava/lang/String;)I || 001c:readInt(Ljava/lang/String;)I || 002e:readUTF(Ljava/lang/String;)Ljava/lang/String;,0x1914 (unnamed)@scriptPages/game/f->i0,0x0914
0x8916,-30442,LscriptPages/game/h0;->Y(Ljava/lang/String;)V,0x3b040c,,0006:readByte(Ljava/lang/String;)B || 0012:readLong(Ljava/lang/String;)J || 001a:readInt(Ljava/lang/String;)I || 0050:readShort(Ljava/lang/String;)S || 005c:readShort(Ljava/lang/String;)S || 0076:readInt(Ljava/lang/String;)I || 007e:readByte(Ljava/lang/String;)B || 00ca:readUTF(Ljava/lang/String;)Ljava/lang/String;,0x1916,0x0916
0x8918,-30440,LscriptPages/game/f;->b(Ljava/lang/String;)V,0x2994f0,,0000:readUTF(Ljava/lang/String;)Ljava/lang/String;,0x1918 ReqInDiaNaDrenation@scriptPages/game/f->a,0x0918
0x8920,-30432,LscriptPages/data/g;->y4(Ljava/lang/String;)V,0x28877c,,0000:readInt(Ljava/lang/String;)I || 0006:readInt(Ljava/lang/String;)I || 000e:readUTF(Ljava/lang/String;)Ljava/lang/String;,0x1920,0x0920
0x8921,-30431,La0/a;->b2(Ljava/lang/String;)V,0xe5d08,,000c:readByte(Ljava/lang/String;)B || 001a:readByte(Ljava/lang/String;)B || 006c:readUTF(Ljava/lang/String;)Ljava/lang/String; || 0074:readUTF(Ljava/lang/String;)Ljava/lang/String; || 007c:readInt(Ljava/lang/String;)I || 0084:readUTF(Ljava/lang/String;)Ljava/lang/String; || 008c:readLong(Ljava/lang/String;)J || 0094:readLong(Ljava/lang/String;)J || 009c:readUTF(Ljava/lang/String;)Ljava/lang/String;,0x1921 reqShiftServerPreview@scriptPages/gameHD/f->p,0x0921
0x8922,-30430,LscriptPages/data/g;->x4(Ljava/lang/String;)V,0x2885c4,,0018:readInt(Ljava/lang/String;)I || 0020:readUTF(Ljava/lang/String;)Ljava/lang/String; || 0050:readShort(Ljava/lang/String;)S || 006e:readUTF(Ljava/lang/String;)Ljava/lang/String; || 010a:readUTF(Ljava/lang/String;)Ljava/lang/String;,0x1922 di_提示请转服资格@scriptPages/data/g->P4,0x0922
0x8923,-30429,La0/a;->Z1(Ljava/lang/String;)V,0xe5b0c,,000c:readInt(Ljava/lang/String;)I || 0018:readUTF(Ljava/lang/String;)Ljava/lang/String; || 002c:readUTF(Ljava/lang/String;)Ljava/lang/String; || 0032:readUTF(Ljava/lang/String;)Ljava/lang/String; || 0038:readUTF(Ljava/lang/String;)Ljava/lang/String; || 003e:readUTF(Ljava/lang/String;)Ljava/lang/String; || 0044:readShort(Ljava/lang/String;)S || 0096:readLong(Ljava/lang/String;)J || 009e:readUTF(Ljava/lang/String;)Ljava/lang/String; || 00a6:readShort(Ljava/lang/String;)S || 00ae:readByte(Ljava/lang/String;)B || 00b6:readShort(Ljava/lang/String;)S || 00be:readUTF(Ljava/lang/String;)Ljava/lang/String; || 00c6:readLong(Ljava/lang/String;)J,0x1923 reqShiftServerAbleBatch@a0/a->l1,0x0923
0x8924,-30428,LscriptPages/data/g;->z4(Ljava/lang/String;)V,0x28880c,,0000:readShort(Ljava/lang/String;)S || 0008:readUTF(Ljava/lang/String;)Ljava/lang/String;,0x1924 reqShiftserverCommit@scriptPages/data/g->P4,0x0924
0x8925,-30427,La0/a;->a2(Ljava/lang/String;)V,0xe5c2c,,000c:readShort(Ljava/lang/String;)S || 0020:readShort(Ljava/lang/String;)S || 0052:readLong(Ljava/lang/String;)J || 005a:readUTF(Ljava/lang/String;)Ljava/lang/String; || 0062:readByte(Ljava/lang/String;)B || 006a:readUTF(Ljava/lang/String;)Ljava/lang/String;,0x1925 reqShiftServerCommitBatch@a0/a->h2,0x0925
0x8926,-30426,LscriptPages/data/g;->A4(Ljava/lang/String;)V,0x288848,,0018:readByte(Ljava/lang/String;)B || 0020:readUTF(Ljava/lang/String;)Ljava/lang/String; || 0028:readUTF(Ljava/lang/String;)Ljava/lang/String; || 0030:readLong(Ljava/lang/String;)J || 021a:readLong(Ljava/lang/String;)J,0x1926 (unnamed)@scriptPages/data/g->R3,0x0926
0x8928,-30424,LscriptPages/data/g;->j(Ljava/lang/String;)V,0x271c48,,000c:readShort(Ljava/lang/String;)S || 0014:readUTF(Ljava/lang/String;)Ljava/lang/String;,0x1928 cancelShiftServer@scriptPages/data/g->i,0x0928
0x8930,-30416,LscriptPages/game/x;->M(Ljava/lang/String;)V,0x355eb0,,0006:readByte(Ljava/lang/String;)B || 0014:readByte(Ljava/lang/String;)B || 006e:readShort(Ljava/lang/String;)S || 007e:readShort(Ljava/lang/String;)S || 008e:readShort(Ljava/lang/String;)S || 009e:readShort(Ljava/lang/String;)S || 00ae:readUTF(Ljava/lang/String;)Ljava/lang/String; || 00be:readBoolean(Ljava/lang/String;)Z || 00d6:readByte(Ljava/lang/String;)B || 0110:readShort(Ljava/lang/String;)S || 0124:readBoolean(Ljava/lang/String;)Z || 0138:readByte(Ljava/lang/String;)B,0x1930 (unnamed)@scriptPages/game/x->C,0x0930
0x8932,-30414,LscriptPages/game/x;->I(Ljava/lang/String;)V,0x355b84,,0006:readByte(Ljava/lang/String;)B || 0012:readShort(Ljava/lang/String;)S || 0030:readInt(Ljava/lang/String;)I || 003c:readByte(Ljava/lang/String;)B || 0048:readUTF(Ljava/lang/String;)Ljava/lang/String; || 0054:readUTF(Ljava/lang/String;)Ljava/lang/String;,0x1932 reqFBGroups@scriptPages/game/x->A,0x0932
0x8934,-30412,LscriptPages/game/x;->J(Ljava/lang/String;)V,0x355c90,,0000:readByte(Ljava/lang/String;)B || 0008:readUTF(Ljava/lang/String;)Ljava/lang/String;,0x1934 di_联网副本加入@scriptPages/game/x->X,0x0934
0x8936,-30410,LscriptPages/game/x;->P(Ljava/lang/String;)V,0x3564ac,,0006:readByte(Ljava/lang/String;)B || 0012:readByte(Ljava/lang/String;)B || 0024:readInt(Ljava/lang/String;)I || 0030:readShort(Ljava/lang/String;)S || 003c:readUTF(Ljava/lang/String;)Ljava/lang/String; || 0048:readByte(Ljava/lang/String;)B || 00c4:readLong(Ljava/lang/String;)J || 00d4:readUTF(Ljava/lang/String;)Ljava/lang/String; || 00e4:readByte(Ljava/lang/String;)B || 00f0:readByte(Ljava/lang/String;)B || 0192:readUTF(Ljava/lang/String;)Ljava/lang/String; || 01a6:readShort(Ljava/lang/String;)S || 01ba:readShort(Ljava/lang/String;)S || 01ce:readByte(Ljava/lang/String;)B || 01e2:readByte(Ljava/lang/String;)B || 01f6:readInt(Ljava/lang/String;)I || 020a:readInt(Ljava/lang/String;)I || 021e:readByte(Ljava/lang/String;)B || 0236:readInt(Ljava/lang/String;)I || 024e:readInt(Ljava/lang/String;)I,0x1936 reqFBTeamDetail@scriptPages/game/x->F,0x0936
0x8938,-30408,LscriptPages/game/x;->O(Ljava/lang/String;)V,0x3562f4,,0000:readByte(Ljava/lang/String;)B || 00f4:readShort(Ljava/lang/String;)S || 00fc:readInt(Ljava/lang/String;)I || 0172:readUTF(Ljava/lang/String;)Ljava/lang/String;,0x1938 (unnamed)@scriptPages/game/x->E,0x0938
0x893a,-30406,LscriptPages/game/x;->G(Ljava/lang/String;)V,0x355964,,0000:readByte(Ljava/lang/String;)B || 0008:readUTF(Ljava/lang/String;)Ljava/lang/String;,0x193a reqFBExitTeam@scriptPages/game/x->V,0x093a
0x893b,-30405,LscriptPages/game/x;->N(Ljava/lang/String;)V,0x3562c0,,0000:readByte(Ljava/lang/String;)B || 0008:readUTF(Ljava/lang/String;)Ljava/lang/String;,0x193b reqFBStart@scriptPages/game/x->D,0x093b
0x893c,-30404,LscriptPages/game/x;->K(Ljava/lang/String;)V,0x355cc4,,0000:readShort(Ljava/lang/String;)S || 000e:readByte(Ljava/lang/String;)B || 0046:readLong(Ljava/lang/String;)J || 0056:readUTF(Ljava/lang/String;)Ljava/lang/String; || 0066:readUTF(Ljava/lang/String;)Ljava/lang/String; || 0076:readLong(Ljava/lang/String;)J || 0086:readLong(Ljava/lang/String;)J,0x193c reqFBRecords@scriptPages/game/x->n,0x093c
0x893d,-30403,LscriptPages/game/x;->H(Ljava/lang/String;)V,0x3559a0,,0006:readByte(Ljava/lang/String;)B || 0054:readLong(Ljava/lang/String;)J || 0060:readByte(Ljava/lang/String;)B || 006c:readShort(Ljava/lang/String;)S || 0078:readInt(Ljava/lang/String;)I,0x193d ...@scriptPages/game/x->O; 1@scriptPages/game/x->V,0x093d
0x893e,-30402,LscriptPages/game/x;->L(Ljava/lang/String;)V,0x355d78,,0010:readByte(Ljava/lang/String;)B || 001c:readShort(Ljava/lang/String;)S || 0028:readInt(Ljava/lang/String;)I || 0034:readInt(Ljava/lang/String;)I || 0040:readLong(Ljava/lang/String;)J || 004c:readByte(Ljava/lang/String;)B || 0058:readUTF(Ljava/lang/String;)Ljava/lang/String; || 0064:readBoolean(Ljava/lang/String;)Z || 0074:readUTF(Ljava/lang/String;)Ljava/lang/String; || 0080:readBoolean(Ljava/lang/String;)Z || 008c:readByte(Ljava/lang/String;)B || 00a6:readByte(Ljava/lang/String;)B || 00b8:readByte(Ljava/lang/String;)B || 00d2:readUTF(Ljava/lang/String;)Ljava/lang/String;,0x193e,0x093e
0x9001,-28671,LscriptPages/game/n;->U0(Ljava/lang/String;)V,0x2ea134,,0000:readByte(Ljava/lang/String;)B || 0008:readUTF(Ljava/lang/String;)Ljava/lang/String;,0x2001 reqCountryAssignResource@scriptPages/game/n->T0,"0x1001 v1, """"@scriptPages/game/a0->U"
0x9002,-28670,LscriptPages/game/n;->W0(Ljava/lang/String;)V,0x2ea274,,0000:readInt(Ljava/lang/String;)I || 0034:readByte(Ljava/lang/String;)B || 0040:readByte(Ljava/lang/String;)B || 0050:readUTF(Ljava/lang/String;)Ljava/lang/String; || 0060:readLong(Ljava/lang/String;)J || 0070:readLong(Ljava/lang/String;)J,0x2002 reqCountryAssignResourceTip@scriptPages/game/n->V0,0x1002
0x9003,-28669,LscriptPages/game/p;->j1(Ljava/lang/String;)V,0x30e750,,,0x2003 (unnamed)@scriptPages/game/p->A0; thiefLable@scriptPages/game/p->x1,0x1003 loginBaseinfo@scriptPages/game/b0->P0
0xa110,-24304,La0/a;->D1(Ljava/lang/String;)V,0xe4d1c,,001a:readByte(Ljava/lang/String;)B || 0048:readBoolean(Ljava/lang/String;)Z || 0054:readBoolean(Ljava/lang/String;)Z || 0066:readBoolean(Ljava/lang/String;)Z || 0072:readBoolean(Ljava/lang/String;)Z || 0090:readUTF(Ljava/lang/String;)Ljava/lang/String; || 009e:readUTF(Ljava/lang/String;)Ljava/lang/String; || 00ac:readBoolean(Ljava/lang/String;)Z || 00cc:readBoolean(Ljava/lang/String;)Z || 00da:readLong(Ljava/lang/String;)J || 00e8:readBoolean(Ljava/lang/String;)Z || 00f2:readBoolean(Ljava/lang/String;)Z || 00fe:readByte(Ljava/lang/String;)B || 010a:readUTF(Ljava/lang/String;)Ljava/lang/String; || 0116:readByte(Ljava/lang/String;)B || 0120:readShort(Ljava/lang/String;)S || 012e:readShort(Ljava/lang/String;)S || 0142:readByte(Ljava/lang/String;)B || 0150:readByte(Ljava/lang/String;)B || 0164:readByte(Ljava/lang/String;)B || 017a:readLong(Ljava/lang/String;)J || 0186:readInt(Ljava/lang/String;)I || 019e:readByte(Ljava/lang/String;)B || 01b2:readInt(Ljava/lang/String;)I || 01c6:readLong(Ljava/lang/String;)J || 01d2:readInt(Ljava/lang/String;)I || 01f0:readBoolean(Ljava/lang/String;)Z,0x3110 REQ_HD_LIVEPACKET@scriptPages/PageMain->runLivePacket,0x2110
0xa129,-24279,La0/a;->I1(Ljava/lang/String;)V,0xe507c,,0000:readInt(Ljava/lang/String;)I,0x3129 reqSetNewhandGuideInfo@scriptPages/gameHD/j->A; reqSetNewhandGuideInfo@scriptPages/gameHD/j->a,0x2129
0xa130,-24272,La0/a;->F1(Ljava/lang/String;)V,0xe4f68,,,0x3130 (unnamed)@a0/a->E1,0x2130
0xa131,-24271,La0/a;->H1(Ljava/lang/String;)V,0xe5024,,0006:readByte(Ljava/lang/String;)B || 000e:readUTF(Ljava/lang/String;)Ljava/lang/String;,0x3131,0x2131
0xa132,-24270,LscriptPages/gameHD/k;->K(Ljava/lang/String;)V,0x44bb50,,0038:readByte(Ljava/lang/String;)B || 0072:readShort(Ljava/lang/String;)S || 0082:readByte(Ljava/lang/String;)B || 0092:readUTF(Ljava/lang/String;)Ljava/lang/String; || 00a2:readLong(Ljava/lang/String;)J || 00c6:readLong(Ljava/lang/String;)J || 00da:readByte(Ljava/lang/String;)B || 0142:readBoolean(Ljava/lang/String;)Z || 0152:readUTF(Ljava/lang/String;)Ljava/lang/String;,0x3132,0x2132
0xa144,-24252,La0/a;->N1(Ljava/lang/String;)V,0xe5190,,0000:readByte(Ljava/lang/String;)B || 0006:readUTF(Ljava/lang/String;)Ljava/lang/String; || 0014:readLong(Ljava/lang/String;)J || 0020:readLong(Ljava/lang/String;)J,0x3144 reqUseItem@a0/a->M1,0x2144
0xa14b,-24245,LscriptPages/gameHD/k;->E(Ljava/lang/String;)V,0x44b940,,0010:readBoolean(Ljava/lang/String;)Z || 0018:readByte(Ljava/lang/String;)B || 001e:readLong(Ljava/lang/String;)J || 002a:readLong(Ljava/lang/String;)J || 00a0:readByte(Ljava/lang/String;)B || 00a6:readByte(Ljava/lang/String;)B || 00ac:readUTF(Ljava/lang/String;)Ljava/lang/String; || 00b4:readLong(Ljava/lang/String;)J || 00c0:readLong(Ljava/lang/String;)J,0x314b,0x214b
0xa160,-24224,LscriptPages/gameHD/i;->p(Ljava/lang/String;)V,0x437874,,0006:readByte(Ljava/lang/String;)B || 0060:readShort(Ljava/lang/String;)S || 006c:readShort(Ljava/lang/String;)S || 007c:readByte(Ljava/lang/String;)B || 00cc:readLong(Ljava/lang/String;)J || 00e0:readShort(Ljava/lang/String;)S || 00f4:readInt(Ljava/lang/String;)I || 0108:readShort(Ljava/lang/String;)S || 011c:readShort(Ljava/lang/String;)S || 0172:readShort(Ljava/lang/String;)S || 017e:readShort(Ljava/lang/String;)S || 018e:readByte(Ljava/lang/String;)B || 01de:readLong(Ljava/lang/String;)J || 01f2:readShort(Ljava/lang/String;)S || 0206:readInt(Ljava/lang/String;)I || 021a:readShort(Ljava/lang/String;)S || 022e:readShort(Ljava/lang/String;)S,0x3160,0x2160
0xa162,-24222,LscriptPages/gameHD/i;->r(Ljava/lang/String;)V,0x437b04,,0000:readByte(Ljava/lang/String;)B || 0006:readUTF(Ljava/lang/String;)Ljava/lang/String; || 0014:readLong(Ljava/lang/String;)J || 001c:readInt(Ljava/lang/String;)I || 0024:readShort(Ljava/lang/String;)S || 002c:readShort(Ljava/lang/String;)S,0x3162,0x2162
0xa180,-24192,LscriptPages/gameHD/k;->N(Ljava/lang/String;)V,0x44bf40,,0000:readBoolean(Ljava/lang/String;)Z || 0008:readBoolean(Ljava/lang/String;)Z || 0026:readShort(Ljava/lang/String;)S || 002e:readShort(Ljava/lang/String;)S || 0036:readByte(Ljava/lang/String;)B || 0042:readShort(Ljava/lang/String;)S || 006e:readLong(Ljava/lang/String;)J || 007a:readByte(Ljava/lang/String;)B || 0086:readUTF(Ljava/lang/String;)Ljava/lang/String; || 0092:readLong(Ljava/lang/String;)J || 009e:readLong(Ljava/lang/String;)J || 00aa:readShort(Ljava/lang/String;)S || 00b6:readUTF(Ljava/lang/String;)Ljava/lang/String;,0x3180 reqAchievementList@scriptPages/gameHD/k->C,0x2180
0xa181,-24191,LscriptPages/game/i0;->y(Ljava/lang/String;)V,0x3b7584,,0000:readByte(Ljava/lang/String;)B || 0052:readLong(Ljava/lang/String;)J || 0062:readByte(Ljava/lang/String;)B || 0072:readUTF(Ljava/lang/String;)Ljava/lang/String; || 0082:readShort(Ljava/lang/String;)S,0x3181,0x2181
0xa182,-24190,LscriptPages/gameHD/k;->M(Ljava/lang/String;)V,0x44bdbc,,0006:readByte(Ljava/lang/String;)B || 000e:readLong(Ljava/lang/String;)J || 0016:readByte(Ljava/lang/String;)B || 0028:readByte(Ljava/lang/String;)B || 0030:readLong(Ljava/lang/String;)J || 0038:readLong(Ljava/lang/String;)J || 0040:readUTF(Ljava/lang/String;)Ljava/lang/String; || 0048:readUTF(Ljava/lang/String;)Ljava/lang/String; || 0050:readLong(Ljava/lang/String;)J || 0056:readUTF(Ljava/lang/String;)Ljava/lang/String; || 005e:readUTF(Ljava/lang/String;)Ljava/lang/String;,0x3182 reqAchievementCont@scriptPages/gameHD/k->B,0x2182
0xa183,-24189,LscriptPages/gameHD/k;->Q(Ljava/lang/String;)V,0x44c704,,000a:readBoolean(Ljava/lang/String;)Z || 0012:readShort(Ljava/lang/String;)S || 001a:readLong(Ljava/lang/String;)J || 0022:readUTF(Ljava/lang/String;)Ljava/lang/String; || 002a:readShort(Ljava/lang/String;)S || 0078:readLong(Ljava/lang/String;)J || 0084:readByte(Ljava/lang/String;)B || 0090:readUTF(Ljava/lang/String;)Ljava/lang/String; || 009c:readUTF(Ljava/lang/String;)Ljava/lang/String; || 00a8:readUTF(Ljava/lang/String;)Ljava/lang/String; || 00b4:readUTF(Ljava/lang/String;)Ljava/lang/String; || 00c0:readBoolean(Ljava/lang/String;)Z || 00cc:readShort(Ljava/lang/String;)S || 00d8:readLong(Ljava/lang/String;)J || 00f8:readByte(Ljava/lang/String;)B || 0100:readUTF(Ljava/lang/String;)Ljava/lang/String;,0x3183 reqNicknameList@scriptPages/gameHD/k->H,0x2183
0xa184,-24188,LscriptPages/gameHD/k;->O(Ljava/lang/String;)V,0x44c4d4,,000e:readByte(Ljava/lang/String;)B || 0016:readUTF(Ljava/lang/String;)Ljava/lang/String; || 002e:readByte(Ljava/lang/String;)B || 0056:readLong(Ljava/lang/String;)J || 0062:readUTF(Ljava/lang/String;)Ljava/lang/String; || 006e:readLong(Ljava/lang/String;)J || 0088:readLong(Ljava/lang/String;)J,0x3184,0x2184
0xa186,-24186,LscriptPages/gameHD/k;->L(Ljava/lang/String;)V,0x44bd3c,,0006:readByte(Ljava/lang/String;)B || 000e:readUTF(Ljava/lang/String;)Ljava/lang/String; || 0016:readBoolean(Ljava/lang/String;)Z,0x3186 di_联网请求内容@scriptPages/gameHD/k->W,0x2186
0xa187,-24185,LscriptPages/gameHD/k;->P(Ljava/lang/String;)V,0x44c630,,0000:readByte(Ljava/lang/String;)B || 0012:readByte(Ljava/lang/String;)B || 0020:readLong(Ljava/lang/String;)J || 002c:readLong(Ljava/lang/String;)J || 0038:readLong(Ljava/lang/String;)J || 004a:readUTF(Ljava/lang/String;)Ljava/lang/String;,0x3187,0x2187
0xa252,-23982,La0/a;->C1(Ljava/lang/String;)V,0xe4c8c,,0000:readBoolean(Ljava/lang/String;)Z || 0006:readUTF(Ljava/lang/String;)Ljava/lang/String; || 000e:readByte(Ljava/lang/String;)B,0x3252,0x2252
0xa271,-23951,La0/a;->z1(Ljava/lang/String;)V,0xe4bc4,,0006:readByte(Ljava/lang/String;)B || 000e:readUTF(Ljava/lang/String;)Ljava/lang/String;,0x3271,0x2271
0xa273,-23949,La0/a;->A1(Ljava/lang/String;)V,0xe4c08,,0000:readInt(Ljava/lang/String;)I || 0008:readUTF(Ljava/lang/String;)Ljava/lang/String;,0x3273,0x2273
0xa940,-22208,Lo/a;->i7(Ljava/lang/String;)V,0x244df0,,0000:readByte(Ljava/lang/String;)B || 0008:readByte(Ljava/lang/String;)B || 006e:readLong(Ljava/lang/String;)J || 007e:readUTF(Ljava/lang/String;)Ljava/lang/String; || 008e:readUTF(Ljava/lang/String;)Ljava/lang/String;,0x3940 (unnamed)@scriptPages/game/q0->q0,0x2940
0xa941,-22207,Lo/a;->h7(Ljava/lang/String;)V,0x2441d8,,0004:readByte(Ljava/lang/String;)B || 0010:readUTF(Ljava/lang/String;)Ljava/lang/String; || 0024:readUTF(Ljava/lang/String;)Ljava/lang/String; || 0034:readUTF(Ljava/lang/String;)Ljava/lang/String; || 0044:readUTF(Ljava/lang/String;)Ljava/lang/String; || 004c:readLong(Ljava/lang/String;)J || 0054:readLong(Ljava/lang/String;)J || 005c:readUTF(Ljava/lang/String;)Ljava/lang/String; || 0064:readByte(Ljava/lang/String;)B || 006c:readUTF(Ljava/lang/String;)Ljava/lang/String; || 0080:readByte(Ljava/lang/String;)B || 0094:readUTF(Ljava/lang/String;)Ljava/lang/String; || 00b0:readLong(Ljava/lang/String;)J || 00c0:readLong(Ljava/lang/String;)J || 00cc:readInt(Ljava/lang/String;)I || 00f2:readInt(Ljava/lang/String;)I || 0104:readInt(Ljava/lang/String;)I || 012e:readInt(Ljava/lang/String;)I || 0164:readInt(Ljava/lang/String;)I || 016c:readLong(Ljava/lang/String;)J || 01b0:readShort(Ljava/lang/String;)S || 01c0:readShort(Ljava/lang/String;)S || 01d0:readShort(Ljava/lang/String;)S || 01e0:readInt(Ljava/lang/String;)I || 020c:readLong(Ljava/lang/String;)J || 021c:readLong(Ljava/lang/String;)J || 022c:readInt(Ljava/lang/String;)I || 023c:readLong(Ljava/lang/String;)J || 0248:readInt(Ljava/lang/String;)I || 0276:readInt(Ljava/lang/String;)I || 028a:readLong(Ljava/lang/String;)J || 029c:readInt(Ljava/lang/String;)I || 02ca:readInt(Ljava/lang/String;)I || 02de:readLong(Ljava/lang/String;)J || 02f4:readInt(Ljava/lang/String;)I || 0304:readLong(Ljava/lang/String;)J || 031e:readInt(Ljava/lang/String;)I || 032e:readLong(Ljava/lang/String;)J || 033e:readLong(Ljava/lang/String;)J || 034e:readInt(Ljava/lang/String;)I || 035e:readLong(Ljava/lang/String;)J || 036a:readInt(Ljava/lang/String;)I || 0398:readInt(Ljava/lang/String;)I || 03ac:readLong(Ljava/lang/String;)J || 03be:readInt(Ljava/lang/String;)I || 03ec:readInt(Ljava/lang/String;)I || 0400:readLong(Ljava/lang/String;)J || 0416:readInt(Ljava/lang/String;)I || 0426:readLong(Ljava/lang/String;)J || 0450:readInt(Ljava/lang/String;)I || 045c:readByte(Ljava/lang/String;)B || 04b2:readInt(Ljava/lang/String;)I || 04c6:readByte(Ljava/lang/String;)B || 0508:readUTF(Ljava/lang/String;)Ljava/lang/String; || 0514:readByte(Ljava/lang/String;)B || 055e:readShort(Ljava/lang/String;)S || 0566:readInt(Ljava/lang/String;)I || 05b6:readByte(Ljava/lang/String;)B || 05ca:readByte(Ljava/lang/String;)B || 0628:readShort(Ljava/lang/String;)S || 0716:readInt(Ljava/lang/String;)I || 072a:readByte(Ljava/lang/String;)B || 0740:readByte(Ljava/lang/String;)B || 0756:readByte(Ljava/lang/String;)B || 076a:readByte(Ljava/lang/String;)B || 077e:readByte(Ljava/lang/String;)B || 0792:readByte(Ljava/lang/String;)B || 07a6:readByte(Ljava/lang/String;)B || 07ba:readUTF(Ljava/lang/String;)Ljava/lang/String; || 07ce:readByte(Ljava/lang/String;)B || 07e2:readByte(Ljava/lang/String;)B || 07f6:readLong(Ljava/lang/String;)J || 080a:readLong(Ljava/lang/String;)J || 0816:readByte(Ljava/lang/String;)B || 0864:readShort(Ljava/lang/String;)S || 0896:readInt(Ljava/lang/String;)I || 09ae:readBoolean(Ljava/lang/String;)Z || 09c6:readUTF(Ljava/lang/String;)Ljava/lang/String; || 09ce:readUTF(Ljava/lang/String;)Ljava/lang/String; || 09d6:readInt(Ljava/lang/String;)I || 0a20:readInt(Ljava/lang/String;)I || 0a28:readInt(Ljava/lang/String;)I || 0a42:readByte(Ljava/lang/String;)B || 0a4e:readUTF(Ljava/lang/String;)Ljava/lang/String; || 0ae4:readInt(Ljava/lang/String;)I || 0b4a:readBoolean(Ljava/lang/String;)Z,0x3941,0x2941
0xe001,-8191,LscriptPages/game/q0;->F1(Ljava/lang/String;)V,0x401720,,0000:readLong(Ljava/lang/String;)J || 0006:readUTF(Ljava/lang/String;)Ljava/lang/String; || 0012:readInt(Ljava/lang/String;)I || 0036:readLong(Ljava/lang/String;)J || 0046:readUTF(Ljava/lang/String;)Ljava/lang/String; || 0058:readByte(Ljava/lang/String;)B || 008a:readLong(Ljava/lang/String;)J || 009a:readUTF(Ljava/lang/String;)Ljava/lang/String; || 00aa:readUTF(Ljava/lang/String;)Ljava/lang/String; || 00ba:readUTF(Ljava/lang/String;)Ljava/lang/String;,0x7001,0x6001
0xe002,-8190,LscriptPages/game/q0;->G1(Ljava/lang/String;)V,0x401810,,,0x7002,0x6002
0xe003,-8189,LscriptPages/game/q0;->D1(Ljava/lang/String;)V,0x401684,,0000:readByte(Ljava/lang/String;)B || 000c:readByte(Ljava/lang/String;)B || 001a:readLong(Ljava/lang/String;)J || 0026:readLong(Ljava/lang/String;)J || 0032:readLong(Ljava/lang/String;)J || 0044:readUTF(Ljava/lang/String;)Ljava/lang/String;,0x7003,0x6003 friendtaskreturn@scriptPages/game/q0->c2; (unnamed)@scriptPages/game/q0->c2
0xe004,-8188,LscriptPages/game/q0;->t1(Ljava/lang/String;)V,0x4010e0,,0000:readInt(Ljava/lang/String;)I || 001a:readUTF(Ljava/lang/String;)Ljava/lang/String;,0x7004,0x6004 (unnamed)@scriptPages/game/q0->c2
0xe005,-8187,LscriptPages/game/q0;->E1(Ljava/lang/String;)V,0x401708,,0000:readByte(Ljava/lang/String;)B,0x7005,0x6005
0xe007,-8185,LscriptPages/game/q0;->o1(Ljava/lang/String;)V,0x400878,,0000:readByte(Ljava/lang/String;)B || 0012:readByte(Ljava/lang/String;)B || 0034:readShort(Ljava/lang/String;)S || 0066:readByte(Ljava/lang/String;)B || 0098:readByte(Ljava/lang/String;)B || 00c6:readByte(Ljava/lang/String;)B || 00d2:readShort(Ljava/lang/String;)S,0x7007,"0x6007 领取成功!
@scriptPages/game/q0->v1"
0xe008,-8184,LscriptPages/game/q0;->v1(Ljava/lang/String;)V,0x401124,,0000:readByte(Ljava/lang/String;)B || 000c:readByte(Ljava/lang/String;)B || 001a:readLong(Ljava/lang/String;)J || 0026:readLong(Ljava/lang/String;)J || 0032:readLong(Ljava/lang/String;)J || 0044:readUTF(Ljava/lang/String;)Ljava/lang/String;,0x7008,0x6008
0xe009,-8183,LscriptPages/game/q0;->z1(Ljava/lang/String;)V,0x401388,,0000:readByte(Ljava/lang/String;)B || 0028:readByte(Ljava/lang/String;)B || 0036:readShort(Ljava/lang/String;)S,0x7009,"0x6009 领取成功!
@scriptPages/game/q0->x1"
0xe00a,-8182,LscriptPages/game/q0;->x1(Ljava/lang/String;)V,0x401258,,0000:readByte(Ljava/lang/String;)B || 000c:readByte(Ljava/lang/String;)B || 001a:readLong(Ljava/lang/String;)J || 0026:readLong(Ljava/lang/String;)J || 0032:readLong(Ljava/lang/String;)J || 0044:readUTF(Ljava/lang/String;)Ljava/lang/String;,0x700a,0x600a
0xe00b,-8181,LscriptPages/game/q0;->s1(Ljava/lang/String;)V,0x401000,,0000:readByte(Ljava/lang/String;)B || 0008:readUTF(Ljava/lang/String;)Ljava/lang/String; || 0010:readUTF(Ljava/lang/String;)Ljava/lang/String;,0x700b,0x600b 数量1@scriptPages/gameHD/i->t
0xe00c,-8180,LscriptPages/game/q0;->I1(Ljava/lang/String;)V,0x401828,,0000:readInt(Ljava/lang/String;)I || 000c:readInt(Ljava/lang/String;)I,0x700c,0x600c 信息加载中...@scriptPages/game/q0->b1
0xe010,-8176,LscriptPages/game/q0;->n1(Ljava/lang/String;)V,0x4009bc,,0000:readByte(Ljava/lang/String;)B || 0012:readByte(Ljava/lang/String;)B || 0034:readShort(Ljava/lang/String;)S || 0066:readByte(Ljava/lang/String;)B || 0098:readByte(Ljava/lang/String;)B || 00c6:readByte(Ljava/lang/String;)B || 00d2:readShort(Ljava/lang/String;)S,0x7010,"0x6010 领取成功!
@scriptPages/game/q0->u1"
0xe012,-8174,LscriptPages/game/q0;->u1(Ljava/lang/String;)V,0x4011b8,,0000:readByte(Ljava/lang/String;)B || 000c:readByte(Ljava/lang/String;)B || 001a:readLong(Ljava/lang/String;)J || 0026:readLong(Ljava/lang/String;)J || 0032:readLong(Ljava/lang/String;)J || 0044:readUTF(Ljava/lang/String;)Ljava/lang/String;,0x7012,0x6012
0xe014,-8172,LscriptPages/game/q0;->y1(Ljava/lang/String;)V,0x401470,,0000:readByte(Ljava/lang/String;)B || 0028:readByte(Ljava/lang/String;)B || 0038:readShort(Ljava/lang/String;)S,0x7014,"0x6014 领取成功!
@scriptPages/game/q0->w1"
0xe016,-8170,LscriptPages/game/q0;->w1(Ljava/lang/String;)V,0x4012f0,,0000:readByte(Ljava/lang/String;)B || 000c:readByte(Ljava/lang/String;)B || 001a:readLong(Ljava/lang/String;)J || 0026:readLong(Ljava/lang/String;)J || 0032:readLong(Ljava/lang/String;)J || 0044:readUTF(Ljava/lang/String;)Ljava/lang/String;,0x7016,0x6016
0xe018,-8168,LscriptPages/game/q0;->H1(Ljava/lang/String;)V,0x401854,,0000:readInt(Ljava/lang/String;)I || 000c:readInt(Ljava/lang/String;)I,0x7018,0x6018 信息加载中...@scriptPages/game/q0->a1
0xe200,-7680,LscriptPages/gameHD/a;->h(Ljava/lang/String;)V,0x4145c4,,000e:readByte(Ljava/lang/String;)B || 0048:readLong(Ljava/lang/String;)J || 0054:readShort(Ljava/lang/String;)S || 0060:readByte(Ljava/lang/String;)B || 006c:readByte(Ljava/lang/String;)B || 0078:readByte(Ljava/lang/String;)B || 0084:readByte(Ljava/lang/String;)B || 0090:readByte(Ljava/lang/String;)B || 00b0:readByte(Ljava/lang/String;)B || 00d8:readByte(Ljava/lang/String;)B || 00f4:readByte(Ljava/lang/String;)B || 0108:readByte(Ljava/lang/String;)B || 0132:readByte(Ljava/lang/String;)B || 0142:readUTF(Ljava/lang/String;)Ljava/lang/String; || 0152:readByte(Ljava/lang/String;)B || 0166:readUTF(Ljava/lang/String;)Ljava/lang/String; || 018a:readLong(Ljava/lang/String;)J || 0190:readShort(Ljava/lang/String;)S || 019c:readShort(Ljava/lang/String;)S || 01d2:readUTF(Ljava/lang/String;)Ljava/lang/String; || 01e6:readUTF(Ljava/lang/String;)Ljava/lang/String; || 01fa:readUTF(Ljava/lang/String;)Ljava/lang/String; || 020c:readShort(Ljava/lang/String;)S || 023e:readUTF(Ljava/lang/String;)Ljava/lang/String; || 0252:readUTF(Ljava/lang/String;)Ljava/lang/String; || 0266:readUTF(Ljava/lang/String;)Ljava/lang/String; || 0278:readByte(Ljava/lang/String;)B || 02a2:readShort(Ljava/lang/String;)S || 02b2:readUTF(Ljava/lang/String;)Ljava/lang/String; || 02c2:readShort(Ljava/lang/String;)S || 02d6:readShort(Ljava/lang/String;)S || 02e2:readShort(Ljava/lang/String;)S || 02ee:readBoolean(Ljava/lang/String;)Z || 02fa:readUTF(Ljava/lang/String;)Ljava/lang/String; || 0306:readShort(Ljava/lang/String;)S || 0312:readShort(Ljava/lang/String;)S || 031e:readBoolean(Ljava/lang/String;)Z || 032a:readUTF(Ljava/lang/String;)Ljava/lang/String;,0x7200,0x6200 houyedu@scriptPages/gameHD/a->f
0xe202,-7678,LscriptPages/gameHD/a;->g(Ljava/lang/String;)V,0x414588,,0000:readByte(Ljava/lang/String;)B || 001a:readUTF(Ljava/lang/String;)Ljava/lang/String;,0x7202,0x6202 di_正在请求签到@scriptPages/gameHD/a->e
0xe204,-7676,LscriptPages/gameHD/a;->j(Ljava/lang/String;)V,0x415524,,0000:readByte(Ljava/lang/String;)B || 0020:readUTF(Ljava/lang/String;)Ljava/lang/String;,0x7204,0x6204
0xe206,-7674,LscriptPages/gameHD/a;->i(Ljava/lang/String;)V,0x4154ec,,0000:readByte(Ljava/lang/String;)B || 0014:readUTF(Ljava/lang/String;)Ljava/lang/String;,0x7206,0x6206
0xe208,-7672,LscriptPages/data/g;->B0()Ljava/lang/String;,0x26f8a0,,,0x7208,0x6208
0xe220,-7648,LscriptPages/gameHD/m;->C(Ljava/lang/String;)V,0x459ac4,,0000:readByte(Ljava/lang/String;)B || 0010:readUTF(Ljava/lang/String;)Ljava/lang/String; || 0020:readByte(Ljava/lang/String;)B || 002c:readLong(Ljava/lang/String;)J || 0038:readByte(Ljava/lang/String;)B || 0044:readLong(Ljava/lang/String;)J || 0060:readByte(Ljava/lang/String;)B || 006c:readLong(Ljava/lang/String;)J || 0078:readShort(Ljava/lang/String;)S || 00a4:readShort(Ljava/lang/String;)S || 00b4:readShort(Ljava/lang/String;)S || 00c4:readByte(Ljava/lang/String;)B || 00d6:readShort(Ljava/lang/String;)S || 00f8:readShort(Ljava/lang/String;)S || 0108:readShort(Ljava/lang/String;)S || 011a:readShort(Ljava/lang/String;)S || 013c:readUTF(Ljava/lang/String;)Ljava/lang/String; || 015e:readShort(Ljava/lang/String;)S || 0180:readUTF(Ljava/lang/String;)Ljava/lang/String;,0x7220,0x6220 di_联网请求数据中@scriptPages/gameHD/m->m
0xe221,-7647,LscriptPages/gameHD/m;->u(Ljava/lang/String;)V,0x4585e8,,0000:readByte(Ljava/lang/String;)B || 0012:readUTF(Ljava/lang/String;)Ljava/lang/String; || 0026:readShort(Ljava/lang/String;)S || 003c:readUTF(Ljava/lang/String;)Ljava/lang/String; || 0048:readLong(Ljava/lang/String;)J || 0054:readLong(Ljava/lang/String;)J || 0060:readLong(Ljava/lang/String;)J || 0066:readLong(Ljava/lang/String;)J || 0148:readByte(Ljava/lang/String;)B || 0150:readByte(Ljava/lang/String;)B || 01a0:readByte(Ljava/lang/String;)B || 01a8:readShort(Ljava/lang/String;)S || 0324:readByte(Ljava/lang/String;)B || 032c:readByte(Ljava/lang/String;)B || 0334:readByte(Ljava/lang/String;)B || 0340:readByte(Ljava/lang/String;)B || 037e:readInt(Ljava/lang/String;)I || 038e:readUTF(Ljava/lang/String;)Ljava/lang/String; || 0528:readByte(Ljava/lang/String;)B || 0530:readByte(Ljava/lang/String;)B || 0538:readByte(Ljava/lang/String;)B || 0540:readByte(Ljava/lang/String;)B || 0548:readByte(Ljava/lang/String;)B || 0598:readInt(Ljava/lang/String;)I || 05a8:readUTF(Ljava/lang/String;)Ljava/lang/String; || 05c6:readByte(Ljava/lang/String;)B || 07ea:readByte(Ljava/lang/String;)B || 07f2:readByte(Ljava/lang/String;)B || 08f0:readByte(Ljava/lang/String;)B || 08f8:readInt(Ljava/lang/String;)I || 0904:readInt(Ljava/lang/String;)I || 0910:readLong(Ljava/lang/String;)J || 091c:readByte(Ljava/lang/String;)B || 0928:readByte(Ljava/lang/String;)B || 096a:readLong(Ljava/lang/String;)J || 097a:readShort(Ljava/lang/String;)S || 098a:readShort(Ljava/lang/String;)S || 09e8:readByte(Ljava/lang/String;)B || 09f0:readInt(Ljava/lang/String;)I || 09fc:readInt(Ljava/lang/String;)I || 0a08:readLong(Ljava/lang/String;)J || 0a14:readByte(Ljava/lang/String;)B || 0a20:readByte(Ljava/lang/String;)B || 0a66:readLong(Ljava/lang/String;)J || 0a76:readShort(Ljava/lang/String;)S || 0a86:readShort(Ljava/lang/String;)S || 0a98:readByte(Ljava/lang/String;)B || 0aee:readByte(Ljava/lang/String;)B || 0af6:readShort(Ljava/lang/String;)S || 0afe:readByte(Ljava/lang/String;)B || 0c86:readByte(Ljava/lang/String;)B || 0c8e:readByte(Ljava/lang/String;)B || 0d90:readByte(Ljava/lang/String;)B || 0e7e:readByte(Ljava/lang/String;)B || 0e9a:readByte(Ljava/lang/String;)B || 0ec4:readUTF(Ljava/lang/String;)Ljava/lang/String; || 0ed0:readShort(Ljava/lang/String;)S || 0edc:readShort(Ljava/lang/String;)S || 0ee8:readBoolean(Ljava/lang/String;)Z || 0ef0:readShort(Ljava/lang/String;)S,0x7221,0x6221 (unnamed)@scriptPages/gameHD/m->t
0xe222,-7646,LscriptPages/gameHD/m;->w(Ljava/lang/String;)V,0x459770,,000c:readShort(Ljava/lang/String;)S || 0014:readByte(Ljava/lang/String;)B || 001c:readUTF(Ljava/lang/String;)Ljava/lang/String;,0x7222,0x6222 (unnamed)@scriptPages/gameHD/m->v
0xe223,-7645,LscriptPages/gameHD/m;->y(Ljava/lang/String;)V,0x45989c,,000c:readByte(Ljava/lang/String;)B || 001c:readInt(Ljava/lang/String;)I || 0038:readUTF(Ljava/lang/String;)Ljava/lang/String;,0x7223,0x6223 (unnamed)@scriptPages/gameHD/m->x
0xe224,-7644,LscriptPages/gameHD/m;->s(Ljava/lang/String;)V,0x458568,,0000:readByte(Ljava/lang/String;)B || 0006:readUTF(Ljava/lang/String;)Ljava/lang/String;,0x7224,0x6224
0xe230,-7632,LscriptPages/game/h0;->e(Ljava/lang/String;)V,0x3a61bc,,0006:readShort(Ljava/lang/String;)S || 000e:readByte(Ljava/lang/String;)B || 0198:readByte(Ljava/lang/String;)B || 0292:readLong(Ljava/lang/String;)J || 02a2:readUTF(Ljava/lang/String;)Ljava/lang/String; || 02b2:readByte(Ljava/lang/String;)B || 02c2:readByte(Ljava/lang/String;)B || 02d2:readLong(Ljava/lang/String;)J || 043a:readLong(Ljava/lang/String;)J || 044a:readUTF(Ljava/lang/String;)Ljava/lang/String; || 045a:readByte(Ljava/lang/String;)B || 046a:readByte(Ljava/lang/String;)B || 047a:readLong(Ljava/lang/String;)J || 063c:readLong(Ljava/lang/String;)J || 0682:readUTF(Ljava/lang/String;)Ljava/lang/String; || 068c:readByte(Ljava/lang/String;)B || 069c:readByte(Ljava/lang/String;)B || 06ac:readLong(Ljava/lang/String;)J || 083c:readLong(Ljava/lang/String;)J || 084c:readUTF(Ljava/lang/String;)Ljava/lang/String; || 085c:readByte(Ljava/lang/String;)B || 086c:readByte(Ljava/lang/String;)B || 087c:readLong(Ljava/lang/String;)J,0x7230,0x6230 CSLIST@scriptPages/game/h0->I
0xe232,-7630,LscriptPages/game/h0;->f(Ljava/lang/String;)V,0x3a6b64,,0000:readShort(Ljava/lang/String;)S || 001a:readLong(Ljava/lang/String;)J || 0048:readByte(Ljava/lang/String;)B || 0054:readUTF(Ljava/lang/String;)Ljava/lang/String; || 0062:readLong(Ljava/lang/String;)J || 0178:readLong(Ljava/lang/String;)J || 01ac:readShort(Ljava/lang/String;)S || 0252:readByte(Ljava/lang/String;)B || 026a:readByte(Ljava/lang/String;)B || 0282:readUTF(Ljava/lang/String;)Ljava/lang/String; || 029a:readUTF(Ljava/lang/String;)Ljava/lang/String; || 02b2:readLong(Ljava/lang/String;)J,0x7232,0x6232 CSFAQLIST@scriptPages/game/h0->h
0xe236,-7626,LscriptPages/game/h0;->d(Ljava/lang/String;)V,0x3a613c,,0000:readByte(Ljava/lang/String;)B || 0024:readUTF(Ljava/lang/String;)Ljava/lang/String; || 0030:readByte(Ljava/lang/String;)B || 0052:readUTF(Ljava/lang/String;)Ljava/lang/String;,0x7236,0x6236
0xe250,-7600,LscriptPages/game/q;->r1(Ljava/lang/String;)V,0x328a40,,0006:readByte(Ljava/lang/String;)B || 0148:readByte(Ljava/lang/String;)B || 0150:readLong(Ljava/lang/String;)J || 015c:readLong(Ljava/lang/String;)J || 0168:readByte(Ljava/lang/String;)B || 01ea:readByte(Ljava/lang/String;)B || 01fa:readInt(Ljava/lang/String;)I || 020a:readByte(Ljava/lang/String;)B || 021a:readInt(Ljava/lang/String;)I || 022a:readInt(Ljava/lang/String;)I || 023a:readLong(Ljava/lang/String;)J || 0256:readByte(Ljava/lang/String;)B || 02c8:readLong(Ljava/lang/String;)J || 02d4:readByte(Ljava/lang/String;)B || 0356:readInt(Ljava/lang/String;)I || 036e:readInt(Ljava/lang/String;)I || 0386:readUTF(Ljava/lang/String;)Ljava/lang/String; || 039e:readShort(Ljava/lang/String;)S || 03b6:readByte(Ljava/lang/String;)B || 03ce:readShort(Ljava/lang/String;)S || 03f6:readLong(Ljava/lang/String;)J || 03fc:readByte(Ljava/lang/String;)B || 0462:readLong(Ljava/lang/String;)J || 0472:readLong(Ljava/lang/String;)J || 0492:readByte(Ljava/lang/String;)B || 049e:readByte(Ljava/lang/String;)B || 0502:readInt(Ljava/lang/String;)I || 0516:readInt(Ljava/lang/String;)I || 052a:readUTF(Ljava/lang/String;)Ljava/lang/String; || 053e:readShort(Ljava/lang/String;)S || 0552:readByte(Ljava/lang/String;)B || 0566:readShort(Ljava/lang/String;)S,0x7250,0x6250 reqEmplyInfo@scriptPages/game/q->f1
0xe260,-7584,LscriptPages/gameHD/b;->u(Ljava/lang/String;)V,0x418414,,0000:readByte(Ljava/lang/String;)B || 005e:readByte(Ljava/lang/String;)B || 00ba:readByte(Ljava/lang/String;)B || 00c6:readInt(Ljava/lang/String;)I || 00d2:readUTF(Ljava/lang/String;)Ljava/lang/String;,0x7260,0x6260
0xe261,-7583,LscriptPages/gameHD/b;->J(Ljava/lang/String;)V,0x41cbbc,,000c:readByte(Ljava/lang/String;)B,0x7261,0x6261
0xe262,-7582,LscriptPages/gameHD/b;->y(Ljava/lang/String;)V,0x4191cc,,0006:readShort(Ljava/lang/String;)S || 0038:readInt(Ljava/lang/String;)I || 0048:readUTF(Ljava/lang/String;)Ljava/lang/String; || 0058:readUTF(Ljava/lang/String;)Ljava/lang/String; || 0068:readInt(Ljava/lang/String;)I,0x7262,0x6262 Arena_Mainmenu@scriptPages/gameHD/b->K
0xe264,-7580,LscriptPages/gameHD/b;->v(Ljava/lang/String;)V,0x418ac8,,0006:readByte(Ljava/lang/String;)B || 000e:readShort(Ljava/lang/String;)S || 0016:readByte(Ljava/lang/String;)B || 001e:readInt(Ljava/lang/String;)I || 002a:readShort(Ljava/lang/String;)S || 0036:readShort(Ljava/lang/String;)S || 0094:readShort(Ljava/lang/String;)S || 00a4:readShort(Ljava/lang/String;)S || 00b4:readInt(Ljava/lang/String;)I || 00c4:readByte(Ljava/lang/String;)B || 00d4:readByte(Ljava/lang/String;)B || 00e4:readByte(Ljava/lang/String;)B || 00f4:readShort(Ljava/lang/String;)S || 0104:readUTF(Ljava/lang/String;)Ljava/lang/String; || 0114:readUTF(Ljava/lang/String;)Ljava/lang/String;,0x7264,0x6264 ArenaShopMsg@scriptPages/gameHD/b->o
0xe266,-7578,LscriptPages/gameHD/b;->s(Ljava/lang/String;)V,0x41829c,,0000:readByte(Ljava/lang/String;)B || 0008:readUTF(Ljava/lang/String;)Ljava/lang/String; || 0010:readByte(Ljava/lang/String;)B || 001c:readLong(Ljava/lang/String;)J || 0028:readInt(Ljava/lang/String;)I,0x7266,0x6266
0xe268,-7576,LscriptPages/gameHD/b;->w(Ljava/lang/String;)V,0x418f48,,0006:readByte(Ljava/lang/String;)B || 0038:readShort(Ljava/lang/String;)S || 0066:readShort(Ljava/lang/String;)S || 007a:readInt(Ljava/lang/String;)I || 008c:readShort(Ljava/lang/String;)S || 00ba:readShort(Ljava/lang/String;)S || 00ce:readInt(Ljava/lang/String;)I || 00e0:readShort(Ljava/lang/String;)S || 010e:readShort(Ljava/lang/String;)S || 0122:readInt(Ljava/lang/String;)I,0x7268,0x6268 ArenaSolidInfo@scriptPages/gameHD/b->p
0xe26a,-7574,LscriptPages/gameHD/b;->t(Ljava/lang/String;)V,0x418354,,0006:readShort(Ljava/lang/String;)S,0x726a,0x626a ArenaGenChange@scriptPages/gameHD/b->m
0xe26c,-7572,LscriptPages/gameHD/b;->q(Ljava/lang/String;)V,0x417f84,,0006:readByte(Ljava/lang/String;)B || 000e:readShort(Ljava/lang/String;)S || 0016:readLong(Ljava/lang/String;)J || 003a:readInt(Ljava/lang/String;)I || 004e:readShort(Ljava/lang/String;)S || 005a:readShort(Ljava/lang/String;)S || 0066:readByte(Ljava/lang/String;)B || 0080:readShort(Ljava/lang/String;)S || 008c:readShort(Ljava/lang/String;)S || 0098:readByte(Ljava/lang/String;)B || 00a4:readByte(Ljava/lang/String;)B || 00b0:readLong(Ljava/lang/String;)J,0x726c,0x626c
0xe26e,-7570,LscriptPages/gameHD/b;->r(Ljava/lang/String;)V,0x41811c,,0006:readShort(Ljava/lang/String;)S,0x726e,0x626e ArenaBattle@scriptPages/gameHD/b->l
0xe270,-7568,LscriptPages/gameHD/b;->x(Ljava/lang/String;)V,0x419128,,0006:readByte(Ljava/lang/String;)B || 000e:readByte(Ljava/lang/String;)B || 001c:readByte(Ljava/lang/String;)B || 002e:readByte(Ljava/lang/String;)B,0x7270,0x6270 ArenaTeamStrategy@scriptPages/gameHD/b->K
0xe272,-7566,Lu/e;->g(Ljava/lang/String;)V,0x45b404,,0000:readByte(Ljava/lang/String;)B,0x7272,0x6272 测试分享-------------：分享成功@u/e->d
0xe273,-7565,LscriptPages/data/g;->k4(Ljava/lang/String;)V,0x2879b0,,000c:readShort(Ljava/lang/String;)S || 0030:readShort(Ljava/lang/String;)S || 0040:readInt(Ljava/lang/String;)I || 0052:readShort(Ljava/lang/String;)S || 0074:readShort(Ljava/lang/String;)S || 0084:readUTF(Ljava/lang/String;)Ljava/lang/String; || 009e:readByte(Ljava/lang/String;)B || 00b8:readLong(Ljava/lang/String;)J || 00c0:readLong(Ljava/lang/String;)J || 00e2:readLong(Ljava/lang/String;)J || 00ea:readLong(Ljava/lang/String;)J || 011c:readShort(Ljava/lang/String;)S || 0128:readShort(Ljava/lang/String;)S || 0134:readShort(Ljava/lang/String;)S || 01d8:readByte(Ljava/lang/String;)B || 01e4:readShort(Ljava/lang/String;)S || 01f4:readShort(Ljava/lang/String;)S || 0200:readShort(Ljava/lang/String;)S || 025a:readLong(Ljava/lang/String;)J || 0266:readShort(Ljava/lang/String;)S || 0272:readUTF(Ljava/lang/String;)Ljava/lang/String; || 027e:readShort(Ljava/lang/String;)S || 028a:readInt(Ljava/lang/String;)I || 0296:readInt(Ljava/lang/String;)I || 02a2:readLong(Ljava/lang/String;)J || 02ae:readUTF(Ljava/lang/String;)Ljava/lang/String; || 02ba:readUTF(Ljava/lang/String;)Ljava/lang/String; || 02c6:readLong(Ljava/lang/String;)J || 02d2:readLong(Ljava/lang/String;)J || 02de:readLong(Ljava/lang/String;)J || 02ea:readLong(Ljava/lang/String;)J || 02f6:readShort(Ljava/lang/String;)S || 0302:readShort(Ljava/lang/String;)S || 030e:readByte(Ljava/lang/String;)B,0x7273,0x6273
0xe274,-7564,LscriptPages/data/g;->D4(Ljava/lang/String;)V,0x288b34,,000c:readInt(Ljava/lang/String;)I || 0018:readUTF(Ljava/lang/String;)Ljava/lang/String; || 002c:readInt(Ljava/lang/String;)I || 0048:readLong(Ljava/lang/String;)J || 0054:readShort(Ljava/lang/String;)S || 0096:readLong(Ljava/lang/String;)J || 00a6:readShort(Ljava/lang/String;)S || 00b6:readUTF(Ljava/lang/String;)Ljava/lang/String; || 00c6:readShort(Ljava/lang/String;)S || 00d6:readInt(Ljava/lang/String;)I || 00e6:readInt(Ljava/lang/String;)I,0x7274,0x6274
0xe275,-7563,LscriptPages/data/g;->l4(Ljava/lang/String;)V,0x287d64,,000c:readUTF(Ljava/lang/String;)Ljava/lang/String;,0x7275,0x6275 di_联网数据载入中@scriptPages/data/g->O4
0xe276,-7562,LscriptPages/data/g;->j4(Ljava/lang/String;)V,0x2878b8,,000c:readInt(Ljava/lang/String;)I || 0018:readUTF(Ljava/lang/String;)Ljava/lang/String; || 0028:readLong(Ljava/lang/String;)J || 0034:readShort(Ljava/lang/String;)S || 0076:readLong(Ljava/lang/String;)J || 0086:readShort(Ljava/lang/String;)S || 0096:readUTF(Ljava/lang/String;)Ljava/lang/String; || 00a6:readShort(Ljava/lang/String;)S || 00b6:readInt(Ljava/lang/String;)I || 00c6:readInt(Ljava/lang/String;)I,0x7276,0x6276
0xe277,-7561,LscriptPages/data/g;->h4(Ljava/lang/String;)V,0x287744,,000c:readInt(Ljava/lang/String;)I || 0012:readUTF(Ljava/lang/String;)Ljava/lang/String; || 001e:readShort(Ljava/lang/String;)S || 002a:readShort(Ljava/lang/String;)S || 0036:readShort(Ljava/lang/String;)S,0x7277,0x6277 di_请求中@scriptPages/data/g->O4
0xe278,-7560,LscriptPages/data/g;->g4(Ljava/lang/String;)V,0x2876e8,,000c:readByte(Ljava/lang/String;)B || 0012:readUTF(Ljava/lang/String;)Ljava/lang/String; || 001e:readShort(Ljava/lang/String;)S || 002a:readInt(Ljava/lang/String;)I || 0036:readInt(Ljava/lang/String;)I || 003c:readInt(Ljava/lang/String;)I,0x7278,0x6278
0xe279,-7559,LscriptPages/data/g;->p4(Ljava/lang/String;)V,0x287f50,,000c:readByte(Ljava/lang/String;)B || 0018:readUTF(Ljava/lang/String;)Ljava/lang/String; || 0024:readLong(Ljava/lang/String;)J || 0030:readLong(Ljava/lang/String;)J || 003c:readInt(Ljava/lang/String;)I || 0048:readShort(Ljava/lang/String;)S || 0054:readShort(Ljava/lang/String;)S || 0060:readByte(Ljava/lang/String;)B || 00a2:readShort(Ljava/lang/String;)S || 00b2:readShort(Ljava/lang/String;)S || 00c2:readInt(Ljava/lang/String;)I || 00d2:readByte(Ljava/lang/String;)B || 00e2:readShort(Ljava/lang/String;)S || 00f2:readShort(Ljava/lang/String;)S,0x7279,0x6279
0xe27a,-7558,LscriptPages/data/g;->E4(Ljava/lang/String;)V,0x288c40,,000c:readShort(Ljava/lang/String;)S || 002e:readShort(Ljava/lang/String;)S || 003e:readUTF(Ljava/lang/String;)Ljava/lang/String; || 0056:readShort(Ljava/lang/String;)S || 0062:readShort(Ljava/lang/String;)S || 0074:readLong(Ljava/lang/String;)J,0x727a,0x627a REQ_XUNBAO_INFO@scriptPages/data/g->J2
0xe27b,-7557,LscriptPages/data/g;->q4(Ljava/lang/String;)V,0x288068,,0018:readInt(Ljava/lang/String;)I || 0024:readUTF(Ljava/lang/String;)Ljava/lang/String; || 0030:readInt(Ljava/lang/String;)I || 0060:readLong(Ljava/lang/String;)J || 0080:readShort(Ljava/lang/String;)S || 0088:readInt(Ljava/lang/String;)I,0x727b,0x627b di_寻宝中@scriptPages/data/g->a5
0xe27c,-7556,LscriptPages/data/g;->w4(Ljava/lang/String;)V,0x28856c,,000c:readUTF(Ljava/lang/String;)Ljava/lang/String;,0x727c,0x627c di_联网数据载入中@scriptPages/data/g->a5
0xe27d,-7555,LscriptPages/data/g;->o4(Ljava/lang/String;)V,0x287f0c,,0018:readInt(Ljava/lang/String;)I || 001e:readUTF(Ljava/lang/String;)Ljava/lang/String;,0x727d,0x627d
0xe27e,-7554,LscriptPages/data/g;->i4(Ljava/lang/String;)V,0x287798,,0012:readLong(Ljava/lang/String;)J || 001e:readUTF(Ljava/lang/String;)Ljava/lang/String; || 002a:readLong(Ljava/lang/String;)J || 0046:readShort(Ljava/lang/String;)S || 004c:readUTF(Ljava/lang/String;)Ljava/lang/String; || 0058:readShort(Ljava/lang/String;)S || 0064:readLong(Ljava/lang/String;)J || 0070:readLong(Ljava/lang/String;)J || 007c:readUTF(Ljava/lang/String;)Ljava/lang/String; || 0088:readUTF(Ljava/lang/String;)Ljava/lang/String; || 0094:readInt(Ljava/lang/String;)I || 00a0:readUTF(Ljava/lang/String;)Ljava/lang/String; || 00ac:readUTF(Ljava/lang/String;)Ljava/lang/String;,0x727e,0x627e
0xe27f,-7553,LscriptPages/data/g;->s4(Ljava/lang/String;)V,0x288208,,0010:readShort(Ljava/lang/String;)S || 002c:readByte(Ljava/lang/String;)B || 005e:readByte(Ljava/lang/String;)B || 0074:readShort(Ljava/lang/String;)S || 008c:readShort(Ljava/lang/String;)S || 00a4:readInt(Ljava/lang/String;)I || 00b0:readInt(Ljava/lang/String;)I || 00bc:readInt(Ljava/lang/String;)I || 00c8:readShort(Ljava/lang/String;)S || 00d4:readShort(Ljava/lang/String;)S || 00e0:readByte(Ljava/lang/String;)B || 00ec:readShort(Ljava/lang/String;)S || 00f8:readShort(Ljava/lang/String;)S || 0104:readByte(Ljava/lang/String;)B || 011e:readByte(Ljava/lang/String;)B || 012c:readShort(Ljava/lang/String;)S,0x727f,0x627f di_联网数据载入中@scriptPages/data/g->b2
0xe280,-7552,LscriptPages/data/g;->r4(Ljava/lang/String;)V,0x288180,,000c:readInt(Ljava/lang/String;)I || 0012:readUTF(Ljava/lang/String;)Ljava/lang/String; || 001e:readLong(Ljava/lang/String;)J || 0026:readUTF(Ljava/lang/String;)Ljava/lang/String; || 0058:readLong(Ljava/lang/String;)J,0x7280,0x6280 REQ_GENERAL_EQUIP_LIANHUN@scriptPages/data/g->N4
0xe281,-7551,LscriptPages/data/g;->v4(Ljava/lang/String;)V,0x288598,,000c:readUTF(Ljava/lang/String;)Ljava/lang/String;,0x7281,0x6281 di_联网炼魂中@scriptPages/data/g->N4
0xe282,-7550,LscriptPages/game/n;->t2(Ljava/lang/String;)V,0x2ed674,,000c:readUTF(Ljava/lang/String;)Ljava/lang/String;,0x7282,0x6282 REQ_COUNTRY_LIVELIHOOD_INFO@scriptPages/game/n->y0
0xe284,-7548,LscriptPages/data/g;->F4(Ljava/lang/String;)V,0x288cd4,,000c:readByte(Ljava/lang/String;)B || 0012:readUTF(Ljava/lang/String;)Ljava/lang/String;,0x7284,0x6284 (unnamed)@scriptPages/data/g->T4; di_请求中@scriptPages/data/g->o5
0xe285,-7547,LscriptPages/gameHD/m;->A(Ljava/lang/String;)V,0x459938,,000c:readByte(Ljava/lang/String;)B || 0018:readUTF(Ljava/lang/String;)Ljava/lang/String; || 002c:readByte(Ljava/lang/String;)B || 005a:readByte(Ljava/lang/String;)B || 006a:readUTF(Ljava/lang/String;)Ljava/lang/String; || 007a:readByte(Ljava/lang/String;)B || 0094:readByte(Ljava/lang/String;)B || 00a0:readUTF(Ljava/lang/String;)Ljava/lang/String; || 00ac:readByte(Ljava/lang/String;)B,0x7285,0x6285 di_联网请求数据中@scriptPages/gameHD/m->K
0xe286,-7546,LscriptPages/gameHD/m;->z(Ljava/lang/String;)V,0x459908,,000c:readByte(Ljava/lang/String;)B || 0012:readUTF(Ljava/lang/String;)Ljava/lang/String;,0x7286,0x6286 reqAutoHitbanditSet@scriptPages/gameHD/m->K
0xe287,-7545,LscriptPages/game/i;->A(Ljava/lang/String;)V,0x2b4a74,,000c:readByte(Ljava/lang/String;)B || 0018:readUTF(Ljava/lang/String;)Ljava/lang/String; || 002c:readByte(Ljava/lang/String;)B || 0058:readByte(Ljava/lang/String;)B || 0068:readUTF(Ljava/lang/String;)Ljava/lang/String; || 0078:readByte(Ljava/lang/String;)B || 0094:readByte(Ljava/lang/String;)B || 00a0:readByte(Ljava/lang/String;)B || 00ac:readByte(Ljava/lang/String;)B || 00b8:readByte(Ljava/lang/String;)B,0x7287,0x6287 reqChatSet@scriptPages/game/i->w
0xe288,-7544,LscriptPages/data/g;->m4(Ljava/lang/String;)V,0x287d90,,000c:readByte(Ljava/lang/String;)B || 0018:readUTF(Ljava/lang/String;)Ljava/lang/String; || 002c:readByte(Ljava/lang/String;)B || 0032:readByte(Ljava/lang/String;)B || 003e:readByte(Ljava/lang/String;)B || 004a:readByte(Ljava/lang/String;)B || 0056:readShort(Ljava/lang/String;)S || 0062:readInt(Ljava/lang/String;)I || 006e:readInt(Ljava/lang/String;)I || 007a:readUTF(Ljava/lang/String;)Ljava/lang/String;,0x7288,0x6288
0xe289,-7543,LscriptPages/data/g;->u4(Ljava/lang/String;)V,0x2884f0,,000c:readByte(Ljava/lang/String;)B || 0018:readUTF(Ljava/lang/String;)Ljava/lang/String; || 002c:readByte(Ljava/lang/String;)B || 0038:readByte(Ljava/lang/String;)B || 0044:readUTF(Ljava/lang/String;)Ljava/lang/String; || 0050:readByte(Ljava/lang/String;)B || 005c:readByte(Ljava/lang/String;)B,0x7289,0x6289 reqMailSet@scriptPages/data/g->O3
0xe28a,-7542,LscriptPages/gameHD/m;->B(Ljava/lang/String;)V,0x459a08,,0000:readByte(Ljava/lang/String;)B || 0008:readUTF(Ljava/lang/String;)Ljava/lang/String; || 001a:readByte(Ljava/lang/String;)B || 003e:readByte(Ljava/lang/String;)B || 004a:readUTF(Ljava/lang/String;)Ljava/lang/String; || 0056:readShort(Ljava/lang/String;)S || 0062:readShort(Ljava/lang/String;)S || 006e:readShort(Ljava/lang/String;)S || 007a:readBoolean(Ljava/lang/String;)Z,0x728a,0x628a
0xe28b,-7541,,,,,0x728b,0x628b
0xe300,-7424,La0/a;->r(Ljava/lang/String;)V,0xd082c,,0014:readByte(Ljava/lang/String;)B || 0020:readUTF(Ljava/lang/String;)Ljava/lang/String; || 0034:readByte(Ljava/lang/String;)B || 0080:readByte(Ljava/lang/String;)B || 008e:readUTF(Ljava/lang/String;)Ljava/lang/String; || 0098:readByte(Ljava/lang/String;)B || 00aa:readByte(Ljava/lang/String;)B || 00bc:readLong(Ljava/lang/String;)J || 00cc:readByte(Ljava/lang/String;)B || 00d8:readInt(Ljava/lang/String;)I || 00e0:readInt(Ljava/lang/String;)I || 012e:readShort(Ljava/lang/String;)S,0x7300,0x6300 di_联网超时@a0/a->k
0xe301,-7423,La0/a;->v(Ljava/lang/String;)V,0xd1b84,,000c:readByte(Ljava/lang/String;)B || 0018:readUTF(Ljava/lang/String;)Ljava/lang/String; || 0040:readByte(Ljava/lang/String;)B || 0056:readLong(Ljava/lang/String;)J,0x7301,0x6301
0xe302,-7422,La0/a;->s(Ljava/lang/String;)V,0xd0978,,000c:readByte(Ljava/lang/String;)B || 0018:readUTF(Ljava/lang/String;)Ljava/lang/String; || 002c:readByte(Ljava/lang/String;)B || 0046:readByte(Ljava/lang/String;)B || 0054:readInt(Ljava/lang/String;)I || 0090:readShort(Ljava/lang/String;)S || 0132:readByte(Ljava/lang/String;)B,0x7302,0x6302
0xe303,-7421,La0/a;->w(Ljava/lang/String;)V,0xd1c1c,,000c:readByte(Ljava/lang/String;)B || 0018:readUTF(Ljava/lang/String;)Ljava/lang/String;,0x7303,0x6303
0xe304,-7420,La0/a;->u(Ljava/lang/String;)V,0xd1a20,,000c:readByte(Ljava/lang/String;)B || 0018:readUTF(Ljava/lang/String;)Ljava/lang/String; || 002c:readByte(Ljava/lang/String;)B || 0036:readByte(Ljava/lang/String;)B || 0040:readLong(Ljava/lang/String;)J || 004e:readInt(Ljava/lang/String;)I || 006e:readShort(Ljava/lang/String;)S || 0080:readByte(Ljava/lang/String;)B || 008c:readInt(Ljava/lang/String;)I || 00a2:readInt(Ljava/lang/String;)I || 00ae:readInt(Ljava/lang/String;)I || 00c4:readInt(Ljava/lang/String;)I,0x7304,0x6304 ReqOfficeListRefresh@a0/a->G
0xe305,-7419,La0/a;->x(Ljava/lang/String;)V,0xd1c70,,000c:readByte(Ljava/lang/String;)B || 0018:readUTF(Ljava/lang/String;)Ljava/lang/String; || 002c:readByte(Ljava/lang/String;)B || 003a:readLong(Ljava/lang/String;)J || 0094:readInt(Ljava/lang/String;)I || 00b0:readByte(Ljava/lang/String;)B || 00c2:readByte(Ljava/lang/String;)B || 00d8:readInt(Ljava/lang/String;)I || 00e4:readByte(Ljava/lang/String;)B || 00f0:readLong(Ljava/lang/String;)J || 0108:readByte(Ljava/lang/String;)B || 011a:readByte(Ljava/lang/String;)B,0x7305,0x6305
0xe306,-7418,La0/a;->y(Ljava/lang/String;)V,0xd1db8,,000c:readByte(Ljava/lang/String;)B || 0018:readUTF(Ljava/lang/String;)Ljava/lang/String;,0x7306,0x6306
0xe307,-7417,La0/a;->A(Ljava/lang/String;)V,0xd1e74,,000c:readByte(Ljava/lang/String;)B || 0018:readUTF(Ljava/lang/String;)Ljava/lang/String; || 002a:readLong(Ljava/lang/String;)J || 0030:readLong(Ljava/lang/String;)J || 0044:readByte(Ljava/lang/String;)B || 0062:readByte(Ljava/lang/String;)B || 0074:readByte(Ljava/lang/String;)B || 0088:readByte(Ljava/lang/String;)B || 009a:readInt(Ljava/lang/String;)I || 00b0:readInt(Ljava/lang/String;)I || 00bc:readInt(Ljava/lang/String;)I || 00d2:readInt(Ljava/lang/String;)I,0x7307,0x6307
0xe308,-7416,La0/a;->z(Ljava/lang/String;)V,0xd1dfc,,000c:readByte(Ljava/lang/String;)B || 0018:readUTF(Ljava/lang/String;)Ljava/lang/String; || 002c:readLong(Ljava/lang/String;)J || 0034:readUTF(Ljava/lang/String;)Ljava/lang/String;,0x7308,0x6308 officerRename@a0/a->t2
0xe311,-7407,La0/a;->t(Ljava/lang/String;)V,0xd0ad0,,0014:readByte(Ljava/lang/String;)B || 0020:readShort(Ljava/lang/String;)S || 0070:readShort(Ljava/lang/String;)S || 0078:readUTF(Ljava/lang/String;)Ljava/lang/String; || 0080:readByte(Ljava/lang/String;)B || 008a:readUTF(Ljava/lang/String;)Ljava/lang/String; || 0092:readByte(Ljava/lang/String;)B || 009c:readByte(Ljava/lang/String;)B || 00a6:readShort(Ljava/lang/String;)S || 00ec:readByte(Ljava/lang/String;)B || 010e:readShort(Ljava/lang/String;)S || 011a:readByte(Ljava/lang/String;)B || 013c:readInt(Ljava/lang/String;)I || 0154:readByte(Ljava/lang/String;)B || 0176:readShort(Ljava/lang/String;)S || 0182:readByte(Ljava/lang/String;)B || 01a4:readInt(Ljava/lang/String;)I || 01bc:readByte(Ljava/lang/String;)B || 01de:readShort(Ljava/lang/String;)S || 01ea:readByte(Ljava/lang/String;)B || 020c:readInt(Ljava/lang/String;)I || 0224:readByte(Ljava/lang/String;)B || 023e:readShort(Ljava/lang/String;)S || 0250:readByte(Ljava/lang/String;)B || 0334:readShort(Ljava/lang/String;)S || 03b6:readUTF(Ljava/lang/String;)Ljava/lang/String; || 03c6:readUTF(Ljava/lang/String;)Ljava/lang/String; || 03d6:readByte(Ljava/lang/String;)B || 03e8:readByte(Ljava/lang/String;)B || 0452:readByte(Ljava/lang/String;)B || 0468:readByte(Ljava/lang/String;)B || 047e:readByte(Ljava/lang/String;)B || 0494:readShort(Ljava/lang/String;)S || 04a8:readShort(Ljava/lang/String;)S || 04bc:readShort(Ljava/lang/String;)S || 04d0:readUTF(Ljava/lang/String;)Ljava/lang/String; || 04e6:readByte(Ljava/lang/String;)B || 0550:readByte(Ljava/lang/String;)B || 0566:readByte(Ljava/lang/String;)B || 057c:readByte(Ljava/lang/String;)B || 0592:readShort(Ljava/lang/String;)S || 05a6:readShort(Ljava/lang/String;)S || 05ba:readShort(Ljava/lang/String;)S || 05ce:readUTF(Ljava/lang/String;)Ljava/lang/String; || 05e4:readByte(Ljava/lang/String;)B || 065a:readByte(Ljava/lang/String;)B || 0670:readByte(Ljava/lang/String;)B || 0686:readByte(Ljava/lang/String;)B || 069c:readShort(Ljava/lang/String;)S || 06b0:readShort(Ljava/lang/String;)S || 06c4:readShort(Ljava/lang/String;)S || 06d8:readUTF(Ljava/lang/String;)Ljava/lang/String; || 06ee:readByte(Ljava/lang/String;)B || 0738:readByte(Ljava/lang/String;)B || 074a:readByte(Ljava/lang/String;)B || 075c:readByte(Ljava/lang/String;)B || 076e:readShort(Ljava/lang/String;)S || 077e:readShort(Ljava/lang/String;)S || 078e:readShort(Ljava/lang/String;)S || 079e:readUTF(Ljava/lang/String;)Ljava/lang/String; || 07b4:readByte(Ljava/lang/String;)B || 07fe:readByte(Ljava/lang/String;)B || 0810:readByte(Ljava/lang/String;)B || 0822:readByte(Ljava/lang/String;)B || 0834:readShort(Ljava/lang/String;)S || 0844:readShort(Ljava/lang/String;)S || 0854:readShort(Ljava/lang/String;)S || 0864:readUTF(Ljava/lang/String;)Ljava/lang/String; || 087a:readByte(Ljava/lang/String;)B || 08c4:readByte(Ljava/lang/String;)B || 08d6:readByte(Ljava/lang/String;)B || 08e8:readByte(Ljava/lang/String;)B || 08fa:readShort(Ljava/lang/String;)S || 090a:readShort(Ljava/lang/String;)S || 091a:readShort(Ljava/lang/String;)S || 092a:readUTF(Ljava/lang/String;)Ljava/lang/String; || 0944:readByte(Ljava/lang/String;)B || 0966:readByte(Ljava/lang/String;)B || 0978:readShort(Ljava/lang/String;)S || 098a:readByte(Ljava/lang/String;)B || 09ac:readByte(Ljava/lang/String;)B || 09be:readShort(Ljava/lang/String;)S || 09d0:readShort(Ljava/lang/String;)S || 0a4a:readShort(Ljava/lang/String;)S || 0a5e:readUTF(Ljava/lang/String;)Ljava/lang/String; || 0a6e:readInt(Ljava/lang/String;)I || 0a7e:readInt(Ljava/lang/String;)I || 0a8e:readInt(Ljava/lang/String;)I || 0a9a:readShort(Ljava/lang/String;)S || 0adc:readByte(Ljava/lang/String;)B || 0aee:readShort(Ljava/lang/String;)S || 0b58:readShort(Ljava/lang/String;)S || 0b68:readUTF(Ljava/lang/String;)Ljava/lang/String; || 0b78:readByte(Ljava/lang/String;)B || 0b88:readShort(Ljava/lang/String;)S || 0b98:readInt(Ljava/lang/String;)I || 0ba8:readByte(Ljava/lang/String;)B || 0bb8:readByte(Ljava/lang/String;)B || 0bc8:readShort(Ljava/lang/String;)S || 0bd8:readShort(Ljava/lang/String;)S || 0be4:readShort(Ljava/lang/String;)S || 0c0a:readShort(Ljava/lang/String;)S || 0c3c:readShort(Ljava/lang/String;)S || 0c4c:readUTF(Ljava/lang/String;)Ljava/lang/String; || 0c5c:readByte(Ljava/lang/String;)B || 0c70:readByte(Ljava/lang/String;)B || 0c92:readShort(Ljava/lang/String;)S || 0ca2:readUTF(Ljava/lang/String;)Ljava/lang/String; || 0cb4:readByte(Ljava/lang/String;)B || 0cd6:readByte(Ljava/lang/String;)B || 0ce8:readUTF(Ljava/lang/String;)Ljava/lang/String; || 0cfa:readByte(Ljava/lang/String;)B || 0d1c:readByte(Ljava/lang/String;)B || 0d2e:readUTF(Ljava/lang/String;)Ljava/lang/String; || 0d40:readByte(Ljava/lang/String;)B || 0d62:readByte(Ljava/lang/String;)B || 0d74:readUTF(Ljava/lang/String;)Ljava/lang/String; || 0d86:readByte(Ljava/lang/String;)B || 0da4:readByte(Ljava/lang/String;)B || 0dae:readByte(Ljava/lang/String;)B,0x7311,0x6311
0xe312,-7406,LscriptPages/data/g;->n4(Ljava/lang/String;)V,0x287e38,,000c:readInt(Ljava/lang/String;)I || 0018:readUTF(Ljava/lang/String;)Ljava/lang/String; || 0024:readByte(Ljava/lang/String;)B || 0030:readLong(Ljava/lang/String;)J || 003c:readLong(Ljava/lang/String;)J || 004e:readByte(Ljava/lang/String;)B || 0080:readLong(Ljava/lang/String;)J || 0090:readUTF(Ljava/lang/String;)Ljava/lang/String; || 00a0:readUTF(Ljava/lang/String;)Ljava/lang/String; || 00b0:readLong(Ljava/lang/String;)J,0x7312,0x6312
0xe313,-7405,LscriptPages/game/i;->C(Ljava/lang/String;)V,0x2b4bb0,,000c:readShort(Ljava/lang/String;)S || 0012:readUTF(Ljava/lang/String;)Ljava/lang/String;,0x7313,0x6313 联网请求...@scriptPages/game/i->F
0xe314,-7404,LscriptPages/game/i;->B(Ljava/lang/String;)V,0x2b4b4c,,000c:readByte(Ljava/lang/String;)B || 002e:readInt(Ljava/lang/String;)I || 003e:readUTF(Ljava/lang/String;)Ljava/lang/String;,0x7314,0x6314
0xe320,-7392,Lo/a;->w7(Ljava/lang/String;)V,0x2481f4,,0014:readByte(Ljava/lang/String;)B || 0020:readUTF(Ljava/lang/String;)Ljava/lang/String; || 003c:readByte(Ljava/lang/String;)B || 0048:readInt(Ljava/lang/String;)I || 0068:readInt(Ljava/lang/String;)I || 006e:readInt(Ljava/lang/String;)I || 007a:readByte(Ljava/lang/String;)B || 0086:readByte(Ljava/lang/String;)B || 0092:readByte(Ljava/lang/String;)B || 009e:readShort(Ljava/lang/String;)S || 00aa:readShort(Ljava/lang/String;)S || 00b6:readUTF(Ljava/lang/String;)Ljava/lang/String; || 00c2:readByte(Ljava/lang/String;)B || 014e:readByte(Ljava/lang/String;)B || 0190:readShort(Ljava/lang/String;)S || 01a8:readInt(Ljava/lang/String;)I || 01b8:readInt(Ljava/lang/String;)I || 01d8:readShort(Ljava/lang/String;)S || 01e0:readShort(Ljava/lang/String;)S || 0204:readByte(Ljava/lang/String;)B || 0212:readInt(Ljava/lang/String;)I || 0232:readInt(Ljava/lang/String;)I || 0252:readShort(Ljava/lang/String;)S || 025e:readInt(Ljava/lang/String;)I || 0282:readShort(Ljava/lang/String;)S || 0290:readInt(Ljava/lang/String;)I || 02b4:readByte(Ljava/lang/String;)B || 02d4:readShort(Ljava/lang/String;)S || 02e4:readShort(Ljava/lang/String;)S,0x7320,0x6320
0xe321,-7391,Lo/a;->D7(Ljava/lang/String;)V,0x248e8c,,000c:readByte(Ljava/lang/String;)B || 0018:readUTF(Ljava/lang/String;)Ljava/lang/String; || 002c:readInt(Ljava/lang/String;)I || 0038:readByte(Ljava/lang/String;)B || 0046:readShort(Ljava/lang/String;)S || 004e:readInt(Ljava/lang/String;)I,0x7321,0x6321
0xe322,-7390,Lo/a;->I7(Ljava/lang/String;)V,0x249584,,000c:readByte(Ljava/lang/String;)B || 0018:readUTF(Ljava/lang/String;)Ljava/lang/String; || 0066:readByte(Ljava/lang/String;)B || 0084:readLong(Ljava/lang/String;)J || 0090:readUTF(Ljava/lang/String;)Ljava/lang/String; || 009c:readByte(Ljava/lang/String;)B || 00a8:readByte(Ljava/lang/String;)B,0x7322,0x6322
0xe323,-7389,Lo/a;->F7(Ljava/lang/String;)V,0x248fdc,,000e:readByte(Ljava/lang/String;)B || 0016:readUTF(Ljava/lang/String;)Ljava/lang/String; || 0020:readLong(Ljava/lang/String;)J || 0028:readByte(Ljava/lang/String;)B || 0030:readByte(Ljava/lang/String;)B || 0038:readByte(Ljava/lang/String;)B || 0082:readByte(Ljava/lang/String;)B || 00d0:readShort(Ljava/lang/String;)S || 00e0:readInt(Ljava/lang/String;)I || 00ee:readInt(Ljava/lang/String;)I || 010e:readShort(Ljava/lang/String;)S || 0116:readShort(Ljava/lang/String;)S || 0134:readByte(Ljava/lang/String;)B || 0142:readInt(Ljava/lang/String;)I || 0148:readInt(Ljava/lang/String;)I || 014e:readShort(Ljava/lang/String;)S || 0154:readInt(Ljava/lang/String;)I || 015a:readShort(Ljava/lang/String;)S || 0160:readBoolean(Ljava/lang/String;)Z,0x7323,0x6323
0xe324,-7388,Lo/a;->B7(Ljava/lang/String;)V,0x248d68,,000c:readByte(Ljava/lang/String;)B || 0018:readUTF(Ljava/lang/String;)Ljava/lang/String; || 0032:readLong(Ljava/lang/String;)J || 003a:readInt(Ljava/lang/String;)I || 0046:readByte(Ljava/lang/String;)B,0x7324,0x6324 REQ_HUBU_PLANT_PICK@o/a->S6
0xe325,-7387,Lo/a;->y7(Ljava/lang/String;)V,0x248a48,,000c:readByte(Ljava/lang/String;)B || 0014:readUTF(Ljava/lang/String;)Ljava/lang/String; || 001e:readByte(Ljava/lang/String;)B || 0050:readLong(Ljava/lang/String;)J || 0068:readByte(Ljava/lang/String;)B || 0078:readUTF(Ljava/lang/String;)Ljava/lang/String; || 0088:readUTF(Ljava/lang/String;)Ljava/lang/String;,0x7325,0x6325
0xe326,-7386,Lo/a;->E7(Ljava/lang/String;)V,0x248f14,,000c:readByte(Ljava/lang/String;)B || 0018:readUTF(Ljava/lang/String;)Ljava/lang/String; || 002c:readInt(Ljava/lang/String;)I || 0038:readByte(Ljava/lang/String;)B || 0046:readShort(Ljava/lang/String;)S || 004e:readShort(Ljava/lang/String;)S,0x7326,0x6326
0xe327,-7385,Lo/a;->C7(Ljava/lang/String;)V,0x248de8,,0014:readByte(Ljava/lang/String;)B || 0020:readUTF(Ljava/lang/String;)Ljava/lang/String; || 0034:readLong(Ljava/lang/String;)J || 003c:readInt(Ljava/lang/String;)I || 0048:readByte(Ljava/lang/String;)B || 0062:readByte(Ljava/lang/String;)B,0x7327,0x6327
0xe328,-7384,Lo/a;->G7(Ljava/lang/String;)V,0x249394,,000c:readByte(Ljava/lang/String;)B || 0018:readUTF(Ljava/lang/String;)Ljava/lang/String; || 002c:readInt(Ljava/lang/String;)I || 0038:readByte(Ljava/lang/String;)B || 0046:readByte(Ljava/lang/String;)B || 005a:readShort(Ljava/lang/String;)S || 0062:readInt(Ljava/lang/String;)I,0x7328,0x6328 REQ_HUBU_PLANT_BAT@a0/a->j2
0xe330,-7376,La0/a;->Y1(Ljava/lang/String;)V,0xe5988,,000c:readUTF(Ljava/lang/String;)Ljava/lang/String; || 0042:readLong(Ljava/lang/String;)J || 004e:readByte(Ljava/lang/String;)B || 0080:readLong(Ljava/lang/String;)J || 0090:readUTF(Ljava/lang/String;)Ljava/lang/String; || 00a0:readUTF(Ljava/lang/String;)Ljava/lang/String; || 00b0:readShort(Ljava/lang/String;)S || 00c2:readByte(Ljava/lang/String;)B || 00d0:readUTF(Ljava/lang/String;)Ljava/lang/String; || 00d8:readLong(Ljava/lang/String;)J || 00e0:readUTF(Ljava/lang/String;)Ljava/lang/String; || 00e6:readByte(Ljava/lang/String;)B || 015a:readUTF(Ljava/lang/String;)Ljava/lang/String; || 0166:readUTF(Ljava/lang/String;)Ljava/lang/String;,0x7330,0x6330
0xe331,-7375,La0/a;->e2(Ljava/lang/String;)V,0xe64d4,,0000:readByte(Ljava/lang/String;)B || 0008:readUTF(Ljava/lang/String;)Ljava/lang/String; || 0010:readLong(Ljava/lang/String;)J || 0030:readUTF(Ljava/lang/String;)Ljava/lang/String; || 0036:readLong(Ljava/lang/String;)J,0x7331,0x6331
0xe332,-7374,La0/a;->c2(Ljava/lang/String;)V,0xe5e04,,0010:readByte(Ljava/lang/String;)B || 0018:readUTF(Ljava/lang/String;)Ljava/lang/String; || 0020:readLong(Ljava/lang/String;)J || 0034:readByte(Ljava/lang/String;)B || 003c:readLong(Ljava/lang/String;)J || 0044:readLong(Ljava/lang/String;)J || 004c:readLong(Ljava/lang/String;)J || 0054:readLong(Ljava/lang/String;)J || 0078:readUTF(Ljava/lang/String;)Ljava/lang/String; || 0080:readLong(Ljava/lang/String;)J || 011c:readInt(Ljava/lang/String;)I || 0128:readByte(Ljava/lang/String;)B || 017e:readInt(Ljava/lang/String;)I || 0192:readByte(Ljava/lang/String;)B || 01d0:readUTF(Ljava/lang/String;)Ljava/lang/String; || 01d8:readByte(Ljava/lang/String;)B || 021e:readShort(Ljava/lang/String;)S || 0226:readInt(Ljava/lang/String;)I || 026a:readByte(Ljava/lang/String;)B || 027e:readByte(Ljava/lang/String;)B || 030a:readShort(Ljava/lang/String;)S || 03f8:readInt(Ljava/lang/String;)I || 040c:readByte(Ljava/lang/String;)B || 0422:readByte(Ljava/lang/String;)B || 0438:readByte(Ljava/lang/String;)B || 044c:readByte(Ljava/lang/String;)B || 0460:readByte(Ljava/lang/String;)B || 0474:readByte(Ljava/lang/String;)B || 0488:readByte(Ljava/lang/String;)B || 049c:readUTF(Ljava/lang/String;)Ljava/lang/String; || 04b0:readByte(Ljava/lang/String;)B || 04c4:readByte(Ljava/lang/String;)B || 04d8:readLong(Ljava/lang/String;)J || 04ec:readLong(Ljava/lang/String;)J || 04f8:readByte(Ljava/lang/String;)B || 0546:readShort(Ljava/lang/String;)S || 0578:readInt(Ljava/lang/String;)I,0x7332,0x6332 ReqChallengeTaskAward@a0/a->J1
0xe340,-7360,La0/a;->E(Ljava/lang/String;)V,0xd2108,,000c:readByte(Ljava/lang/String;)B || 0018:readUTF(Ljava/lang/String;)Ljava/lang/String;,0x7340,0x6340
0xe341,-7359,La0/a;->D(Ljava/lang/String;)V,0xd20c0,,000c:readByte(Ljava/lang/String;)B || 0018:readUTF(Ljava/lang/String;)Ljava/lang/String;,0x7341,0x6341
0xe342,-7358,La0/a;->C(Ljava/lang/String;)V,0xd2018,,000c:readByte(Ljava/lang/String;)B || 0018:readUTF(Ljava/lang/String;)Ljava/lang/String; || 002c:readInt(Ljava/lang/String;)I || 0046:readInt(Ljava/lang/String;)I || 004e:readByte(Ljava/lang/String;)B || 005c:readLong(Ljava/lang/String;)J || 0064:readByte(Ljava/lang/String;)B,0x7342,0x6342 Req_libutaskDispatch@a0/a->F
0xe343,-7357,La0/a;->B(Ljava/lang/String;)V,0xd1f64,,000c:readByte(Ljava/lang/String;)B || 0018:readUTF(Ljava/lang/String;)Ljava/lang/String; || 002c:readInt(Ljava/lang/String;)I || 003c:readByte(Ljava/lang/String;)B || 004c:readLong(Ljava/lang/String;)J || 0096:readInt(Ljava/lang/String;)I,0x7343,0x6343 Req_libutaskAward@a0/a->F
0xe350,-7344,Lo/a;->l7(Ljava/lang/String;)V,0x245590,,000c:readByte(Ljava/lang/String;)B || 0018:readUTF(Ljava/lang/String;)Ljava/lang/String;,0x7350,0x6350
0xe351,-7343,Lo/a;->K7(Ljava/lang/String;)V,0x2496a4,,000c:readByte(Ljava/lang/String;)B || 0018:readUTF(Ljava/lang/String;)Ljava/lang/String; || 0032:readLong(Ljava/lang/String;)J,0x7351,0x6351 REQ_BINGBU_REFRESH@o/a->V6
0xe360,-7328,Lo/a;->t7(Ljava/lang/String;)V,0x247f5c,,000c:readByte(Ljava/lang/String;)B || 0018:readUTF(Ljava/lang/String;)Ljava/lang/String; || 002c:readInt(Ljava/lang/String;)I || 0038:readInt(Ljava/lang/String;)I || 0044:readInt(Ljava/lang/String;)I || 0050:readByte(Ljava/lang/String;)B || 00a0:readByte(Ljava/lang/String;)B || 011e:readByte(Ljava/lang/String;)B || 012e:readByte(Ljava/lang/String;)B || 013e:readLong(Ljava/lang/String;)J || 014e:readUTF(Ljava/lang/String;)Ljava/lang/String; || 015e:readByte(Ljava/lang/String;)B || 016e:readInt(Ljava/lang/String;)I || 01b0:readInt(Ljava/lang/String;)I,0x7360,0x6360
0xe361,-7327,Lo/a;->u7(Ljava/lang/String;)V,0x248154,,000c:readByte(Ljava/lang/String;)B || 0018:readUTF(Ljava/lang/String;)Ljava/lang/String; || 0032:readLong(Ljava/lang/String;)J || 003e:readInt(Ljava/lang/String;)I,0x7361,0x6361
0xe362,-7326,Lo/a;->v7(Ljava/lang/String;)V,0x2481b0,,000c:readByte(Ljava/lang/String;)B || 0018:readUTF(Ljava/lang/String;)Ljava/lang/String;,0x7362,0x6362 REQ_HOUSE_REWARD@a0/a->o2
0xe363,-7325,,,,,0x7363,0x6363
0xe366,-7322,Lo/a;->S7(Ljava/lang/String;)V,0x249998,,000c:readByte(Ljava/lang/String;)B || 0018:readUTF(Ljava/lang/String;)Ljava/lang/String; || 003a:readByte(Ljava/lang/String;)B || 0046:readInt(Ljava/lang/String;)I || 006a:readInt(Ljava/lang/String;)I || 0070:readInt(Ljava/lang/String;)I || 007c:readByte(Ljava/lang/String;)B || 0088:readByte(Ljava/lang/String;)B || 0094:readByte(Ljava/lang/String;)B,0x7366,0x6366
0xe367,-7321,Lo/a;->R7(Ljava/lang/String;)V,0x249948,,000c:readByte(Ljava/lang/String;)B || 0018:readUTF(Ljava/lang/String;)Ljava/lang/String;,0x7367,0x6367
0xe368,-7320,Lo/a;->z7(Ljava/lang/String;)V,0x2489ac,,000c:readShort(Ljava/lang/String;)S || 003e:readLong(Ljava/lang/String;)J || 0056:readByte(Ljava/lang/String;)B || 0066:readUTF(Ljava/lang/String;)Ljava/lang/String; || 0076:readUTF(Ljava/lang/String;)Ljava/lang/String;,0x7368,0x6368
0xe400,-7168,Lv/a;->h(Ljava/lang/String;)V,0x465f48,,0006:readBoolean(Ljava/lang/String;)Z || 002a:readShort(Ljava/lang/String;)S || 0036:readShort(Ljava/lang/String;)S || 005c:readShort(Ljava/lang/String;)S || 006c:readShort(Ljava/lang/String;)S || 0092:readShort(Ljava/lang/String;)S || 009a:readUTF(Ljava/lang/String;)Ljava/lang/String;,0x7400,0x6400
0xe401,-7167,LscriptPages/game/q0;->c(Ljava/lang/String;)V,0x3ea2ac,,0000:readByte(Ljava/lang/String;)B || 000e:readUTF(Ljava/lang/String;)Ljava/lang/String;,0x7401,0x6401 di_确定解锁战法@scriptPages/game/q0->a2
0xe402,-7166,LscriptPages/game/q0;->g(Ljava/lang/String;)V,0x3ea5d0,,0000:readByte(Ljava/lang/String;)B || 000e:readUTF(Ljava/lang/String;)Ljava/lang/String;,0x7402,0x6402 di_战斗状态无法配置@scriptPages/game/q0->a2
0xe403,-7165,LscriptPages/game/q0;->h(Ljava/lang/String;)V,0x3ea660,,0000:readByte(Ljava/lang/String;)B || 000e:readUTF(Ljava/lang/String;)Ljava/lang/String;,0x7403,0x6403 战法经验不足，是否前往兑换？@scriptPages/game/q0->a2
0xe404,-7164,LscriptPages/game/q0;->e(Ljava/lang/String;)V,0x3ea398,,0000:readByte(Ljava/lang/String;)B || 000e:readUTF(Ljava/lang/String;)Ljava/lang/String;,0x7404,0x6404 re_重置战法提示@scriptPages/game/q0->a2
0xe405,-7163,Lv/a;->i(Ljava/lang/String;)V,0x466020,,0000:readByte(Ljava/lang/String;)B || 0008:readUTF(Ljava/lang/String;)Ljava/lang/String;,0x7405,0x6405 REQ_SHUAIFU_SET_SHUAI@v/a->d
0xe406,-7162,Lv/a;->e(Ljava/lang/String;)V,0x465e4c,,0000:readByte(Ljava/lang/String;)B || 0008:readUTF(Ljava/lang/String;)Ljava/lang/String; || 0010:readLong(Ljava/lang/String;)J,0x7406,0x6406
0xe407,-7161,Lv/a;->f(Ljava/lang/String;)V,0x465e9c,,0000:readByte(Ljava/lang/String;)B || 000e:readUTF(Ljava/lang/String;)Ljava/lang/String; || 0016:readLong(Ljava/lang/String;)J || 001e:readInt(Ljava/lang/String;)I,0x7407,0x6407 REQ_SHUAIFU_ADD_SP@v/a->b
0xe408,-7160,Lv/a;->g(Ljava/lang/String;)V,0x465ef8,,0000:readByte(Ljava/lang/String;)B || 000e:readUTF(Ljava/lang/String;)Ljava/lang/String; || 0016:readLong(Ljava/lang/String;)J,0x7408,0x6408
0xe409,-7159,LscriptPages/game/q0;->d(Ljava/lang/String;)V,0x3ea33c,,0000:readByte(Ljava/lang/String;)B || 000e:readUTF(Ljava/lang/String;)Ljava/lang/String; || 0016:readLong(Ljava/lang/String;)J || 001e:readInt(Ljava/lang/String;)I,0x7409,0x6409 REQ_SHUAIFU_ADD_EXP_MAX@scriptPages/game/q0->b
0xe40a,-7158,LscriptPages/game/q0;->f(Ljava/lang/String;)V,0x3ea3e8,,0006:readByte(Ljava/lang/String;)B || 000e:readUTF(Ljava/lang/String;)Ljava/lang/String; || 001e:readShort(Ljava/lang/String;)S || 0042:readShort(Ljava/lang/String;)S || 0052:readShort(Ljava/lang/String;)S,0x740a,0x640a REQ_SHUAIFU_GAIN_ZHANFA_BOOKS@scriptPages/game/q0->S1
0xe40b,-7157,LscriptPages/game/q0;->i(Ljava/lang/String;)V,0x3ea6b0,,,0x740b,0x640b
0xe40e,-7154,LscriptPages/game/q0;->N1(Ljava/lang/String;)V,0x401de4,,000c:readByte(Ljava/lang/String;)B || 0012:readUTF(Ljava/lang/String;)Ljava/lang/String; || 001e:readShort(Ljava/lang/String;)S || 002a:readShort(Ljava/lang/String;)S,0x740e,0x640e
0xe40f,-7153,LscriptPages/data/g;->B4(Ljava/lang/String;)V,0x288a80,,000c:readByte(Ljava/lang/String;)B || 0018:readUTF(Ljava/lang/String;)Ljava/lang/String; || 002c:readLong(Ljava/lang/String;)J,0x740f,0x640f
0xe410,-7152,Lv/a;->O0(Ljava/lang/String;)V,0x472f8c,,000c:readByte(Ljava/lang/String;)B || 001e:readLong(Ljava/lang/String;)J || 0024:readLong(Ljava/lang/String;)J || 0032:readInt(Ljava/lang/String;)I || 0048:readInt(Ljava/lang/String;)I || 005e:readInt(Ljava/lang/String;)I,0x7410,0x6410
0xe411,-7151,Lv/a;->P0(Ljava/lang/String;)V,0x473010,,000c:readInt(Ljava/lang/String;)I || 0018:readUTF(Ljava/lang/String;)Ljava/lang/String;,0x7411,0x6411 REQ_GGZJ_GO@v/a->u0
0xe412,-7150,Lv/a;->N0(Ljava/lang/String;)V,0x472f28,,000c:readInt(Ljava/lang/String;)I || 0018:readUTF(Ljava/lang/String;)Ljava/lang/String; || 002a:readInt(Ljava/lang/String;)I || 0036:readUTF(Ljava/lang/String;)Ljava/lang/String;,0x7412,0x6412 di_请求中@v/a->u0
0xe413,-7149,Lv/a;->M0(Ljava/lang/String;)V,0x472eec,,000c:readInt(Ljava/lang/String;)I || 0018:readUTF(Ljava/lang/String;)Ljava/lang/String;,0x7413,0x6413 REQ_GGZJ_CANCLE@v/a->u0
0xe420,-7136,Lo/a;->x7(Ljava/lang/String;)V,0x2484fc,,000c:readByte(Ljava/lang/String;)B || 0024:readUTF(Ljava/lang/String;)Ljava/lang/String; || 0038:readUTF(Ljava/lang/String;)Ljava/lang/String; || 0044:readUTF(Ljava/lang/String;)Ljava/lang/String; || 0070:readByte(Ljava/lang/String;)B || 0080:readByte(Ljava/lang/String;)B || 00a2:readByte(Ljava/lang/String;)B || 00b2:readShort(Ljava/lang/String;)S || 00c4:readUTF(Ljava/lang/String;)Ljava/lang/String; || 00d6:readByte(Ljava/lang/String;)B || 00e2:readByte(Ljava/lang/String;)B || 0100:readLong(Ljava/lang/String;)J || 0108:readUTF(Ljava/lang/String;)Ljava/lang/String; || 0126:readUTF(Ljava/lang/String;)Ljava/lang/String; || 0132:readShort(Ljava/lang/String;)S || 0154:readShort(Ljava/lang/String;)S || 0164:readInt(Ljava/lang/String;)I || 0176:readInt(Ljava/lang/String;)I || 018c:readByte(Ljava/lang/String;)B || 0198:readShort(Ljava/lang/String;)S || 01aa:readLong(Ljava/lang/String;)J || 01c2:readLong(Ljava/lang/String;)J || 01ce:readLong(Ljava/lang/String;)J || 01da:readUTF(Ljava/lang/String;)Ljava/lang/String; || 01e6:readUTF(Ljava/lang/String;)Ljava/lang/String; || 01f2:readBoolean(Ljava/lang/String;)Z || 0202:readInt(Ljava/lang/String;)I || 0248:readInt(Ljava/lang/String;)I || 0262:readLong(Ljava/lang/String;)J || 026e:readUTF(Ljava/lang/String;)Ljava/lang/String; || 027a:readLong(Ljava/lang/String;)J || 02a8:readLong(Ljava/lang/String;)J || 02b8:readUTF(Ljava/lang/String;)Ljava/lang/String; || 02c8:readUTF(Ljava/lang/String;)Ljava/lang/String; || 02d8:readLong(Ljava/lang/String;)J || 02ea:readByte(Ljava/lang/String;)B || 0320:readByte(Ljava/lang/String;)B || 0334:readUTF(Ljava/lang/String;)Ljava/lang/String; || 0344:readShort(Ljava/lang/String;)S || 0354:readShort(Ljava/lang/String;)S || 037e:readInt(Ljava/lang/String;)I || 038a:readInt(Ljava/lang/String;)I || 0396:readInt(Ljava/lang/String;)I || 03ea:readLong(Ljava/lang/String;)J || 03f2:readUTF(Ljava/lang/String;)Ljava/lang/String; || 03fa:readByte(Ljava/lang/String;)B || 0402:readShort(Ljava/lang/String;)S || 040a:readShort(Ljava/lang/String;)S || 0412:readByte(Ljava/lang/String;)B || 041a:readInt(Ljava/lang/String;)I || 0422:readBoolean(Ljava/lang/String;)Z || 0478:readLong(Ljava/lang/String;)J || 0484:readUTF(Ljava/lang/String;)Ljava/lang/String;,0x7420,0x6420
0xe421,-7135,Lo/a;->Q7(Ljava/lang/String;)V,0x2498a8,,000c:readShort(Ljava/lang/String;)S || 0022:readLong(Ljava/lang/String;)J || 002a:readByte(Ljava/lang/String;)B || 0032:readInt(Ljava/lang/String;)I || 003c:readBoolean(Ljava/lang/String;)Z,0x7421,0x6421 REQ_CAPTUREFLAG_UPDATEINFO@v/a->T0
0xe422,-7134,Lo/a;->A7(Ljava/lang/String;)V,0x248af4,,0018:readInt(Ljava/lang/String;)I || 003c:readLong(Ljava/lang/String;)J || 0042:readUTF(Ljava/lang/String;)Ljava/lang/String; || 004e:readUTF(Ljava/lang/String;)Ljava/lang/String; || 005a:readByte(Ljava/lang/String;)B || 0072:readByte(Ljava/lang/String;)B || 007a:readShort(Ljava/lang/String;)S || 0146:readByte(Ljava/lang/String;)B || 015e:readByte(Ljava/lang/String;)B || 0166:readShort(Ljava/lang/String;)S || 01c2:readInt(Ljava/lang/String;)I || 01f2:readUTF(Ljava/lang/String;)Ljava/lang/String; || 01fe:readInt(Ljava/lang/String;)I,0x7422,0x6422
0xe423,-7133,Lo/a;->p7(Ljava/lang/String;)V,0x247de0,,000c:readLong(Ljava/lang/String;)J || 0024:readByte(Ljava/lang/String;)B || 0030:readLong(Ljava/lang/String;)J || 0036:readUTF(Ljava/lang/String;)Ljava/lang/String; || 0042:readLong(Ljava/lang/String;)J || 0048:readUTF(Ljava/lang/String;)Ljava/lang/String; || 0054:readLong(Ljava/lang/String;)J || 005a:readUTF(Ljava/lang/String;)Ljava/lang/String; || 0066:readInt(Ljava/lang/String;)I || 0086:readLong(Ljava/lang/String;)J || 0092:readInt(Ljava/lang/String;)I || 009e:readInt(Ljava/lang/String;)I,0x7423,0x6423
0xe424,-7132,Lo/a;->H7(Ljava/lang/String;)V,0x249430,,000c:readByte(Ljava/lang/String;)B || 001c:readInt(Ljava/lang/String;)I || 004c:readLong(Ljava/lang/String;)J || 0054:readUTF(Ljava/lang/String;)Ljava/lang/String; || 005c:readInt(Ljava/lang/String;)I || 0064:readUTF(Ljava/lang/String;)Ljava/lang/String; || 0092:readInt(Ljava/lang/String;)I || 009e:readInt(Ljava/lang/String;)I || 00aa:readInt(Ljava/lang/String;)I || 00d6:readLong(Ljava/lang/String;)J || 00de:readUTF(Ljava/lang/String;)Ljava/lang/String; || 00e6:readInt(Ljava/lang/String;)I || 00ee:readUTF(Ljava/lang/String;)Ljava/lang/String; || 011c:readInt(Ljava/lang/String;)I || 0128:readInt(Ljava/lang/String;)I || 0136:readUTF(Ljava/lang/String;)Ljava/lang/String;,0x7424,0x6424
0xe425,-7131,Lo/a;->s7(Ljava/lang/String;)V,0x247f2c,,000c:readByte(Ljava/lang/String;)B,0x7425,0x6425
0xe426,-7130,Lo/a;->r7(Ljava/lang/String;)V,0x247ee4,,000c:readByte(Ljava/lang/String;)B || 0018:readUTF(Ljava/lang/String;)Ljava/lang/String; || 0024:readByte(Ljava/lang/String;)B,0x7426,0x6426 di_提示驱逐中@v/a->Y0
0xe427,-7129,Lo/a;->M7(Ljava/lang/String;)V,0x249740,,000c:readInt(Ljava/lang/String;)I || 0018:readUTF(Ljava/lang/String;)Ljava/lang/String;,0x7427,0x6427
0xe428,-7128,Lo/a;->J7(Ljava/lang/String;)V,0x249678,,000c:readUTF(Ljava/lang/String;)Ljava/lang/String;,0x7428,0x6428
0xe429,-7127,Lo/a;->j7(Ljava/lang/String;)V,0x24529c,,000c:readUTF(Ljava/lang/String;)Ljava/lang/String; || 0018:readShort(Ljava/lang/String;)S || 0038:readUTF(Ljava/lang/String;)Ljava/lang/String; || 0040:readUTF(Ljava/lang/String;)Ljava/lang/String; || 005e:readUTF(Ljava/lang/String;)Ljava/lang/String; || 006a:readUTF(Ljava/lang/String;)Ljava/lang/String; || 0076:readShort(Ljava/lang/String;)S || 0094:readUTF(Ljava/lang/String;)Ljava/lang/String; || 009c:readUTF(Ljava/lang/String;)Ljava/lang/String; || 00ba:readUTF(Ljava/lang/String;)Ljava/lang/String; || 00c6:readShort(Ljava/lang/String;)S || 00e4:readUTF(Ljava/lang/String;)Ljava/lang/String; || 00ec:readUTF(Ljava/lang/String;)Ljava/lang/String; || 010a:readUTF(Ljava/lang/String;)Ljava/lang/String; || 0116:readShort(Ljava/lang/String;)S || 0134:readUTF(Ljava/lang/String;)Ljava/lang/String; || 013c:readUTF(Ljava/lang/String;)Ljava/lang/String; || 015a:readUTF(Ljava/lang/String;)Ljava/lang/String; || 0166:readUTF(Ljava/lang/String;)Ljava/lang/String; || 0172:readShort(Ljava/lang/String;)S || 019e:readUTF(Ljava/lang/String;)Ljava/lang/String; || 01a6:readInt(Ljava/lang/String;)I || 01ae:readUTF(Ljava/lang/String;)Ljava/lang/String; || 01b6:readUTF(Ljava/lang/String;)Ljava/lang/String; || 01e4:readUTF(Ljava/lang/String;)Ljava/lang/String;,0x7429,0x6429
0xe440,-7104,Lv/a;->R0(Ljava/lang/String;)V,0x473090,,0000:readShort(Ljava/lang/String;)S || 000c:readInt(Ljava/lang/String;)I || 0018:readInt(Ljava/lang/String;)I || 0024:readInt(Ljava/lang/String;)I || 0030:readInt(Ljava/lang/String;)I || 003c:readInt(Ljava/lang/String;)I || 0048:readByte(Ljava/lang/String;)B || 00b0:readByte(Ljava/lang/String;)B || 00c0:readInt(Ljava/lang/String;)I || 00d0:readByte(Ljava/lang/String;)B || 00e0:readLong(Ljava/lang/String;)J || 00f0:readUTF(Ljava/lang/String;)Ljava/lang/String; || 0100:readUTF(Ljava/lang/String;)Ljava/lang/String; || 0110:readInt(Ljava/lang/String;)I || 0120:readInt(Ljava/lang/String;)I || 0130:readInt(Ljava/lang/String;)I || 0140:readByte(Ljava/lang/String;)B || 016c:readShort(Ljava/lang/String;)S || 0178:readShort(Ljava/lang/String;)S || 0184:readShort(Ljava/lang/String;)S || 01f6:readLong(Ljava/lang/String;)J || 0206:readByte(Ljava/lang/String;)B || 0216:readLong(Ljava/lang/String;)J || 0226:readUTF(Ljava/lang/String;)Ljava/lang/String; || 0236:readBoolean(Ljava/lang/String;)Z || 0246:readByte(Ljava/lang/String;)B || 0256:readLong(Ljava/lang/String;)J || 0266:readUTF(Ljava/lang/String;)Ljava/lang/String; || 0276:readLong(Ljava/lang/String;)J || 0286:readInt(Ljava/lang/String;)I || 0292:readByte(Ljava/lang/String;)B || 02b4:readUTF(Ljava/lang/String;)Ljava/lang/String;,0x7440,0x6440 reqLoadXunyouInfo@v/a->I0
0xe441,-7103,Lv/a;->S0(Ljava/lang/String;)V,0x4733b8,,0000:readInt(Ljava/lang/String;)I || 0008:readUTF(Ljava/lang/String;)Ljava/lang/String; || 0010:readLong(Ljava/lang/String;)J,0x7441,0x6441 reqStartXunyou@v/a->U0
0xe442,-7102,Lv/a;->Q0(Ljava/lang/String;)V,0x473054,,0000:readInt(Ljava/lang/String;)I || 0008:readUTF(Ljava/lang/String;)Ljava/lang/String;,0x7442,0x6442 reqJoinXunyou@v/a->U0
0xe443,-7101,Lv/a;->L0(Ljava/lang/String;)V,0x472e24,,0000:readInt(Ljava/lang/String;)I || 0026:readUTF(Ljava/lang/String;)Ljava/lang/String; || 0050:readUTF(Ljava/lang/String;)Ljava/lang/String;,0x7443,0x6443 (unnamed)@v/a->j0
0xe444,-7100,LscriptPages/game/s0;->U(Ljava/lang/String;)V,0x410378,,0086:readShort(Ljava/lang/String;)S || 009e:readLong(Ljava/lang/String;)J || 00a6:readByte(Ljava/lang/String;)B || 00ae:readInt(Ljava/lang/String;)I || 00b6:readInt(Ljava/lang/String;)I || 00bc:readLong(Ljava/lang/String;)J || 00c4:readLong(Ljava/lang/String;)J || 00cc:readUTF(Ljava/lang/String;)Ljava/lang/String; || 00d4:readInt(Ljava/lang/String;)I || 00dc:readByte(Ljava/lang/String;)B || 00f2:readLong(Ljava/lang/String;)J,0x7444,0x6444 reqXunyouCity@scriptPages/game/s0->Z
0xe450,-7088,LscriptPages/game/q0;->O1(Ljava/lang/String;)V,0x401e34,,0012:readBoolean(Ljava/lang/String;)Z || 001e:readInt(Ljava/lang/String;)I || 0036:readUTF(Ljava/lang/String;)Ljava/lang/String; || 0042:readUTF(Ljava/lang/String;)Ljava/lang/String; || 004e:readUTF(Ljava/lang/String;)Ljava/lang/String; || 005a:readUTF(Ljava/lang/String;)Ljava/lang/String; || 0066:readUTF(Ljava/lang/String;)Ljava/lang/String; || 0072:readUTF(Ljava/lang/String;)Ljava/lang/String; || 007e:readUTF(Ljava/lang/String;)Ljava/lang/String; || 008a:readUTF(Ljava/lang/String;)Ljava/lang/String; || 0096:readUTF(Ljava/lang/String;)Ljava/lang/String; || 009c:readLong(Ljava/lang/String;)J || 00a2:readLong(Ljava/lang/String;)J || 00b4:readUTF(Ljava/lang/String;)Ljava/lang/String; || 00c0:readUTF(Ljava/lang/String;)Ljava/lang/String; || 00ce:readUTF(Ljava/lang/String;)Ljava/lang/String; || 00dc:readUTF(Ljava/lang/String;)Ljava/lang/String; || 00ec:readBoolean(Ljava/lang/String;)Z || 00f8:readUTF(Ljava/lang/String;)Ljava/lang/String;,0x7450,0x6450 REQ_VOTE_DATA@scriptPages/game/q0->r1
0xe451,-7087,LscriptPages/game/q0;->Q1(Ljava/lang/String;)V,0x401ff8,,000c:readInt(Ljava/lang/String;)I || 0012:readUTF(Ljava/lang/String;)Ljava/lang/String; || 0024:readUTF(Ljava/lang/String;)Ljava/lang/String; || 0032:readUTF(Ljava/lang/String;)Ljava/lang/String; || 0040:readUTF(Ljava/lang/String;)Ljava/lang/String; || 004e:readUTF(Ljava/lang/String;)Ljava/lang/String; || 0060:readBoolean(Ljava/lang/String;)Z || 006c:readUTF(Ljava/lang/String;)Ljava/lang/String;,0x7451,0x6451 di_联网数据请求@scriptPages/game/q0->R1
0xfff9,-7,,,,,0x8ff9,0x7ff9
0xfffa,-6,,,,,0x8ffa,0x7ffa
0xfffb,-5,,,,,0x8ffb,0x7ffb
0xfffc,-4,LscriptPages/data/g;->G0()B,0x2648b4,,,0x8ffc,0x7ffc
0xfffd,-3,LscriptPages/data/g;->G0()B,0x2648b4,,,0x8ffd,0x7ffd
0xfffe,-2,LscriptPages/data/g;->G0()B,0x2648b4,,,0x8ffe,0x7ffe
